neighbors[list]	SelectedFingers.2.0	Flexion.2.0	FlexionChange.2.0	Spread.2.0	SpreadChange.2.0	ThumbPosition.2.0	ThumbContact.2.0	SignType.2.0	Movement.2.0	RepeatedMovement.2.0	MajorLocation.2.0	MinorLocation.2.0	SecondMinorLocation.2.0	Contact.2.0	NonDominantHandshape.2.0	UlnarRotation.2.0
[blue;C_02_062,tree;A_01_002]	imrp	FullyOpen	0.0	0.0	0.0	Open	0.0	OneHanded	nan	1	Neutral	Neutral	nan	0	nan	1
[fourth;H_03_004,blue;C_02_062,tree;A_01_002]	imrp	FullyOpen	0.0	1.0	0.0	Closed	0.0	OneHanded	nan	1	Neutral	Neutral	nan	0	nan	1
[bye;E_01_058,tree;A_01_002]	imrp	FullyOpen	1.0	1.0	0.0	Open	0.0	OneHanded	nan	1	Neutral	Neutral	nan	0	nan	1
[bye;E_01_058,tree;A_01_002,camcorder;E_03_021]	imrp	FullyOpen	0.0	1.0	0.0	Open	0.0	OneHanded	nan	1	Neutral	Neutral	nan	0	nan	0
[camcorder;E_03_021,tree;A_01_002]	imrp	FullyOpen	0.0	1.0	0.0	Open	0.0	OneHanded	Straight	1	Neutral	Neutral	nan	0	nan	1
[third;F_02_088,tree;A_01_002]	im	FullyOpen	0.0	1.0	0.0	Open	0.0	OneHanded	nan	1	Neutral	Neutral	nan	0	nan	1
[forest;G_01_038,tree;A_01_002]	imrp	FullyOpen	0.0	1.0	0.0	Open	0.0	OneHanded	Curved	1	Neutral	Neutral	nan	0	nan	1
[forest;G_01_038,tree;A_01_002]	imrp	FullyOpen	0.0	1.0	0.0	Open	0.0	OneHanded	nan	1	Neutral	Neutral	Neutral	0	nan	1
[night;A_01_003,english;A_01_011]	imrp	Curved	0.0	0.0	0.0	Open	0.0	AsymmetricalSameHandshape	Straight	1	Hand	PalmBack	nan	1	flat_b	0
[night;A_01_003,english;A_01_011]	imrp	Flat	0.0	0.0	0.0	Open	0.0	AsymmetricalSameHandshape	Straight	1	Hand	PalmBack	nan	1	c	0
[night;A_01_003,warn;B_01_033]	imrp	FullyOpen	0.0	0.0	0.0	Open	0.0	AsymmetricalSameHandshape	Straight	1	Hand	PalmBack	nan	1	flat_b	0
[night;A_01_003,warn;B_01_033]	imrp	Flat	0.0	0.0	0.0	Open	0.0	AsymmetricalSameHandshape	Straight	1	Hand	PalmBack	nan	1	open_b	0
[hoe;G_01_007,night;A_01_003]	imrp	Flat	0.0	0.0	0.0	Open	0.0	AsymmetricalSameHandshape	Straight	1	Hand	Palm	nan	1	flat_b	0
[hoe;G_01_007,night;A_01_003,pet_2;K_02_085]	imrp	Flat	0.0	0.0	0.0	Open	0.0	AsymmetricalSameHandshape	Straight	1	Hand	PalmBack	HandAway	1	flat_b	0
[night;A_01_003,pet_2;K_02_085]	imrp	Flat	1.0	0.0	0.0	Open	0.0	AsymmetricalSameHandshape	Straight	1	Hand	PalmBack	nan	1	flat_b	0
[breakdown;B_01_064,hamburger;A_01_004]	imrp	Curved	0.0	1.0	0.0	Open	0.0	SymmetricalOrAlternating	Straight	0	Neutral	Neutral	Neutral	1	c	0
[breakdown;B_01_064,hamburger;A_01_004]	imrp	Curved	0.0	0.0	0.0	Open	0.0	SymmetricalOrAlternating	Straight	0	Neutral	Neutral	Neutral	1	curved_5	0
[congratulations;B_02_022,hamburger;A_01_004]	imrp	Curved	0.0	0.0	0.0	Open	0.0	SymmetricalOrAlternating	Straight	0	Neutral	Neutral	nan	1	c	0
[small;D_01_030,give_up;H_03_028,hamburger;A_01_004,category;E_01_034]	imrp	Curved	0.0	0.0	0.0	Open	0.0	SymmetricalOrAlternating	Straight	0	Neutral	Neutral	Neutral	0	c	0
[stack_2;K_02_102,how;D_02_082,hamburger;A_01_004,category;E_01_034]	imrp	Curved	0.0	0.0	0.0	Open	0.0	SymmetricalOrAlternating	Curved	0	Neutral	Neutral	Neutral	1	c	0
[how;D_02_082,hamburger;A_01_004]	imrp	Curved	0.0	0.0	0.0	Open	0.0	SymmetricalOrAlternating	Straight	0	Neutral	Neutral	Neutral	1	c	1
[hamburger;A_01_004,roof;F_01_039]	imrp	Flat	0.0	0.0	0.0	Open	0.0	SymmetricalOrAlternating	Straight	0	Neutral	Neutral	Neutral	1	c	0
[hamburger;A_01_004,roof;F_01_039]	imrp	Curved	0.0	0.0	0.0	Open	0.0	SymmetricalOrAlternating	Straight	0	Neutral	Neutral	Neutral	1	flat_b	0
[sandwich_4;K_01_015,hamburger;A_01_004]	imrp	FullyOpen	0.0	0.0	0.0	Open	0.0	SymmetricalOrAlternating	Straight	0	Neutral	Neutral	Neutral	1	c	0
[sandwich_4;K_01_015,hamburger;A_01_004]	imrp	Curved	0.0	0.0	0.0	Open	0.0	SymmetricalOrAlternating	Straight	0	Neutral	Neutral	Neutral	1	open_b	0
[hamburger;A_01_004,tow_2;K_01_098]	imrp	Curved	0.0	0.0	0.0	Open	0.0	DominanceViolation	Straight	0	Neutral	Neutral	Neutral	1	c	0
[hamburger;A_01_004,tow_2;K_01_098]	imrp	Curved	0.0	0.0	0.0	Open	0.0	SymmetricalOrAlternating	Straight	0	Neutral	Neutral	Neutral	1	DominanceConditionViolation	0
[castle;A_01_008,castle_2;K_01_017]	im	Curved	1.0	1.0	0.0	Closed	0.0	SymmetricalOrAlternating	BackAndForth	1	Neutral	Neutral	Neutral	1	curved_v	0
[castle;A_01_008,castle_2;K_01_017,skateboarding_2;K_01_079]	im	Curved	1.0	1.0	0.0	Closed	0.0	SymmetricalOrAlternating	Straight	1	Neutral	Neutral	Neutral	0	curved_v	0
[serious;B_01_071,humble;A_01_009]	i	FullyOpen	0.0	nan	nan	Closed	0.0	OneHanded	nan	0	Head	Chin	nan	1	nan	0
[serious;B_01_071,humble;A_01_009]	i	FullyOpen	0.0	nan	nan	Closed	0.0	OneHanded	nan	0	Head	Mouth	nan	1	nan	1
[mock;C_01_015,humble;A_01_009]	ip	FullyOpen	0.0	nan	nan	Closed	0.0	OneHanded	nan	0	Head	Mouth	nan	1	nan	0
[mock;C_01_015,humble;A_01_009]	i	FullyOpen	0.0	nan	nan	Closed	0.0	OneHanded	nan	0	Head	CheekNose	nan	1	nan	0
[sure;C_03_044,humble;A_01_009]	i	FullyOpen	0.0	nan	nan	Closed	0.0	OneHanded	Straight	0	Head	Mouth	nan	1	nan	0
[sure;C_03_044,humble;A_01_009]	i	FullyOpen	0.0	nan	nan	Closed	0.0	OneHanded	nan	0	Head	Mouth	HeadAway	1	nan	0
[think_over;D_02_054,humble;A_01_009]	i	FullyOpen	0.0	nan	nan	Closed	0.0	OneHanded	nan	0	Head	Forehead	nan	1	nan	0
[think_over;D_02_054,humble;A_01_009]	i	FullyOpen	0.0	nan	nan	Closed	0.0	OneHanded	nan	0	Head	Mouth	nan	0	nan	0
[russia;D_02_091,humble;A_01_009]	i	FullyOpen	0.0	nan	nan	Closed	0.0	OneHanded	BackAndForth	0	Head	Mouth	nan	1	nan	0
[russia;D_02_091,humble;A_01_009]	i	FullyOpen	0.0	nan	nan	Closed	0.0	OneHanded	nan	0	Head	Mouth	HeadAway	1	nan	0
[TRUE;D_03_038,humble;A_01_009]	i	FullyOpen	0.0	nan	nan	Closed	0.0	OneHanded	Curved	0	Head	Mouth	nan	1	nan	0
[TRUE;D_03_038,humble;A_01_009]	i	FullyOpen	0.0	nan	nan	Closed	0.0	OneHanded	nan	0	Head	Mouth	HeadAway	1	nan	0
[sister;D_03_050,humble;A_01_009]	i	FullyOpen	0.0	nan	nan	Open	0.0	OneHanded	nan	0	Head	Mouth	nan	1	nan	0
[sister;D_03_050,humble;A_01_009]	i	FullyOpen	0.0	nan	nan	Closed	0.0	OneHanded	nan	0	Head	CheekNose	nan	1	nan	0
[deaf;E_03_098,humble;A_01_009]	i	FullyOpen	0.0	nan	nan	Closed	0.0	OneHanded	Straight	0	Head	Mouth	nan	1	nan	0
[deaf;E_03_098,humble;A_01_009]	i	FullyOpen	0.0	nan	nan	Closed	0.0	OneHanded	nan	0	Head	Other	nan	1	nan	0
[chin_2;F_02_070,humble;A_01_009]	i	Flat	0.0	nan	nan	Closed	0.0	OneHanded	nan	0	Head	Mouth	nan	1	nan	0
[chin_2;F_02_070,humble;A_01_009]	i	FullyOpen	0.0	nan	nan	Closed	0.0	OneHanded	nan	0	Head	Chin	nan	1	nan	0
[disappoint;G_03_018,humble;A_01_009]	i	FullyOpen	0.0	nan	nan	Closed	0.0	OneHanded	Straight	0	Head	Mouth	nan	1	nan	0
[disappoint;G_03_018,humble;A_01_009]	i	FullyOpen	0.0	nan	nan	Closed	0.0	OneHanded	nan	0	Head	Chin	nan	1	nan	0
[deaf_school;H_01_022,humble;A_01_009]	i	FullyOpen	0.0	nan	nan	Closed	0.0	OneHanded	nan	0	Head	Other	nan	1	nan	0
[deaf_school;H_01_022,humble;A_01_009]	i	FullyOpen	0.0	nan	nan	Closed	0.0	OneHanded	nan	0	Head	Mouth	nan	0	nan	0
[addict;H_02_073,humble;A_01_009]	i	Bent	0.0	nan	nan	Closed	0.0	OneHanded	nan	0	Head	Mouth	nan	1	nan	0
[addict;H_02_073,humble;A_01_009]	i	FullyOpen	0.0	nan	nan	Closed	0.0	OneHanded	Straight	0	Head	Mouth	nan	1	nan	0
[sneeze_2;K_02_023,humble;A_01_009]	i	Flat	0.0	nan	nan	Closed	0.0	OneHanded	nan	0	Head	Mouth	nan	1	nan	0
[sneeze_2;K_02_023,humble;A_01_009]	i	FullyOpen	0.0	nan	nan	Closed	0.0	OneHanded	nan	0	Head	UpperLip	nan	1	nan	0
[whistle_3;K_03_055,humble;A_01_009]	i	Curved	0.0	nan	nan	Closed	0.0	OneHanded	nan	0	Head	Mouth	nan	1	nan	0
[whistle_3;K_03_055,humble;A_01_009]	i	FullyOpen	0.0	nan	nan	Open	0.0	OneHanded	nan	0	Head	Mouth	nan	1	nan	0
[cup;A_01_010,psychologist;A_03_010,access;H_02_086]	imrp	FullyOpen	0.0	0.0	0.0	Open	0.0	AsymmetricalDifferentHandshape	Straight	1	Hand	Palm	nan	1	B	0
[cup;A_01_010,church;C_02_018,psychologist;A_03_010]	imrp	Curved	0.0	0.0	0.0	Open	0.0	AsymmetricalDifferentHandshape	Straight	1	Hand	FingerRadial	nan	1	B	0
[cup;A_01_010,money;C_01_042,excuse;D_03_052]	imrp	Flat	0.0	0.0	0.0	Open	0.0	AsymmetricalDifferentHandshape	Straight	1	Hand	Palm	nan	1	B	0
[cup;A_01_010,money;C_01_042,document;H_01_097]	imrp	Curved	0.0	0.0	0.0	Open	1.0	AsymmetricalDifferentHandshape	Straight	1	Hand	Palm	nan	1	B	0
[excuse;D_03_052,bulldozer;E_01_083,dig;K_02_119,cup;A_01_010,access;H_02_086]	imrp	Curved	0.0	0.0	0.0	Open	0.0	AsymmetricalDifferentHandshape	Straight	1	Hand	Palm	HandAway	1	B	0
[cup;A_01_010,church;C_02_018,slipper;E_01_062]	imrp	Curved	0.0	0.0	0.0	Open	0.0	AsymmetricalDifferentHandshape	Straight	1	Hand	Other	nan	1	B	0
[cup;A_01_010,bulldozer;E_01_083,slipper;E_01_062]	imrp	Curved	0.0	0.0	0.0	Open	0.0	AsymmetricalDifferentHandshape	Straight	1	Hand	Palm	Other	1	B	0
[cup;A_01_010,document;H_01_097]	imrp	Curved	0.0	0.0	0.0	Open	0.0	AsymmetricalDifferentHandshape	Straight	0	Hand	Palm	nan	1	B	0
[cup;A_01_010,talk_dirty;H_02_046,bulldozer;E_01_083]	imrp	Curved	0.0	0.0	0.0	Open	0.0	AsymmetricalDifferentHandshape	Straight	1	Hand	Palm	FingerBack	1	B	0
[cup;A_01_010,dig;K_02_119]	imrp	Curved	0.0	0.0	0.0	Open	0.0	AsymmetricalDifferentHandshape	Curved	1	Hand	Palm	nan	1	B	0
[warn;B_01_033,english;A_01_011]	imrp	FullyOpen	0.0	0.0	0.0	Open	0.0	AsymmetricalSameHandshape	Straight	1	Hand	PalmBack	nan	1	c	0
[warn;B_01_033,english;A_01_011]	imrp	Curved	0.0	0.0	0.0	Open	0.0	AsymmetricalSameHandshape	Straight	1	Hand	PalmBack	nan	1	open_b	0
[church;C_02_018,english;A_01_011]	imrp	Curved	0.0	0.0	0.0	Open	0.0	AsymmetricalDifferentHandshape	Straight	1	Hand	PalmBack	nan	1	c	0
[church;C_02_018,english;A_01_011]	imrp	Curved	0.0	0.0	0.0	Open	0.0	AsymmetricalSameHandshape	Straight	1	Hand	PalmBack	nan	1	B	0
[prince;E_01_003,religion;B_03_029,tie;A_01_013]	im	Crossed	0.0	0.0	0.0	Closed	0.0	OneHanded	Curved	0	Body	Clavicle	TorsoMid	1	nan	0
[us;H_03_055,religion;B_03_029,tie;A_01_013]	im	Flat	0.0	0.0	0.0	Closed	0.0	OneHanded	Curved	0	Body	Clavicle	BodyAway	1	nan	0
[prince;E_01_003,us;H_03_055,tie;A_01_013]	im	Flat	0.0	0.0	0.0	Closed	0.0	OneHanded	Curved	0	Body	Clavicle	TorsoBottom	1	nan	0
[dentist;A_01_014,shave;B_03_017]	imrp	FullyClosed	0.0	nan	0.0	Closed	1.0	OneHanded	Straight	1	Head	CheekNose	nan	1	nan	0
[dentist;A_01_014,shave;B_03_017]	imrp	FullyClosed	0.0	nan	0.0	Closed	1.0	OneHanded	Straight	1	Head	Mouth	Chin	1	nan	0
[dentist;A_01_014,cough;C_02_071]	imrp	FullyClosed	0.0	nan	0.0	Closed	1.0	OneHanded	Straight	1	Body	Mouth	nan	1	nan	0
[dentist;A_01_014,cough;C_02_071]	imrp	FullyClosed	0.0	nan	0.0	Closed	1.0	OneHanded	Straight	1	Head	TorsoTop	nan	1	nan	0
[drug;F_01_040,dentist;A_01_014]	imrp	FullyClosed	0.0	nan	0.0	Closed	1.0	OneHanded	Straight	1	Arm	Mouth	nan	1	nan	0
[drug;F_01_040,dentist;A_01_014]	imrp	FullyClosed	0.0	nan	0.0	Closed	1.0	OneHanded	Straight	1	Head	ForearmFront	nan	1	nan	0
[dentist;A_01_014,punch_face;J_01_051]	imrp	FullyClosed	0.0	nan	0.0	Closed	1.0	OneHanded	Straight	0	Head	Mouth	nan	1	nan	0
[dentist;A_01_014,punch_face;J_01_051]	imrp	FullyClosed	0.0	nan	0.0	Closed	1.0	OneHanded	Straight	1	Head	CheekNose	nan	1	nan	0
[kiss_fist;J_03_038,dentist;A_01_014]	imrp	FullyClosed	0.0	nan	0.0	Closed	1.0	OneHanded	Straight	0	Head	Mouth	nan	1	nan	0
[kiss_fist;J_03_038,dentist;A_01_014]	imrp	FullyClosed	0.0	nan	0.0	Closed	1.0	OneHanded	Straight	1	Head	Mouth	HeadAway	1	nan	0
[harmonica;G_03_054,sandwich;A_01_015]	imrp	Flat	0.0	0.0	0.0	Open	0.0	SymmetricalOrAlternating	Straight	1	Head	HeadAway	HeadAway	0	B	0
[harmonica;G_03_054,sandwich;A_01_015]	imrp	Flat	0.0	0.0	0.0	Open	0.0	AsymmetricalDifferentHandshape	Straight	1	Head	HeadAway	HeadAway	0	flat_b	0
[chair;A_01_017,train;B_03_003]	im	Flat	0.0	0.0	0.0	Closed	0.0	DominanceViolation	Straight	1	Hand	FingerBack	nan	1	DominanceConditionViolation	0
[weigh;D_03_077,chair;A_01_017]	im	FullyOpen	0.0	0.0	0.0	Closed	0.0	DominanceViolation	Curved	1	Hand	FingerBack	nan	1	DominanceConditionViolation	0
[knife_2;K_03_043,chair;A_01_017,tape;G_01_017]	im	FullyOpen	0.0	0.0	0.0	Closed	0.0	DominanceViolation	Straight	1	Hand	FingerBack	HandAway	1	DominanceConditionViolation	0
[knife_2;K_03_043,chair;A_01_017,temporary;G_03_067]	im	FullyOpen	0.0	0.0	0.0	Closed	0.0	DominanceViolation	Straight	1	Hand	FingerBack	FingerRadial	1	DominanceConditionViolation	0
[chair;A_01_017,pair;H_03_031]	im	FullyOpen	0.0	1.0	0.0	Closed	0.0	DominanceViolation	Straight	1	Hand	FingerBack	nan	1	DominanceConditionViolation	0
[chair;A_01_017,name;D_01_021,pair;H_03_031]	im	FullyOpen	0.0	0.0	0.0	Closed	0.0	DominanceViolation	Straight	1	Hand	FingerTip	nan	1	DominanceConditionViolation	0
[candy_1;A_01_018,onion;A_03_038]	i	Bent	0.0	nan	nan	Closed	0.0	OneHanded	nan	1	Head	CheekNose	nan	1	nan	1
[candy_1;A_01_018,onion;A_03_038]	i	FullyOpen	0.0	nan	nan	Closed	0.0	OneHanded	nan	1	Head	Eye	nan	1	nan	1
[serious;B_01_071,candy_1;A_01_018]	i	FullyOpen	0.0	nan	nan	Closed	0.0	OneHanded	nan	0	Head	CheekNose	nan	1	nan	1
[serious;B_01_071,candy_1;A_01_018]	i	FullyOpen	0.0	nan	nan	Closed	0.0	OneHanded	nan	1	Head	Chin	nan	1	nan	1
[dont_mind;B_03_033,candy_1;A_01_018]	i	FullyOpen	0.0	nan	nan	Closed	0.0	OneHanded	nan	0	Head	CheekNose	nan	1	nan	1
[dont_mind;B_03_033,candy_1;A_01_018]	i	FullyOpen	0.0	nan	nan	Closed	0.0	OneHanded	nan	1	Head	CheekNose	nan	1	nan	0
[kid;C_03_057,candy_1;A_01_018]	ip	FullyOpen	0.0	nan	nan	Closed	0.0	OneHanded	nan	1	Head	CheekNose	nan	1	nan	1
[kid;C_03_057,candy_1;A_01_018]	i	FullyOpen	0.0	nan	nan	Closed	0.0	OneHanded	nan	1	Head	UpperLip	nan	1	nan	1
[accent;E_01_073,candy_1;A_01_018]	i	FullyOpen	0.0	nan	nan	Closed	0.0	OneHanded	nan	1	Body	CheekNose	nan	1	nan	1
[accent;E_01_073,candy_1;A_01_018]	i	FullyOpen	0.0	nan	nan	Closed	0.0	OneHanded	nan	1	Head	Neck	nan	1	nan	1
[candy_1;A_01_018,nose;G_03_075]	i	FullyOpen	0.0	nan	nan	Closed	0.0	OneHanded	Straight	1	Head	CheekNose	nan	1	nan	1
[candy_1;A_01_018,nose;G_03_075]	i	FullyOpen	0.0	nan	nan	Closed	0.0	OneHanded	nan	1	Head	CheekNose	nan	1	nan	0
[recent;H_03_090,candy_1;A_01_018]	i	Bent	0.0	nan	nan	Closed	0.0	OneHanded	nan	1	Head	CheekNose	nan	1	nan	1
[recent;H_03_090,candy_1;A_01_018]	i	FullyOpen	0.0	nan	nan	Closed	0.0	OneHanded	nan	1	Head	CheekNose	nan	1	nan	0
[wander;A_01_019,insult;A_03_006]	i	FullyOpen	0.0	nan	nan	Closed	0.0	OneHanded	Curved	0	Neutral	Neutral	Neutral	0	nan	0
[wander;A_01_019,insult;A_03_006]	i	FullyOpen	0.0	nan	nan	Closed	0.0	OneHanded	Z-shaped	0	Neutral	Neutral	Neutral	0	nan	1
[wander;A_01_019,scroll_down;C_03_084]	i	Bent	0.0	nan	nan	Closed	0.0	OneHanded	Z-shaped	0	Neutral	Neutral	Neutral	0	nan	0
[wander;A_01_019,scroll_down;C_03_084]	i	FullyOpen	0.0	nan	nan	Closed	0.0	OneHanded	Straight	0	Neutral	Neutral	Neutral	0	nan	0
[later;D_01_077,wander;A_01_019]	i	FullyOpen	0.0	nan	nan	Open	0.0	OneHanded	Z-shaped	0	Neutral	Neutral	Neutral	0	nan	0
[later;D_01_077,wander;A_01_019]	i	FullyOpen	0.0	nan	nan	Closed	0.0	OneHanded	Straight	0	Neutral	Neutral	Neutral	0	nan	0
[alone;D_02_024,wander;A_01_019]	i	FullyOpen	0.0	nan	nan	Closed	0.0	OneHanded	Circular	0	Neutral	Neutral	Neutral	0	nan	0
[alone;D_02_024,wander;A_01_019]	i	FullyOpen	0.0	nan	nan	Closed	0.0	OneHanded	Z-shaped	0	Neutral	Neutral	Neutral	0	nan	1
[wander;A_01_019,there;D_02_060]	i	FullyOpen	0.0	nan	nan	Closed	0.0	OneHanded	Straight	0	Neutral	Neutral	Neutral	0	nan	0
[wander;A_01_019,there;D_02_060]	i	FullyOpen	0.0	nan	nan	Closed	0.0	OneHanded	Z-shaped	0	Neutral	Neutral	nan	0	nan	0
[wander;A_01_019,italy;D_02_074]	i	Curved	0.0	nan	nan	Closed	0.0	OneHanded	Z-shaped	0	Neutral	Neutral	Neutral	0	nan	0
[wander;A_01_019,italy;D_02_074]	i	FullyOpen	0.0	nan	nan	Open	0.0	OneHanded	Z-shaped	0	Neutral	Neutral	Neutral	0	nan	0
[must;F_02_004,wander;A_01_019]	i	Bent	0.0	nan	nan	Closed	0.0	OneHanded	Z-shaped	0	Neutral	Neutral	Neutral	0	nan	0
[must;F_02_004,wander;A_01_019]	i	FullyOpen	0.0	nan	nan	Closed	0.0	OneHanded	Curved	0	Neutral	Neutral	Neutral	0	nan	0
[isolated;F_02_033,wander;A_01_019]	i	FullyOpen	0.0	nan	nan	Closed	0.0	OneHanded	Circular	0	Neutral	Neutral	Neutral	0	nan	0
[isolated;F_02_033,wander;A_01_019]	i	FullyOpen	0.0	nan	nan	Closed	0.0	OneHanded	Z-shaped	1	Neutral	Neutral	Neutral	0	nan	0
[half;F_03_040,wander;A_01_019]	i	FullyOpen	nan	nan	nan	Closed	0.0	OneHanded	Z-shaped	0	Neutral	Neutral	Neutral	0	nan	0
[half;F_03_040,wander;A_01_019]	i	FullyOpen	0.0	nan	nan	Closed	0.0	OneHanded	Straight	0	Neutral	Neutral	Neutral	0	nan	0
[wander;A_01_019,blow_candle_2;K_02_022]	i	FullyOpen	0.0	nan	nan	Closed	0.0	OneHanded	nan	0	Neutral	Neutral	Neutral	0	nan	0
[wander;A_01_019,blow_candle_2;K_02_022]	i	FullyOpen	0.0	nan	nan	Closed	0.0	OneHanded	Z-shaped	0	Neutral	Neutral	nan	0	nan	0
[point_index;K_02_083,wander;A_01_019]	i	Flat	0.0	nan	nan	Closed	0.0	OneHanded	Z-shaped	0	Neutral	Neutral	Neutral	0	nan	0
[point_index;K_02_083,wander;A_01_019]	i	FullyOpen	0.0	nan	nan	Closed	0.0	OneHanded	Straight	0	Neutral	Neutral	Neutral	0	nan	0
[text;B_03_054,scientist;A_01_020]	t	nan	1.0	nan	nan	Open	nan	SymmetricalOrAlternating	Circular	1	Neutral	Neutral	Neutral	0	a	0
[text;B_03_054,scientist;A_01_020]	t	nan	nan	nan	nan	Open	nan	SymmetricalOrAlternating	Straight	1	Neutral	Neutral	Neutral	0	a	0
[game;C_03_047,scientist;A_01_020]	t	nan	nan	nan	nan	Open	nan	SymmetricalOrAlternating	Straight	1	Neutral	Neutral	Neutral	0	a	0
[game;C_03_047,scientist;A_01_020]	t	nan	nan	nan	nan	Open	nan	SymmetricalOrAlternating	Circular	1	Neutral	Neutral	Neutral	1	a	0
[continue;D_03_032,scientist;A_01_020]	t	nan	nan	nan	nan	Open	nan	SymmetricalOrAlternating	Curved	1	Neutral	Neutral	Neutral	0	a	0
[continue;D_03_032,scientist;A_01_020]	t	nan	nan	nan	nan	Open	nan	SymmetricalOrAlternating	Circular	1	Neutral	Neutral	Neutral	1	a	0
[shape;F_01_005,scientist;A_01_020]	t	nan	nan	nan	nan	Open	nan	SymmetricalOrAlternating	Z-shaped	1	Neutral	Neutral	Neutral	0	a	0
[shape;F_01_005,scientist;A_01_020]	t	nan	nan	nan	nan	Open	nan	SymmetricalOrAlternating	Circular	0	Neutral	Neutral	Neutral	0	a	0
[scientist;A_01_020,race;F_02_075]	t	nan	nan	nan	nan	Open	nan	SymmetricalOrAlternating	nan	1	Neutral	Neutral	Neutral	0	a	0
[scientist;A_01_020,race;F_02_075]	t	nan	nan	nan	nan	Open	nan	SymmetricalOrAlternating	Circular	1	Neutral	Neutral	Neutral	0	a	1
[dig_up;G_02_019,scientist;A_01_020]	t	nan	nan	nan	nan	Open	nan	SymmetricalOrAlternating	Curved	1	Neutral	Neutral	Neutral	0	a	0
[dig_up;G_02_019,scientist;A_01_020]	t	nan	nan	nan	nan	Open	nan	SymmetricalOrAlternating	Circular	1	Neutral	Neutral	Neutral	0	a	1
[slice_4;K_03_067,bury_1;K_02_014,read;A_01_022]	im	FullyOpen	0.0	0.0	0.0	Closed	0.0	AsymmetricalDifferentHandshape	Straight	1	Hand	HandAway	HandAway	0	B	0
[bury_1;K_02_014,read;A_01_022]	im	FullyOpen	0.0	1.0	0.0	Closed	0.0	AsymmetricalDifferentHandshape	Straight	0	Hand	HandAway	HandAway	0	B	0
[read;A_01_022,strain_1;K_03_045]	imrp	FullyOpen	0.0	1.0	0.0	Closed	0.0	AsymmetricalDifferentHandshape	Straight	1	Hand	HandAway	HandAway	0	B	0
[slice_4;K_03_067,read;A_01_022,strain_1;K_03_045]	im	FullyOpen	0.0	1.0	0.0	Closed	0.0	AsymmetricalDifferentHandshape	Straight	1	Hand	HandAway	HandAway	0	S	0
[turkey;A_02_078,cat;A_01_023]	i	Flat	0.0	nan	nan	Open	1.0	OneHanded	Straight	1	Head	CheekNose	HeadAway	1	nan	0
[turkey;A_02_078,cat;A_01_023]	i	Curved	0.0	nan	nan	Open	0.0	OneHanded	Straight	1	Head	CheekNose	HeadAway	1	nan	0
[fox;A_03_041,cat;A_01_023]	i	Curved	0.0	nan	nan	Open	1.0	OneHanded	Curved	1	Head	CheekNose	HeadAway	1	nan	0
[fox;A_03_041,cat;A_01_023]	i	Curved	0.0	nan	nan	Open	1.0	OneHanded	Straight	1	Head	CheekNose	nan	1	nan	0
[clueless;F_03_082,cat;A_01_023]	i	Curved	0.0	nan	nan	Open	1.0	OneHanded	Straight	1	Head	HeadAway	HeadAway	1	nan	0
[clueless;F_03_082,cat;A_01_023]	i	Curved	0.0	nan	nan	Open	1.0	OneHanded	Straight	1	Head	CheekNose	HeadAway	0	nan	0
[soon_1;G_01_004,cat;A_01_023]	i	Curved	0.0	nan	nan	Open	1.0	OneHanded	Straight	1	Head	Chin	HeadAway	1	nan	0
[soon_1;G_01_004,cat;A_01_023]	i	Curved	0.0	nan	nan	Open	1.0	OneHanded	Straight	1	Head	CheekNose	nan	1	nan	0
[magnify_1;G_01_073,cat;A_01_023]	i	Bent	0.0	nan	nan	Open	1.0	OneHanded	Straight	1	Head	CheekNose	HeadAway	1	nan	0
[magnify_1;G_01_073,cat;A_01_023]	i	Curved	0.0	nan	nan	Open	1.0	OneHanded	Straight	1	Head	Eye	HeadAway	1	nan	0
[cheek;G_03_052,cat;A_01_023]	i	Bent	0.0	nan	nan	Open	1.0	OneHanded	Straight	1	Head	CheekNose	HeadAway	1	nan	0
[cheek;G_03_052,cat;A_01_023]	i	Curved	0.0	nan	nan	Open	1.0	OneHanded	Straight	1	Head	CheekNose	nan	1	nan	0
[barely;H_03_037,cat;A_01_023]	i	Curved	0.0	nan	nan	Open	1.0	OneHanded	Straight	0	Head	CheekNose	HeadAway	1	nan	0
[barely;H_03_037,cat;A_01_023]	i	Curved	0.0	nan	nan	Open	1.0	OneHanded	Straight	1	Head	HeadTop	HeadAway	1	nan	0
[theory;J_03_042,cat;A_01_023]	i	Bent	0.0	nan	nan	Open	1.0	OneHanded	Straight	1	Head	CheekNose	HeadAway	1	nan	0
[theory;J_03_042,cat;A_01_023]	i	Curved	0.0	nan	nan	Open	1.0	OneHanded	Straight	1	Head	Forehead	HeadAway	1	nan	0
[room;A_01_024,waiter;A_01_061,prayer;C_03_090]	imrp	FullyOpen	0.0	0.0	0.0	Open	0.0	SymmetricalOrAlternating	Straight	1	Neutral	Neutral	nan	0	open_b	0
[room;A_01_024,leave;B_02_084]	imrp	FullyOpen	1.0	0.0	0.0	Open	0.0	SymmetricalOrAlternating	Straight	0	Neutral	Neutral	nan	0	open_b	0
[room;A_01_024,box;C_03_025,order_1;C_02_064]	imrp	FullyOpen	0.0	0.0	0.0	Open	0.0	SymmetricalOrAlternating	Z-shaped	0	Neutral	Neutral	nan	0	open_b	0
[room;A_01_024,sandwich_4;K_01_015,prayer;C_03_090]	imrp	FullyOpen	0.0	0.0	0.0	Open	0.0	SymmetricalOrAlternating	Straight	0	Neutral	Neutral	nan	1	open_b	0
[room;A_01_024,box;C_03_025,lift;G_02_082]	imrp	FullyOpen	0.0	0.0	0.0	Open	0.0	SymmetricalOrAlternating	Curved	0	Neutral	Neutral	nan	0	open_b	0
[room;A_01_024,swear_in;J_02_016]	imrp	FullyOpen	0.0	0.0	0.0	Open	0.0	AsymmetricalSameHandshape	Straight	0	Neutral	Neutral	nan	0	open_b	0
[school;C_03_089,paper;A_01_026]	imrp	FullyOpen	0.0	1.0	0.0	Open	0.0	AsymmetricalSameHandshape	Straight	1	Hand	Palm	HandAway	1	5	0
[school;C_03_089,paper;A_01_026]	imrp	FullyOpen	0.0	1.0	0.0	Open	0.0	AsymmetricalSameHandshape	Curved	1	Hand	Palm	nan	1	5	0
[sweep;D_01_086,paper;A_01_026]	imrp	FullyOpen	0.0	0.0	0.0	Open	0.0	AsymmetricalSameHandshape	Curved	1	Hand	Palm	HandAway	1	5	0
[sweep;D_01_086,paper;A_01_026]	imrp	FullyOpen	0.0	1.0	0.0	Open	0.0	AsymmetricalSameHandshape	Curved	1	Hand	Palm	HandAway	1	open_b	0
[book;A_01_027,city;B_01_029,chat;C_01_079]	imrp	FullyOpen	0.0	0.0	0.0	Open	0.0	SymmetricalOrAlternating	Straight	1	Neutral	Neutral	Neutral	1	open_b	1
[book;A_01_027,boat;D_01_055]	imrp	FullyOpen	0.0	0.0	0.0	Open	0.0	SymmetricalOrAlternating	Curved	1	Neutral	Neutral	nan	1	open_b	1
[book;A_01_027,wrestle;J_01_033]	imrp	FullyOpen	0.0	1.0	0.0	Open	0.0	SymmetricalOrAlternating	Curved	1	Neutral	Neutral	Neutral	1	open_b	1
[book;A_01_027,wrestle;J_01_033]	imrp	FullyOpen	0.0	0.0	0.0	Open	0.0	SymmetricalOrAlternating	Curved	1	Neutral	Neutral	Neutral	1	5	1
[shirt;A_01_028,policeman;A_01_052]	i	Curved	0.0	nan	nan	Open	0.0	OneHanded	Straight	1	Body	TorsoTop	nan	1	nan	0
[shirt;A_01_028,policeman;A_01_052]	i	Curved	0.0	nan	nan	Open	1.0	OneHanded	Straight	1	Body	Clavicle	nan	1	nan	0
[wristwatch;B_01_063,shirt;A_01_028]	i	Curved	0.0	nan	nan	Open	1.0	OneHanded	Straight	1	Arm	TorsoTop	nan	1	nan	0
[wristwatch;B_01_063,shirt;A_01_028]	i	Curved	0.0	nan	nan	Open	1.0	OneHanded	Straight	1	Body	WristBack	nan	1	nan	0
[shirt;A_01_028,benefit;C_02_056]	i	Curved	0.0	nan	nan	Open	1.0	OneHanded	Straight	1	Body	Clavicle	nan	1	nan	0
[shirt;A_01_028,benefit;C_02_056]	i	Curved	0.0	nan	nan	Open	1.0	OneHanded	Straight	1	Body	TorsoTop	nan	1	nan	1
[navel;E_03_007,shirt;A_01_028]	i	Curved	0.0	nan	nan	Open	1.0	OneHanded	Straight	0	Body	TorsoTop	nan	1	nan	0
[navel;E_03_007,shirt;A_01_028]	i	Curved	0.0	nan	nan	Open	1.0	OneHanded	Straight	1	Body	Waist	nan	1	nan	0
[buttons;F_02_025,shirt;A_01_028]	i	Curved	0.0	nan	nan	Open	1.0	OneHanded	Straight	0	Body	TorsoTop	nan	1	nan	0
[buttons;F_02_025,shirt;A_01_028]	i	Curved	0.0	nan	nan	Open	1.0	OneHanded	Straight	1	Body	TorsoTop	TorsoMid	1	nan	0
[shirt;A_01_028,curious;F_03_051]	i	Curved	0.0	nan	nan	Open	1.0	OneHanded	Circular	1	Body	TorsoTop	nan	1	nan	0
[shirt;A_01_028,curious;F_03_051]	i	Curved	0.0	nan	nan	Open	1.0	OneHanded	Straight	1	Body	Neck	nan	1	nan	0
[soon_1;G_01_004,shirt;A_01_028]	i	Curved	0.0	nan	nan	Open	1.0	OneHanded	Straight	1	Head	TorsoTop	nan	1	nan	0
[soon_1;G_01_004,shirt;A_01_028]	i	Curved	0.0	nan	nan	Open	1.0	OneHanded	Straight	1	Body	Chin	nan	1	nan	0
[volunteer;H_02_062,shirt;A_01_028]	i	Curved	0.0	nan	nan	Open	1.0	OneHanded	Straight	1	Body	Clavicle	nan	1	nan	0
[volunteer;H_02_062,shirt;A_01_028]	i	Curved	0.0	nan	nan	Open	1.0	OneHanded	Straight	1	Body	TorsoTop	BodyAway	1	nan	0
[shirt;A_01_028,soon_3;H_03_023]	i	Curved	0.0	nan	nan	Open	1.0	OneHanded	Straight	1	Head	TorsoTop	nan	1	nan	0
[shirt;A_01_028,soon_3;H_03_023]	i	Curved	0.0	nan	nan	Open	1.0	OneHanded	Straight	1	Body	CheekNose	nan	1	nan	0
[stubborn;B_03_086,horse;A_01_029,pig;A_02_032]	imrp	FullyOpen	1.0	0.0	0.0	Open	0.0	OneHanded	nan	1	Head	Forehead	nan	1	nan	0
[horse;A_01_029,pig;A_02_032]	im	FullyOpen	1.0	0.0	0.0	Open	0.0	OneHanded	nan	1	Head	UnderChin	nan	1	nan	0
[bug;B_01_067,horse;A_01_029]	im	FullyOpen	1.0	0.0	0.0	Open	0.0	OneHanded	nan	1	Head	CheekNose	nan	1	nan	0
[stubborn;B_03_086,horse;A_01_029]	im	FullyOpen	1.0	0.0	0.0	Open	0.0	OneHanded	nan	0	Head	Forehead	nan	1	nan	0
[candy_2;D_02_079,horse;A_01_029]	im	FullyOpen	1.0	0.0	0.0	Open	0.0	OneHanded	nan	1	Head	Chin	nan	1	nan	0
[candy_2;D_02_079,horse;A_01_029]	im	FullyOpen	1.0	0.0	0.0	Open	0.0	OneHanded	nan	1	Head	Forehead	HeadAway	1	nan	0
[dinosaur;A_01_031,nothing;B_01_079]	imrp	Curved	0.0	0.0	0.0	Open	1.0	SymmetricalOrAlternating	Straight	1	Neutral	Neutral	Neutral	0	nan	0
[dinosaur;A_01_031,nothing;B_01_079]	imrp	Curved	0.0	0.0	0.0	Open	1.0	OneHanded	Straight	1	Neutral	Neutral	Neutral	0	o	0
[dinosaur;A_01_031,percent;C_02_082]	imrp	Curved	0.0	0.0	0.0	Open	1.0	OneHanded	BackAndForth	1	Neutral	Neutral	Neutral	0	nan	0
[child;F_03_101,dinosaur;A_01_031]	imrp	Flat	0.0	0.0	0.0	Open	1.0	OneHanded	Straight	1	Neutral	Neutral	Neutral	0	nan	0
[dinosaur;A_01_031,noon;G_02_014]	imrp	FullyOpen	0.0	0.0	0.0	Open	1.0	OneHanded	Straight	1	Neutral	Neutral	Neutral	0	nan	0
[honk;H_01_074,dinosaur;A_01_031]	imrp	Bent	0.0	0.0	0.0	Open	1.0	OneHanded	Straight	1	Neutral	Neutral	Neutral	0	nan	0
[dinosaur;A_01_031,recite;J_02_078]	imrp	Curved	1.0	0.0	0.0	Open	1.0	OneHanded	Straight	1	Neutral	Neutral	Neutral	0	nan	0
[dinosaur;A_01_031,recite;J_02_078]	imrp	Curved	0.0	0.0	1.0	Open	1.0	OneHanded	Straight	1	Neutral	Neutral	Neutral	0	nan	0
[dinosaur;A_01_031,spaceship;J_03_074,bite;K_02_045]	im	Curved	0.0	0.0	0.0	Open	1.0	OneHanded	Straight	1	Neutral	Neutral	Neutral	0	nan	0
[umbrella;A_02_022,coffee;A_01_032]	imrp	FullyClosed	0.0	nan	0.0	Closed	1.0	AsymmetricalSameHandshape	Straight	1	Hand	FingerRadial	FingerRadial	1	s	0
[umbrella;A_02_022,coffee;A_01_032]	imrp	FullyClosed	0.0	nan	0.0	Closed	1.0	AsymmetricalSameHandshape	Circular	1	Hand	FingerRadial	HandAway	1	s	0
[cow;A_01_033,bull;E_01_098]	p	FullyOpen	0.0	nan	nan	Open	0.0	OneHanded	Straight	1	Head	Forehead	nan	1	nan	1
[cow;A_01_033,bull;E_01_098]	p	FullyOpen	0.0	nan	nan	Open	0.0	OneHanded	nan	1	Head	Forehead	nan	1	nan	0
[butter;A_01_034,paintbrush;A_02_079]	im	FullyOpen	1.0	0.0	0.0	Open	0.0	AsymmetricalDifferentHandshape	Straight	1	Hand	Palm	HandAway	1	B	0
[butter;A_01_034,paintbrush;A_02_079]	im	Flat	1.0	0.0	0.0	Open	0.0	AsymmetricalDifferentHandshape	Straight	1	Hand	Palm	HandAway	0	B	0
[butter;A_01_034,excuse;D_03_052,shovel_2;K_03_008]	imrp	Flat	1.0	0.0	0.0	Open	0.0	AsymmetricalDifferentHandshape	Straight	1	Hand	Palm	HandAway	1	B	0
[butter;A_01_034,excuse;D_03_052]	im	Flat	0.0	0.0	0.0	Open	0.0	AsymmetricalDifferentHandshape	Straight	1	Hand	Palm	HandAway	1	B	0
[butter;A_01_034,shovel_2;K_03_008]	im	Flat	1.0	0.0	0.0	Open	0.0	AsymmetricalDifferentHandshape	Curved	1	Hand	Palm	HandAway	1	B	0
[trash;A_01_035,punish;C_02_041]	i	FullyOpen	0.0	nan	nan	Closed	0.0	OneHanded	Curved	0	Arm	ForearmUlnar	ArmAway	1	nan	1
[trash;A_01_035,punish;C_02_041]	i	FullyOpen	0.0	nan	nan	Closed	0.0	OneHanded	Curved	0	Arm	ForearmUlnar	ElbowBack	1	nan	0
[witch;A_03_018,moon;A_01_036]	i	Bent	0.0	nan	nan	Open	0.0	OneHanded	Curved	0	Head	Eye	HeadAway	1	nan	0
[witch;A_03_018,moon;A_01_036]	i	Curved	0.0	nan	nan	Open	0.0	OneHanded	Curved	0	Head	HeadAway	HeadAway	1	nan	0
[beak;G_03_048,moon;A_01_036]	i	Curved	0.0	nan	nan	Open	0.0	OneHanded	Curved	0	Head	CheekNose	HeadAway	1	nan	0
[beak;G_03_048,moon;A_01_036]	i	Curved	0.0	nan	nan	Open	0.0	OneHanded	Curved	0	Head	Eye	HeadAway	1	nan	1
[moon;A_01_036,dont_need;H_01_104]	i	Curved	0.0	nan	nan	Open	0.0	OneHanded	Straight	0	Head	Eye	HeadAway	1	nan	0
[moon;A_01_036,dont_need;H_01_104]	i	Curved	0.0	nan	nan	Open	0.0	OneHanded	Curved	0	Head	UnderChin	HeadAway	1	nan	0
[scissors;A_01_038,two_more;G_01_021]	im	FullyOpen	1.0	1.0	1.0	Closed	0.0	OneHanded	nan	1	Neutral	Neutral	nan	0	nan	0
[scissors;A_01_038,two_more;G_01_021]	im	FullyOpen	0.0	1.0	0.0	Closed	0.0	OneHanded	nan	1	Neutral	Neutral	nan	0	nan	0
[soup;A_01_039,research;B_03_084,university;C_02_063]	im	FullyOpen	0.0	0.0	0.0	Closed	0.0	AsymmetricalDifferentHandshape	Curved	1	Hand	Palm	HandAway	1	B	0
[soup;A_01_039,university;C_02_063]	im	Curved	0.0	0.0	0.0	Closed	0.0	AsymmetricalDifferentHandshape	Curved	0	Hand	Palm	HandAway	1	B	0
[soup;A_01_039,rocket_1;E_01_016]	im	Curved	0.0	0.0	0.0	Closed	0.0	AsymmetricalDifferentHandshape	Straight	1	Hand	Palm	HandAway	1	B	0
[soup;A_01_039,dig;K_02_119]	imrp	Curved	0.0	0.0	0.0	Closed	0.0	AsymmetricalDifferentHandshape	Curved	1	Hand	Palm	HandAway	1	B	0
[soup;A_01_039,dig;K_02_119]	im	Curved	0.0	0.0	0.0	Open	0.0	AsymmetricalDifferentHandshape	Curved	1	Hand	Palm	HandAway	1	B	0
[hurt;E_01_002,spaghetti;A_01_042]	i	FullyOpen	0.0	nan	nan	Closed	0.0	SymmetricalOrAlternating	Circular	1	Neutral	Neutral	Neutral	0	i	0
[hurt;E_01_002,spaghetti;A_01_042]	p	FullyOpen	0.0	nan	nan	Closed	0.0	SymmetricalOrAlternating	Circular	1	Neutral	Neutral	Neutral	0	1	0
[skirt;A_01_046,wear;B_02_032]	imrp	FullyOpen	0.0	1.0	0.0	Open	0.0	SymmetricalOrAlternating	Curved	0	Body	TorsoTop	BodyAway	0	5	0
[skirt;A_01_046,wear;B_02_032]	imrp	FullyOpen	0.0	1.0	0.0	Open	0.0	SymmetricalOrAlternating	Curved	0	Body	Hips	BodyAway	1	5	0
[skirt;A_01_046,arrest_2;K_01_023]	imrp	FullyOpen	0.0	1.0	0.0	Open	0.0	SymmetricalOrAlternating	Straight	0	Body	Hips	BodyAway	0	5	0
[skirt;A_01_046,arrest_2;K_01_023]	imrp	FullyOpen	0.0	1.0	0.0	Open	0.0	SymmetricalOrAlternating	Curved	0	Body	BodyAway	BodyAway	0	5	0
[complex;C_01_061,stars;A_01_047]	i	FullyOpen	1.0	nan	nan	Closed	0.0	SymmetricalOrAlternating	Straight	1	Neutral	Neutral	Neutral	1	1	0
[complex;C_01_061,stars;A_01_047]	i	FullyOpen	0.0	nan	nan	Closed	0.0	SymmetricalOrAlternating	Straight	1	Neutral	Neutral	Neutral	0	1	0
[stars;A_01_047,right_1;C_01_065]	i	FullyOpen	0.0	nan	nan	Closed	0.0	SymmetricalOrAlternating	Straight	0	Neutral	Neutral	Neutral	1	1	0
[stars;A_01_047,right_1;C_01_065]	i	FullyOpen	0.0	nan	nan	Closed	0.0	SymmetricalOrAlternating	Straight	1	Neutral	Neutral	nan	1	1	0
[stars;A_01_047,battery;D_02_089]	i	Bent	0.0	nan	nan	Closed	0.0	SymmetricalOrAlternating	Straight	1	Neutral	Neutral	Neutral	1	1	0
[stars;A_01_047,battery;D_02_089]	i	FullyOpen	0.0	nan	nan	Closed	0.0	SymmetricalOrAlternating	Straight	1	Neutral	Neutral	Neutral	1	bent_1	0
[stars;A_01_047,but;D_03_030]	i	FullyOpen	0.0	nan	nan	Closed	0.0	SymmetricalOrAlternating	Curved	1	Neutral	Neutral	Neutral	1	1	0
[stars;A_01_047,but;D_03_030]	i	FullyOpen	0.0	nan	nan	Closed	0.0	SymmetricalOrAlternating	Straight	0	Neutral	Neutral	Neutral	1	1	0
[stars;A_01_047,hurt;E_01_002]	i	FullyOpen	0.0	nan	nan	Closed	0.0	SymmetricalOrAlternating	Circular	1	Neutral	Neutral	Neutral	1	1	0
[stars;A_01_047,hurt;E_01_002]	i	FullyOpen	0.0	nan	nan	Closed	0.0	SymmetricalOrAlternating	Straight	1	Neutral	Neutral	Neutral	0	1	0
[stars;A_01_047,vagina;F_02_065]	i	FullyOpen	0.0	nan	nan	Open	0.0	SymmetricalOrAlternating	Straight	1	Neutral	Neutral	Neutral	1	1	0
[stars;A_01_047,vagina;F_02_065]	i	FullyOpen	0.0	nan	nan	Closed	0.0	SymmetricalOrAlternating	Straight	1	Neutral	Neutral	Neutral	1	l	0
[argue;F_03_072,stars;A_01_047]	i	FullyOpen	0.0	nan	nan	Closed	0.0	SymmetricalOrAlternating	Curved	1	Neutral	Neutral	Neutral	1	1	0
[argue;F_03_072,stars;A_01_047]	i	FullyOpen	0.0	nan	nan	Closed	0.0	SymmetricalOrAlternating	Straight	1	Neutral	Neutral	Neutral	0	1	0
[stars;A_01_047,long_word;H_02_047]	i	FullyOpen	0.0	nan	nan	Closed	0.0	SymmetricalOrAlternating	Straight	0	Neutral	Neutral	Neutral	1	1	0
[stars;A_01_047,long_word;H_02_047]	i	FullyOpen	0.0	nan	nan	Closed	0.0	SymmetricalOrAlternating	Straight	1	Neutral	Neutral	Neutral	0	1	0
[triangle;J_02_080,stars;A_01_047]	i	FullyOpen	0.0	nan	nan	Closed	0.0	SymmetricalOrAlternating	BackAndForth	1	Neutral	Neutral	Neutral	1	1	0
[triangle;J_02_080,stars;A_01_047]	i	FullyOpen	0.0	nan	nan	Closed	0.0	SymmetricalOrAlternating	Straight	0	Neutral	Neutral	Neutral	1	1	0
[surf;A_01_048,vocabulary;H_01_082]	im	FullyOpen	0.0	0.0	0.0	Closed	0.0	AsymmetricalDifferentHandshape	Straight	1	Hand	FingerBack	nan	1	1	0
[surf;A_01_048,vocabulary;H_01_082]	im	Bent	0.0	1.0	0.0	Closed	0.0	AsymmetricalDifferentHandshape	Straight	1	Hand	FingerBack	nan	1	1	0
[milk;A_01_051,eleven;E_01_052]	i	FullyClosed	1.0	nan	0.0	Open	1.0	OneHanded	nan	1	Neutral	Neutral	nan	0	nan	0
[milk;A_01_051,eleven;E_01_052]	imrp	FullyClosed	1.0	nan	nan	Open	1.0	OneHanded	nan	1	Neutral	Neutral	nan	0	nan	0
[bracelet;A_03_024,policeman;A_01_052]	i	Curved	0.0	nan	nan	Open	0.0	OneHanded	Straight	1	Arm	Clavicle	nan	1	nan	0
[bracelet;A_03_024,policeman;A_01_052]	i	Curved	0.0	nan	nan	Open	0.0	OneHanded	Straight	1	Body	WristBack	nan	1	nan	0
[policeman;A_01_052,benefit;C_02_056]	i	Curved	0.0	nan	nan	Open	1.0	OneHanded	Straight	1	Body	Clavicle	nan	1	nan	0
[policeman;A_01_052,benefit;C_02_056]	i	Curved	0.0	nan	nan	Open	0.0	OneHanded	Straight	1	Body	Clavicle	nan	1	nan	1
[badge;F_03_096,policeman;A_01_052]	i	Curved	0.0	nan	nan	Open	0.0	SymmetricalOrAlternating	Straight	1	Body	Clavicle	nan	1	nan	0
[badge;F_03_096,policeman;A_01_052]	i	Curved	0.0	nan	nan	Open	0.0	OneHanded	Straight	1	Body	Clavicle	nan	1	curved_l	0
[volunteer;H_02_062,policeman;A_01_052]	i	Curved	0.0	nan	nan	Open	1.0	OneHanded	Straight	1	Body	Clavicle	nan	1	nan	0
[volunteer;H_02_062,policeman;A_01_052]	i	Curved	0.0	nan	nan	Open	0.0	OneHanded	Straight	1	Body	Clavicle	BodyAway	1	nan	0
[policeman;A_01_052,delegate;H_03_001]	i	Bent	0.0	nan	nan	Open	0.0	OneHanded	Straight	1	Body	Clavicle	nan	1	nan	0
[policeman;A_01_052,delegate;H_03_001]	i	Curved	0.0	nan	nan	Open	0.0	OneHanded	Straight	1	Body	Clavicle	TorsoTop	1	nan	0
[fireman_2;K_03_052,policeman;A_01_052]	i	Curved	0.0	nan	nan	Open	0.0	OneHanded	Straight	1	Head	Clavicle	nan	1	nan	0
[fireman_2;K_03_052,policeman;A_01_052]	i	Curved	0.0	nan	nan	Open	0.0	OneHanded	Straight	1	Body	Forehead	nan	1	nan	0
[french;C_02_022,tennis;A_01_053]	i	Curved	0.0	nan	nan	Open	1.0	OneHanded	BackAndForth	0	Neutral	Neutral	Neutral	0	nan	1
[french;C_02_022,tennis;A_01_053]	i	Bent	0.0	nan	nan	Open	1.0	OneHanded	Curved	0	Neutral	Neutral	Neutral	0	nan	1
[tennis;A_01_053,vacuum;D_03_084]	i	Bent	0.0	nan	nan	Open	1.0	OneHanded	Z-shaped	0	Neutral	Neutral	Neutral	0	nan	1
[tennis;A_01_053,vacuum;D_03_084]	i	Bent	0.0	nan	nan	Open	1.0	OneHanded	BackAndForth	0	Neutral	Neutral	Neutral	0	nan	0
[tennis;A_01_053,turn_key;E_01_056]	i	Bent	0.0	nan	nan	Open	1.0	OneHanded	Curved	0	Neutral	Neutral	Neutral	0	nan	1
[tennis;A_01_053,turn_key;E_01_056]	i	Bent	0.0	nan	nan	Open	1.0	OneHanded	BackAndForth	0	Neutral	Neutral	nan	0	nan	1
[tennis;A_01_053,flip_switch;E_01_066]	i	Bent	0.0	nan	nan	Open	1.0	OneHanded	Straight	0	Neutral	Neutral	Neutral	0	nan	1
[tennis;A_01_053,flip_switch;E_01_066]	i	Bent	0.0	nan	nan	Open	1.0	OneHanded	BackAndForth	0	Neutral	Neutral	Neutral	0	nan	0
[tennis;A_01_053,wand;E_03_016]	i	Bent	0.0	nan	nan	Open	1.0	OneHanded	Circular	0	Neutral	Neutral	Neutral	0	nan	1
[tennis;A_01_053,wand;E_03_016]	i	Bent	0.0	nan	nan	Open	1.0	OneHanded	BackAndForth	1	Neutral	Neutral	Neutral	0	nan	1
[tennis;A_01_053,fencing;F_01_083]	i	Bent	0.0	nan	nan	Open	1.0	OneHanded	Z-shaped	0	Neutral	Neutral	Neutral	0	nan	1
[tennis;A_01_053,fencing;F_01_083]	i	Bent	0.0	nan	nan	Open	1.0	OneHanded	BackAndForth	1	Neutral	Neutral	Neutral	0	nan	1
[knight;H_01_054,tennis;A_01_053]	i	Bent	0.0	nan	nan	Open	1.0	OneHanded	Curved	0	Neutral	Neutral	Neutral	0	nan	1
[knight;H_01_054,tennis;A_01_053]	i	Bent	0.0	nan	nan	Open	1.0	OneHanded	BackAndForth	0	Neutral	Neutral	Neutral	0	nan	0
[tennis;A_01_053,conduct_2;K_02_091]	i	Bent	0.0	nan	nan	Open	1.0	OneHanded	Curved	0	Neutral	Neutral	Neutral	0	nan	1
[tennis;A_01_053,conduct_2;K_02_091]	i	Bent	0.0	nan	nan	Open	1.0	OneHanded	BackAndForth	1	Neutral	Neutral	Neutral	0	nan	1
[contact;D_03_022,computer;A_01_054]	m	Flat	0.0	nan	nan	Open	0.0	SymmetricalOrAlternating	Straight	1	Neutral	Neutral	Neutral	0	open_8	0
[contact;D_03_022,computer;A_01_054]	m	Flat	0.0	nan	nan	Open	0.0	SymmetricalOrAlternating	Circular	1	Neutral	Neutral	Neutral	1	open_8	0
[mountain;A_01_055,avoid;E_01_040]	t	nan	nan	nan	nan	Open	nan	AsymmetricalSameHandshape	Straight	0	Hand	Heel	nan	1	a	0
[mountain;A_01_055,avoid;E_01_040]	t	nan	nan	nan	nan	Open	nan	AsymmetricalSameHandshape	Straight	0	Hand	PalmBack	HandAway	1	a	0
[mountain;A_01_055,most;E_01_085]	t	nan	nan	nan	nan	Open	nan	AsymmetricalSameHandshape	Straight	0	Hand	FingerBack	nan	1	a	0
[mountain;A_01_055,most;E_01_085]	t	nan	nan	nan	nan	Open	nan	AsymmetricalSameHandshape	Straight	0	Hand	PalmBack	HandAway	1	a	0
[mountain;A_01_055,assistant;F_03_076]	t	nan	nan	nan	nan	Open	nan	AsymmetricalSameHandshape	Straight	1	Hand	PalmBack	nan	1	a	0
[mountain;A_01_055,assistant;F_03_076]	t	nan	nan	nan	nan	Open	nan	AsymmetricalSameHandshape	Straight	0	Hand	FingerUlnar	nan	1	a	0
[mountain;A_01_055,poop;H_03_072]	t	nan	nan	nan	nan	Open	nan	AsymmetricalSameHandshape	Straight	0	Hand	Other	nan	1	a	0
[mountain;A_01_055,poop;H_03_072]	t	nan	nan	nan	nan	Open	nan	AsymmetricalSameHandshape	Straight	0	Hand	PalmBack	HandAway	1	a	0
[dog;A_01_056,no;C_03_041]	im	Curved	nan	0.0	nan	Open	1.0	OneHanded	nan	1	Neutral	Neutral	nan	0	nan	0
[dog;A_01_056,no;C_03_041]	mrp	Flat	nan	0.0	nan	Open	1.0	OneHanded	nan	1	Neutral	Neutral	nan	0	nan	0
[snow;A_01_057,white;E_03_046]	imrp	Flat	1.0	1.0	1.0	Open	1.0	OneHanded	Straight	1	Body	TorsoTop	BodyAway	1	nan	0
[orange_throat;F_02_039,snow;A_01_057,white;E_03_046]	imrp	Flat	1.0	1.0	1.0	Open	1.0	OneHanded	Straight	0	Body	TorsoTop	BodyAway	0	nan	0
[orange_throat;F_02_039,snow;A_01_057]	imrp	Flat	1.0	1.0	1.0	Open	1.0	OneHanded	Straight	0	Body	Neck	BodyAway	1	nan	0
[major;J_01_057,bake_1;A_01_060]	imrp	FullyOpen	0.0	0.0	0.0	Closed	0.0	AsymmetricalSameHandshape	Straight	1	Hand	FingerRadial	HandAway	0	closed_b	0
[major;J_01_057,bake_1;A_01_060]	imrp	FullyOpen	0.0	0.0	0.0	Closed	0.0	AsymmetricalSameHandshape	Straight	1	Hand	HandAway	HandAway	1	closed_b	0
[hunt;B_01_025,waiter;A_01_061]	im	FullyOpen	0.0	0.0	0.0	Open	0.0	SymmetricalOrAlternating	Straight	1	Neutral	Neutral	Neutral	0	open_b	0
[hunt;B_01_025,waiter;A_01_061]	imrp	FullyOpen	0.0	0.0	0.0	Open	0.0	SymmetricalOrAlternating	Straight	1	Neutral	Neutral	Neutral	0	open_h	0
[waiter;A_01_061,balance;C_02_046]	imrp	Flat	0.0	0.0	0.0	Open	0.0	SymmetricalOrAlternating	Straight	1	Neutral	Neutral	Neutral	0	open_b	0
[waiter;A_01_061,balance;C_02_046]	imrp	FullyOpen	0.0	0.0	0.0	Open	0.0	SymmetricalOrAlternating	Straight	1	Neutral	Neutral	Neutral	0	flat_b	0
[here;D_01_089,waiter;A_01_061,order_1;C_02_064]	imrp	FullyOpen	0.0	0.0	0.0	Open	0.0	SymmetricalOrAlternating	Z-shaped	1	Neutral	Neutral	Neutral	0	open_b	0
[small;D_01_030,waiter;A_01_061]	imrp	Curved	0.0	0.0	0.0	Open	0.0	SymmetricalOrAlternating	Straight	1	Neutral	Neutral	Neutral	0	open_b	0
[small;D_01_030,waiter;A_01_061]	imrp	FullyOpen	0.0	0.0	0.0	Open	0.0	SymmetricalOrAlternating	Straight	1	Neutral	Neutral	Neutral	0	c	0
[lift;G_02_082,walk;D_02_057,waiter;A_01_061,wallet;F_01_081,here;D_01_089,fold;F_02_019]	imrp	FullyOpen	0.0	0.0	0.0	Open	0.0	SymmetricalOrAlternating	Curved	1	Neutral	Neutral	Neutral	0	open_b	0
[what_1;D_02_084,waiter;A_01_061]	imrp	FullyOpen	0.0	1.0	0.0	Open	0.0	SymmetricalOrAlternating	Straight	1	Neutral	Neutral	Neutral	0	open_b	0
[what_1;D_02_084,waiter;A_01_061]	imrp	FullyOpen	0.0	0.0	0.0	Open	0.0	SymmetricalOrAlternating	Straight	1	Neutral	Neutral	Neutral	0	5	0
[waiter;A_01_061,noon;G_02_014]	imrp	FullyOpen	0.0	0.0	0.0	Open	0.0	OneHanded	Straight	1	Neutral	Neutral	Neutral	0	open_b	0
[waiter;A_01_061,noon;G_02_014]	imrp	FullyOpen	0.0	0.0	0.0	Open	0.0	SymmetricalOrAlternating	Straight	1	Neutral	Neutral	Neutral	0	nan	0
[socialize;H_01_021,waiter;A_01_061]	imrp	FullyOpen	0.0	0.0	1.0	Open	0.0	SymmetricalOrAlternating	Straight	1	Neutral	Neutral	Neutral	0	open_b	0
[waiter;A_01_061,swear_in;J_02_016]	imrp	FullyOpen	0.0	0.0	0.0	Open	0.0	AsymmetricalSameHandshape	Straight	1	Neutral	Neutral	Neutral	0	open_b	0
[death;A_01_076,chat;C_01_079,street;A_01_062]	imrp	FullyOpen	0.0	0.0	0.0	Open	0.0	SymmetricalOrAlternating	Straight	0	Neutral	Neutral	Neutral	0	open_b	1
[order_1;C_02_064,box;C_03_025,lift;G_02_082,street;A_01_062]	imrp	FullyOpen	0.0	0.0	0.0	Open	0.0	SymmetricalOrAlternating	nan	0	Neutral	Neutral	Neutral	0	open_b	0
[order_1;C_02_064,here;D_01_089,lift;G_02_082,street;A_01_062]	imrp	FullyOpen	0.0	0.0	0.0	Open	0.0	SymmetricalOrAlternating	Circular	0	Neutral	Neutral	Neutral	0	open_b	0
[push;D_02_077,street;A_01_062]	imrp	FullyOpen	0.0	1.0	0.0	Open	0.0	SymmetricalOrAlternating	Straight	0	Neutral	Neutral	Neutral	0	open_b	0
[push;D_02_077,street;A_01_062]	imrp	FullyOpen	0.0	0.0	0.0	Open	0.0	SymmetricalOrAlternating	Straight	0	Neutral	Neutral	Neutral	0	5	0
[swear_in;J_02_016,his;F_02_058,street;A_01_062]	imrp	FullyOpen	0.0	0.0	0.0	Open	0.0	OneHanded	Straight	0	Neutral	Neutral	Neutral	0	open_b	0
[his;F_02_058,street;A_01_062]	imrp	FullyOpen	0.0	0.0	0.0	Open	0.0	SymmetricalOrAlternating	Straight	0	Neutral	Neutral	Neutral	0	nan	0
[road;F_02_083,street;A_01_062]	imrp	FullyOpen	0.0	0.0	0.0	Closed	0.0	SymmetricalOrAlternating	Straight	0	Neutral	Neutral	Neutral	0	open_b	0
[road;F_02_083,street;A_01_062]	imrp	FullyOpen	0.0	0.0	0.0	Open	0.0	SymmetricalOrAlternating	Straight	0	Neutral	Neutral	Neutral	0	closed_b	0
[go_ahead;J_01_041,street;A_01_062]	imrp	Flat	0.0	0.0	0.0	Open	0.0	SymmetricalOrAlternating	Straight	0	Neutral	Neutral	Neutral	0	open_b	0
[go_ahead;J_01_041,street;A_01_062]	imrp	FullyOpen	0.0	0.0	0.0	Open	0.0	SymmetricalOrAlternating	Straight	0	Neutral	Neutral	Neutral	0	flat_b	0
[order_1;C_02_064,lift;G_02_082,stack_3;K_03_069,street;A_01_062]	imrp	FullyOpen	0.0	0.0	0.0	Open	0.0	SymmetricalOrAlternating	Other	0	Neutral	Neutral	Neutral	0	open_b	0
[office;A_01_063,nothing;B_01_079]	imrp	Curved	0.0	0.0	0.0	Open	1.0	SymmetricalOrAlternating	Straight	1	Neutral	Neutral	nan	0	o	0
[office;A_01_063,move;D_03_090,nothing;B_01_079]	imrp	Curved	0.0	0.0	0.0	Open	1.0	SymmetricalOrAlternating	Straight	0	Neutral	Neutral	Neutral	0	o	0
[office;A_01_063,move;D_03_090]	imrp	Curved	0.0	0.0	0.0	Open	1.0	SymmetricalOrAlternating	Curved	0	Neutral	Neutral	nan	0	o	0
[bag;A_01_064,south;C_02_029]	imrp	FullyClosed	0.0	nan	0.0	Closed	1.0	OneHanded	Straight	1	Neutral	Neutral	Neutral	0	nan	0
[bag;A_01_064,south;C_02_029]	imrp	FullyClosed	0.0	nan	nan	Closed	1.0	OneHanded	Straight	0	Neutral	Neutral	Neutral	0	nan	0
[saturday;D_01_028,bag;A_01_064]	imrp	FullyClosed	0.0	nan	0.0	Closed	1.0	OneHanded	Straight	1	Neutral	Neutral	Neutral	0	nan	0
[saturday;D_01_028,bag;A_01_064]	imrp	FullyClosed	0.0	nan	nan	Closed	1.0	OneHanded	Circular	1	Neutral	Neutral	Neutral	0	nan	0
[dice;D_02_036,bag;A_01_064]	imrp	FullyClosed	1.0	nan	nan	Closed	1.0	OneHanded	Straight	1	Neutral	Neutral	Neutral	0	nan	0
[dice;D_02_036,bag;A_01_064]	imrp	FullyClosed	0.0	nan	0.0	Closed	1.0	OneHanded	Straight	1	Neutral	Neutral	Neutral	0	nan	0
[bag;A_01_064,accordion;F_02_048]	imrp	FullyClosed	0.0	nan	nan	Closed	1.0	SymmetricalOrAlternating	Straight	1	Neutral	Neutral	Neutral	0	nan	0
[bag;A_01_064,accordion;F_02_048]	imrp	FullyClosed	0.0	nan	nan	Closed	1.0	OneHanded	Straight	1	Neutral	Neutral	Neutral	0	s	0
[bag;A_01_064,so;G_01_069]	imrp	FullyClosed	nan	nan	nan	Closed	1.0	OneHanded	Straight	1	Neutral	Neutral	Neutral	0	nan	0
[bag;A_01_064,so;G_01_069]	imrp	FullyClosed	0.0	nan	nan	Closed	1.0	OneHanded	Straight	0	Neutral	Neutral	Neutral	0	nan	0
[bag;A_01_064,yes;G_03_074]	imrp	FullyClosed	0.0	nan	0.0	Closed	1.0	OneHanded	Straight	1	Neutral	Neutral	Neutral	0	nan	0
[bag;A_01_064,yes;G_03_074]	imrp	FullyClosed	0.0	nan	nan	Closed	1.0	OneHanded	Straight	1	Neutral	Neutral	nan	0	nan	0
[shrimp;A_01_065,where;B_02_035]	i	FullyOpen	0.0	nan	nan	Closed	0.0	OneHanded	Straight	1	Neutral	Neutral	Neutral	0	nan	0
[shrimp;A_01_065,where;B_02_035]	i	FullyOpen	1.0	nan	nan	Closed	0.0	OneHanded	Straight	1	Neutral	Neutral	nan	0	nan	0
[shrimp;A_01_065,complex;C_01_061]	i	FullyOpen	1.0	nan	nan	Closed	0.0	SymmetricalOrAlternating	Straight	1	Neutral	Neutral	Neutral	0	nan	0
[shrimp;A_01_065,complex;C_01_061]	i	FullyOpen	1.0	nan	nan	Closed	0.0	OneHanded	Straight	1	Neutral	Neutral	Neutral	0	1	0
[shrimp;A_01_065,insurance;D_02_030]	p	FullyOpen	1.0	nan	nan	Closed	0.0	OneHanded	Straight	1	Neutral	Neutral	Neutral	0	nan	0
[shrimp;A_01_065,insurance;D_02_030]	i	FullyOpen	0.0	nan	nan	Closed	0.0	OneHanded	Straight	1	Neutral	Neutral	Neutral	0	nan	0
[shrimp;A_01_065,up;E_01_069]	i	FullyOpen	0.0	nan	nan	Closed	0.0	OneHanded	Straight	1	Neutral	Neutral	Neutral	0	nan	0
[shrimp;A_01_065,up;E_01_069]	i	FullyOpen	1.0	nan	nan	Closed	0.0	OneHanded	Straight	0	Neutral	Neutral	Neutral	0	nan	0
[shrimp;A_01_065,isolated;F_02_033]	i	FullyOpen	0.0	nan	nan	Closed	0.0	OneHanded	Straight	1	Neutral	Neutral	Neutral	0	nan	0
[shrimp;A_01_065,isolated;F_02_033]	i	FullyOpen	1.0	nan	nan	Closed	0.0	OneHanded	Circular	1	Neutral	Neutral	Neutral	0	nan	0
[shrimp;A_01_065,half;F_03_040]	i	FullyOpen	nan	nan	nan	Closed	0.0	OneHanded	Straight	1	Neutral	Neutral	Neutral	0	nan	0
[shrimp;A_01_065,half;F_03_040]	i	FullyOpen	1.0	nan	nan	Closed	0.0	OneHanded	Straight	0	Neutral	Neutral	Neutral	0	nan	0
[shrimp;A_01_065,should;G_02_079]	i	Bent	1.0	nan	nan	Closed	0.0	OneHanded	Straight	1	Neutral	Neutral	Neutral	0	nan	0
[shrimp;A_01_065,should;G_02_079]	i	FullyOpen	0.0	nan	nan	Closed	0.0	OneHanded	Straight	1	Neutral	Neutral	Neutral	0	nan	0
[shrimp;A_01_065,finger;G_02_097]	i	FullyOpen	1.0	nan	nan	Closed	0.0	OneHanded	nan	1	Neutral	Neutral	Neutral	0	nan	0
[shrimp;A_01_065,finger;G_02_097]	i	FullyOpen	1.0	nan	nan	Closed	0.0	OneHanded	Straight	1	Neutral	Neutral	nan	0	nan	0
[check;B_03_040,diamond;A_01_066]	m	Curved	0.0	nan	nan	Open	1.0	AsymmetricalDifferentHandshape	BackAndForth	0	Hand	FingerBack	HandAway	1	B	1
[check;B_03_040,diamond;A_01_066]	m	Curved	0.0	nan	nan	Open	1.0	AsymmetricalDifferentHandshape	Straight	0	Hand	FingerFront	HandAway	1	B	1
[league;H_01_092,language;A_01_067]	i	FullyOpen	0.0	nan	nan	Open	0.0	SymmetricalOrAlternating	Curved	1	Neutral	Neutral	Neutral	1	l	1
[league;H_01_092,language;A_01_067]	i	FullyOpen	0.0	nan	nan	Open	0.0	SymmetricalOrAlternating	Straight	0	Neutral	Neutral	Neutral	1	l	1
[grammar;J_03_078,language;A_01_067]	i	Flat	0.0	nan	nan	Open	0.0	SymmetricalOrAlternating	Straight	1	Neutral	Neutral	Neutral	1	l	1
[grammar;J_03_078,language;A_01_067]	i	FullyOpen	0.0	nan	nan	Open	0.0	SymmetricalOrAlternating	Straight	1	Neutral	Neutral	Neutral	1	g	1
[incredible;J_03_080,language;A_01_067]	i	FullyOpen	0.0	nan	nan	Open	0.0	SymmetricalOrAlternating	Curved	1	Neutral	Neutral	Neutral	1	l	1
[incredible;J_03_080,language;A_01_067]	i	FullyOpen	0.0	nan	nan	Open	0.0	SymmetricalOrAlternating	Straight	1	Neutral	Neutral	Neutral	0	l	1
[strawberry;A_01_068,lollipop;E_02_095]	i	Bent	0.0	nan	nan	Open	1.0	OneHanded	Straight	1	Head	Mouth	HeadAway	1	nan	0
[strawberry;A_01_068,lollipop;E_02_095]	i	Curved	0.0	nan	nan	Open	1.0	OneHanded	Straight	1	Head	Mouth	nan	1	nan	0
[strawberry;A_01_068,clueless;F_03_082]	i	Curved	0.0	nan	nan	Open	1.0	OneHanded	Straight	1	Head	HeadAway	HeadAway	1	nan	0
[strawberry;A_01_068,clueless;F_03_082]	i	Curved	0.0	nan	nan	Open	1.0	OneHanded	Straight	1	Head	Mouth	HeadAway	0	nan	0
[soon_1;G_01_004,strawberry;A_01_068]	i	Curved	0.0	nan	nan	Open	1.0	OneHanded	Straight	1	Head	Chin	HeadAway	1	nan	0
[soon_1;G_01_004,strawberry;A_01_068]	i	Curved	0.0	nan	nan	Open	1.0	OneHanded	Straight	1	Head	Mouth	nan	1	nan	0
[strawberry;A_01_068,magnify_1;G_01_073]	i	Bent	0.0	nan	nan	Open	1.0	OneHanded	Straight	1	Head	Mouth	HeadAway	1	nan	0
[strawberry;A_01_068,magnify_1;G_01_073]	i	Curved	0.0	nan	nan	Open	1.0	OneHanded	Straight	1	Head	Eye	HeadAway	1	nan	0
[strawberry;A_01_068,soon_3;H_03_023]	i	Curved	0.0	nan	nan	Open	1.0	OneHanded	Straight	1	Head	CheekNose	HeadAway	1	nan	0
[strawberry;A_01_068,soon_3;H_03_023]	i	Curved	0.0	nan	nan	Open	1.0	OneHanded	Straight	1	Head	Mouth	nan	1	nan	0
[strawberry;A_01_068,barely;H_03_037]	i	Curved	0.0	nan	nan	Open	1.0	OneHanded	Straight	0	Head	Mouth	HeadAway	1	nan	0
[strawberry;A_01_068,barely;H_03_037]	i	Curved	0.0	nan	nan	Open	1.0	OneHanded	Straight	1	Head	HeadTop	HeadAway	1	nan	0
[theory;J_03_042,strawberry;A_01_068]	i	Bent	0.0	nan	nan	Open	1.0	OneHanded	Straight	1	Head	Mouth	HeadAway	1	nan	0
[theory;J_03_042,strawberry;A_01_068]	i	Curved	0.0	nan	nan	Open	1.0	OneHanded	Straight	1	Head	Forehead	HeadAway	1	nan	0
[strawberry;A_01_068,strawberry_2;K_02_017]	i	Curved	0.0	nan	nan	Open	1.0	OneHanded	Curved	1	Head	Mouth	HeadAway	1	nan	0
[strawberry;A_01_068,strawberry_2;K_02_017]	i	Curved	0.0	nan	nan	Open	1.0	OneHanded	Straight	1	Head	Mouth	HeadAway	1	nan	1
[lemon;A_01_069,suspect;C_03_012]	i	FullyOpen	1.0	nan	nan	Closed	0.0	OneHanded	nan	1	Head	Chin	nan	1	nan	0
[lemon;A_01_069,suspect;C_03_012]	i	FullyOpen	1.0	nan	nan	Open	0.0	OneHanded	nan	1	Head	Forehead	nan	1	nan	0
[lemon;A_01_069,lesbian;H_01_057]	i	FullyOpen	0.0	nan	nan	Open	0.0	OneHanded	nan	1	Head	Chin	nan	1	nan	0
[lemon;A_01_069,lesbian;H_01_057]	i	FullyOpen	1.0	nan	nan	Open	0.0	OneHanded	Straight	1	Head	Chin	nan	1	nan	0
[peach;A_01_070,experience;B_02_064]	imrp	FullyOpen	1.0	1.0	0.0	Open	1.0	OneHanded	nan	1	Head	CheekNose	HeadAway	1	nan	0
[peach;A_01_070,experience;B_02_064]	imrp	Flat	1.0	1.0	0.0	Open	1.0	OneHanded	Straight	1	Head	CheekNose	HeadAway	1	nan	0
[gallaudet;B_02_010,brush;A_01_072]	i	Flat	0.0	nan	nan	Open	1.0	OneHanded	Straight	1	Head	HeadAway	HeadAway	0	nan	0
[gallaudet;B_02_010,brush;A_01_072]	i	Bent	1.0	nan	nan	Open	1.0	OneHanded	Straight	1	Head	HeadAway	HeadAway	0	nan	0
[brush;A_01_072,hairdryer;B_02_078]	i	FullyOpen	0.0	nan	nan	Open	1.0	OneHanded	Straight	1	Head	HeadAway	HeadAway	0	nan	0
[brush;A_01_072,hairdryer;B_02_078]	i	Bent	0.0	nan	nan	Open	0.0	OneHanded	Straight	1	Head	HeadAway	HeadAway	0	nan	0
[brush;A_01_072,take_pill;F_01_045]	i	Bent	1.0	nan	nan	Open	1.0	OneHanded	Straight	1	Head	HeadAway	HeadAway	0	nan	0
[brush;A_01_072,take_pill;F_01_045]	i	Bent	0.0	nan	nan	Open	1.0	OneHanded	Straight	0	Head	HeadAway	HeadAway	0	nan	0
[brush;A_01_072,q_tip;F_03_074]	i	Bent	0.0	nan	nan	Open	1.0	OneHanded	nan	1	Head	HeadAway	HeadAway	0	nan	0
[brush;A_01_072,q_tip;F_03_074]	i	Bent	0.0	nan	nan	Open	1.0	OneHanded	Straight	1	Head	HeadAway	nan	0	nan	0
[brush;A_01_072,magnify_1;G_01_073]	i	Bent	0.0	nan	nan	Open	1.0	OneHanded	Straight	1	Head	Eye	HeadAway	0	nan	0
[brush;A_01_072,magnify_1;G_01_073]	i	Bent	0.0	nan	nan	Open	1.0	OneHanded	Straight	1	Head	HeadAway	HeadAway	1	nan	0
[brush;A_01_072,wise;G_02_023]	i	Bent	0.0	nan	nan	Closed	1.0	OneHanded	Straight	1	Head	HeadAway	HeadAway	0	nan	0
[brush;A_01_072,wise;G_02_023]	i	Bent	0.0	nan	nan	Open	0.0	OneHanded	Straight	1	Head	HeadAway	HeadAway	0	nan	0
[brush;A_01_072,watch;G_02_078]	i	Bent	0.0	nan	nan	Open	0.0	OneHanded	Straight	1	Head	HeadAway	HeadAway	0	nan	0
[brush;A_01_072,watch;G_02_078]	i	Bent	0.0	nan	nan	Open	1.0	OneHanded	Straight	0	Head	HeadAway	HeadAway	0	nan	0
[theory;J_03_042,brush;A_01_072]	i	Bent	0.0	nan	nan	Open	1.0	OneHanded	Straight	1	Head	Forehead	HeadAway	0	nan	0
[theory;J_03_042,brush;A_01_072]	i	Bent	0.0	nan	nan	Open	1.0	OneHanded	Straight	1	Head	HeadAway	HeadAway	1	nan	0
[brush;A_01_072,hairdryer_2;K_03_056]	i	Bent	0.0	nan	nan	Open	1.0	OneHanded	Z-shaped	1	Head	HeadAway	HeadAway	0	nan	0
[brush;A_01_072,hairdryer_2;K_03_056]	i	Bent	0.0	nan	nan	Open	1.0	OneHanded	Straight	0	Head	HeadAway	HeadAway	0	nan	0
[to;E_03_086,month;A_01_073]	i	FullyOpen	0.0	nan	nan	Closed	0.0	AsymmetricalSameHandshape	Straight	0	Hand	FingerTip	PalmBack	1	1	0
[to;E_03_086,month;A_01_073]	i	FullyOpen	0.0	nan	nan	Closed	0.0	AsymmetricalSameHandshape	Straight	0	Hand	FingerBack	nan	1	1	0
[specialist;H_01_038,month;A_01_073]	i	FullyOpen	0.0	nan	nan	Closed	0.0	AsymmetricalSameHandshape	Straight	0	Hand	FingerRadial	PalmBack	1	1	0
[specialist;H_01_038,month;A_01_073]	i	FullyOpen	0.0	nan	nan	Closed	0.0	AsymmetricalSameHandshape	Straight	0	Hand	FingerBack	HandAway	1	1	0
[until;H_02_018,month;A_01_073]	i	FullyOpen	0.0	nan	nan	Closed	0.0	AsymmetricalSameHandshape	Straight	0	Hand	HandAway	PalmBack	1	1	0
[until;H_02_018,month;A_01_073]	i	FullyOpen	0.0	nan	nan	Closed	0.0	AsymmetricalSameHandshape	Straight	0	Hand	FingerBack	FingerFront	1	1	0
[plus;J_03_045,month;A_01_073]	i	FullyOpen	0.0	nan	nan	Closed	0.0	AsymmetricalSameHandshape	Straight	0	Hand	FingerRadial	PalmBack	1	1	0
[plus;J_03_045,month;A_01_073]	i	FullyOpen	0.0	nan	nan	Closed	0.0	AsymmetricalSameHandshape	Straight	0	Hand	FingerBack	nan	1	1	0
[pie;A_01_074,budget;E_01_099]	imrp	FullyOpen	0.0	0.0	0.0	Open	0.0	AsymmetricalSameHandshape	Other	0	Hand	Palm	Palm	1	B	0
[pie;A_01_074,budget;E_01_099]	imrp	FullyOpen	0.0	0.0	0.0	Open	0.0	AsymmetricalDifferentHandshape	Other	0	Hand	Palm	Palm	1	open_b	0
[radio;A_01_075,mirror;A_03_034]	imrp	FullyOpen	0.0	1.0	0.0	Open	0.0	OneHanded	nan	1	Head	HeadAway	nan	0	nan	1
[radio;A_01_075,corn_2;C_02_026]	imrp	Curved	0.0	1.0	0.0	Open	0.0	SymmetricalOrAlternating	nan	1	Head	HeadAway	nan	0	nan	1
[radio;A_01_075,corn_2;C_02_026]	imrp	Curved	0.0	1.0	0.0	Open	0.0	OneHanded	nan	1	Head	HeadAway	nan	0	curved_5	1
[channel;C_03_023,radio;A_01_075]	imrp	Curved	0.0	1.0	0.0	Open	0.0	OneHanded	nan	1	Neutral	HeadAway	nan	0	nan	1
[channel;C_03_023,radio;A_01_075]	imrp	Curved	0.0	1.0	0.0	Open	0.0	OneHanded	nan	1	Head	Neutral	nan	0	nan	1
[chance;A_03_080,death;A_01_076]	imrp	Curved	0.0	0.0	0.0	Open	0.0	SymmetricalOrAlternating	Curved	0	Neutral	Neutral	Neutral	0	open_b	1
[chance;A_03_080,death;A_01_076]	imrp	FullyOpen	0.0	0.0	0.0	Open	0.0	SymmetricalOrAlternating	Curved	0	Neutral	Neutral	Neutral	0	c	1
[death;A_01_076,order_1;C_02_064]	imrp	FullyOpen	0.0	0.0	0.0	Open	0.0	SymmetricalOrAlternating	Z-shaped	0	Neutral	Neutral	Neutral	0	open_b	1
[introduce;D_01_076,death;A_01_076]	imrp	Flat	0.0	0.0	0.0	Open	0.0	SymmetricalOrAlternating	Curved	0	Neutral	Neutral	Neutral	0	open_b	1
[introduce;D_01_076,death;A_01_076]	imrp	FullyOpen	0.0	0.0	0.0	Open	0.0	SymmetricalOrAlternating	Curved	0	Neutral	Neutral	Neutral	0	flat_b	1
[death;A_01_076,bet;F_02_027]	imrp	FullyOpen	0.0	0.0	0.0	Closed	0.0	SymmetricalOrAlternating	Curved	0	Neutral	Neutral	Neutral	0	open_b	1
[death;A_01_076,bet;F_02_027]	imrp	FullyOpen	0.0	0.0	0.0	Open	0.0	SymmetricalOrAlternating	Curved	0	Neutral	Neutral	Neutral	0	closed_b	1
[death;A_01_076,knock_off;H_03_035]	imrp	FullyOpen	0.0	0.0	0.0	Open	0.0	OneHanded	Curved	0	Neutral	Neutral	Neutral	0	open_b	1
[death;A_01_076,knock_off;H_03_035]	imrp	FullyOpen	0.0	0.0	0.0	Open	0.0	SymmetricalOrAlternating	Curved	0	Neutral	Neutral	Neutral	0	nan	1
[splash-ca;K_02_037,death;A_01_076]	imrp	FullyOpen	0.0	1.0	0.0	Open	0.0	SymmetricalOrAlternating	Curved	0	Neutral	Neutral	Neutral	0	open_b	1
[splash-ca;K_02_037,death;A_01_076]	imrp	FullyOpen	0.0	0.0	0.0	Open	0.0	SymmetricalOrAlternating	Curved	0	Neutral	Neutral	Neutral	0	5	1
[embarrass;C_01_014,cloud;A_01_077]	imrp	FullyOpen	0.0	1.0	0.0	Open	0.0	SymmetricalOrAlternating	Circular	1	Head	HeadAway	HeadAway	0	spread_open_e	0
[embarrass;C_01_014,cloud;A_01_077]	imrp	Bent	0.0	1.0	0.0	Open	0.0	SymmetricalOrAlternating	Circular	1	Head	HeadAway	HeadAway	0	5	0
[asia;A_01_078,yoyo;H_03_016]	imrp	FullyClosed	1.0	nan	1.0	Open	0.0	OneHanded	Straight	0	Neutral	Neutral	Neutral	0	nan	0
[asia;A_01_078,yoyo;H_03_016]	imrp	FullyClosed	1.0	nan	1.0	Open	0.0	OneHanded	Circular	1	Neutral	Neutral	Neutral	0	nan	0
[devil;A_01_079,rooster;A_03_051]	im	FullyOpen	0.0	1.0	0.0	Open	0.0	OneHanded	nan	1	Head	Forehead	nan	1	nan	0
[devil;A_01_079,rooster;A_03_051]	im	FullyOpen	1.0	1.0	0.0	Open	0.0	OneHanded	Straight	1	Head	Forehead	nan	1	nan	0
[devil;A_01_079,color;C_02_039,dirty;C_03_026]	imrp	FullyOpen	1.0	1.0	0.0	Open	0.0	OneHanded	nan	1	Head	Forehead	nan	1	nan	0
[devil;A_01_079,color;C_02_039,bug;B_01_067]	im	FullyOpen	1.0	1.0	0.0	Open	0.0	OneHanded	nan	1	Head	Chin	nan	1	nan	0
[devil;A_01_079,bug;B_01_067,dirty;C_03_026]	im	FullyOpen	1.0	1.0	0.0	Open	0.0	OneHanded	nan	1	Head	UnderChin	nan	1	nan	0
[devil;A_01_079,listen;K_01_117]	im	Curved	1.0	1.0	0.0	Open	0.0	OneHanded	nan	1	Head	Forehead	nan	1	nan	0
[devil;A_01_079,bug;B_01_067,listen;K_01_117]	im	FullyOpen	1.0	1.0	0.0	Open	0.0	OneHanded	nan	1	Head	Other	nan	1	nan	0
[music;A_01_080,guitar;A_02_077]	imrp	Bent	0.0	0.0	0.0	Open	0.0	OneHanded	Curved	1	Arm	ArmAway	ArmAway	0	nan	0
[music;A_01_080,guitar;A_02_077]	imrp	FullyOpen	0.0	1.0	0.0	Open	0.0	OneHanded	Curved	1	Arm	ArmAway	ArmAway	0	nan	0
[music;A_01_080,heap;H_03_096]	imrp	Curved	0.0	0.0	0.0	Open	0.0	OneHanded	Curved	1	Arm	ArmAway	ArmAway	0	nan	0
[music;A_01_080,heap;H_03_096]	imrp	FullyOpen	0.0	0.0	0.0	Open	0.0	OneHanded	Curved	0	Arm	ArmAway	ArmAway	0	nan	0
[soap_2;E_03_078,pride;A_01_081]	t	nan	nan	nan	nan	Open	nan	OneHanded	Z-shaped	0	Body	TorsoBottom	TorsoTop	1	nan	0
[soap_2;E_03_078,pride;A_01_081]	t	nan	nan	nan	nan	Open	nan	OneHanded	Straight	0	Body	TorsoTop	TorsoTop	1	nan	0
[assembly;J_03_096,pride;A_01_081]	t	nan	nan	nan	nan	Open	nan	OneHanded	Straight	0	Body	Clavicle	TorsoTop	1	nan	0
[assembly;J_03_096,pride;A_01_081]	t	nan	nan	nan	nan	Open	nan	OneHanded	Straight	0	Body	TorsoBottom	Clavicle	1	nan	0
[drawer;A_01_082,speakers;B_01_076]	imrp	Curved	1.0	0.0	1.0	Open	1.0	SymmetricalOrAlternating	Straight	1	Neutral	Neutral	Neutral	0	curved_5	0
[drawer;A_01_082,speakers;B_01_076]	imrp	Curved	1.0	1.0	1.0	Open	1.0	SymmetricalOrAlternating	Straight	1	Neutral	Neutral	Neutral	0	o	0
[catch;G_02_033,drawer;A_01_082]	imrp	Curved	1.0	1.0	0.0	Open	1.0	SymmetricalOrAlternating	Straight	1	Neutral	Neutral	Neutral	0	curved_5	0
[wring;H_01_029,drawer;A_01_082]	imrp	Curved	1.0	1.0	1.0	Open	1.0	SymmetricalOrAlternating	Straight	1	Neutral	Neutral	Neutral	0	curved_5	1
[drawer;A_01_082,massage;H_01_100]	imrp	Curved	1.0	1.0	1.0	Open	0.0	SymmetricalOrAlternating	Straight	1	Neutral	Neutral	Neutral	0	curved_5	0
[drawer;A_01_082,massage;H_01_100,dresser;F_03_075]	imrp	Curved	1.0	1.0	1.0	Open	1.0	SymmetricalOrAlternating	Curved	1	Neutral	Neutral	Neutral	0	curved_5	0
[father;B_01_077,lettuce;A_01_083,mother;B_02_008,hat;A_02_045]	imrp	FullyOpen	0.0	1.0	0.0	Open	0.0	OneHanded	Straight	1	Head	HeadTop	nan	1	nan	0
[lettuce;A_01_083,hat;A_02_045]	imrp	Bent	0.0	0.0	0.0	Open	0.0	OneHanded	Straight	1	Head	HeadTop	nan	1	nan	0
[lettuce;A_01_083,lettuce;B_01_073,mother;B_02_008]	imrp	Bent	0.0	1.0	0.0	Open	0.0	OneHanded	Straight	1	Head	Chin	nan	1	nan	0
[lettuce;A_01_083,cellphone;K_01_128]	imrp	Curved	0.0	1.0	0.0	Open	0.0	OneHanded	Straight	1	Head	HeadTop	nan	1	nan	0
[lettuce;A_01_083,lettuce;B_01_073,cellphone;K_01_128]	imrp	Bent	0.0	1.0	0.0	Open	0.0	OneHanded	Straight	1	Head	CheekNose	nan	1	nan	0
[frenchfries;A_01_085,find;B_03_076]	i	Curved	0.0	nan	nan	Open	1.0	OneHanded	Curved	0	Neutral	Neutral	Neutral	0	nan	0
[frenchfries;A_01_085,find;B_03_076]	i	Curved	nan	nan	nan	Open	1.0	OneHanded	Straight	0	Neutral	Neutral	Neutral	0	nan	0
[frenchfries;A_01_085,french;C_02_022]	i	Curved	0.0	nan	nan	Open	1.0	OneHanded	Curved	0	Neutral	Neutral	Neutral	0	nan	0
[frenchfries;A_01_085,french;C_02_022]	i	Curved	nan	nan	nan	Open	1.0	OneHanded	Curved	0	Neutral	Neutral	Neutral	0	nan	1
[frenchfries;A_01_085,dart;C_03_029]	i	Curved	1.0	nan	nan	Open	1.0	OneHanded	Curved	0	Neutral	Neutral	Neutral	0	nan	0
[frenchfries;A_01_085,dart;C_03_029]	i	Curved	nan	nan	nan	Open	1.0	OneHanded	Straight	0	Neutral	Neutral	Neutral	0	nan	0
[frenchfries;A_01_085,february;D_01_093]	i	Curved	nan	nan	nan	Open	1.0	OneHanded	nan	0	Neutral	Neutral	Neutral	0	nan	0
[frenchfries;A_01_085,february;D_01_093]	i	Curved	nan	nan	nan	Open	1.0	OneHanded	Curved	0	Neutral	Neutral	nan	0	nan	0
[frenchfries;A_01_085,tty;G_01_035]	i	Bent	nan	nan	nan	Open	1.0	OneHanded	Curved	0	Neutral	Neutral	Neutral	0	nan	0
[frenchfries;A_01_085,tty;G_01_035]	i	Curved	nan	nan	nan	Open	1.0	OneHanded	Straight	0	Neutral	Neutral	Neutral	0	nan	0
[frenchfries;A_01_085,knight;H_01_054]	i	Bent	nan	nan	nan	Open	1.0	OneHanded	Curved	0	Neutral	Neutral	Neutral	0	nan	0
[frenchfries;A_01_085,knight;H_01_054]	i	Curved	0.0	nan	nan	Open	1.0	OneHanded	Curved	0	Neutral	Neutral	Neutral	0	nan	0
[plunger;A_01_087,shovel;A_01_088]	imrp	FullyClosed	0.0	nan	0.0	Closed	1.0	SymmetricalOrAlternating	Curved	1	Neutral	Neutral	Neutral	1	s	0
[plunger;A_01_087,shovel;A_01_088]	imrp	FullyClosed	0.0	nan	0.0	Closed	1.0	SymmetricalOrAlternating	Straight	1	Neutral	Neutral	Neutral	0	s	0
[year;B_02_015,plunger;A_01_087]	imrp	FullyClosed	0.0	nan	0.0	Closed	1.0	SymmetricalOrAlternating	Circular	1	Neutral	Neutral	Neutral	1	s	0
[year;B_02_015,plunger;A_01_087]	imrp	FullyClosed	0.0	nan	0.0	Closed	1.0	SymmetricalOrAlternating	Straight	0	Neutral	Neutral	Neutral	1	s	0
[plunger;A_01_087,fight;B_03_058]	imrp	FullyClosed	0.0	nan	0.0	Closed	1.0	SymmetricalOrAlternating	Curved	1	Neutral	Neutral	Neutral	1	s	0
[plunger;A_01_087,fight;B_03_058]	imrp	FullyClosed	0.0	nan	0.0	Closed	1.0	SymmetricalOrAlternating	Straight	0	Neutral	Neutral	Neutral	1	s	0
[plunger;A_01_087,bicycle;D_02_026]	imrp	FullyClosed	0.0	nan	0.0	Closed	1.0	SymmetricalOrAlternating	Circular	1	Neutral	Neutral	Neutral	1	s	0
[plunger;A_01_087,bicycle;D_02_026]	imrp	FullyClosed	0.0	nan	0.0	Closed	1.0	SymmetricalOrAlternating	Straight	1	Neutral	Neutral	Neutral	0	s	0
[plunger;A_01_087,can;D_03_027]	imrp	FullyClosed	0.0	nan	0.0	Closed	1.0	SymmetricalOrAlternating	Straight	0	Neutral	Neutral	Neutral	1	s	0
[plunger;A_01_087,can;D_03_027]	imrp	FullyClosed	0.0	nan	0.0	Closed	1.0	SymmetricalOrAlternating	Straight	1	Neutral	Neutral	Neutral	0	s	0
[winter;E_03_022,plunger;A_01_087]	imrp	FullyClosed	0.0	nan	0.0	Closed	1.0	SymmetricalOrAlternating	Straight	1	Neutral	Neutral	nan	1	s	0
[winter;E_03_022,plunger;A_01_087]	imrp	FullyClosed	0.0	nan	0.0	Closed	1.0	SymmetricalOrAlternating	Straight	1	Neutral	Neutral	Neutral	0	s	0
[plunger;A_01_087,accordion;F_02_048]	imrp	FullyClosed	0.0	nan	nan	Closed	1.0	SymmetricalOrAlternating	Straight	1	Neutral	Neutral	Neutral	1	s	0
[plunger;A_01_087,accordion;F_02_048]	imrp	FullyClosed	0.0	nan	0.0	Closed	1.0	SymmetricalOrAlternating	Straight	1	Neutral	Neutral	Neutral	0	s	0
[plunger;A_01_087,structure;H_01_035]	imrp	FullyClosed	0.0	nan	0.0	Closed	1.0	SymmetricalOrAlternating	Other	1	Neutral	Neutral	Neutral	1	s	0
[plunger;A_01_087,structure;H_01_035]	imrp	FullyClosed	0.0	nan	0.0	Closed	1.0	SymmetricalOrAlternating	Straight	0	Neutral	Neutral	Neutral	1	s	0
[plunger;A_01_087,system;H_01_061]	imrp	FullyClosed	0.0	nan	0.0	Closed	1.0	SymmetricalOrAlternating	BackAndForth	1	Neutral	Neutral	Neutral	1	s	0
[plunger;A_01_087,system;H_01_061]	imrp	FullyClosed	0.0	nan	0.0	Closed	1.0	SymmetricalOrAlternating	Straight	0	Neutral	Neutral	Neutral	1	s	0
[boots_2;K_03_101,plunger;A_01_087]	imrp	FullyClosed	0.0	nan	0.0	Closed	1.0	SymmetricalOrAlternating	Straight	0	Neutral	Neutral	Neutral	1	s	0
[boots_2;K_03_101,plunger;A_01_087]	imrp	FullyClosed	0.0	nan	0.0	Closed	1.0	SymmetricalOrAlternating	Straight	1	Neutral	Neutral	nan	1	s	0
[fight;B_03_058,shovel;A_01_088]	imrp	FullyClosed	0.0	nan	0.0	Closed	1.0	SymmetricalOrAlternating	Curved	0	Neutral	Neutral	Neutral	0	s	0
[fight;B_03_058,shovel;A_01_088]	imrp	FullyClosed	0.0	nan	0.0	Closed	1.0	SymmetricalOrAlternating	Curved	1	Neutral	Neutral	Neutral	1	s	0
[can;D_03_027,shovel;A_01_088]	imrp	FullyClosed	0.0	nan	0.0	Closed	1.0	SymmetricalOrAlternating	Straight	1	Neutral	Neutral	Neutral	0	s	0
[can;D_03_027,shovel;A_01_088]	imrp	FullyClosed	0.0	nan	0.0	Closed	1.0	SymmetricalOrAlternating	Curved	0	Neutral	Neutral	Neutral	0	s	0
[freedom;E_02_001,shovel;A_01_088]	imrp	FullyClosed	0.0	nan	0.0	Closed	1.0	SymmetricalOrAlternating	Curved	0	Neutral	Neutral	Neutral	0	s	0
[freedom;E_02_001,shovel;A_01_088]	imrp	FullyClosed	0.0	nan	0.0	Closed	1.0	SymmetricalOrAlternating	Curved	1	Neutral	Neutral	Neutral	0	s	1
[winter;E_03_022,shovel;A_01_088]	imrp	FullyClosed	0.0	nan	0.0	Closed	1.0	SymmetricalOrAlternating	Straight	1	Neutral	Neutral	Neutral	0	s	0
[winter;E_03_022,shovel;A_01_088]	imrp	FullyClosed	0.0	nan	0.0	Closed	1.0	SymmetricalOrAlternating	Curved	1	Neutral	Neutral	nan	0	s	0
[accordion;F_02_048,shovel;A_01_088]	imrp	FullyClosed	0.0	nan	nan	Closed	1.0	SymmetricalOrAlternating	Curved	1	Neutral	Neutral	Neutral	0	s	0
[accordion;F_02_048,shovel;A_01_088]	imrp	FullyClosed	0.0	nan	0.0	Closed	1.0	SymmetricalOrAlternating	Straight	1	Neutral	Neutral	Neutral	0	s	0
[cheerleader;H_02_045,shovel;A_01_088]	imrp	FullyClosed	0.0	nan	0.0	Closed	1.0	SymmetricalOrAlternating	Z-shaped	1	Neutral	Neutral	Neutral	0	s	0
[cheerleader;H_02_045,shovel;A_01_088]	imrp	FullyClosed	0.0	nan	0.0	Closed	1.0	SymmetricalOrAlternating	Curved	0	Neutral	Neutral	Neutral	0	s	0
[articulate_sign;J_01_014,shovel;A_01_088]	imrp	FullyClosed	1.0	nan	0.0	Closed	1.0	SymmetricalOrAlternating	Curved	1	Neutral	Neutral	Neutral	0	s	0
[articulate_sign;J_01_014,shovel;A_01_088]	imrp	FullyClosed	0.0	nan	1.0	Closed	1.0	SymmetricalOrAlternating	Curved	1	Neutral	Neutral	Neutral	0	s	0
[decorate_2;K_02_030,shovel;A_01_088]	imrp	FullyClosed	0.0	nan	0.0	Closed	1.0	SymmetricalOrAlternating	Circular	1	Neutral	Neutral	Neutral	0	s	0
[decorate_2;K_02_030,shovel;A_01_088]	imrp	FullyClosed	0.0	nan	0.0	Closed	1.0	SymmetricalOrAlternating	Curved	1	Neutral	Neutral	Neutral	1	s	0
[pop_4;K_03_031,shovel;A_01_088]	imrp	FullyClosed	0.0	nan	0.0	Closed	1.0	SymmetricalOrAlternating	BackAndForth	1	Neutral	Neutral	Neutral	0	s	0
[pop_4;K_03_031,shovel;A_01_088]	imrp	FullyClosed	0.0	nan	0.0	Closed	1.0	SymmetricalOrAlternating	Curved	0	Neutral	Neutral	Neutral	0	s	0
[razor;A_01_089,mouse;A_03_009]	i	FullyOpen	0.0	nan	nan	Closed	0.0	OneHanded	Straight	1	Head	CheekNose	Chin	1	nan	0
[razor;A_01_089,mouse;A_03_009]	i	Bent	0.0	nan	nan	Closed	0.0	OneHanded	Straight	1	Head	CheekNose	HeadAway	1	nan	0
[egypt;C_02_042,razor;A_01_089]	i	Bent	0.0	nan	nan	Closed	0.0	OneHanded	Straight	1	Head	Forehead	Chin	1	nan	0
[egypt;C_02_042,razor;A_01_089]	i	Bent	0.0	nan	nan	Closed	0.0	OneHanded	Straight	1	Head	CheekNose	nan	1	nan	0
[razor;A_01_089,metal;D_02_037]	i	Bent	0.0	nan	nan	Closed	0.0	OneHanded	Straight	1	Head	UnderChin	Chin	1	nan	0
[razor;A_01_089,metal;D_02_037]	i	Bent	0.0	nan	nan	Closed	0.0	OneHanded	Straight	1	Head	CheekNose	HeadAway	1	nan	0
[eagle;D_03_066,razor;A_01_089]	i	Bent	0.0	nan	nan	Open	0.0	OneHanded	Straight	1	Head	CheekNose	Chin	1	nan	0
[eagle;D_03_066,razor;A_01_089]	i	Bent	0.0	nan	nan	Closed	0.0	OneHanded	Straight	1	Head	CheekNose	nan	1	nan	0
[razor;A_01_089,cleftchin;E_01_054]	i	FullyOpen	0.0	nan	nan	Closed	0.0	OneHanded	Straight	1	Head	CheekNose	Chin	1	nan	0
[razor;A_01_089,cleftchin;E_01_054]	i	Bent	0.0	nan	nan	Closed	0.0	OneHanded	Straight	1	Head	Chin	Chin	1	nan	0
[razor;A_01_089,nose;G_03_075]	i	FullyOpen	0.0	nan	nan	Closed	0.0	OneHanded	Straight	1	Head	CheekNose	Chin	1	nan	0
[razor;A_01_089,nose;G_03_075]	i	Bent	0.0	nan	nan	Closed	0.0	OneHanded	Straight	1	Head	CheekNose	nan	1	nan	0
[recent;H_03_090,razor;A_01_089]	i	Bent	0.0	nan	nan	Closed	0.0	OneHanded	nan	1	Head	CheekNose	Chin	1	nan	0
[recent;H_03_090,razor;A_01_089]	i	Bent	0.0	nan	nan	Closed	0.0	OneHanded	Straight	1	Head	CheekNose	nan	1	nan	0
[whatever;B_02_025,prison;A_01_090]	imrp	FullyOpen	0.0	1.0	0.0	Open	0.0	SymmetricalOrAlternating	Straight	1	Neutral	Neutral	Neutral	1	4	0
[whatever;B_02_025,prison;A_01_090]	imrp	FullyOpen	0.0	1.0	0.0	Closed	0.0	SymmetricalOrAlternating	Straight	1	Neutral	Neutral	Neutral	1	5	0
[boots;C_03_019,prison;A_01_090]	imrp	FullyOpen	0.0	0.0	0.0	Closed	0.0	SymmetricalOrAlternating	Straight	1	Neutral	Neutral	Neutral	1	4	0
[boots;C_03_019,prison;A_01_090]	imrp	FullyOpen	0.0	1.0	0.0	Closed	0.0	SymmetricalOrAlternating	Straight	1	Neutral	Neutral	Neutral	1	closed_b	0
[prison;A_01_090,go_to_jail;F_03_099]	imrp	FullyOpen	0.0	1.0	0.0	Closed	0.0	SymmetricalOrAlternating	BackAndForth	1	Neutral	Neutral	Neutral	1	4	0
[prison;A_01_090,hanukkah;G_02_030]	imrp	FullyOpen	0.0	1.0	0.0	Closed	0.0	SymmetricalOrAlternating	Curved	1	Neutral	Neutral	Neutral	1	4	0
[follow_4;K_03_016,prison;A_01_090]	imrp	FullyOpen	0.0	1.0	0.0	Closed	0.0	SymmetricalOrAlternating	Z-shaped	1	Neutral	Neutral	Neutral	1	4	0
[bowling;A_02_003,salad;A_02_061]	imrp	Curved	0.0	1.0	0.0	Open	0.0	SymmetricalOrAlternating	Curved	1	Neutral	Neutral	Neutral	0	nan	0
[bowling;A_02_003,salad;A_02_061]	imrp	Curved	0.0	1.0	0.0	Open	0.0	OneHanded	Curved	1	Neutral	Neutral	Neutral	0	curved_5	0
[basketball;H_02_004,fingerspelling;B_03_065,bowling;A_02_003]	imrp	Flat	0.0	1.0	0.0	Open	0.0	OneHanded	Curved	1	Neutral	Neutral	Neutral	0	nan	0
[fingerspelling;B_03_065,bowling;A_02_003]	imrp	Curved	0.0	1.0	0.0	Open	0.0	OneHanded	Circular	1	Neutral	Neutral	Neutral	0	nan	0
[all_way;H_01_084,lecture;C_03_048,bowling;A_02_003,forest;G_01_038]	imrp	FullyOpen	0.0	1.0	0.0	Open	0.0	OneHanded	Curved	1	Neutral	Neutral	Neutral	0	nan	0
[lecture;C_03_048,bowling;A_02_003,greet_2;K_02_095,catapult;E_03_083]	imrp	Curved	0.0	0.0	0.0	Open	0.0	OneHanded	Curved	1	Neutral	Neutral	Neutral	0	nan	0
[salt_shaker;E_02_100,basketball;H_02_004,bowling;A_02_003,greet_2;K_02_095]	imrp	Curved	0.0	1.0	0.0	Open	0.0	OneHanded	Straight	1	Neutral	Neutral	Neutral	0	nan	0
[salt_shaker;E_02_100,bowling;A_02_003]	imrp	Curved	0.0	1.0	0.0	Open	0.0	OneHanded	Curved	1	Neutral	Neutral	nan	0	nan	0
[bowling;A_02_003,forest;G_01_038]	imrp	Curved	0.0	1.0	0.0	Open	0.0	OneHanded	Curved	1	Neutral	Neutral	Neutral	0	nan	1
[sandals;A_02_004,next_down;J_03_101]	i	Bent	0.0	nan	nan	Closed	0.0	AsymmetricalDifferentHandshape	Straight	1	Hand	Palm	nan	1	5	0
[sandals;A_02_004,next_down;J_03_101]	i	Bent	0.0	nan	nan	Closed	0.0	AsymmetricalDifferentHandshape	Straight	1	Hand	Other	nan	1	B	0
[ski;D_02_027,electrician;A_02_005]	i	Bent	0.0	nan	nan	Closed	0.0	SymmetricalOrAlternating	Straight	1	Neutral	Neutral	Neutral	1	bent_1	0
[ski;D_02_027,electrician;A_02_005]	i	Bent	0.0	nan	nan	Closed	0.0	SymmetricalOrAlternating	Straight	1	Neutral	Neutral	nan	0	bent_1	0
[suspend;H_01_016,electrician;A_02_005]	i	Bent	0.0	nan	nan	Closed	0.0	SymmetricalOrAlternating	Straight	0	Neutral	Neutral	nan	1	bent_1	0
[suspend;H_01_016,electrician;A_02_005]	i	Bent	0.0	nan	nan	Closed	0.0	SymmetricalOrAlternating	Straight	1	Neutral	Neutral	Neutral	1	bent_1	0
[volleyball;A_02_006,popcorn;A_02_080]	i	Curved	1.0	nan	nan	Open	1.0	SymmetricalOrAlternating	Straight	1	Neutral	Neutral	Neutral	0	1	0
[volleyball;A_02_006,popcorn;A_02_080]	m	Curved	1.0	nan	nan	Open	1.0	SymmetricalOrAlternating	Straight	1	Neutral	Neutral	Neutral	0	f	0
[volleyball;A_02_006,download;C_03_046]	m	Curved	nan	nan	nan	Open	1.0	SymmetricalOrAlternating	Straight	1	Neutral	Neutral	Neutral	0	1	0
[volleyball;A_02_006,download;C_03_046]	m	Curved	1.0	nan	nan	Open	1.0	SymmetricalOrAlternating	Straight	0	Neutral	Neutral	Neutral	0	1	0
[volleyball;A_02_006,yucky;E_01_011]	m	Curved	1.0	nan	nan	Open	1.0	SymmetricalOrAlternating	Curved	1	Neutral	Neutral	Neutral	0	1	0
[volleyball;A_02_006,yucky;E_01_011]	m	Curved	1.0	nan	nan	Open	1.0	SymmetricalOrAlternating	Straight	0	Neutral	Neutral	Neutral	0	1	0
[risk;F_02_026,volleyball;A_02_006]	m	Curved	1.0	nan	nan	Open	1.0	SymmetricalOrAlternating	Straight	0	Neutral	Neutral	Neutral	0	1	0
[risk;F_02_026,volleyball;A_02_006]	m	Curved	1.0	nan	nan	Open	1.0	SymmetricalOrAlternating	Straight	1	Neutral	Neutral	Neutral	1	1	0
[acquire;H_01_034,volleyball;A_02_006]	m	Flat	1.0	nan	nan	Open	1.0	SymmetricalOrAlternating	Straight	1	Neutral	Neutral	Neutral	0	1	0
[acquire;H_01_034,volleyball;A_02_006]	m	Curved	1.0	nan	nan	Open	1.0	SymmetricalOrAlternating	Straight	1	Neutral	Neutral	Neutral	0	8	0
[scrub;E_02_086,surgeon;A_02_007]	t	nan	nan	nan	nan	Open	nan	AsymmetricalDifferentHandshape	Straight	1	Hand	FingerFront	Palm	1	B	0
[scrub;E_02_086,surgeon;A_02_007]	t	nan	nan	nan	nan	Open	nan	AsymmetricalDifferentHandshape	Straight	0	Hand	Palm	Palm	1	B	0
[surgery;H_03_046,surgeon;A_02_007]	t	nan	nan	nan	nan	Open	nan	AsymmetricalDifferentHandshape	Straight	0	Hand	Palm	Palm	1	B	0
[surgery;H_03_046,surgeon;A_02_007]	t	nan	nan	nan	nan	Open	nan	AsymmetricalDifferentHandshape	Straight	0	Hand	FingerFront	Heel	1	B	0
[cheat_1;A_02_008,ride_2;J_03_026]	im	FullyOpen	0.0	1.0	0.0	Open	0.0	AsymmetricalDifferentHandshape	Straight	0	Hand	FingerRadial	FingerRadial	1	B	0
[cheat_1;A_02_008,ride_2;J_03_026]	im	FullyOpen	0.0	1.0	0.0	Open	0.0	AsymmetricalDifferentHandshape	Straight	1	Hand	FingerRadial	nan	1	B	0
[lonely;B_03_078,cereal;A_02_014]	i	FullyOpen	0.0	nan	nan	Closed	0.0	OneHanded	Straight	1	Head	Chin	Chin	1	nan	0
[lonely;B_03_078,cereal;A_02_014]	i	Bent	0.0	nan	nan	Closed	0.0	OneHanded	Straight	1	Head	Chin	nan	1	nan	0
[egypt;C_02_042,cereal;A_02_014]	i	Bent	0.0	nan	nan	Closed	0.0	OneHanded	Straight	1	Head	Forehead	Chin	1	nan	0
[egypt;C_02_042,cereal;A_02_014]	i	Bent	0.0	nan	nan	Closed	0.0	OneHanded	Straight	1	Head	Chin	nan	1	nan	0
[doll;C_02_049,cereal;A_02_014]	i	Bent	0.0	nan	nan	Closed	0.0	OneHanded	Straight	1	Head	CheekNose	Chin	1	nan	0
[doll;C_02_049,cereal;A_02_014]	i	Bent	0.0	nan	nan	Closed	0.0	OneHanded	Straight	1	Head	Chin	HeadAway	1	nan	0
[cereal;A_02_014,metal;D_02_037]	i	Bent	0.0	nan	nan	Closed	0.0	OneHanded	Straight	1	Head	UnderChin	Chin	1	nan	0
[cereal;A_02_014,metal;D_02_037]	i	Bent	0.0	nan	nan	Closed	0.0	OneHanded	Straight	1	Head	Chin	HeadAway	1	nan	0
[cereal;A_02_014,toy_2;J_01_056]	i	Curved	0.0	nan	nan	Closed	0.0	OneHanded	Straight	1	Head	Chin	Chin	1	nan	0
[cereal;A_02_014,toy_2;J_01_056]	i	Bent	0.0	nan	nan	Closed	0.0	OneHanded	Straight	1	Head	Chin	HeadAway	1	nan	0
[recent;J_02_056,cereal;A_02_014]	i	Bent	0.0	nan	nan	Closed	0.0	OneHanded	Straight	1	Head	CheekNose	Chin	1	nan	0
[recent;J_02_056,cereal;A_02_014]	i	Bent	0.0	nan	nan	Closed	0.0	OneHanded	Straight	1	Head	Chin	nan	1	nan	0
[honey_2;J_03_052,cereal;A_02_014]	i	Bent	0.0	nan	nan	Closed	0.0	OneHanded	Other	1	Head	Chin	Chin	1	nan	0
[honey_2;J_03_052,cereal;A_02_014]	i	Bent	0.0	nan	nan	Closed	0.0	OneHanded	Straight	0	Head	Chin	Chin	1	nan	0
[boots;C_03_019,behavior;C_02_036,road;F_02_083,biology;A_02_015]	imrp	FullyOpen	0.0	0.0	0.0	Closed	0.0	SymmetricalOrAlternating	Straight	1	Neutral	Neutral	Neutral	0	closed_b	0
[boots;C_03_019,biology;A_02_015]	imrp	FullyOpen	0.0	0.0	0.0	Closed	0.0	SymmetricalOrAlternating	Circular	1	Neutral	Neutral	Neutral	1	closed_b	0
[biology;A_02_015,here;D_01_089]	imrp	FullyOpen	0.0	0.0	0.0	Open	0.0	SymmetricalOrAlternating	Circular	1	Neutral	Neutral	Neutral	0	closed_b	0
[biology;A_02_015,here;D_01_089]	imrp	FullyOpen	0.0	0.0	0.0	Closed	0.0	SymmetricalOrAlternating	Circular	1	Neutral	Neutral	Neutral	0	open_b	0
[rush;E_03_054,biology;A_02_015]	im	FullyOpen	0.0	0.0	0.0	Closed	0.0	SymmetricalOrAlternating	Circular	1	Neutral	Neutral	Neutral	0	closed_b	0
[rush;E_03_054,biology;A_02_015]	imrp	FullyOpen	0.0	0.0	0.0	Closed	0.0	SymmetricalOrAlternating	Circular	1	Neutral	Neutral	Neutral	0	h	0
[road;F_02_083,biology;A_02_015]	imrp	FullyOpen	0.0	0.0	0.0	Closed	0.0	SymmetricalOrAlternating	Circular	0	Neutral	Neutral	Neutral	0	closed_b	0
[kitchen;A_02_016,slip_2;K_02_033]	im	Stacked	0.0	nan	0.0	Open	1.0	AsymmetricalDifferentHandshape	BackAndForth	0	Hand	Palm	Palm	1	B	1
[kitchen;A_02_016,slip_2;K_02_033]	im	Stacked	0.0	nan	0.0	Open	1.0	AsymmetricalDifferentHandshape	Curved	0	Hand	Palm	HandAway	1	B	1
[young;D_03_013,swing;A_02_018,pour_2;K_01_094]	imrp	Curved	0.0	0.0	0.0	Open	0.0	OneHanded	Curved	1	Neutral	Neutral	Neutral	0	nan	1
[young;D_03_013,swing;A_02_018]	imrp	FullyOpen	0.0	0.0	0.0	Open	0.0	OneHanded	Curved	1	Neutral	Neutral	nan	0	nan	1
[swing;A_02_018,fold;F_02_019]	imrp	FullyOpen	0.0	0.0	0.0	Open	0.0	SymmetricalOrAlternating	Curved	1	Neutral	Neutral	Neutral	0	nan	1
[swing;A_02_018,fold;F_02_019]	imrp	FullyOpen	0.0	0.0	0.0	Open	0.0	OneHanded	Curved	1	Neutral	Neutral	Neutral	0	open_b	1
[swing;A_02_018,noon;G_02_014]	imrp	FullyOpen	0.0	0.0	0.0	Open	0.0	OneHanded	Straight	1	Neutral	Neutral	Neutral	0	nan	1
[pillow;A_02_019,focus;J_03_056]	imrp	FullyOpen	0.0	0.0	0.0	Open	0.0	SymmetricalOrAlternating	nan	0	Head	Other	HeadAway	1	open_b	0
[pillow;A_02_019,pillow_3;K_02_049]	imrp	FullyOpen	0.0	0.0	0.0	Open	0.0	SymmetricalOrAlternating	nan	1	Head	Other	nan	1	open_b	0
[eat;B_02_002,orange;A_02_020]	imrp	Curved	0.0	0.0	0.0	Open	1.0	OneHanded	nan	1	Head	Mouth	nan	1	nan	0
[eat;B_02_002,orange;A_02_020]	imrp	Curved	1.0	0.0	0.0	Open	1.0	OneHanded	Straight	1	Head	Mouth	nan	1	nan	0
[duck;D_01_079,orange;A_02_020]	im	Curved	1.0	0.0	0.0	Open	1.0	OneHanded	nan	1	Head	Mouth	nan	1	nan	0
[handsome_3;E_03_041,orange;A_02_020,duck_2;K_02_068]	imrp	Bent	1.0	0.0	0.0	Open	1.0	OneHanded	nan	1	Head	Mouth	nan	1	nan	0
[handsome_3;E_03_041,orange;A_02_020]	imrp	Curved	1.0	0.0	0.0	Open	1.0	OneHanded	nan	1	Head	Chin	nan	1	nan	0
[talk_2;H_01_023,orange;A_02_020]	imrp	Curved	1.0	0.0	0.0	Open	1.0	OneHanded	nan	1	Head	Mouth	nan	0	nan	0
[cheese;A_02_021,movie;D_01_026]	imrp	FullyOpen	0.0	1.0	0.0	Open	0.0	AsymmetricalSameHandshape	Straight	1	Hand	Heel	nan	1	5	1
[cheese;A_02_021,movie;D_01_026]	imrp	FullyOpen	0.0	1.0	0.0	Open	0.0	AsymmetricalSameHandshape	nan	1	Hand	Heel	nan	1	5	0
[work;B_03_059,umbrella;A_02_022]	imrp	FullyClosed	0.0	nan	0.0	Closed	1.0	AsymmetricalSameHandshape	Straight	1	Hand	PalmBack	HandAway	1	s	0
[work;B_03_059,umbrella;A_02_022]	imrp	FullyClosed	0.0	nan	0.0	Closed	1.0	AsymmetricalSameHandshape	Straight	1	Hand	FingerRadial	nan	1	s	0
[umbrella;A_02_022,corkscrew;D_01_053]	imrp	FullyClosed	0.0	nan	0.0	Closed	1.0	AsymmetricalSameHandshape	Straight	1	Hand	FingerRadial	HandAway	0	s	0
[umbrella;A_02_022,corkscrew;D_01_053]	imrp	FullyClosed	0.0	nan	0.0	Closed	1.0	AsymmetricalSameHandshape	Straight	1	Hand	FingerRadial	HandAway	1	s	1
[umbrella;A_02_022,support_1;G_01_052]	imrp	FullyClosed	0.0	nan	0.0	Closed	1.0	AsymmetricalSameHandshape	Straight	1	Hand	FingerUlnar	HandAway	1	s	0
[umbrella;A_02_022,support_1;G_01_052]	imrp	FullyClosed	0.0	nan	0.0	Closed	1.0	AsymmetricalSameHandshape	Straight	1	Hand	FingerRadial	FingerUlnar	1	s	0
[umbrella;A_02_022,stretch_1;K_02_108]	imrp	FullyClosed	0.0	nan	nan	Closed	1.0	AsymmetricalSameHandshape	Straight	1	Hand	FingerRadial	HandAway	1	s	0
[umbrella;A_02_022,stretch_1;K_02_108]	imrp	FullyClosed	0.0	nan	0.0	Closed	1.0	AsymmetricalSameHandshape	Straight	1	Hand	FingerUlnar	HandAway	1	s	0
[goat;A_02_024,strict;C_01_047]	im	Bent	0.0	1.0	0.0	Closed	0.0	OneHanded	Straight	0	Head	Chin	nan	1	nan	0
[really_into;H_02_079,goat;A_02_024,strict;C_01_047]	im	Bent	0.0	1.0	0.0	Closed	0.0	OneHanded	nan	0	Head	CheekNose	nan	1	nan	0
[view;E_02_061,goat;A_02_024]	im	Flat	0.0	1.0	0.0	Closed	0.0	OneHanded	nan	0	Head	Chin	nan	1	nan	0
[view;E_02_061,goat;A_02_024]	im	Bent	0.0	1.0	0.0	Closed	0.0	OneHanded	nan	0	Head	Eye	nan	1	nan	0
[goat;A_02_024,really_into;H_02_079]	im	Curved	0.0	1.0	0.0	Closed	0.0	OneHanded	nan	0	Head	Chin	nan	1	nan	0
[curtain;A_02_025,long_line;D_01_038]	imrp	FullyOpen	0.0	1.0	0.0	Closed	0.0	SymmetricalOrAlternating	Straight	0	Neutral	Neutral	Neutral	0	4	0
[curtain;A_02_025,hanukkah;G_02_030]	imrp	FullyOpen	0.0	1.0	0.0	Closed	0.0	SymmetricalOrAlternating	Curved	0	Neutral	Neutral	Neutral	0	4	0
[leave_alone;H_03_105,curtain;A_02_025]	imrp	FullyOpen	0.0	1.0	0.0	Open	0.0	SymmetricalOrAlternating	BackAndForth	0	Neutral	Neutral	Neutral	0	4	0
[leave_alone;H_03_105,curtain;A_02_025]	imrp	FullyOpen	0.0	1.0	0.0	Closed	0.0	SymmetricalOrAlternating	BackAndForth	0	Neutral	Neutral	Neutral	0	5	0
[curtain;A_02_025,follow_4;K_03_016]	imrp	FullyOpen	0.0	1.0	0.0	Closed	0.0	SymmetricalOrAlternating	Z-shaped	0	Neutral	Neutral	Neutral	0	4	0
[football;A_02_027,vacation;B_03_016]	imrp	FullyOpen	0.0	1.0	0.0	Open	0.0	SymmetricalOrAlternating	Straight	1	Body	Neutral	nan	1	5	0
[football;A_02_027,vacation;B_03_016]	imrp	FullyOpen	0.0	1.0	0.0	Open	0.0	SymmetricalOrAlternating	Straight	1	Neutral	Clavicle	nan	1	5	0
[football;A_02_027,prayer;C_03_090]	imrp	FullyOpen	0.0	0.0	0.0	Open	0.0	SymmetricalOrAlternating	Straight	1	Neutral	Neutral	nan	1	5	0
[football;A_02_027,prayer;C_03_090]	imrp	FullyOpen	0.0	1.0	0.0	Open	0.0	SymmetricalOrAlternating	Straight	1	Neutral	Neutral	nan	1	open_b	0
[football;A_02_027,germany;D_02_088]	imrp	FullyOpen	1.0	1.0	0.0	Open	0.0	SymmetricalOrAlternating	Straight	1	Neutral	Neutral	nan	1	5	0
[football;A_02_027,germany;D_02_088]	imrp	FullyOpen	0.0	1.0	0.0	Open	0.0	SymmetricalOrAlternating	nan	1	Neutral	Neutral	nan	1	5	0
[football;A_02_027,all_over_body;H_03_078]	imrp	FullyOpen	0.0	1.0	0.0	Open	0.0	SymmetricalOrAlternating	Straight	0	Neutral	Neutral	nan	1	5	0
[patient_2;B_01_085,dumb;A_02_028]	t	nan	nan	nan	nan	Open	nan	OneHanded	Straight	0	Head	Mouth	nan	1	nan	0
[patient_2;B_01_085,dumb;A_02_028]	t	nan	nan	nan	nan	Open	nan	OneHanded	Straight	0	Head	Forehead	Chin	1	nan	0
[dumb;A_02_028,letter;C_01_031]	t	nan	nan	nan	nan	Open	nan	OneHanded	nan	0	Head	Forehead	nan	1	nan	0
[dumb;A_02_028,letter;C_01_031]	t	nan	nan	nan	nan	Open	nan	OneHanded	Straight	0	Head	Mouth	nan	1	nan	0
[indian;C_03_009,dumb;A_02_028]	t	nan	nan	nan	nan	Open	nan	OneHanded	nan	0	Head	Forehead	nan	1	nan	0
[indian;C_03_009,dumb;A_02_028]	t	nan	nan	nan	nan	Open	nan	OneHanded	Straight	0	Head	Forehead	nan	1	nan	1
[secret;C_03_076,dumb;A_02_028]	t	nan	nan	nan	nan	Open	nan	OneHanded	Straight	1	Head	Forehead	nan	1	nan	0
[secret;C_03_076,dumb;A_02_028]	t	nan	nan	nan	nan	Open	nan	OneHanded	Straight	0	Head	Chin	nan	1	nan	0
[dumb;A_02_028,patient_2;D_02_056]	t	nan	nan	nan	nan	Open	nan	OneHanded	Straight	0	Head	UpperLip	nan	1	nan	0
[dumb;A_02_028,patient_2;D_02_056]	t	nan	nan	nan	nan	Open	nan	OneHanded	Straight	0	Head	Forehead	Chin	1	nan	0
[not;E_01_100,dumb;A_02_028]	t	nan	nan	nan	nan	Open	nan	OneHanded	Straight	0	Head	UnderChin	nan	1	nan	0
[not;E_01_100,dumb;A_02_028]	t	nan	nan	nan	nan	Open	nan	OneHanded	Straight	0	Head	Forehead	HeadAway	1	nan	0
[dumb;A_02_028,peanut_butter;E_02_077]	t	nan	nan	nan	nan	Open	nan	OneHanded	Straight	0	Head	Mouth	nan	1	nan	0
[dumb;A_02_028,peanut_butter;E_02_077]	t	nan	nan	nan	nan	Open	nan	OneHanded	Straight	0	Head	Forehead	HeadAway	1	nan	0
[dumb;A_02_028,woman_2;K_01_101]	t	nan	nan	nan	nan	Open	nan	OneHanded	nan	0	Head	Forehead	nan	1	nan	0
[dumb;A_02_028,woman_2;K_01_101]	t	nan	nan	nan	nan	Open	nan	OneHanded	Straight	0	Head	Chin	nan	1	nan	0
[yellow;D_01_020,playground;A_02_029]	p	FullyOpen	0.0	nan	nan	Open	0.0	OneHanded	nan	1	Neutral	Neutral	nan	0	y	1
[yellow;D_01_020,playground;A_02_029]	p	FullyOpen	0.0	nan	nan	Open	0.0	SymmetricalOrAlternating	nan	1	Neutral	Neutral	nan	0	nan	1
[pizza_1;G_01_013,playground;A_02_029]	i	FullyOpen	0.0	nan	nan	Open	0.0	SymmetricalOrAlternating	nan	1	Neutral	Neutral	nan	0	y	1
[pizza_1;G_01_013,playground;A_02_029]	p	FullyOpen	0.0	nan	nan	Open	0.0	SymmetricalOrAlternating	nan	1	Neutral	Neutral	nan	0	l	1
[kite;A_02_030,sailboat;F_02_094]	imrp	Flat	0.0	0.0	0.0	Open	0.0	AsymmetricalDifferentHandshape	Z-shaped	0	Hand	FingerTip	nan	1	1	0
[kite;A_02_030,sailboat;F_02_094]	imrp	FullyOpen	0.0	0.0	0.0	Open	0.0	AsymmetricalDifferentHandshape	Straight	0	Hand	FingerTip	nan	1	1	0
[river;A_03_035,water;A_02_031]	p	Flat	0.0	nan	nan	Open	1.0	OneHanded	Straight	1	Head	Chin	nan	1	nan	0
[river;A_03_035,water;A_02_031]	p	Curved	0.0	nan	nan	Open	1.0	OneHanded	Straight	0	Head	Chin	nan	1	nan	0
[wrong;B_01_055,water;A_02_031]	p	FullyOpen	0.0	nan	nan	Open	1.0	OneHanded	Straight	1	Head	Chin	nan	1	nan	0
[wrong;B_01_055,water;A_02_031]	p	Curved	0.0	nan	nan	Open	0.0	OneHanded	Straight	1	Head	Chin	nan	1	nan	0
[scout;H_02_099,water;A_02_031]	p	Curved	0.0	nan	nan	Open	1.0	OneHanded	Straight	0	Head	Chin	nan	1	nan	0
[scout;H_02_099,water;A_02_031]	p	Curved	0.0	nan	nan	Open	1.0	OneHanded	Straight	1	Head	HeadTop	nan	1	nan	0
[soon_3;H_03_023,water;A_02_031]	i	Curved	0.0	nan	nan	Open	1.0	OneHanded	Straight	1	Head	Chin	nan	1	nan	0
[soon_3;H_03_023,water;A_02_031]	p	Curved	0.0	nan	nan	Open	1.0	OneHanded	Straight	1	Head	CheekNose	nan	1	nan	0
[stubborn;B_03_086,pig;A_02_032]	imrp	FullyOpen	1.0	0.0	0.0	Open	0.0	OneHanded	nan	0	Head	UnderChin	nan	1	nan	0
[color;C_02_039,sweet;J_03_029,pig;A_02_032]	imrp	FullyOpen	1.0	0.0	0.0	Open	0.0	OneHanded	nan	1	Head	Chin	nan	1	nan	0
[sweet;J_03_029,pig;A_02_032]	imrp	FullyOpen	1.0	0.0	0.0	Open	0.0	OneHanded	nan	1	Head	UnderChin	HeadAway	1	nan	0
[teacher;A_02_033,hat_2;K_03_099]	imrp	Flat	1.0	0.0	0.0	Open	1.0	SymmetricalOrAlternating	Straight	0	Head	HeadAway	HeadAway	0	o	0
[teacher;A_02_033,hat_2;K_03_099]	imrp	Curved	1.0	0.0	0.0	Open	1.0	SymmetricalOrAlternating	Straight	0	Head	HeadAway	HeadAway	0	flat_o	0
[fishing;A_02_035,bathroom;A_02_038]	i	Bent	0.0	nan	nan	Open	1.0	OneHanded	Straight	1	Neutral	Neutral	Neutral	0	SymmetryViolation	0
[fishing;A_02_035,bathroom;A_02_038]	i	Bent	0.0	nan	nan	Open	1.0	SymmetryViolation	Straight	1	Neutral	Neutral	Neutral	0	nan	0
[fishing;A_02_035,mop;A_02_090]	i	Bent	0.0	nan	nan	Open	1.0	SymmetricalOrAlternating	Straight	1	Neutral	Neutral	Neutral	0	SymmetryViolation	0
[fishing;A_02_035,mop;A_02_090]	i	Bent	0.0	nan	nan	Open	1.0	SymmetryViolation	Straight	1	Neutral	Neutral	Neutral	0	baby_o	0
[fishing;A_02_035,pool;D_02_010]	i	Bent	0.0	nan	nan	Open	1.0	AsymmetricalDifferentHandshape	Straight	1	Neutral	Neutral	Neutral	0	SymmetryViolation	0
[fishing;A_02_035,pool;D_02_010]	i	Bent	0.0	nan	nan	Open	1.0	SymmetryViolation	Straight	1	Neutral	Neutral	Neutral	0	DominanceConditionViolation	0
[high;C_02_045,history;A_02_036]	im	FullyOpen	0.0	0.0	0.0	Closed	0.0	OneHanded	Curved	0	Neutral	Neutral	nan	0	nan	0
[high;C_02_045,history;A_02_036]	im	FullyOpen	0.0	0.0	0.0	Closed	0.0	OneHanded	Curved	1	Neutral	Neutral	Neutral	0	nan	0
[afternoon;J_01_040,history;A_02_036]	imrp	FullyOpen	0.0	0.0	0.0	Closed	0.0	OneHanded	Curved	1	Neutral	Neutral	nan	0	nan	0
[afternoon;J_01_040,history;A_02_036]	im	FullyOpen	0.0	0.0	0.0	Closed	0.0	OneHanded	nan	1	Neutral	Neutral	nan	0	nan	0
[spoon;A_02_037,stamp;C_03_063]	im	FullyOpen	0.0	0.0	0.0	Closed	0.0	DominanceViolation	nan	0	Head	FingerFront	nan	1	DominanceConditionViolation	0
[spoon;A_02_037,stamp;C_03_063]	im	FullyOpen	0.0	0.0	0.0	Closed	0.0	DominanceViolation	nan	0	Hand	Mouth	nan	1	DominanceConditionViolation	0
[spoon;A_02_037,locker;K_01_126]	im	FullyOpen	0.0	0.0	0.0	Closed	0.0	DominanceViolation	Straight	0	Hand	FingerFront	nan	1	DominanceConditionViolation	0
[spoon;A_02_037,locker;K_01_126]	im	FullyOpen	0.0	0.0	0.0	Closed	0.0	DominanceViolation	nan	0	Hand	FingerBack	nan	1	DominanceConditionViolation	0
[bathroom;A_02_038,mop;A_02_090]	i	Bent	0.0	nan	nan	Open	1.0	SymmetricalOrAlternating	Straight	1	Neutral	Neutral	Neutral	0	nan	0
[bathroom;A_02_038,mop;A_02_090]	i	Bent	0.0	nan	nan	Open	1.0	OneHanded	Straight	1	Neutral	Neutral	Neutral	0	baby_o	0
[whip;A_03_077,bathroom;A_02_038]	i	Bent	0.0	nan	nan	Open	1.0	OneHanded	BackAndForth	1	Neutral	Neutral	Neutral	0	nan	0
[whip;A_03_077,bathroom;A_02_038]	i	Bent	0.0	nan	nan	Open	1.0	OneHanded	Straight	0	Neutral	Neutral	Neutral	0	nan	0
[bathroom;A_02_038,friday;B_02_020]	i	Curved	0.0	nan	nan	Open	1.0	OneHanded	Straight	1	Neutral	Neutral	Neutral	0	nan	0
[bathroom;A_02_038,friday;B_02_020]	i	Bent	0.0	nan	nan	Open	1.0	OneHanded	Circular	1	Neutral	Neutral	Neutral	0	nan	0
[find;B_03_076,bathroom;A_02_038]	i	Curved	0.0	nan	nan	Open	1.0	OneHanded	Straight	1	Neutral	Neutral	Neutral	0	nan	0
[find;B_03_076,bathroom;A_02_038]	i	Bent	0.0	nan	nan	Open	1.0	OneHanded	Straight	0	Neutral	Neutral	Neutral	0	nan	0
[bathroom;A_02_038,pool;D_02_010]	i	Bent	0.0	nan	nan	Open	1.0	AsymmetricalDifferentHandshape	Straight	1	Neutral	Neutral	Neutral	0	nan	0
[bathroom;A_02_038,pool;D_02_010]	i	Bent	0.0	nan	nan	Open	1.0	OneHanded	Straight	1	Neutral	Neutral	Neutral	0	DominanceConditionViolation	0
[bathroom;A_02_038,vacuum;D_03_084]	i	Bent	0.0	nan	nan	Open	1.0	OneHanded	Z-shaped	1	Neutral	Neutral	Neutral	0	nan	0
[bathroom;A_02_038,vacuum;D_03_084]	i	Bent	0.0	nan	nan	Open	1.0	OneHanded	Straight	0	Neutral	Neutral	Neutral	0	nan	0
[bathroom;A_02_038,wand;E_03_016]	i	Bent	0.0	nan	nan	Open	1.0	OneHanded	Circular	1	Neutral	Neutral	Neutral	0	nan	0
[bathroom;A_02_038,wand;E_03_016]	i	Bent	0.0	nan	nan	Open	1.0	OneHanded	Straight	1	Neutral	Neutral	Neutral	0	nan	1
[bathroom;A_02_038,fencing;F_01_083]	i	Bent	0.0	nan	nan	Open	1.0	OneHanded	Z-shaped	1	Neutral	Neutral	Neutral	0	nan	0
[bathroom;A_02_038,fencing;F_01_083]	i	Bent	0.0	nan	nan	Open	1.0	OneHanded	Straight	1	Neutral	Neutral	Neutral	0	nan	1
[tty;G_01_035,bathroom;A_02_038]	i	Bent	nan	nan	nan	Open	1.0	OneHanded	Straight	1	Neutral	Neutral	Neutral	0	nan	0
[tty;G_01_035,bathroom;A_02_038]	i	Bent	0.0	nan	nan	Open	1.0	OneHanded	Straight	0	Neutral	Neutral	Neutral	0	nan	0
[bathroom;A_02_038,should;G_02_079]	i	Bent	0.0	nan	nan	Closed	1.0	OneHanded	Straight	1	Neutral	Neutral	Neutral	0	nan	0
[bathroom;A_02_038,should;G_02_079]	i	Bent	0.0	nan	nan	Open	0.0	OneHanded	Straight	1	Neutral	Neutral	Neutral	0	nan	0
[knight;H_01_054,bathroom;A_02_038]	i	Bent	0.0	nan	nan	Open	1.0	OneHanded	Curved	1	Neutral	Neutral	Neutral	0	nan	0
[knight;H_01_054,bathroom;A_02_038]	i	Bent	0.0	nan	nan	Open	1.0	OneHanded	Straight	0	Neutral	Neutral	Neutral	0	nan	0
[bathroom;A_02_038,quarter;H_02_049]	i	Flat	0.0	nan	nan	Open	1.0	OneHanded	Straight	1	Neutral	Neutral	Neutral	0	nan	0
[bathroom;A_02_038,quarter;H_02_049]	i	Bent	0.0	nan	nan	Open	0.0	OneHanded	Straight	1	Neutral	Neutral	Neutral	0	nan	0
[instagram;H_03_083,bathroom;A_02_038]	i	Curved	0.0	nan	nan	Open	1.0	OneHanded	Straight	1	Neutral	Neutral	Neutral	0	nan	0
[instagram;H_03_083,bathroom;A_02_038]	i	Bent	0.0	nan	nan	Open	0.0	OneHanded	Straight	1	Neutral	Neutral	Neutral	0	nan	0
[bathroom;A_02_038,conduct_2;K_02_091]	i	Bent	0.0	nan	nan	Open	1.0	OneHanded	Curved	1	Neutral	Neutral	Neutral	0	nan	0
[bathroom;A_02_038,conduct_2;K_02_091]	i	Bent	0.0	nan	nan	Open	1.0	OneHanded	Straight	1	Neutral	Neutral	Neutral	0	nan	1
[fireman;A_02_039,stupid_1;C_01_058,rooster;A_03_051]	im	FullyOpen	0.0	1.0	0.0	Closed	0.0	OneHanded	Straight	1	Head	Forehead	nan	1	nan	0
[fireman;A_02_039,lettuce;B_01_073]	imrp	Bent	0.0	1.0	0.0	Closed	0.0	OneHanded	Straight	1	Head	Forehead	nan	1	nan	0
[shark_1;E_03_023,fireman;A_02_039,frustrate;C_02_050,know;C_01_048]	imrp	FullyOpen	0.0	0.0	0.0	Closed	0.0	OneHanded	Straight	1	Head	Forehead	nan	1	nan	0
[shark_1;E_03_023,fireman;A_02_039,talk;C_01_008]	imrp	FullyOpen	0.0	1.0	0.0	Closed	0.0	OneHanded	Straight	1	Head	HeadTop	nan	1	nan	0
[philosophy;H_03_095,fireman;A_02_039]	imrp	FullyOpen	0.0	1.0	1.0	Closed	0.0	OneHanded	Straight	1	Head	Forehead	nan	1	nan	0
[philosophy;H_03_095,fireman;A_02_039,make_believe;J_02_097,nose_bleed;K_01_092]	imrp	FullyOpen	0.0	1.0	0.0	Closed	0.0	OneHanded	Straight	1	Head	Forehead	HeadAway	1	nan	0
[fireman;A_02_039,talk;C_01_008,nose_bleed;K_01_092]	imrp	FullyOpen	0.0	1.0	0.0	Closed	0.0	OneHanded	Straight	1	Head	CheekNose	nan	1	nan	0
[telephone;A_02_040,silly;B_01_090]	p	FullyOpen	0.0	nan	nan	Open	0.0	OneHanded	Straight	1	Head	CheekNose	HeadAway	1	nan	0
[telephone;A_02_040,silly;B_01_090]	p	FullyOpen	0.0	nan	nan	Open	0.0	OneHanded	Straight	1	Head	CheekNose	nan	0	nan	0
[telephone;A_02_040,wrong;C_03_050]	p	FullyOpen	0.0	nan	nan	Open	0.0	OneHanded	Straight	0	Head	CheekNose	nan	1	nan	0
[telephone;A_02_040,wrong;C_03_050]	p	FullyOpen	0.0	nan	nan	Open	0.0	OneHanded	Straight	1	Head	Chin	nan	1	nan	0
[eagle;D_03_066,telephone;A_02_040]	i	FullyOpen	0.0	nan	nan	Open	0.0	OneHanded	Straight	1	Head	CheekNose	nan	1	nan	0
[eagle;D_03_066,telephone;A_02_040]	p	Bent	0.0	nan	nan	Open	0.0	OneHanded	Straight	1	Head	CheekNose	nan	1	nan	0
[snorkel;E_01_102,telephone;A_02_040]	i	FullyOpen	0.0	nan	nan	Open	0.0	OneHanded	Straight	1	Head	CheekNose	nan	1	nan	0
[snorkel;E_01_102,telephone;A_02_040]	p	FullyOpen	0.0	nan	nan	Open	0.0	OneHanded	Straight	1	Head	Mouth	nan	1	nan	0
[if;G_03_017,telephone;A_02_040]	p	FullyOpen	0.0	nan	nan	Closed	0.0	OneHanded	Straight	1	Head	CheekNose	nan	1	nan	0
[if;G_03_017,telephone;A_02_040]	p	FullyOpen	0.0	nan	nan	Open	0.0	OneHanded	Straight	1	Head	Eye	nan	1	nan	0
[telephone;A_02_040,nose;G_03_075]	i	FullyOpen	0.0	nan	nan	Open	0.0	OneHanded	Straight	1	Head	CheekNose	nan	1	nan	0
[telephone;A_02_040,nose;G_03_075]	p	FullyOpen	0.0	nan	nan	Closed	0.0	OneHanded	Straight	1	Head	CheekNose	nan	1	nan	0
[lesbian;H_01_057,telephone;A_02_040]	i	FullyOpen	0.0	nan	nan	Open	0.0	OneHanded	Straight	1	Head	CheekNose	nan	1	nan	0
[lesbian;H_01_057,telephone;A_02_040]	p	FullyOpen	0.0	nan	nan	Open	0.0	OneHanded	Straight	1	Head	Chin	nan	1	nan	0
[telephone;A_02_040,iphone;K_01_021]	p	FullyOpen	0.0	nan	nan	Closed	0.0	OneHanded	Straight	1	Head	CheekNose	nan	1	nan	0
[telephone;A_02_040,iphone;K_01_021]	p	FullyOpen	0.0	nan	nan	Open	0.0	OneHanded	Straight	1	Head	Other	nan	1	nan	0
[same_1;B_02_009,library;A_02_041]	p	FullyOpen	0.0	nan	nan	Open	0.0	OneHanded	Circular	1	Neutral	Neutral	Neutral	0	nan	0
[same_1;B_02_009,library;A_02_041]	i	FullyOpen	0.0	nan	nan	Open	0.0	OneHanded	Straight	1	Neutral	Neutral	Neutral	0	nan	0
[library;A_02_041,friday;B_02_020]	i	Curved	0.0	nan	nan	Open	0.0	OneHanded	Circular	1	Neutral	Neutral	Neutral	0	nan	0
[library;A_02_041,friday;B_02_020]	i	FullyOpen	0.0	nan	nan	Open	1.0	OneHanded	Circular	1	Neutral	Neutral	Neutral	0	nan	0
[later;D_01_077,library;A_02_041]	i	FullyOpen	0.0	nan	nan	Open	0.0	OneHanded	Straight	1	Neutral	Neutral	Neutral	0	nan	0
[later;D_01_077,library;A_02_041]	i	FullyOpen	0.0	nan	nan	Open	0.0	OneHanded	Circular	0	Neutral	Neutral	Neutral	0	nan	0
[airplane;D_03_068,library;A_02_041]	ip	FullyOpen	0.0	nan	nan	Open	0.0	OneHanded	Circular	1	Neutral	Neutral	Neutral	0	nan	0
[airplane;D_03_068,library;A_02_041]	i	FullyOpen	0.0	nan	nan	Open	0.0	OneHanded	Straight	1	Neutral	Neutral	Neutral	0	nan	0
[hose;E_02_054,library;A_02_041]	i	Bent	0.0	nan	nan	Open	0.0	OneHanded	Circular	1	Neutral	Neutral	Neutral	0	nan	0
[hose;E_02_054,library;A_02_041]	i	FullyOpen	0.0	nan	nan	Open	0.0	OneHanded	Straight	1	Neutral	Neutral	Neutral	0	nan	0
[library;A_02_041,quarter;H_02_049]	i	Flat	0.0	nan	nan	Open	0.0	OneHanded	Circular	1	Neutral	Neutral	Neutral	0	nan	0
[library;A_02_041,quarter;H_02_049]	i	FullyOpen	0.0	nan	nan	Open	0.0	OneHanded	Straight	1	Neutral	Neutral	Neutral	0	nan	0
[instagram;H_03_083,library;A_02_041]	i	Curved	0.0	nan	nan	Open	0.0	OneHanded	Circular	1	Neutral	Neutral	Neutral	0	nan	0
[instagram;H_03_083,library;A_02_041]	i	FullyOpen	0.0	nan	nan	Open	0.0	OneHanded	Straight	1	Neutral	Neutral	Neutral	0	nan	0
[library;A_02_041,turn_around;J_02_086]	i	FullyOpen	0.0	nan	nan	Closed	0.0	OneHanded	Circular	1	Neutral	Neutral	Neutral	0	nan	0
[library;A_02_041,turn_around;J_02_086]	i	FullyOpen	0.0	nan	nan	Open	0.0	OneHanded	Circular	1	Neutral	Neutral	Neutral	0	nan	1
[library;A_02_041,tuesday;J_03_087]	i	Bent	0.0	nan	nan	Open	0.0	OneHanded	Circular	1	Neutral	Neutral	Neutral	0	nan	0
[library;A_02_041,tuesday;J_03_087]	i	FullyOpen	0.0	nan	nan	Open	1.0	OneHanded	Circular	1	Neutral	Neutral	Neutral	0	nan	0
[wife;D_03_025,picture;A_02_042,husband;D_01_082,shy;B_01_040]	imrp	Curved	0.0	0.0	0.0	Open	0.0	OneHanded	nan	0	Head	CheekNose	nan	1	nan	0
[picture;A_02_042,shy;B_01_040]	imrp	Curved	0.0	0.0	0.0	Open	0.0	OneHanded	nan	0	Head	Eye	nan	1	nan	1
[picture;A_02_042,goatee;G_01_074,hear_2;J_02_006]	imrp	Curved	0.0	0.0	0.0	Open	0.0	OneHanded	Straight	0	Head	Eye	nan	1	nan	0
[picture;A_02_042,confused;J_01_110]	imrp	Curved	0.0	1.0	0.0	Open	0.0	OneHanded	nan	0	Head	Eye	nan	1	nan	0
[wife;D_03_025,picture;A_02_042,husband;D_01_082,hear_2;J_02_006]	imrp	Curved	0.0	0.0	0.0	Open	0.0	OneHanded	nan	0	Head	Other	nan	1	nan	0
[picture;A_02_042,stay_awake_24hrs;J_02_060]	imrp	Curved	0.0	0.0	0.0	Open	0.0	SymmetricalOrAlternating	nan	0	Head	Eye	nan	1	nan	0
[picture;A_02_042,stay_awake_24hrs;J_02_060]	imrp	Curved	0.0	0.0	0.0	Open	0.0	OneHanded	nan	0	Head	Eye	nan	1	c	0
[microwave;A_02_043,juggle;D_01_037]	imrp	FullyClosed	1.0	nan	1.0	Closed	1.0	SymmetricalOrAlternating	Circular	0	Neutral	Neutral	Neutral	0	s	0
[microwave;A_02_043,juggle;D_01_037]	imrp	FullyClosed	1.0	nan	1.0	Closed	1.0	SymmetricalOrAlternating	BackAndForth	1	Neutral	Neutral	Neutral	0	s	0
[microwave;A_02_043,articulate_sign;J_01_014]	imrp	FullyClosed	1.0	nan	1.0	Closed	1.0	SymmetricalOrAlternating	Curved	0	Neutral	Neutral	Neutral	0	s	0
[microwave;A_02_043,articulate_sign;J_01_014]	imrp	FullyClosed	1.0	nan	1.0	Closed	1.0	SymmetricalOrAlternating	BackAndForth	1	Neutral	Neutral	Neutral	0	s	0
[load_2;K_02_003,microwave;A_02_043]	imrp	FullyClosed	1.0	nan	1.0	Closed	1.0	SymmetricalOrAlternating	Straight	0	Neutral	Neutral	Neutral	0	s	0
[load_2;K_02_003,microwave;A_02_043]	imrp	FullyClosed	1.0	nan	1.0	Closed	1.0	SymmetricalOrAlternating	BackAndForth	1	Neutral	Neutral	Neutral	0	s	0
[pop_4;K_03_031,microwave;A_02_043]	imrp	FullyClosed	0.0	nan	1.0	Closed	1.0	SymmetricalOrAlternating	BackAndForth	0	Neutral	Neutral	Neutral	0	s	0
[pop_4;K_03_031,microwave;A_02_043]	imrp	FullyClosed	1.0	nan	0.0	Closed	1.0	SymmetricalOrAlternating	BackAndForth	0	Neutral	Neutral	Neutral	0	s	0
[gorilla;A_02_044,actor;A_03_047]	t	nan	nan	nan	nan	Open	nan	SymmetricalOrAlternating	Circular	1	Body	TorsoTop	nan	1	a	0
[gorilla;A_02_044,actor;A_03_047]	t	nan	nan	nan	nan	Open	nan	SymmetricalOrAlternating	Straight	1	Body	TorsoTop	BodyAway	1	a	0
[gorilla;A_02_044,act;B_02_038]	t	nan	nan	nan	nan	Open	nan	SymmetricalOrAlternating	Circular	1	Body	TorsoTop	nan	1	a	0
[gorilla;A_02_044,act;B_02_038]	t	nan	nan	nan	nan	Open	nan	SymmetricalOrAlternating	Straight	1	Body	TorsoTop	TorsoTop	1	a	0
[gorilla;A_02_044,brag;B_03_011]	t	nan	nan	nan	nan	Open	nan	SymmetricalOrAlternating	Straight	1	Body	Waist	nan	1	a	0
[gorilla;A_02_044,brag;B_03_011]	t	nan	nan	nan	nan	Open	nan	SymmetricalOrAlternating	Straight	1	Body	TorsoTop	BodyAway	1	a	0
[myself;D_03_024,gorilla;A_02_044]	t	nan	nan	nan	nan	Open	nan	OneHanded	Straight	1	Body	TorsoTop	nan	1	a	0
[myself;D_03_024,gorilla;A_02_044]	t	nan	nan	nan	nan	Open	nan	SymmetricalOrAlternating	Straight	1	Body	TorsoTop	nan	1	nan	0
[gorilla;A_02_044,backpack;G_01_064]	t	nan	nan	nan	nan	Open	nan	SymmetricalOrAlternating	Circular	1	Body	TorsoTop	nan	1	a	0
[gorilla;A_02_044,backpack;G_01_064]	t	nan	nan	nan	nan	Open	nan	SymmetricalOrAlternating	Straight	1	Body	Clavicle	nan	1	a	0
[gorilla;A_02_044,love;G_01_068]	t	nan	nan	nan	nan	Open	nan	SymmetricalOrAlternating	nan	1	Body	TorsoTop	nan	1	a	0
[gorilla;A_02_044,love;G_01_068]	t	nan	nan	nan	nan	Open	nan	SymmetricalOrAlternating	Straight	0	Body	TorsoTop	nan	1	a	0
[gorilla;A_02_044,sweetheart;H_02_005]	t	nan	1.0	nan	nan	Open	nan	SymmetricalOrAlternating	Straight	1	Body	TorsoTop	nan	1	a	0
[gorilla;A_02_044,sweetheart;H_02_005]	t	nan	nan	nan	nan	Open	nan	SymmetricalOrAlternating	nan	1	Body	TorsoTop	nan	1	a	0
[gorilla;A_02_044,bathtub;K_02_101]	t	nan	nan	nan	nan	Open	nan	SymmetricalOrAlternating	Curved	1	Body	TorsoTop	nan	1	a	0
[gorilla;A_02_044,bathtub;K_02_101]	t	nan	nan	nan	nan	Open	nan	SymmetricalOrAlternating	Straight	1	Body	TorsoTop	TorsoMid	1	a	0
[axe;F_01_013,table;A_03_025,hat;A_02_045]	imrp	FullyOpen	0.0	0.0	0.0	Open	0.0	OneHanded	Straight	1	Arm	HeadTop	nan	1	nan	0
[table;A_03_025,know;C_01_048,pirate;A_03_058,yawn_1;F_02_079,hat;A_02_045]	imrp	FullyOpen	0.0	0.0	0.0	Open	0.0	OneHanded	Straight	1	Head	ForearmBack	nan	1	nan	0
[bed;A_03_037,oops;D_03_056,hat;A_02_045]	imrp	FullyOpen	0.0	0.0	0.0	Open	0.0	OneHanded	Straight	0	Head	HeadTop	nan	1	nan	0
[know;C_01_048,bed;A_03_037,pirate;A_03_058,yawn_1;F_02_079,hat;A_02_045]	imrp	FullyOpen	0.0	0.0	0.0	Open	0.0	OneHanded	Straight	1	Head	Other	nan	1	nan	0
[frustrate;C_02_050,know;C_01_048,mother;B_02_008,pirate;A_03_058,yawn_1;F_02_079,hat;A_02_045]	imrp	FullyOpen	0.0	0.0	0.0	Open	0.0	OneHanded	Straight	1	Head	Chin	nan	1	nan	0
[axe;F_01_013,know;C_01_048,pirate;A_03_058,yawn_1;F_02_079,hat;A_02_045]	imrp	FullyOpen	0.0	0.0	0.0	Open	0.0	OneHanded	Straight	1	Head	ForearmUlnar	nan	1	nan	0
[baby_2;K_01_042,dog_2;K_01_055,hat;A_02_045]	imrp	FullyOpen	0.0	0.0	0.0	Open	0.0	OneHanded	Straight	1	Body	HeadTop	nan	1	nan	0
[baby_2;K_01_042,know;C_01_048,pirate;A_03_058,yawn_1;F_02_079,hat;A_02_045]	imrp	FullyOpen	0.0	0.0	0.0	Open	0.0	OneHanded	Straight	1	Head	TorsoTop	nan	1	nan	0
[know;C_01_048,pirate;A_03_058,yawn_1;F_02_079,dog_2;K_01_055,hat;A_02_045]	imrp	FullyOpen	0.0	0.0	0.0	Open	0.0	OneHanded	Straight	1	Head	Hips	nan	1	nan	0
[gum;G_02_010,whistle;A_02_046,verb;A_03_005]	im	FullyOpen	0.0	1.0	0.0	Closed	0.0	OneHanded	Straight	1	Head	Mouth	nan	1	nan	0
[whistle;A_02_046,verb;A_03_005]	im	Bent	0.0	1.0	0.0	Closed	0.0	OneHanded	Straight	1	Head	Mouth	HeadAway	1	nan	0
[strict;C_01_047,whistle;A_02_046]	im	Bent	0.0	1.0	0.0	Closed	0.0	OneHanded	Straight	0	Head	Mouth	nan	1	nan	0
[strict;C_01_047,whistle;A_02_046]	im	Bent	0.0	1.0	0.0	Closed	0.0	OneHanded	Straight	1	Head	CheekNose	nan	1	nan	0
[whistle;A_02_046,gum;G_02_010]	im	Bent	1.0	1.0	0.0	Closed	0.0	OneHanded	Straight	1	Head	Mouth	nan	1	nan	0
[tornado;A_02_047,grammar;J_03_078]	i	Flat	0.0	nan	nan	Open	0.0	SymmetricalOrAlternating	Straight	1	Neutral	Neutral	Neutral	0	g	1
[tornado;A_02_047,grammar;J_03_078]	i	Flat	1.0	nan	nan	Open	0.0	SymmetricalOrAlternating	Straight	1	Neutral	Neutral	Neutral	1	g	1
[helicopter_2;K_02_004,windmill;A_02_048]	im	FullyOpen	0.0	1.0	0.0	Open	0.0	DominanceViolation	nan	1	Hand	FingerTip	nan	1	1	1
[helicopter_2;K_02_004,windmill;A_02_048]	im	FullyOpen	0.0	1.0	0.0	Open	0.0	AsymmetricalDifferentHandshape	nan	1	Hand	FingerTip	nan	1	DominanceConditionViolation	1
[snorkel;E_01_102,lazy;A_02_050]	i	FullyOpen	0.0	nan	nan	Open	0.0	OneHanded	Straight	1	Head	Clavicle	nan	1	nan	0
[snorkel;E_01_102,lazy;A_02_050]	i	FullyOpen	0.0	nan	nan	Open	0.0	OneHanded	Straight	1	Body	Mouth	nan	1	nan	0
[lesbian;H_01_057,lazy;A_02_050]	i	FullyOpen	0.0	nan	nan	Open	0.0	OneHanded	Straight	1	Head	Clavicle	nan	1	nan	0
[lesbian;H_01_057,lazy;A_02_050]	i	FullyOpen	0.0	nan	nan	Open	0.0	OneHanded	Straight	1	Body	Chin	nan	1	nan	0
[needle;H_02_077,lazy;A_02_050]	i	FullyOpen	0.0	nan	nan	Open	0.0	OneHanded	Straight	1	Arm	Clavicle	nan	1	nan	0
[needle;H_02_077,lazy;A_02_050]	i	FullyOpen	0.0	nan	nan	Open	0.0	OneHanded	Straight	1	Body	UpperArm	nan	1	nan	0
[delegate;H_03_001,lazy;A_02_050]	i	Bent	0.0	nan	nan	Open	0.0	OneHanded	Straight	1	Body	Clavicle	nan	1	nan	0
[delegate;H_03_001,lazy;A_02_050]	i	FullyOpen	0.0	nan	nan	Open	0.0	OneHanded	Straight	1	Body	Clavicle	TorsoTop	1	nan	0
[bathroom;A_02_051,pepper;A_02_085]	i	Curved	0.0	nan	nan	Open	1.0	OneHanded	Straight	1	Neutral	Neutral	nan	0	nan	0
[bathroom;A_02_051,pepper;A_02_085]	i	Curved	0.0	nan	nan	Open	1.0	OneHanded	nan	1	Neutral	Neutral	Neutral	0	nan	0
[bathroom;A_02_051,friday;B_02_020]	i	Curved	0.0	nan	nan	Open	1.0	OneHanded	Circular	1	Neutral	Neutral	nan	0	nan	0
[bathroom;A_02_051,friday;B_02_020]	i	Curved	0.0	nan	nan	Open	1.0	OneHanded	nan	1	Neutral	Neutral	Neutral	0	nan	0
[february;D_01_093,bathroom;A_02_051]	i	Curved	nan	nan	nan	Open	1.0	OneHanded	nan	1	Neutral	Neutral	nan	0	nan	0
[february;D_01_093,bathroom;A_02_051]	i	Curved	0.0	nan	nan	Open	1.0	OneHanded	nan	0	Neutral	Neutral	nan	0	nan	0
[eleven;E_01_052,bathroom;A_02_051]	i	FullyClosed	0.0	nan	nan	Open	1.0	OneHanded	nan	1	Neutral	Neutral	nan	0	nan	0
[eleven;E_01_052,bathroom;A_02_051]	i	Curved	1.0	nan	nan	Open	1.0	OneHanded	nan	1	Neutral	Neutral	nan	0	nan	0
[maple;H_03_064,bathroom;A_02_051]	m	Curved	0.0	nan	nan	Open	1.0	OneHanded	nan	1	Neutral	Neutral	nan	0	nan	0
[maple;H_03_064,bathroom;A_02_051]	i	Curved	1.0	nan	nan	Open	1.0	OneHanded	nan	1	Neutral	Neutral	nan	0	nan	0
[bathroom;A_02_051,screwdriver_2;K_03_041]	i	Bent	0.0	nan	nan	Open	1.0	OneHanded	nan	1	Neutral	Neutral	nan	0	nan	0
[bathroom;A_02_051,screwdriver_2;K_03_041]	i	Curved	0.0	nan	nan	Open	1.0	OneHanded	nan	1	Neutral	Neutral	nan	0	nan	1
[vote;B_02_040,tea;A_02_052]	i	Curved	0.0	nan	nan	Open	1.0	AsymmetricalDifferentHandshape	Straight	1	Hand	FingerRadial	FingerRadial	1	C	0
[vote;B_02_040,tea;A_02_052]	i	Curved	0.0	nan	nan	Open	1.0	AsymmetricalDifferentHandshape	Circular	1	Hand	FingerRadial	nan	1	C	0
[flashlight;A_03_084,pencil;A_02_053]	m	Curved	0.0	nan	nan	Open	1.0	OneHanded	nan	0	Head	Mouth	nan	1	nan	0
[flashlight;A_03_084,pencil;A_02_053]	i	Curved	0.0	nan	nan	Open	1.0	OneHanded	nan	0	Head	UnderChin	nan	1	nan	0
[fruit;C_02_083,pencil;A_02_053]	i	Curved	0.0	nan	nan	Open	1.0	OneHanded	nan	1	Head	Mouth	nan	1	nan	0
[fruit;C_02_083,pencil;A_02_053]	i	Curved	0.0	nan	nan	Open	1.0	OneHanded	nan	0	Head	Mouth	nan	1	nan	1
[know_nothing;H_02_064,pencil;A_02_053]	i	Curved	0.0	nan	nan	Open	1.0	OneHanded	Straight	0	Head	Mouth	nan	1	nan	0
[know_nothing;H_02_064,pencil;A_02_053]	i	Curved	0.0	nan	nan	Open	1.0	OneHanded	nan	0	Head	Forehead	nan	1	nan	0
[cool_3;H_03_032,pencil;A_02_053]	i	Bent	0.0	nan	nan	Open	1.0	OneHanded	nan	0	Head	Mouth	nan	1	nan	0
[cool_3;H_03_032,pencil;A_02_053]	i	Curved	0.0	nan	nan	Open	1.0	OneHanded	nan	0	Head	Mouth	nan	1	nan	1
[witch_2;K_03_022,pencil;A_02_053]	i	Bent	0.0	nan	nan	Open	1.0	OneHanded	nan	0	Head	Mouth	nan	1	nan	0
[witch_2;K_03_022,pencil;A_02_053]	i	Curved	0.0	nan	nan	Open	1.0	OneHanded	nan	0	Head	CheekNose	nan	1	nan	0
[wife;D_03_025,cafeteria;A_02_054]	imrp	Curved	0.0	0.0	0.0	Open	0.0	OneHanded	nan	0	Head	Chin	Chin	1	nan	0
[wife;D_03_025,goatee;G_01_074,cafeteria;A_02_054]	imrp	Curved	0.0	0.0	0.0	Open	0.0	OneHanded	Z-shaped	0	Head	Chin	nan	1	nan	0
[bachelor;E_01_059,cafeteria;A_02_054]	imrp	FullyOpen	0.0	0.0	0.0	Open	0.0	OneHanded	Z-shaped	0	Head	Chin	Chin	1	nan	0
[bachelor;E_01_059,cafeteria;A_02_054]	imrp	Curved	0.0	0.0	0.0	Open	0.0	OneHanded	Curved	0	Head	Chin	Chin	1	nan	0
[goatee;G_01_074,cafeteria;A_02_054]	imrp	Curved	0.0	0.0	0.0	Open	0.0	OneHanded	Straight	0	Head	Chin	Chin	1	nan	0
[shoulder;A_02_055,responsibility;B_01_018]	imrp	Flat	0.0	0.0	0.0	Open	0.0	SymmetricalOrAlternating	Straight	1	Body	Shoulder	nan	1	nan	0
[shoulder;A_02_055,responsibility;B_01_018]	imrp	Flat	0.0	0.0	0.0	Open	0.0	OneHanded	Straight	1	Body	Shoulder	nan	1	flat_b	0
[shoulder;A_02_055,boss;B_02_052,policeman_2;K_03_104]	imrp	Curved	0.0	0.0	0.0	Open	0.0	OneHanded	Straight	1	Body	Shoulder	nan	1	nan	0
[shoulder;A_02_055,boss;B_02_052,shoulder_3;K_01_078]	imrp	Flat	0.0	1.0	0.0	Open	0.0	OneHanded	Straight	1	Body	Shoulder	nan	1	nan	0
[shoulder;A_02_055,muscle;G_01_095]	imrp	Flat	0.0	0.0	0.0	Open	0.0	OneHanded	Straight	1	Arm	Shoulder	nan	1	nan	0
[shoulder;A_02_055,muscle;G_01_095,stomach;C_03_054,intuitive;F_01_006]	imrp	Flat	0.0	0.0	0.0	Open	0.0	OneHanded	Straight	1	Body	UpperArm	nan	1	nan	0
[shoulder;A_02_055,dog_2;K_01_055,shoulder_3;K_01_078,baby_2;K_01_042]	imrp	FullyOpen	0.0	0.0	0.0	Open	0.0	OneHanded	Straight	1	Body	Shoulder	nan	1	nan	0
[shoulder;A_02_055,policeman_2;K_03_104,stomach;C_03_054,baby_2;K_01_042,intuitive;F_01_006]	imrp	Flat	0.0	0.0	0.0	Open	0.0	OneHanded	Straight	1	Body	TorsoTop	nan	1	nan	0
[shoulder;A_02_055,dog_2;K_01_055,stomach;C_03_054,intuitive;F_01_006]	imrp	Flat	0.0	0.0	0.0	Open	0.0	OneHanded	Straight	1	Body	Hips	nan	1	nan	0
[good;B_01_052,elephant;A_02_059,will_go;J_01_095]	imrp	FullyOpen	0.0	0.0	0.0	Open	0.0	OneHanded	Straight	0	Head	CheekNose	HeadAway	1	nan	0
[good;B_01_052,elephant;A_02_059]	imrp	FullyOpen	0.0	0.0	0.0	Open	0.0	OneHanded	Z-shaped	0	Head	Chin	HeadAway	1	nan	0
[hair_clipper;E_02_080,elephant;A_02_059]	imrp	Flat	0.0	0.0	0.0	Open	0.0	OneHanded	Z-shaped	0	Head	CheekNose	HeadAway	1	nan	0
[hair_clipper;E_02_080,elephant;A_02_059]	imrp	FullyOpen	0.0	0.0	0.0	Open	0.0	OneHanded	Z-shaped	0	Head	HeadAway	HeadAway	1	nan	0
[will;F_03_025,thank_you;H_02_053,elephant;A_02_059]	imrp	FullyOpen	0.0	0.0	0.0	Open	0.0	OneHanded	Curved	0	Head	CheekNose	HeadAway	1	nan	0
[will;F_03_025,elephant;A_02_059,will_go;J_01_095]	imrp	FullyOpen	0.0	0.0	0.0	Open	0.0	OneHanded	Z-shaped	0	Head	CheekNose	HeadAway	0	nan	0
[thank_you;H_02_053,elephant;A_02_059]	imrp	FullyOpen	0.0	0.0	0.0	Open	0.0	OneHanded	Z-shaped	0	Head	Mouth	HeadAway	1	nan	0
[piano;A_03_029,salad;A_02_061]	imrp	FullyOpen	0.0	1.0	0.0	Open	0.0	SymmetricalOrAlternating	Curved	1	Neutral	Neutral	Neutral	0	curved_5	0
[piano;A_03_029,salad;A_02_061]	imrp	Curved	0.0	1.0	0.0	Open	0.0	SymmetricalOrAlternating	Curved	1	Neutral	Neutral	Neutral	0	5	0
[too_much;E_02_015,ball;C_02_044,salad;A_02_061]	imrp	Curved	0.0	1.0	0.0	Open	0.0	SymmetricalOrAlternating	Curved	1	Neutral	Neutral	Neutral	1	curved_5	0
[cloud_3;K_02_071,chaos;F_01_037,salad;A_02_061]	imrp	Curved	0.0	1.0	0.0	Open	0.0	SymmetricalOrAlternating	Curved	1	Neutral	Neutral	Neutral	0	curved_5	1
[massage;H_01_100,salad;A_02_061]	imrp	Curved	1.0	1.0	0.0	Open	0.0	SymmetricalOrAlternating	Curved	1	Neutral	Neutral	Neutral	0	curved_5	0
[massage;H_01_100,salad;A_02_061]	imrp	Curved	0.0	1.0	1.0	Open	0.0	SymmetricalOrAlternating	Curved	1	Neutral	Neutral	Neutral	0	curved_5	0
[problem_2;B_03_047,rollerskating;A_02_074]	im	Bent	0.0	1.0	0.0	Closed	0.0	SymmetricalOrAlternating	Curved	1	Neutral	Neutral	Neutral	1	bent_v	0
[heaven;A_02_075,vanish;H_02_098]	imrp	Flat	1.0	1.0	1.0	Open	0.0	SymmetricalOrAlternating	Other	0	Neutral	Neutral	Neutral	0	flatspread_5	0
[heaven;A_02_075,vanish;H_02_098]	imrp	Flat	0.0	1.0	1.0	Open	0.0	SymmetricalOrAlternating	Curved	0	Neutral	Neutral	Neutral	0	flatspread_5	0
[mouse;A_03_009,turkey;A_02_078]	i	FullyOpen	0.0	nan	nan	Open	0.0	OneHanded	Straight	1	Head	CheekNose	HeadAway	1	nan	0
[mouse;A_03_009,turkey;A_02_078]	i	Flat	0.0	nan	nan	Closed	0.0	OneHanded	Straight	1	Head	CheekNose	HeadAway	1	nan	0
[greece;C_02_048,turkey;A_02_078]	i	Flat	0.0	nan	nan	Open	0.0	OneHanded	Straight	1	Head	CheekNose	CheekNose	1	nan	0
[greece;C_02_048,turkey;A_02_078]	i	Flat	0.0	nan	nan	Open	0.0	OneHanded	Straight	1	Head	CheekNose	HeadAway	0	nan	0
[doll;C_02_049,turkey;A_02_078]	i	Bent	0.0	nan	nan	Open	0.0	OneHanded	Straight	1	Head	CheekNose	HeadAway	1	nan	0
[doll;C_02_049,turkey;A_02_078]	i	Flat	0.0	nan	nan	Closed	0.0	OneHanded	Straight	1	Head	CheekNose	HeadAway	1	nan	0
[gay;D_03_011,turkey;A_02_078]	i	Flat	0.0	nan	nan	Open	0.0	OneHanded	Straight	1	Head	Chin	HeadAway	1	nan	0
[gay;D_03_011,turkey;A_02_078]	i	Flat	0.0	nan	nan	Open	0.0	OneHanded	Straight	1	Head	CheekNose	nan	1	nan	0
[eagle;D_03_066,turkey;A_02_078]	i	Bent	0.0	nan	nan	Open	0.0	OneHanded	Straight	1	Head	CheekNose	HeadAway	1	nan	0
[eagle;D_03_066,turkey;A_02_078]	i	Flat	0.0	nan	nan	Open	0.0	OneHanded	Straight	1	Head	CheekNose	nan	1	nan	0
[luck;H_03_009,turkey;A_02_078]	i	FullyOpen	0.0	nan	nan	Open	0.0	OneHanded	Straight	1	Head	CheekNose	HeadAway	1	nan	0
[luck;H_03_009,turkey;A_02_078]	i	Flat	0.0	nan	nan	Open	0.0	OneHanded	Straight	1	Head	Chin	HeadAway	1	nan	0
[caption;C_02_086,popcorn;A_02_080]	i	Curved	0.0	nan	nan	Open	1.0	SymmetricalOrAlternating	Straight	1	Neutral	Neutral	Neutral	0	f	0
[caption;C_02_086,popcorn;A_02_080]	i	Curved	1.0	nan	nan	Open	1.0	SymmetricalOrAlternating	Straight	1	Neutral	Neutral	Neutral	1	f	0
[brick;H_02_085,popcorn;A_02_080]	i	Curved	1.0	nan	nan	Open	1.0	SymmetricalOrAlternating	Straight	0	Neutral	Neutral	Neutral	0	f	0
[brick;H_02_085,popcorn;A_02_080]	i	Curved	1.0	nan	nan	Open	1.0	SymmetricalOrAlternating	Straight	1	Neutral	Neutral	Neutral	1	f	0
[hang_clothes;K_02_069,popcorn;A_02_080]	i	Curved	0.0	nan	nan	Open	1.0	SymmetricalOrAlternating	Straight	1	Neutral	Neutral	Neutral	0	f	0
[hang_clothes;K_02_069,popcorn;A_02_080]	i	Curved	1.0	nan	nan	Open	1.0	SymmetricalOrAlternating	Straight	0	Neutral	Neutral	Neutral	0	f	0
[give;F_01_023,africa;A_02_082]	imrp	Flat	0.0	0.0	1.0	Open	1.0	OneHanded	Curved	0	Neutral	Neutral	Neutral	0	nan	1
[give;F_01_023,africa;A_02_082,away;F_02_071]	imrp	Flat	1.0	0.0	0.0	Open	1.0	OneHanded	Curved	0	Neutral	Neutral	Neutral	0	nan	1
[away;F_02_071,africa;A_02_082]	imrp	Flat	1.0	0.0	1.0	Open	0.0	OneHanded	Curved	0	Neutral	Neutral	Neutral	0	nan	1
[africa;A_02_082,land;G_02_066]	imrp	Flat	1.0	0.0	1.0	Open	1.0	SymmetricalOrAlternating	Curved	0	Neutral	Neutral	Neutral	0	nan	1
[africa;A_02_082,land;G_02_066]	imrp	Flat	1.0	0.0	1.0	Open	1.0	OneHanded	Curved	0	Neutral	Neutral	Neutral	0	flat_o	1
[corn_1;A_02_084,lips;G_02_043]	i	FullyOpen	0.0	nan	nan	Closed	0.0	OneHanded	Circular	1	Head	Mouth	Mouth	1	nan	1
[corn_1;A_02_084,lips;G_02_043]	i	FullyOpen	0.0	nan	nan	Closed	0.0	OneHanded	Straight	1	Head	Mouth	Mouth	1	nan	0
[judge;B_01_058,pepper;A_02_085]	i	Curved	0.0	nan	nan	Open	1.0	SymmetricalOrAlternating	Straight	1	Neutral	Neutral	Neutral	0	nan	0
[judge;B_01_058,pepper;A_02_085]	i	Curved	0.0	nan	nan	Open	1.0	OneHanded	Straight	1	Neutral	Neutral	Neutral	0	f	0
[wednesday;B_03_056,pepper;A_02_085]	p	Curved	0.0	nan	nan	Open	1.0	OneHanded	Straight	1	Neutral	Neutral	Neutral	0	nan	0
[wednesday;B_03_056,pepper;A_02_085]	i	Curved	0.0	nan	nan	Open	1.0	OneHanded	Circular	1	Neutral	Neutral	Neutral	0	nan	0
[dart;C_03_029,pepper;A_02_085]	i	Curved	1.0	nan	nan	Open	1.0	OneHanded	Straight	1	Neutral	Neutral	Neutral	0	nan	0
[dart;C_03_029,pepper;A_02_085]	i	Curved	0.0	nan	nan	Open	1.0	OneHanded	Straight	0	Neutral	Neutral	Neutral	0	nan	0
[forfeit;D_02_038,pepper;A_02_085]	i	Curved	0.0	nan	nan	Open	1.0	OneHanded	Curved	1	Neutral	Neutral	Neutral	0	nan	0
[forfeit;D_02_038,pepper;A_02_085]	i	Curved	0.0	nan	nan	Open	1.0	OneHanded	Straight	0	Neutral	Neutral	Neutral	0	nan	0
[west;D_03_053,pepper;A_02_085]	p	Curved	0.0	nan	nan	Open	1.0	OneHanded	Straight	1	Neutral	Neutral	Neutral	0	nan	0
[west;D_03_053,pepper;A_02_085]	i	Curved	0.0	nan	nan	Open	1.0	OneHanded	Straight	0	Neutral	Neutral	Neutral	0	nan	0
[flip_switch;E_01_066,pepper;A_02_085]	i	Bent	0.0	nan	nan	Open	1.0	OneHanded	Straight	1	Neutral	Neutral	Neutral	0	nan	0
[flip_switch;E_01_066,pepper;A_02_085]	i	Curved	0.0	nan	nan	Open	1.0	OneHanded	Straight	0	Neutral	Neutral	Neutral	0	nan	0
[hose;E_02_054,pepper;A_02_085]	i	Bent	0.0	nan	nan	Open	1.0	OneHanded	Straight	1	Neutral	Neutral	Neutral	0	nan	0
[hose;E_02_054,pepper;A_02_085]	i	Curved	0.0	nan	nan	Open	0.0	OneHanded	Straight	1	Neutral	Neutral	Neutral	0	nan	0
[damn;F_01_098,pepper;A_02_085]	m	Curved	0.0	nan	nan	Open	1.0	OneHanded	Straight	1	Neutral	Neutral	Neutral	0	nan	0
[damn;F_01_098,pepper;A_02_085]	i	Curved	0.0	nan	nan	Open	1.0	OneHanded	Straight	0	Neutral	Neutral	Neutral	0	nan	0
[pepper;A_02_085,quarter;H_02_049]	i	Flat	0.0	nan	nan	Open	1.0	OneHanded	Straight	1	Neutral	Neutral	Neutral	0	nan	0
[pepper;A_02_085,quarter;H_02_049]	i	Curved	0.0	nan	nan	Open	0.0	OneHanded	Straight	1	Neutral	Neutral	Neutral	0	nan	0
[tuesday;J_03_087,pepper;A_02_085]	i	Bent	0.0	nan	nan	Open	1.0	OneHanded	Straight	1	Neutral	Neutral	Neutral	0	nan	0
[tuesday;J_03_087,pepper;A_02_085]	i	Curved	0.0	nan	nan	Open	1.0	OneHanded	Circular	1	Neutral	Neutral	Neutral	0	nan	0
[conduct_3;K_03_057,pepper;A_02_085]	i	Curved	0.0	nan	nan	Open	1.0	OneHanded	Curved	1	Neutral	Neutral	Neutral	0	nan	0
[conduct_3;K_03_057,pepper;A_02_085]	i	Curved	0.0	nan	nan	Open	1.0	OneHanded	Straight	1	Neutral	Neutral	Neutral	0	nan	1
[balloon;A_02_086,bubbles;E_02_052]	imrp	FullyClosed	1.0	nan	1.0	Closed	1.0	SymmetricalOrAlternating	Straight	1	Head	HeadAway	HeadAway	1	s	0
[balloon;A_02_086,bubbles;E_02_052]	imrp	FullyClosed	1.0	nan	1.0	Closed	1.0	SymmetricalOrAlternating	Straight	0	Head	Mouth	HeadAway	1	s	0
[orange_eyes;E_03_087,balloon;A_02_086]	imrp	FullyClosed	1.0	nan	1.0	Closed	1.0	SymmetricalOrAlternating	nan	0	Head	HeadAway	HeadAway	1	s	0
[orange_eyes;E_03_087,balloon;A_02_086]	imrp	FullyClosed	1.0	nan	1.0	Closed	1.0	SymmetricalOrAlternating	Straight	0	Head	HeadAway	HeadAway	0	s	0
[megaphone;G_03_102,balloon;A_02_086]	imrp	FullyClosed	1.0	nan	0.0	Closed	1.0	SymmetricalOrAlternating	Straight	0	Head	HeadAway	HeadAway	1	s	0
[megaphone;G_03_102,balloon;A_02_086]	imrp	FullyClosed	1.0	nan	1.0	Closed	1.0	SymmetricalOrAlternating	Straight	0	Head	Mouth	HeadAway	1	s	0
[glove;A_02_087,slow;B_02_041]	imrp	FullyOpen	0.0	1.0	0.0	Open	0.0	AsymmetricalSameHandshape	Other	0	Hand	FingerBack	PalmBack	1	5	0
[glove;A_02_087,slow;B_02_041]	imrp	FullyOpen	0.0	1.0	0.0	Open	0.0	SymmetricalOrAlternating	Straight	0	Hand	FingerBack	PalmBack	1	5	0
[coconut;A_02_088,communication;B_03_013]	imrp	Curved	0.0	0.0	0.0	Open	0.0	SymmetricalOrAlternating	Straight	1	Head	HeadAway	HeadAway	0	curved_5	0
[coconut;A_02_088,communication;B_03_013]	imrp	Curved	0.0	1.0	0.0	Open	0.0	SymmetricalOrAlternating	Straight	1	Head	HeadAway	HeadAway	0	c	0
[coconut;A_02_088,comb;C_02_070]	imrp	Curved	0.0	1.0	0.0	Open	0.0	OneHanded	Straight	1	Head	HeadAway	HeadAway	0	curved_5	0
[coconut;A_02_088,comb;C_02_070]	imrp	Curved	0.0	1.0	0.0	Open	0.0	SymmetricalOrAlternating	Straight	1	Head	HeadAway	HeadAway	0	nan	0
[coconut;A_02_088,curly_hair;H_02_007]	imrp	Curved	0.0	1.0	0.0	Open	0.0	SymmetricalOrAlternating	Circular	1	Head	HeadAway	HeadAway	0	curved_5	0
[coconut;A_02_088,curly_hair;H_02_007]	imrp	Curved	0.0	1.0	0.0	Open	0.0	SymmetricalOrAlternating	Straight	1	Head	HeadAway	HeadAway	0	curved_5	1
[mop;A_02_090,judge;B_01_058]	i	Curved	0.0	nan	nan	Open	1.0	SymmetricalOrAlternating	Straight	1	Neutral	Neutral	Neutral	0	baby_o	0
[mop;A_02_090,judge;B_01_058]	i	Bent	0.0	nan	nan	Open	1.0	SymmetricalOrAlternating	Straight	1	Neutral	Neutral	Neutral	0	f	0
[mop;A_02_090,pool;D_02_010]	i	Bent	0.0	nan	nan	Open	1.0	AsymmetricalDifferentHandshape	Straight	1	Neutral	Neutral	Neutral	0	baby_o	0
[mop;A_02_090,pool;D_02_010]	i	Bent	0.0	nan	nan	Open	1.0	SymmetricalOrAlternating	Straight	1	Neutral	Neutral	Neutral	0	DominanceConditionViolation	0
[wrap_up;F_03_091,mop;A_02_090]	i	Bent	0.0	nan	nan	Open	1.0	SymmetricalOrAlternating	Other	1	Neutral	Neutral	Neutral	0	baby_o	0
[wrap_up;F_03_091,mop;A_02_090]	i	Bent	0.0	nan	nan	Open	1.0	SymmetricalOrAlternating	Straight	1	Neutral	Neutral	Neutral	0	baby_o	1
[mop;A_02_090,replace;J_03_007]	i	Bent	0.0	nan	nan	Open	1.0	SymmetricalOrAlternating	Curved	1	Neutral	Neutral	Neutral	0	baby_o	0
[mop;A_02_090,replace;J_03_007]	i	Bent	0.0	nan	nan	Open	1.0	SymmetricalOrAlternating	Straight	0	Neutral	Neutral	Neutral	0	baby_o	0
[tradition;J_03_023,mop;A_02_090]	i	Bent	0.0	nan	nan	Open	1.0	SymmetricalOrAlternating	Straight	0	Neutral	Neutral	Neutral	0	baby_o	0
[tradition;J_03_023,mop;A_02_090]	i	Bent	0.0	nan	nan	Open	1.0	SymmetricalOrAlternating	Straight	1	Neutral	Neutral	Neutral	1	baby_o	0
[homework;A_03_003,home;B_03_063]	imrp	Curved	0.0	0.0	0.0	Open	1.0	OneHanded	Straight	0	Head	Chin	CheekNose	1	nan	0
[homework;A_03_003,home;B_03_063]	imrp	Curved	0.0	0.0	0.0	Open	1.0	OneHanded	Curved	0	Head	Chin	nan	1	nan	0
[homework;A_03_003,put_in_back_mind;E_01_076]	imrp	Curved	0.0	0.0	0.0	Open	1.0	OneHanded	Curved	0	Head	Forehead	CheekNose	1	nan	0
[homework;A_03_003,put_in_back_mind;E_01_076]	imrp	Curved	0.0	0.0	0.0	Open	1.0	OneHanded	Curved	0	Head	Chin	Other	1	nan	0
[homework;A_03_003,oldest;H_03_024]	imrp	Curved	1.0	0.0	0.0	Open	1.0	OneHanded	Curved	0	Head	Chin	CheekNose	1	nan	0
[homework;A_03_003,oldest;H_03_024]	imrp	Curved	0.0	0.0	0.0	Open	1.0	OneHanded	Curved	0	Head	Chin	HeadAway	1	nan	0
[soccer;A_03_004,gate;E_03_064]	imrp	FullyOpen	0.0	0.0	0.0	Closed	0.0	AsymmetricalSameHandshape	Curved	1	Hand	FingerBack	nan	1	closed_b	0
[soccer;A_03_004,gate;E_03_064]	imrp	FullyOpen	0.0	0.0	0.0	Closed	0.0	AsymmetricalSameHandshape	Curved	1	Hand	FingerUlnar	HandAway	1	closed_b	0
[lipread;E_03_047,verb;A_03_005]	im	FullyOpen	0.0	1.0	0.0	Closed	0.0	OneHanded	Straight	1	Head	HeadAway	HeadAway	1	nan	0
[lipread;E_03_047,verb;A_03_005]	im	FullyOpen	0.0	1.0	0.0	Closed	0.0	OneHanded	Straight	1	Head	Mouth	HeadAway	0	nan	0
[gum;G_02_010,verb;A_03_005]	im	FullyOpen	1.0	1.0	0.0	Closed	0.0	OneHanded	Straight	1	Head	Mouth	HeadAway	1	nan	0
[mexican_1;J_02_045,verb;A_03_005]	im	FullyOpen	0.0	1.0	0.0	Closed	0.0	OneHanded	Curved	1	Head	Mouth	HeadAway	1	nan	0
[mexican_1;J_02_045,verb;A_03_005]	im	FullyOpen	0.0	1.0	0.0	Closed	0.0	OneHanded	Straight	1	Head	Forehead	HeadAway	1	nan	0
[nose_bleed;K_01_092,verb;A_03_005]	imrp	FullyOpen	0.0	1.0	0.0	Closed	0.0	OneHanded	Straight	1	Head	Mouth	HeadAway	1	nan	0
[nose_bleed;K_01_092,verb;A_03_005]	im	FullyOpen	0.0	1.0	0.0	Closed	0.0	OneHanded	Straight	1	Head	CheekNose	HeadAway	1	nan	0
[happen;B_03_080,insult;A_03_006]	i	FullyOpen	0.0	nan	nan	Closed	0.0	SymmetricalOrAlternating	Curved	0	Neutral	Neutral	Neutral	0	nan	1
[happen;B_03_080,insult;A_03_006]	i	FullyOpen	0.0	nan	nan	Closed	0.0	OneHanded	Curved	0	Neutral	Neutral	Neutral	0	1	1
[first;C_01_033,insult;A_03_006]	i	FullyOpen	0.0	nan	nan	Closed	0.0	OneHanded	nan	0	Neutral	Neutral	Neutral	0	nan	1
[first;C_01_033,insult;A_03_006]	i	FullyOpen	0.0	nan	nan	Closed	0.0	OneHanded	Curved	0	Neutral	Neutral	nan	0	nan	1
[insult;A_03_006,up;E_01_069]	i	FullyOpen	0.0	nan	nan	Closed	0.0	OneHanded	Straight	0	Neutral	Neutral	Neutral	0	nan	1
[insult;A_03_006,up;E_01_069]	i	FullyOpen	0.0	nan	nan	Closed	0.0	OneHanded	Curved	0	Neutral	Neutral	Neutral	0	nan	0
[must;F_02_004,insult;A_03_006]	i	Bent	0.0	nan	nan	Closed	0.0	OneHanded	Curved	0	Neutral	Neutral	Neutral	0	nan	1
[must;F_02_004,insult;A_03_006]	i	FullyOpen	0.0	nan	nan	Closed	0.0	OneHanded	Curved	0	Neutral	Neutral	Neutral	0	nan	0
[parallel;H_03_067,insult;A_03_006]	i	FullyOpen	0.0	nan	nan	Closed	0.0	AsymmetricalSameHandshape	Curved	0	Neutral	Neutral	Neutral	0	nan	1
[parallel;H_03_067,insult;A_03_006]	i	FullyOpen	0.0	nan	nan	Closed	0.0	OneHanded	Curved	0	Neutral	Neutral	Neutral	0	1	1
[insult;A_03_006,turn_around;J_02_086]	i	FullyOpen	0.0	nan	nan	Closed	0.0	OneHanded	Circular	0	Neutral	Neutral	Neutral	0	nan	1
[insult;A_03_006,turn_around;J_02_086]	i	FullyOpen	0.0	nan	nan	Closed	0.0	OneHanded	Curved	1	Neutral	Neutral	Neutral	0	nan	1
[desert;A_03_008,really;B_02_021]	i	FullyOpen	0.0	nan	nan	Closed	0.0	OneHanded	Straight	0	Head	Chin	HeadAway	1	nan	0
[desert;A_03_008,really;B_02_021]	i	FullyOpen	1.0	nan	nan	Closed	0.0	OneHanded	Curved	0	Head	Chin	HeadAway	1	nan	0
[desert;A_03_008,sure;C_03_044]	i	FullyOpen	0.0	nan	nan	Closed	0.0	OneHanded	Straight	0	Head	Chin	HeadAway	1	nan	0
[desert;A_03_008,sure;C_03_044]	i	FullyOpen	1.0	nan	nan	Closed	0.0	OneHanded	Straight	0	Head	Mouth	HeadAway	1	nan	0
[desert;A_03_008,disappoint;G_03_018]	i	FullyOpen	0.0	nan	nan	Closed	0.0	OneHanded	Straight	0	Head	Chin	HeadAway	1	nan	0
[desert;A_03_008,disappoint;G_03_018]	i	FullyOpen	1.0	nan	nan	Closed	0.0	OneHanded	Straight	0	Head	Chin	nan	1	nan	0
[desert;A_03_008,intelligent;H_02_080]	i	FullyOpen	0.0	nan	nan	Closed	0.0	OneHanded	Straight	0	Head	Chin	HeadAway	1	nan	0
[desert;A_03_008,intelligent;H_02_080]	i	FullyOpen	1.0	nan	nan	Closed	0.0	OneHanded	Straight	0	Head	Forehead	HeadAway	1	nan	0
[mouse;A_03_009,bored;B_01_017]	i	FullyOpen	0.0	nan	nan	Closed	0.0	OneHanded	Straight	0	Head	CheekNose	HeadAway	1	nan	0
[mouse;A_03_009,bored;B_01_017]	i	FullyOpen	0.0	nan	nan	Closed	0.0	OneHanded	Straight	1	Head	CheekNose	HeadAway	1	nan	1
[lonely;B_03_078,mouse;A_03_009]	i	FullyOpen	0.0	nan	nan	Closed	0.0	OneHanded	Straight	1	Head	Chin	HeadAway	1	nan	0
[lonely;B_03_078,mouse;A_03_009]	i	FullyOpen	0.0	nan	nan	Closed	0.0	OneHanded	Straight	1	Head	CheekNose	nan	1	nan	0
[mouse;A_03_009,computer_mouse;C_01_073]	i	FullyOpen	1.0	nan	nan	Closed	0.0	OneHanded	Straight	1	Head	CheekNose	HeadAway	1	nan	0
[mouse;A_03_009,computer_mouse;C_01_073]	i	FullyOpen	0.0	nan	nan	Closed	0.0	OneHanded	nan	1	Head	CheekNose	HeadAway	1	nan	0
[sure;C_03_044,mouse;A_03_009]	i	FullyOpen	0.0	nan	nan	Closed	0.0	OneHanded	Straight	0	Head	CheekNose	HeadAway	1	nan	0
[sure;C_03_044,mouse;A_03_009]	i	FullyOpen	0.0	nan	nan	Closed	0.0	OneHanded	Straight	1	Head	Mouth	HeadAway	1	nan	0
[mouse;A_03_009,metal;D_02_037]	i	Bent	0.0	nan	nan	Closed	0.0	OneHanded	Straight	1	Head	CheekNose	HeadAway	1	nan	0
[mouse;A_03_009,metal;D_02_037]	i	FullyOpen	0.0	nan	nan	Closed	0.0	OneHanded	Straight	1	Head	UnderChin	HeadAway	1	nan	0
[mouse;A_03_009,rhino;D_03_016]	p	FullyOpen	0.0	nan	nan	Closed	0.0	OneHanded	Straight	1	Head	CheekNose	HeadAway	1	nan	0
[mouse;A_03_009,rhino;D_03_016]	i	FullyOpen	0.0	nan	nan	Closed	0.0	OneHanded	Straight	1	Head	CheekNose	nan	1	nan	0
[mouse;A_03_009,cleftchin;E_01_054]	i	FullyOpen	0.0	nan	nan	Closed	0.0	OneHanded	Straight	1	Head	Chin	HeadAway	1	nan	0
[mouse;A_03_009,cleftchin;E_01_054]	i	FullyOpen	0.0	nan	nan	Closed	0.0	OneHanded	Straight	1	Head	CheekNose	Chin	1	nan	0
[red_faced;F_03_030,mouse;A_03_009]	i	FullyOpen	0.0	nan	nan	Closed	0.0	OneHanded	Straight	0	Head	CheekNose	HeadAway	1	nan	0
[red_faced;F_03_030,mouse;A_03_009]	i	FullyOpen	0.0	nan	nan	Closed	0.0	OneHanded	Straight	1	Head	Chin	HeadAway	1	nan	0
[fake;G_03_080,mouse;A_03_009]	i	FullyOpen	0.0	nan	nan	Closed	0.0	OneHanded	Curved	1	Head	CheekNose	HeadAway	1	nan	0
[fake;G_03_080,mouse;A_03_009]	i	FullyOpen	0.0	nan	nan	Closed	0.0	OneHanded	Straight	0	Head	CheekNose	HeadAway	1	nan	0
[intelligent;H_02_080,mouse;A_03_009]	i	FullyOpen	0.0	nan	nan	Closed	0.0	OneHanded	Straight	0	Head	CheekNose	HeadAway	1	nan	0
[intelligent;H_02_080,mouse;A_03_009]	i	FullyOpen	0.0	nan	nan	Closed	0.0	OneHanded	Straight	1	Head	Forehead	HeadAway	1	nan	0
[sound;H_02_096,mouse;A_03_009]	i	FullyOpen	0.0	nan	nan	Closed	0.0	OneHanded	Straight	1	Head	Other	HeadAway	1	nan	0
[sound;H_02_096,mouse;A_03_009]	i	FullyOpen	0.0	nan	nan	Closed	0.0	OneHanded	Straight	1	Head	CheekNose	nan	1	nan	0
[luck;H_03_009,mouse;A_03_009]	i	FullyOpen	0.0	nan	nan	Open	0.0	OneHanded	Straight	1	Head	CheekNose	HeadAway	1	nan	0
[luck;H_03_009,mouse;A_03_009]	i	FullyOpen	0.0	nan	nan	Closed	0.0	OneHanded	Straight	1	Head	Chin	HeadAway	1	nan	0
[mouse;A_03_009,toy_2;J_01_056]	i	Curved	0.0	nan	nan	Closed	0.0	OneHanded	Straight	1	Head	CheekNose	HeadAway	1	nan	0
[mouse;A_03_009,toy_2;J_01_056]	i	FullyOpen	0.0	nan	nan	Closed	0.0	OneHanded	Straight	1	Head	Chin	HeadAway	1	nan	0
[recent;J_02_056,mouse;A_03_009]	i	Bent	0.0	nan	nan	Closed	0.0	OneHanded	Straight	1	Head	CheekNose	HeadAway	1	nan	0
[recent;J_02_056,mouse;A_03_009]	i	FullyOpen	0.0	nan	nan	Closed	0.0	OneHanded	Straight	1	Head	CheekNose	nan	1	nan	0
[remind;J_02_103,film;B_01_037,psychologist;A_03_010]	imrp	Flat	0.0	0.0	0.0	Open	0.0	AsymmetricalDifferentHandshape	Straight	1	Hand	FingerRadial	nan	1	B	0
[popular;J_01_016,film;B_01_037,psychologist;A_03_010]	imrp	FullyOpen	0.0	1.0	0.0	Open	0.0	AsymmetricalDifferentHandshape	Straight	1	Hand	FingerRadial	nan	1	B	0
[church;C_02_018,psychologist;A_03_010]	imrp	FullyOpen	0.0	0.0	0.0	Open	0.0	AsymmetricalDifferentHandshape	Straight	1	Hand	PalmBack	nan	1	B	0
[average;G_03_050,psychologist;A_03_010]	imrp	FullyOpen	0.0	0.0	0.0	Open	0.0	AsymmetricalSameHandshape	Straight	1	Hand	FingerRadial	nan	1	B	0
[average;G_03_050,psychologist;A_03_010]	imrp	FullyOpen	0.0	0.0	0.0	Open	0.0	AsymmetricalDifferentHandshape	Straight	1	Hand	FingerRadial	nan	1	open_b	0
[psychologist;A_03_010,access;H_02_086]	imrp	FullyOpen	0.0	0.0	0.0	Open	0.0	AsymmetricalDifferentHandshape	Straight	1	Hand	FingerRadial	HandAway	1	B	0
[remind;J_02_103,popular;J_01_016,single_out;J_01_061,psychologist;A_03_010]	imrp	FullyOpen	0.0	0.0	0.0	Open	0.0	AsymmetricalDifferentHandshape	Straight	1	Hand	FingerRadial	nan	1	1	0
[closet_2;E_01_091,egg;A_03_011]	im	FullyOpen	0.0	0.0	0.0	Closed	0.0	SymmetricalOrAlternating	Other	1	Neutral	Neutral	Neutral	1	h	1
[closet_2;E_01_091,egg;A_03_011]	im	FullyOpen	0.0	0.0	0.0	Closed	0.0	SymmetricalOrAlternating	Curved	1	Neutral	Neutral	Neutral	1	h	0
[egg;A_03_011,universe;K_01_127]	im	FullyOpen	0.0	0.0	0.0	Closed	0.0	SymmetricalOrAlternating	Circular	1	Neutral	Neutral	Neutral	1	h	1
[egg;A_03_011,universe;K_01_127]	im	FullyOpen	0.0	0.0	0.0	Closed	0.0	SymmetricalOrAlternating	Curved	0	Neutral	Neutral	Neutral	1	h	1
[strange;C_03_018,fond;J_01_079,roar;J_03_062,lion;A_03_012]	imrp	Curved	0.0	1.0	0.0	Open	0.0	OneHanded	Curved	0	Head	HeadAway	HeadAway	0	nan	0
[strange;C_03_018,lion;A_03_012,smell_money;F_03_026]	imrp	Bent	0.0	0.0	0.0	Open	0.0	OneHanded	Curved	0	Head	HeadAway	HeadAway	0	nan	0
[mad;F_01_084,lion;A_03_012,smell_money;F_03_026]	imrp	FullyOpen	0.0	1.0	0.0	Open	0.0	OneHanded	Curved	0	Head	HeadAway	HeadAway	0	nan	0
[mad;F_01_084,lion;A_03_012]	imrp	Bent	1.0	1.0	0.0	Open	0.0	OneHanded	Curved	0	Head	HeadAway	HeadAway	0	nan	0
[hot;F_02_093,lion;A_03_012]	imrp	Flat	0.0	1.0	0.0	Open	0.0	OneHanded	Curved	0	Head	HeadAway	HeadAway	0	nan	0
[hot;F_02_093,fond;J_01_079,lion;A_03_012]	imrp	Bent	0.0	1.0	0.0	Open	0.0	OneHanded	Curved	0	Head	HeadAway	HeadAway	0	nan	1
[roar;J_03_062,lion;A_03_012]	imrp	Bent	0.0	1.0	0.0	Open	0.0	OneHanded	Curved	1	Head	HeadAway	HeadAway	0	nan	0
[engineer;A_03_014,measure;C_02_037]	p	FullyOpen	0.0	nan	nan	Open	0.0	DominanceViolation	Straight	1	Hand	FingerTip	nan	1	DominanceConditionViolation	1
[engineer;A_03_014,measure;C_02_037]	p	FullyOpen	0.0	nan	nan	Open	0.0	DominanceViolation	nan	1	Hand	FingerTip	nan	1	DominanceConditionViolation	0
[bridesmaid;A_03_016,possible;B_02_005]	imrp	FullyClosed	0.0	nan	0.0	Closed	1.0	SymmetricalOrAlternating	Straight	1	Neutral	Neutral	Neutral	1	s	0
[bridesmaid;A_03_016,possible;B_02_005]	imrp	FullyClosed	0.0	nan	0.0	Closed	1.0	SymmetricalOrAlternating	Straight	1	Neutral	Neutral	nan	0	s	0
[bridesmaid;A_03_016,slave;E_03_094]	imrp	FullyClosed	0.0	nan	0.0	Closed	1.0	SymmetricalOrAlternating	Curved	1	Neutral	Neutral	nan	1	s	0
[bridesmaid;A_03_016,slave;E_03_094]	imrp	FullyClosed	0.0	nan	0.0	Closed	1.0	SymmetricalOrAlternating	Straight	1	Neutral	Neutral	Neutral	1	s	0
[bridesmaid;A_03_016,support_2;F_03_066]	imrp	FullyClosed	0.0	nan	0.0	Closed	1.0	SymmetricalOrAlternating	Straight	0	Neutral	Neutral	nan	1	s	0
[bridesmaid;A_03_016,support_2;F_03_066]	imrp	FullyClosed	0.0	nan	0.0	Closed	1.0	SymmetricalOrAlternating	Straight	1	Neutral	Neutral	Neutral	1	s	0
[bridesmaid;A_03_016,decorate_2;K_02_030]	imrp	FullyClosed	0.0	nan	0.0	Closed	1.0	SymmetricalOrAlternating	Circular	1	Neutral	Neutral	nan	1	s	0
[bridesmaid;A_03_016,decorate_2;K_02_030]	imrp	FullyClosed	0.0	nan	0.0	Closed	1.0	SymmetricalOrAlternating	Straight	1	Neutral	Neutral	Neutral	1	s	0
[flower;A_03_017,kiss;D_02_014]	imrp	Flat	0.0	0.0	0.0	Open	1.0	OneHanded	Curved	0	Head	Chin	CheekNose	1	nan	1
[flower;A_03_017,kiss;D_02_014]	imrp	Flat	0.0	0.0	0.0	Open	1.0	OneHanded	Curved	0	Head	CheekNose	CheekNose	1	nan	0
[witch;A_03_018,watch;G_02_078]	i	Bent	0.0	nan	nan	Open	0.0	OneHanded	Straight	0	Head	HeadAway	HeadAway	1	nan	0
[witch;A_03_018,watch;G_02_078]	i	Bent	0.0	nan	nan	Open	0.0	OneHanded	Curved	0	Head	HeadAway	HeadAway	0	nan	0
[napkin;A_03_019,forgetful;D_02_017]	imrp	FullyOpen	1.0	0.0	0.0	Open	0.0	OneHanded	Circular	1	Head	HeadAway	HeadAway	0	nan	0
[napkin;A_03_019,smell_money;F_03_026]	imrp	FullyOpen	0.0	0.0	0.0	Open	0.0	OneHanded	Circular	0	Head	HeadAway	HeadAway	0	nan	0
[look_for;B_03_045,napkin;A_03_019,sunbathe;H_02_013]	imrp	Flat	0.0	0.0	0.0	Open	0.0	OneHanded	Circular	1	Head	HeadAway	HeadAway	0	nan	0
[dizzy;H_02_102,napkin;A_03_019,sunbathe;H_02_013]	imrp	FullyOpen	0.0	1.0	0.0	Open	0.0	OneHanded	Circular	1	Head	HeadAway	HeadAway	0	nan	0
[napkin;A_03_019,scarf_2;K_03_085,hawaii;J_03_054]	imrp	FullyOpen	0.0	0.0	0.0	Closed	0.0	OneHanded	Circular	1	Head	HeadAway	HeadAway	0	nan	0
[napkin;A_03_019,scarf_2;K_03_085]	imrp	FullyOpen	0.0	0.0	0.0	Open	0.0	OneHanded	Circular	1	Head	HeadAway	HeadAway	0	nan	1
[muscle;G_01_095,doctor;A_03_020]	imrp	Flat	0.0	0.0	0.0	Open	0.0	OneHanded	Straight	1	Arm	WristFront	nan	1	nan	0
[muscle;G_01_095,doctor;A_03_020]	imrp	Flat	0.0	0.0	0.0	Open	1.0	OneHanded	Straight	1	Arm	UpperArm	nan	1	nan	0
[neutral;A_03_021,monday;C_03_070]	imr	Flat	0.0	0.0	0.0	Closed	1.0	OneHanded	Straight	1	Neutral	Neutral	Neutral	0	nan	0
[neutral;A_03_021,monday;C_03_070]	im	Flat	0.0	0.0	0.0	Closed	1.0	OneHanded	Circular	1	Neutral	Neutral	Neutral	0	nan	0
[bolt;F_01_089,neutral;A_03_021]	im	Flat	0.0	0.0	0.0	Closed	0.0	OneHanded	Straight	1	Neutral	Neutral	Neutral	0	nan	0
[bolt;F_01_089,neutral;A_03_021]	im	Flat	0.0	0.0	0.0	Closed	1.0	OneHanded	Straight	1	Neutral	Neutral	Neutral	0	nan	1
[bracelet;A_03_024,time;B_02_080]	i	Bent	0.0	nan	nan	Open	0.0	OneHanded	Straight	1	Arm	WristBack	nan	1	nan	0
[bracelet;A_03_024,time;B_02_080]	i	Curved	0.0	nan	nan	Closed	0.0	OneHanded	Straight	1	Arm	WristBack	nan	1	nan	0
[bracelet;A_03_024,needle;H_02_077]	i	FullyOpen	0.0	nan	nan	Open	0.0	OneHanded	Straight	1	Arm	WristBack	nan	1	nan	0
[bracelet;A_03_024,needle;H_02_077]	i	Curved	0.0	nan	nan	Open	0.0	OneHanded	Straight	1	Arm	UpperArm	nan	1	nan	0
[bracelet;A_03_024,fireman_2;K_03_052]	i	Curved	0.0	nan	nan	Open	0.0	OneHanded	Straight	1	Head	WristBack	nan	1	nan	0
[bracelet;A_03_024,fireman_2;K_03_052]	i	Curved	0.0	nan	nan	Open	0.0	OneHanded	Straight	1	Arm	Forehead	nan	1	nan	0
[pirate;A_03_058,axe;F_01_013,table;A_03_025]	imrp	FullyOpen	0.0	0.0	0.0	Open	0.0	OneHanded	Straight	1	Arm	Eye	nan	1	nan	0
[axe;F_01_013,table;A_03_025,know;C_01_048]	imrp	FullyOpen	0.0	0.0	0.0	Open	0.0	OneHanded	Straight	1	Arm	Forehead	nan	1	nan	0
[axe;F_01_013,yawn_1;F_02_079,table;A_03_025]	imrp	FullyOpen	0.0	0.0	0.0	Open	0.0	OneHanded	Straight	1	Arm	Mouth	nan	1	nan	0
[muscle;G_01_095,table;A_03_025]	imrp	Flat	0.0	0.0	0.0	Open	0.0	OneHanded	Straight	1	Arm	ForearmBack	nan	1	nan	0
[axe;F_01_013,muscle;G_01_095,table;A_03_025]	imrp	FullyOpen	0.0	0.0	0.0	Open	0.0	OneHanded	Straight	1	Arm	UpperArm	nan	1	nan	0
[table;A_03_025,dog_2;K_01_055,baby_2;K_01_042]	imrp	FullyOpen	0.0	0.0	0.0	Open	0.0	OneHanded	Straight	1	Body	ForearmBack	nan	1	nan	0
[axe;F_01_013,table;A_03_025,baby_2;K_01_042]	imrp	FullyOpen	0.0	0.0	0.0	Open	0.0	OneHanded	Straight	1	Arm	TorsoTop	nan	1	nan	0
[axe;F_01_013,table;A_03_025,dog_2;K_01_055]	imrp	FullyOpen	0.0	0.0	0.0	Open	0.0	OneHanded	Straight	1	Arm	Hips	nan	1	nan	0
[table;A_03_025,cracker_2;K_03_093]	imrp	FullyOpen	0.0	1.0	0.0	Open	0.0	OneHanded	Straight	1	Arm	ForearmBack	nan	1	nan	0
[axe;F_01_013,table;A_03_025,cracker_2;K_03_093]	imrp	FullyOpen	0.0	0.0	0.0	Open	0.0	OneHanded	Straight	1	Arm	ElbowBack	nan	1	nan	0
[math;A_03_027,museum;C_01_024]	imrp	Flat	0.0	0.0	0.0	Closed	1.0	SymmetricalOrAlternating	Curved	1	Neutral	Neutral	Neutral	1	flat_m	0
[math;A_03_027,museum;C_01_024]	imrp	Flat	0.0	0.0	0.0	Closed	1.0	SymmetricalOrAlternating	Straight	0	Neutral	Neutral	Neutral	1	flat_m	0
[fire;B_03_090,what_1;D_02_084,piano;A_03_029,wave;A_03_079]	imrp	FullyOpen	0.0	1.0	0.0	Open	0.0	SymmetricalOrAlternating	Z-shaped	1	Neutral	Neutral	Neutral	0	5	0
[traffic;B_01_043,piano;A_03_029,well;D_01_009]	imrp	FullyOpen	0.0	1.0	0.0	Open	0.0	SymmetricalOrAlternating	Curved	1	Neutral	Neutral	nan	0	5	0
[wrestle;J_01_033,piano;A_03_029,whatever;B_02_025,busted;G_01_022]	imrp	FullyOpen	0.0	1.0	0.0	Open	0.0	SymmetricalOrAlternating	Curved	1	Neutral	Neutral	Neutral	1	5	0
[wrestle;J_01_033,freeway;B_03_001,piano;A_03_029,splash-ca;K_02_037]	imrp	FullyOpen	0.0	1.0	0.0	Open	0.0	SymmetricalOrAlternating	Curved	1	Neutral	Neutral	Neutral	0	5	1
[windy;G_02_080,piano;A_03_029,audience;F_01_072]	imrp	FullyOpen	1.0	1.0	0.0	Open	0.0	SymmetricalOrAlternating	Curved	1	Neutral	Neutral	Neutral	0	5	0
[leave_alone;H_03_105,what_1;D_02_084,piano;A_03_029,fire;B_03_090]	imrp	FullyOpen	0.0	1.0	0.0	Open	0.0	SymmetricalOrAlternating	BackAndForth	1	Neutral	Neutral	Neutral	0	5	0
[plug;E_01_022,mechanic;A_03_030]	im	Flat	0.0	1.0	0.0	Closed	0.0	AsymmetricalDifferentHandshape	Curved	1	Hand	Other	nan	1	1	0
[plug;E_01_022,mechanic;A_03_030,vocabulary;H_01_082]	im	FullyOpen	0.0	1.0	0.0	Closed	0.0	AsymmetricalDifferentHandshape	Straight	1	Hand	Other	nan	1	1	0
[mechanic;A_03_030,vocabulary;H_01_082]	im	FullyOpen	0.0	1.0	0.0	Closed	0.0	AsymmetricalDifferentHandshape	Curved	1	Hand	FingerBack	nan	1	1	0
[roar;J_03_062,grass;A_03_031]	imrp	Curved	0.0	1.0	0.0	Open	0.0	OneHanded	Curved	1	Head	HeadAway	HeadAway	1	nan	0
[roar;J_03_062,grass;A_03_031]	imrp	Curved	0.0	1.0	0.0	Open	0.0	OneHanded	Curved	1	Head	UnderChin	HeadAway	0	nan	0
[seem;F_01_043,mirror;A_03_034,cousin;C_01_023]	imrp	Flat	0.0	0.0	0.0	Open	0.0	OneHanded	nan	1	Head	HeadAway	nan	0	nan	1
[seem;F_01_043,mirror;A_03_034]	imrp	FullyOpen	0.0	0.0	0.0	Open	0.0	OneHanded	nan	0	Head	HeadAway	nan	0	nan	1
[wrong;C_03_050,river;A_03_035]	p	FullyOpen	0.0	nan	nan	Open	1.0	OneHanded	Straight	0	Head	Chin	nan	1	nan	0
[wrong;C_03_050,river;A_03_035]	p	Flat	0.0	nan	nan	Open	0.0	OneHanded	Straight	0	Head	Chin	nan	1	nan	0
[scout;H_02_099,river;A_03_035]	p	Curved	0.0	nan	nan	Open	1.0	OneHanded	Straight	0	Head	Chin	nan	1	nan	0
[scout;H_02_099,river;A_03_035]	p	Flat	0.0	nan	nan	Open	1.0	OneHanded	Straight	0	Head	HeadTop	nan	1	nan	0
[pirate;A_03_058,oops;D_03_056,bed;A_03_037]	imrp	FullyOpen	0.0	0.0	0.0	Open	0.0	OneHanded	Straight	0	Head	Eye	nan	1	nan	0
[bitch;H_01_058,good;B_01_052,goatee;G_01_074,woman;C_02_028,bed;A_03_037,oops;D_03_056]	imrp	FullyOpen	0.0	0.0	0.0	Open	0.0	OneHanded	Straight	0	Head	Chin	nan	1	nan	0
[good;B_01_052,bed;A_03_037]	imrp	FullyOpen	0.0	0.0	0.0	Open	0.0	OneHanded	Straight	0	Head	Other	HeadAway	1	nan	0
[oops;D_03_056,know;C_01_048,bed;A_03_037]	imrp	FullyOpen	0.0	0.0	0.0	Open	0.0	OneHanded	Straight	0	Head	Forehead	nan	1	nan	0
[dog;H_02_103,my;C_01_060,bed;A_03_037]	imrp	FullyOpen	0.0	0.0	0.0	Open	0.0	OneHanded	Straight	0	Body	Other	nan	1	nan	0
[oops;D_03_056,my;C_01_060,bed;A_03_037]	imrp	FullyOpen	0.0	0.0	0.0	Open	0.0	OneHanded	Straight	0	Head	TorsoTop	nan	1	nan	0
[woman;C_02_028,bed;A_03_037]	imrp	FullyOpen	0.0	1.0	0.0	Open	0.0	OneHanded	Straight	0	Head	Other	nan	1	nan	0
[bitch;H_01_058,bed;A_03_037]	imrp	FullyOpen	0.0	0.0	0.0	Closed	0.0	OneHanded	Straight	0	Head	Other	nan	1	nan	0
[dog;H_02_103,oops;D_03_056,bed;A_03_037]	imrp	FullyOpen	0.0	0.0	0.0	Open	0.0	OneHanded	Straight	0	Head	Hips	nan	1	nan	0
[bed_2;K_03_004,bed;A_03_037]	imrp	FullyOpen	0.0	0.0	0.0	Open	0.0	SymmetricalOrAlternating	Straight	0	Head	Other	nan	1	nan	0
[bed_2;K_03_004,bed;A_03_037]	imrp	FullyOpen	0.0	0.0	0.0	Open	0.0	OneHanded	Straight	0	Head	Other	nan	1	open_b	0
[recent;H_03_090,onion;A_03_038]	i	Bent	0.0	nan	nan	Closed	0.0	OneHanded	nan	1	Head	CheekNose	nan	1	nan	1
[recent;H_03_090,onion;A_03_038]	i	Bent	0.0	nan	nan	Closed	0.0	OneHanded	nan	1	Head	Eye	nan	1	nan	0
[cry_4;K_03_060,onion;A_03_038]	i	Bent	0.0	nan	nan	Open	0.0	OneHanded	nan	1	Head	Eye	nan	1	nan	1
[cry_4;K_03_060,onion;A_03_038]	i	Bent	0.0	nan	nan	Closed	1.0	OneHanded	nan	1	Head	Eye	nan	1	nan	1
[earth;C_03_002,earthquake;A_03_039]	m	Curved	0.0	nan	nan	Open	0.0	AsymmetricalDifferentHandshape	nan	1	Hand	PalmBack	nan	1	S	1
[earth;C_03_002,earthquake;A_03_039]	m	Flat	0.0	nan	nan	Open	0.0	AsymmetricalDifferentHandshape	nan	1	Hand	PalmBack	nan	1	B	1
[planet;F_01_019,earthquake;A_03_039]	m	Flat	0.0	nan	nan	Open	0.0	AsymmetricalDifferentHandshape	Curved	1	Hand	PalmBack	nan	1	S	1
[planet;F_01_019,earthquake;A_03_039]	m	Flat	0.0	nan	nan	Open	0.0	AsymmetricalDifferentHandshape	nan	1	Hand	PalmBack	nan	1	C	1
[meat_2;F_03_021,earthquake;A_03_039]	m	Flat	0.0	nan	nan	Open	0.0	AsymmetricalDifferentHandshape	nan	1	Hand	PalmBack	nan	1	B	1
[meat_2;F_03_021,earthquake;A_03_039]	m	Flat	0.0	nan	nan	Open	0.0	AsymmetricalDifferentHandshape	nan	1	Hand	PalmBack	nan	1	S	0
[fish;A_03_040,edge;E_03_099]	imrp	FullyOpen	0.0	0.0	0.0	Open	0.0	AsymmetricalSameHandshape	nan	1	Hand	FingerTip	nan	1	open_b	0
[fish;A_03_040,edge;E_03_099]	imrp	FullyOpen	1.0	0.0	0.0	Open	0.0	AsymmetricalSameHandshape	Straight	1	Hand	FingerTip	nan	1	open_b	0
[easy_to_do;G_02_073,fish;A_03_040]	imrp	FullyOpen	1.0	0.0	0.0	Open	0.0	AsymmetricalSameHandshape	nan	1	Hand	FingerBack	nan	1	open_b	0
[easy_to_do;G_02_073,fish;A_03_040]	imrp	FullyOpen	1.0	0.0	0.0	Open	0.0	AsymmetricalSameHandshape	nan	1	Hand	FingerTip	HandAway	1	open_b	0
[fox;A_03_041,bee;E_03_018]	i	Curved	0.0	nan	nan	Open	1.0	OneHanded	nan	1	Head	CheekNose	nan	1	nan	0
[fox;A_03_041,bee;E_03_018]	i	Curved	0.0	nan	nan	Open	1.0	OneHanded	Curved	0	Head	CheekNose	nan	1	nan	0
[fox;A_03_041,soon_1;G_01_004]	i	Curved	0.0	nan	nan	Open	1.0	OneHanded	Straight	1	Head	CheekNose	nan	1	nan	0
[fox;A_03_041,soon_1;G_01_004]	i	Curved	0.0	nan	nan	Open	1.0	OneHanded	Curved	1	Head	Chin	nan	1	nan	0
[fox;A_03_041,cheek;G_03_052]	i	Bent	0.0	nan	nan	Open	1.0	OneHanded	Curved	1	Head	CheekNose	nan	1	nan	0
[fox;A_03_041,cheek;G_03_052]	i	Curved	0.0	nan	nan	Open	1.0	OneHanded	Straight	1	Head	CheekNose	nan	1	nan	0
[window;A_03_042,easy;D_01_070,wood;C_03_031,warn;B_01_033]	imrp	FullyOpen	0.0	0.0	0.0	Open	0.0	AsymmetricalSameHandshape	Straight	1	Hand	PalmBack	HandAway	1	open_b	0
[window;A_03_042,wood;C_03_031,average;G_03_050]	imrp	FullyOpen	0.0	0.0	0.0	Open	0.0	AsymmetricalSameHandshape	Straight	1	Hand	FingerRadial	PalmBack	1	open_b	0
[window;A_03_042,operate_machine;G_02_026,minimum;J_03_077,sweep;D_01_086]	imrp	FullyOpen	0.0	0.0	0.0	Open	0.0	AsymmetricalSameHandshape	Curved	1	Hand	FingerRadial	HandAway	1	open_b	0
[window;A_03_042,easy;D_01_070,sweep;D_01_086]	imrp	FullyOpen	0.0	0.0	0.0	Open	0.0	AsymmetricalSameHandshape	Straight	1	Hand	Palm	HandAway	1	open_b	0
[window;A_03_042,easy;D_01_070,end;E_01_074,edge;E_03_099]	imrp	FullyOpen	0.0	0.0	0.0	Open	0.0	AsymmetricalSameHandshape	Straight	1	Hand	FingerTip	HandAway	1	open_b	0
[window;A_03_042,operate_machine;G_02_026,easy;D_01_070]	imrp	FullyOpen	0.0	0.0	0.0	Open	0.0	AsymmetricalSameHandshape	Straight	1	Hand	FingerFront	HandAway	1	open_b	0
[window;A_03_042,bother;H_01_040]	imrp	FullyOpen	0.0	0.0	0.0	Open	0.0	AsymmetricalSameHandshape	Straight	1	Hand	FingerRadial	HandAway	0	open_b	0
[window;A_03_042,major;J_01_057]	imrp	FullyOpen	0.0	0.0	0.0	Closed	0.0	AsymmetricalSameHandshape	Straight	1	Hand	FingerRadial	HandAway	1	open_b	0
[window;A_03_042,major;J_01_057]	imrp	FullyOpen	0.0	0.0	0.0	Open	0.0	AsymmetricalSameHandshape	Straight	1	Hand	FingerRadial	HandAway	1	closed_b	0
[print;B_01_045,accountant;A_03_044]	i	FullyOpen	0.0	nan	nan	Open	1.0	AsymmetricalDifferentHandshape	Straight	1	Hand	Palm	nan	1	B	0
[print;B_01_045,accountant;A_03_044]	i	Curved	1.0	nan	nan	Open	1.0	AsymmetricalDifferentHandshape	Straight	1	Hand	Palm	nan	1	B	0
[vote;B_02_040,accountant;A_03_044]	i	Curved	0.0	nan	nan	Open	1.0	AsymmetricalDifferentHandshape	Straight	1	Hand	FingerRadial	nan	1	B	0
[vote;B_02_040,accountant;A_03_044]	i	Curved	0.0	nan	nan	Open	1.0	AsymmetricalDifferentHandshape	Straight	1	Hand	Palm	nan	1	C	0
[write;D_01_051,accountant;A_03_044]	i	Bent	0.0	nan	nan	Open	1.0	AsymmetricalDifferentHandshape	Straight	1	Hand	Palm	nan	1	B	0
[write;D_01_051,accountant;A_03_044]	i	Curved	0.0	nan	nan	Open	1.0	AsymmetricalDifferentHandshape	Straight	1	Hand	Palm	HandAway	1	B	0
[newspaper;D_02_053,accountant;A_03_044]	i	Flat	0.0	nan	nan	Open	1.0	AsymmetricalDifferentHandshape	Straight	1	Hand	Palm	nan	1	B	0
[newspaper;D_02_053,accountant;A_03_044]	i	Curved	1.0	nan	nan	Open	1.0	AsymmetricalDifferentHandshape	Straight	1	Hand	Palm	nan	1	B	0
[high_heels;F_02_008,accountant;A_03_044]	i	Curved	0.0	nan	nan	Open	0.0	AsymmetricalDifferentHandshape	Straight	1	Hand	Palm	nan	1	B	0
[high_heels;F_02_008,accountant;A_03_044]	i	Curved	0.0	nan	nan	Open	1.0	AsymmetricalDifferentHandshape	Straight	1	Hand	Heel	nan	1	B	0
[grade;F_02_076,accountant;A_03_044]	i	Flat	0.0	nan	nan	Open	1.0	AsymmetricalDifferentHandshape	Straight	1	Hand	Palm	nan	1	B	0
[grade;F_02_076,accountant;A_03_044]	i	Curved	0.0	nan	nan	Open	0.0	AsymmetricalDifferentHandshape	Straight	1	Hand	Palm	nan	1	B	0
[count;G_02_054,accountant;A_03_044]	i	Curved	0.0	nan	nan	Open	1.0	AsymmetricalDifferentHandshape	Straight	0	Hand	Palm	nan	1	B	0
[count;G_02_054,accountant;A_03_044]	i	Curved	0.0	nan	nan	Open	1.0	AsymmetricalDifferentHandshape	Straight	1	Hand	Palm	FingerFront	1	B	0
[score;H_01_060,accountant;A_03_044]	i	Curved	0.0	nan	nan	Open	1.0	AsymmetricalDifferentHandshape	Straight	0	Hand	Palm	nan	1	B	0
[score;H_01_060,accountant;A_03_044]	i	Curved	0.0	nan	nan	Open	1.0	AsymmetricalDifferentHandshape	Straight	1	Hand	Palm	HandAway	1	B	0
[mosquito;H_03_053,accountant;A_03_044]	i	Curved	0.0	nan	nan	Open	1.0	AsymmetricalDifferentHandshape	Straight	0	Hand	Palm	nan	1	B	0
[mosquito;H_03_053,accountant;A_03_044]	i	Curved	0.0	nan	nan	Open	1.0	AsymmetricalDifferentHandshape	Straight	1	Hand	PalmBack	nan	1	B	0
[basketball;A_03_045,keyboard;B_03_070]	imrp	Curved	1.0	1.0	0.0	Open	0.0	SymmetricalOrAlternating	nan	1	Neutral	Neutral	nan	0	curved_5	1
[basketball;A_03_045,keyboard;B_03_070,dont_want;E_02_014]	imrp	Curved	0.0	1.0	0.0	Open	0.0	SymmetricalOrAlternating	nan	1	Neutral	Neutral	nan	0	curved_5	0
[basketball;A_03_045,corn_2;C_02_026]	imrp	Curved	0.0	1.0	0.0	Open	0.0	SymmetricalOrAlternating	nan	1	Head	Neutral	nan	0	curved_5	1
[basketball;A_03_045,corn_2;C_02_026]	imrp	Curved	0.0	1.0	0.0	Open	0.0	SymmetricalOrAlternating	nan	1	Neutral	HeadAway	nan	0	curved_5	1
[basketball;A_03_045,channel;C_03_023]	imrp	Curved	0.0	1.0	0.0	Open	0.0	OneHanded	nan	1	Neutral	Neutral	nan	0	curved_5	1
[basketball;A_03_045,channel;C_03_023]	imrp	Curved	0.0	1.0	0.0	Open	0.0	SymmetricalOrAlternating	nan	1	Neutral	Neutral	nan	0	nan	1
[basketball;A_03_045,dont_want;E_02_014]	imrp	Curved	0.0	1.0	0.0	Open	0.0	SymmetricalOrAlternating	nan	0	Neutral	Neutral	nan	0	curved_5	1
[basketball;A_03_045,basketball;K_01_013]	im	Curved	0.0	1.0	0.0	Open	0.0	SymmetricalOrAlternating	nan	1	Neutral	Neutral	nan	0	curved_5	1
[basketball;A_03_045,basketball;K_01_013]	imrp	Curved	0.0	1.0	0.0	Open	0.0	SymmetricalOrAlternating	nan	1	Neutral	Neutral	nan	0	curved_v	1
[basketball;A_03_045,cloud_3;K_02_071]	imrp	Curved	0.0	1.0	0.0	Open	0.0	SymmetricalOrAlternating	Straight	1	Neutral	Neutral	nan	0	curved_5	1
[basketball;A_03_045,cloud_3;K_02_071]	imrp	Curved	0.0	1.0	0.0	Open	0.0	SymmetricalOrAlternating	nan	1	Neutral	Neutral	Neutral	0	curved_5	1
[clothes;E_03_096,wear;B_02_032,dress;A_03_046]	imrp	FullyOpen	0.0	1.0	0.0	Open	0.0	SymmetricalOrAlternating	Curved	0	Body	TorsoTop	BodyAway	1	5	1
[wear;B_02_032,dress;A_03_046]	imrp	FullyOpen	0.0	1.0	0.0	Open	0.0	SymmetricalOrAlternating	Curved	0	Body	Clavicle	BodyAway	1	5	0
[clothes;E_03_096,dress;A_03_046]	imrp	FullyOpen	0.0	1.0	0.0	Open	0.0	SymmetricalOrAlternating	Curved	1	Body	Clavicle	BodyAway	1	5	1
[actor;A_03_047,bath;B_01_019]	t	nan	nan	nan	nan	Open	nan	SymmetricalOrAlternating	Straight	1	Body	TorsoTop	BodyAway	1	a	0
[actor;A_03_047,bath;B_01_019]	t	nan	nan	nan	nan	Open	nan	SymmetricalOrAlternating	Circular	1	Body	TorsoTop	TorsoTop	1	a	0
[brag;B_03_011,actor;A_03_047]	t	nan	nan	nan	nan	Open	nan	SymmetricalOrAlternating	Straight	1	Body	TorsoTop	BodyAway	1	a	0
[brag;B_03_011,actor;A_03_047]	t	nan	nan	nan	nan	Open	nan	SymmetricalOrAlternating	Circular	1	Body	Waist	BodyAway	1	a	0
[actor;A_03_047,backpack;G_01_064]	t	nan	nan	nan	nan	Open	nan	SymmetricalOrAlternating	Circular	1	Body	Clavicle	BodyAway	1	a	0
[actor;A_03_047,backpack;G_01_064]	t	nan	nan	nan	nan	Open	nan	SymmetricalOrAlternating	Circular	1	Body	TorsoTop	nan	1	a	0
[actor;A_03_047,bathtub;K_02_101]	t	nan	nan	nan	nan	Open	nan	SymmetricalOrAlternating	Curved	1	Body	TorsoTop	BodyAway	1	a	0
[actor;A_03_047,bathtub;K_02_101]	t	nan	nan	nan	nan	Open	nan	SymmetricalOrAlternating	Circular	1	Body	TorsoTop	TorsoMid	1	a	0
[child;F_03_101,spaceship;J_03_074,stairs;A_03_048,walk_2;J_03_067]	im	Flat	0.0	0.0	0.0	Open	0.0	OneHanded	Straight	1	Neutral	Neutral	Neutral	0	nan	0
[spaceship;J_03_074,stairs;A_03_048,noon;G_02_014]	im	FullyOpen	0.0	0.0	0.0	Open	0.0	OneHanded	Straight	1	Neutral	Neutral	Neutral	0	nan	0
[stairs;A_03_048,walk_2;J_03_067]	im	Bent	0.0	1.0	0.0	Open	0.0	OneHanded	Straight	1	Neutral	Neutral	Neutral	0	nan	0
[ticket;E_02_029,potato;A_03_050]	im	Bent	0.0	1.0	0.0	Closed	0.0	AsymmetricalDifferentHandshape	Straight	1	Hand	FingerUlnar	nan	1	C	0
[ticket;E_02_029,potato;A_03_050]	im	Bent	0.0	1.0	0.0	Closed	0.0	AsymmetricalDifferentHandshape	Straight	1	Hand	PalmBack	nan	1	B	0
[lettuce;B_01_073,rooster;A_03_051]	im	Bent	0.0	1.0	0.0	Open	0.0	OneHanded	Straight	1	Head	Forehead	nan	1	nan	0
[mother;B_02_008,rooster;A_03_051]	im	FullyOpen	0.0	1.0	0.0	Open	0.0	OneHanded	Straight	1	Head	Chin	nan	1	nan	0
[know;C_01_048,rooster;A_03_051]	im	FullyOpen	0.0	0.0	0.0	Open	0.0	OneHanded	Straight	1	Head	Forehead	nan	1	nan	0
[stupid_1;C_01_058,rooster;A_03_051]	im	FullyOpen	0.0	1.0	0.0	Open	0.0	OneHanded	Straight	0	Head	Forehead	nan	1	nan	0
[door;A_03_052,gate;E_03_064,than;F_02_002]	imrp	FullyOpen	0.0	0.0	0.0	Closed	0.0	AsymmetricalSameHandshape	Curved	1	Hand	FingerBack	HandAway	1	closed_b	1
[door;A_03_052,gate;E_03_064,cross_2;H_01_007,major;J_01_057]	imrp	FullyOpen	0.0	0.0	0.0	Closed	0.0	AsymmetricalSameHandshape	Curved	1	Hand	FingerRadial	HandAway	1	closed_b	0
[door;A_03_052,cheap;F_02_056,cross_2;H_01_007,than;F_02_002]	imrp	FullyOpen	0.0	0.0	0.0	Closed	0.0	AsymmetricalSameHandshape	Curved	0	Hand	FingerRadial	HandAway	1	closed_b	1
[door;A_03_052,cheap;F_02_056]	imrp	FullyOpen	0.0	0.0	0.0	Closed	0.0	AsymmetricalSameHandshape	Curved	1	Hand	Palm	HandAway	1	closed_b	1
[door;A_03_052,major;J_01_057]	imrp	FullyOpen	0.0	0.0	0.0	Closed	0.0	AsymmetricalSameHandshape	Straight	1	Hand	FingerRadial	HandAway	1	closed_b	1
[apple;A_03_054,recent;J_02_056]	i	Bent	0.0	nan	nan	Closed	0.0	OneHanded	Straight	1	Head	CheekNose	nan	1	nan	1
[apple;A_03_054,recent;J_02_056]	i	Bent	0.0	nan	nan	Closed	0.0	OneHanded	nan	1	Head	CheekNose	nan	1	nan	0
[boat;D_01_055,prayer;C_03_090,butterfly;A_03_056]	imrp	FullyOpen	0.0	0.0	0.0	Open	0.0	SymmetricalOrAlternating	nan	1	Neutral	Neutral	nan	1	open_b	0
[prayer;C_03_090,butterfly;A_03_056]	imrp	FullyOpen	1.0	0.0	0.0	Open	0.0	SymmetricalOrAlternating	Straight	1	Neutral	Neutral	nan	1	open_b	0
[boat;D_01_055,butterfly;A_03_056]	imrp	FullyOpen	1.0	0.0	0.0	Open	0.0	SymmetricalOrAlternating	Curved	1	Neutral	Neutral	nan	1	open_b	0
[germany;D_02_088,butterfly;A_03_056]	imrp	FullyOpen	1.0	1.0	0.0	Open	0.0	SymmetricalOrAlternating	nan	1	Neutral	Neutral	nan	1	open_b	0
[germany;D_02_088,butterfly;A_03_056]	imrp	FullyOpen	1.0	0.0	0.0	Open	0.0	SymmetricalOrAlternating	nan	1	Neutral	Neutral	nan	1	5	0
[dolphin;A_03_057,float_3;K_01_082]	im	FullyOpen	0.0	0.0	0.0	Open	0.0	OneHanded	Z-shaped	0	Arm	ArmAway	ArmAway	0	nan	0
[dolphin;A_03_057,float_3;K_01_082]	im	Crossed	0.0	1.0	0.0	Open	0.0	OneHanded	Z-shaped	0	Arm	ArmAway	ArmAway	0	nan	0
[pirate;A_03_058,father;B_01_077,mother;B_02_008]	imrp	FullyOpen	0.0	1.0	0.0	Open	0.0	OneHanded	Straight	1	Head	Eye	nan	1	nan	0
[pirate;A_03_058,frustrate;C_02_050,shark_1;E_03_023]	imrp	FullyOpen	0.0	0.0	0.0	Closed	0.0	OneHanded	Straight	1	Head	Eye	nan	1	nan	0
[pirate;A_03_058,dog_2;K_01_055,baby_2;K_01_042]	imrp	FullyOpen	0.0	0.0	0.0	Open	0.0	OneHanded	Straight	1	Body	Eye	nan	1	nan	0
[secretary;A_03_059,pickle;H_03_098]	im	Stacked	0.0	nan	0.0	Open	1.0	OneHanded	nan	1	Head	Mouth	nan	1	nan	0
[secretary;A_03_059,pickle;H_03_098]	im	Stacked	0.0	nan	0.0	Open	1.0	OneHanded	nan	0	Head	Mouth	nan	1	nan	1
[deer;A_03_060,antlers;F_01_027]	imrp	FullyOpen	0.0	1.0	0.0	Open	0.0	SymmetricalOrAlternating	Curved	1	Head	Forehead	HeadAway	1	5	0
[deer;A_03_060,antlers;F_01_027]	imrp	FullyOpen	0.0	1.0	0.0	Open	0.0	SymmetricalOrAlternating	Straight	0	Head	Forehead	HeadAway	1	5	0
[war;B_03_075,rain;A_03_061]	imrp	Flat	0.0	1.0	0.0	Open	0.0	SymmetricalOrAlternating	Straight	1	Neutral	Neutral	Neutral	0	spread_open_e	0
[war;B_03_075,rain;A_03_061]	imrp	Bent	0.0	1.0	0.0	Open	0.0	SymmetricalOrAlternating	Straight	1	Neutral	Neutral	Neutral	0	flatspread_5	0
[rain;A_03_061,match;D_01_050]	imrp	Bent	0.0	1.0	0.0	Open	0.0	SymmetricalOrAlternating	Straight	0	Neutral	Neutral	Neutral	0	spread_open_e	0
[what_1;D_02_084,rain;A_03_061]	imrp	FullyOpen	0.0	1.0	0.0	Open	0.0	SymmetricalOrAlternating	Straight	1	Neutral	Neutral	Neutral	0	spread_open_e	0
[what_1;D_02_084,rain;A_03_061]	imrp	Bent	0.0	1.0	0.0	Open	0.0	SymmetricalOrAlternating	Straight	1	Neutral	Neutral	Neutral	0	5	0
[heavy;F_01_085,rain;A_03_061]	imrp	Curved	0.0	1.0	0.0	Open	0.0	SymmetricalOrAlternating	Straight	1	Neutral	Neutral	Neutral	0	spread_open_e	0
[heavy;F_01_085,rain;A_03_061]	imrp	Bent	0.0	1.0	0.0	Open	0.0	SymmetricalOrAlternating	Straight	1	Neutral	Neutral	Neutral	0	curved_5	0
[secret;C_03_076,bar;A_03_072]	t	nan	nan	nan	nan	Open	nan	OneHanded	Straight	1	Head	Chin	nan	0	nan	0
[secret;C_03_076,bar;A_03_072]	t	nan	nan	nan	nan	Open	nan	OneHanded	Straight	1	Head	Mouth	nan	1	nan	0
[nut;D_02_073,bar;A_03_072]	t	nan	nan	nan	nan	Open	nan	OneHanded	Straight	1	Head	Mouth	HeadAway	0	nan	0
[nut;D_02_073,bar;A_03_072]	t	nan	nan	nan	nan	Open	nan	OneHanded	Straight	1	Head	Mouth	nan	1	nan	0
[bar;A_03_072,confidential;G_02_022]	t	nan	nan	nan	nan	Open	nan	OneHanded	Straight	1	Head	Mouth	Mouth	0	nan	0
[bar;A_03_072,confidential;G_02_022]	t	nan	nan	nan	nan	Open	nan	OneHanded	Straight	1	Head	Mouth	nan	1	nan	0
[athlete;J_03_068,bar;A_03_072]	t	nan	nan	nan	nan	Open	nan	OneHanded	Straight	1	Neutral	Mouth	nan	0	nan	0
[athlete;J_03_068,bar;A_03_072]	t	nan	nan	nan	nan	Open	nan	OneHanded	Straight	1	Head	Neutral	nan	0	nan	0
[bacon;A_03_073,fair;G_01_080]	imrp	Flat	0.0	0.0	0.0	Open	0.0	SymmetricalOrAlternating	Straight	1	Neutral	Neutral	Neutral	1	flat_h	0
[bacon;A_03_073,fair;G_01_080]	im	Flat	0.0	0.0	0.0	Open	0.0	SymmetricalOrAlternating	Straight	1	Neutral	Neutral	Neutral	1	flat_b	0
[pull;D_02_062,drum;A_03_075]	i	Bent	0.0	nan	nan	Open	1.0	SymmetricalOrAlternating	Straight	1	Neutral	Neutral	Neutral	0	baby_o	0
[pull;D_02_062,drum;A_03_075]	i	Bent	0.0	nan	nan	Open	1.0	SymmetricalOrAlternating	Curved	0	Neutral	Neutral	Neutral	0	baby_o	0
[wrap_up;F_03_091,drum;A_03_075]	i	Bent	0.0	nan	nan	Open	1.0	SymmetricalOrAlternating	Other	1	Neutral	Neutral	Neutral	0	baby_o	0
[wrap_up;F_03_091,drum;A_03_075]	i	Bent	0.0	nan	nan	Open	1.0	SymmetricalOrAlternating	Curved	1	Neutral	Neutral	Neutral	0	baby_o	1
[deal_cards;J_02_074,drum;A_03_075]	i	Bent	0.0	nan	nan	Open	1.0	SymmetricalOrAlternating	Curved	0	Neutral	Neutral	Neutral	0	baby_o	0
[deal_cards;J_02_074,drum;A_03_075]	i	Bent	0.0	nan	nan	Open	1.0	SymmetricalOrAlternating	Curved	1	Neutral	Neutral	Neutral	1	baby_o	0
[knitting_2;K_02_025,drum;A_03_075]	i	Bent	0.0	nan	nan	Open	1.0	SymmetricalOrAlternating	Curved	1	Neutral	Neutral	Neutral	1	baby_o	0
[knitting_2;K_02_025,drum;A_03_075]	i	Bent	0.0	nan	nan	Open	1.0	SymmetricalOrAlternating	Curved	1	Neutral	Neutral	Neutral	0	baby_o	1
[keyboard;B_03_070,microscope;A_03_076]	imrp	Curved	1.0	1.0	0.0	Open	0.0	SymmetricalOrAlternating	nan	1	Neutral	HeadAway	nan	0	curved_5	0
[keyboard;B_03_070,microscope;A_03_076]	imrp	Curved	1.0	1.0	0.0	Open	0.0	SymmetricalOrAlternating	nan	1	Head	Neutral	nan	0	curved_5	0
[microscope;A_03_076,corn_2;C_02_026]	imrp	Curved	0.0	1.0	0.0	Open	0.0	SymmetricalOrAlternating	nan	1	Head	HeadAway	nan	0	curved_5	0
[microscope;A_03_076,corn_2;C_02_026]	imrp	Curved	1.0	1.0	0.0	Open	0.0	SymmetricalOrAlternating	nan	1	Head	HeadAway	nan	0	curved_5	1
[flute;E_02_036,microscope;A_03_076]	imrp	Flat	1.0	1.0	0.0	Open	0.0	SymmetricalOrAlternating	nan	1	Head	HeadAway	nan	0	curved_5	0
[flute;E_02_036,microscope;A_03_076]	imrp	Curved	1.0	1.0	0.0	Open	0.0	SymmetricalOrAlternating	nan	1	Head	HeadAway	nan	0	flatspread_5	0
[cool_5;J_01_004,microscope;A_03_076]	imrp	FullyOpen	1.0	1.0	0.0	Open	0.0	SymmetricalOrAlternating	nan	1	Head	HeadAway	nan	0	curved_5	0
[cool_5;J_01_004,microscope;A_03_076]	imrp	Curved	1.0	1.0	0.0	Open	0.0	SymmetricalOrAlternating	nan	1	Head	HeadAway	nan	0	5	0
[whip;A_03_077,find;B_03_076]	i	Curved	0.0	nan	nan	Open	1.0	OneHanded	BackAndForth	0	Neutral	Neutral	Neutral	0	nan	0
[whip;A_03_077,find;B_03_076]	i	Bent	0.0	nan	nan	Open	1.0	OneHanded	Straight	0	Neutral	Neutral	Neutral	0	nan	0
[forfeit;D_02_038,whip;A_03_077]	i	Curved	0.0	nan	nan	Open	1.0	OneHanded	BackAndForth	0	Neutral	Neutral	Neutral	0	nan	0
[forfeit;D_02_038,whip;A_03_077]	i	Bent	0.0	nan	nan	Open	1.0	OneHanded	Curved	0	Neutral	Neutral	Neutral	0	nan	0
[whip;A_03_077,sword;E_03_101]	i	Bent	0.0	nan	nan	Open	1.0	OneHanded	Z-shaped	0	Neutral	Neutral	Neutral	0	nan	0
[whip;A_03_077,sword;E_03_101]	i	Bent	0.0	nan	nan	Open	1.0	OneHanded	BackAndForth	0	Neutral	Neutral	Neutral	0	nan	1
[whip;A_03_077,drip;F_02_102]	i	Bent	1.0	nan	nan	Open	1.0	OneHanded	BackAndForth	0	Neutral	Neutral	Neutral	0	nan	0
[whip;A_03_077,drip;F_02_102]	i	Bent	0.0	nan	nan	Open	1.0	OneHanded	nan	0	Neutral	Neutral	Neutral	0	nan	0
[whip;A_03_077,tty;G_01_035]	i	Bent	nan	nan	nan	Open	1.0	OneHanded	BackAndForth	0	Neutral	Neutral	Neutral	0	nan	0
[whip;A_03_077,tty;G_01_035]	i	Bent	0.0	nan	nan	Open	1.0	OneHanded	Straight	0	Neutral	Neutral	Neutral	0	nan	0
[whip;A_03_077,tuesday;J_03_087]	i	Bent	0.0	nan	nan	Open	1.0	OneHanded	Circular	0	Neutral	Neutral	Neutral	0	nan	0
[whip;A_03_077,tuesday;J_03_087]	i	Bent	0.0	nan	nan	Open	1.0	OneHanded	BackAndForth	1	Neutral	Neutral	Neutral	0	nan	0
[machine;A_03_078,videophone;B_01_039]	imrp	Flat	0.0	1.0	0.0	Open	0.0	SymmetricalOrAlternating	Straight	1	Neutral	Neutral	Neutral	1	spread_open_e	0
[machine;A_03_078,videophone;B_01_039]	imrp	Bent	0.0	1.0	0.0	Open	0.0	SymmetricalOrAlternating	Straight	1	Neutral	Neutral	Neutral	1	flatspread_5	0
[machine;A_03_078,whatever;B_02_025]	imrp	FullyOpen	0.0	1.0	0.0	Open	0.0	SymmetricalOrAlternating	Straight	1	Neutral	Neutral	Neutral	1	spread_open_e	0
[machine;A_03_078,whatever;B_02_025]	imrp	Bent	0.0	1.0	0.0	Open	0.0	SymmetricalOrAlternating	Straight	1	Neutral	Neutral	Neutral	1	5	0
[machine;A_03_078,ball;C_02_044]	imrp	Curved	0.0	1.0	0.0	Open	0.0	SymmetricalOrAlternating	Straight	1	Neutral	Neutral	Neutral	1	spread_open_e	0
[machine;A_03_078,ball;C_02_044]	imrp	Bent	0.0	1.0	0.0	Open	0.0	SymmetricalOrAlternating	Straight	1	Neutral	Neutral	Neutral	1	curved_5	0
[wave;A_03_079,leave_alone;H_03_105,fat;C_01_011,push;D_02_077,fire;B_03_090,america;C_02_006]	imrp	FullyOpen	0.0	1.0	0.0	Open	0.0	SymmetricalOrAlternating	Circular	0	Neutral	Neutral	Neutral	0	5	0
[all_over_body;H_03_078,busted;G_01_022,america;C_02_006,wave;A_03_079]	imrp	FullyOpen	0.0	1.0	0.0	Open	0.0	SymmetricalOrAlternating	Z-shaped	0	Neutral	Neutral	Neutral	1	5	0
[order_1;C_02_064,wave;A_03_079]	imrp	FullyOpen	0.0	0.0	0.0	Open	0.0	SymmetricalOrAlternating	Z-shaped	0	Neutral	Neutral	Neutral	0	5	0
[order_1;C_02_064,wave;A_03_079]	imrp	FullyOpen	0.0	1.0	0.0	Open	0.0	SymmetricalOrAlternating	Z-shaped	0	Neutral	Neutral	Neutral	0	open_b	0
[want;C_03_013,audience;F_01_072,wave;A_03_079]	imrp	FullyOpen	1.0	1.0	0.0	Open	0.0	SymmetricalOrAlternating	Z-shaped	0	Neutral	Neutral	Neutral	0	5	0
[well;D_01_009,wave;A_03_079]	imrp	FullyOpen	0.0	1.0	0.0	Open	0.0	SymmetricalOrAlternating	Z-shaped	0	Neutral	Neutral	nan	0	5	0
[splash-ca;K_02_037,wave;A_03_079]	imrp	FullyOpen	0.0	1.0	0.0	Open	0.0	SymmetricalOrAlternating	Z-shaped	0	Neutral	Neutral	Neutral	0	5	1
[chance;A_03_080,introduce;D_01_076]	imrp	Flat	0.0	0.0	0.0	Open	0.0	SymmetricalOrAlternating	Curved	0	Neutral	Neutral	Neutral	0	c	1
[chance;A_03_080,introduce;D_01_076]	imrp	Curved	0.0	0.0	0.0	Open	0.0	SymmetricalOrAlternating	Curved	0	Neutral	Neutral	Neutral	0	flat_b	1
[chance;A_03_080,chaos;F_01_037]	imrp	Curved	0.0	1.0	0.0	Open	0.0	SymmetricalOrAlternating	Curved	0	Neutral	Neutral	Neutral	0	c	1
[chance;A_03_080,chaos;F_01_037]	imrp	Curved	0.0	0.0	0.0	Open	0.0	SymmetricalOrAlternating	Curved	0	Neutral	Neutral	Neutral	0	curved_5	1
[sell;J_03_024,chance;A_03_080]	imrp	Curved	0.0	0.0	0.0	Open	1.0	SymmetricalOrAlternating	Curved	0	Neutral	Neutral	Neutral	0	c	1
[sell;J_03_024,chance;A_03_080]	imrp	Curved	0.0	0.0	0.0	Open	0.0	SymmetricalOrAlternating	Curved	0	Neutral	Neutral	Neutral	0	o	1
[chance;A_03_080,overnight;J_01_076,pour_2;K_01_094]	imrp	Curved	0.0	0.0	0.0	Open	0.0	OneHanded	Curved	0	Neutral	Neutral	Neutral	0	c	1
[chance;A_03_080,pour_2;K_01_094]	imrp	Curved	0.0	0.0	0.0	Open	0.0	SymmetricalOrAlternating	Curved	0	Neutral	Neutral	Neutral	0	nan	1
[flashlight;A_03_084,bee;E_03_018]	i	Curved	0.0	nan	nan	Open	1.0	OneHanded	nan	0	Head	UnderChin	nan	1	nan	0
[flashlight;A_03_084,bee;E_03_018]	m	Curved	0.0	nan	nan	Open	1.0	OneHanded	nan	0	Head	CheekNose	nan	1	nan	0
[flashlight;A_03_084,lamp_2;K_01_004]	m	Curved	1.0	nan	nan	Open	1.0	OneHanded	nan	0	Head	UnderChin	nan	1	nan	0
[flashlight;A_03_084,lamp_2;K_01_004]	m	Curved	0.0	nan	nan	Open	1.0	OneHanded	nan	0	Head	Chin	nan	1	nan	0
[flashlight;A_03_084,light_2;K_01_102]	m	Curved	1.0	nan	nan	Open	1.0	OneHanded	nan	0	Head	UnderChin	nan	1	nan	0
[flashlight;A_03_084,light_2;K_01_102]	m	Curved	0.0	nan	nan	Open	1.0	OneHanded	nan	0	Head	UnderChin	HeadAway	1	nan	0
[strange;C_03_018,howl;J_02_019,concept;A_03_086]	imrp	Curved	0.0	0.0	0.0	Open	0.0	OneHanded	Curved	0	Head	HeadAway	HeadAway	1	nan	0
[strange;C_03_018,concept;A_03_086]	imrp	Curved	0.0	0.0	0.0	Open	0.0	OneHanded	Curved	0	Head	Forehead	HeadAway	0	nan	0
[husband;D_01_082,concept;A_03_086]	imrp	Curved	0.0	0.0	0.0	Open	0.0	OneHanded	nan	0	Head	Forehead	HeadAway	1	nan	0
[husband;D_01_082,concept;A_03_086]	imrp	Curved	0.0	0.0	0.0	Open	0.0	OneHanded	Curved	0	Head	Forehead	nan	1	nan	0
[concept;A_03_086,opinion_2;H_03_101,put_in_back_mind;E_01_076]	imrp	Curved	0.0	0.0	0.0	Open	1.0	OneHanded	Curved	0	Head	Forehead	HeadAway	1	nan	0
[concept;A_03_086,put_in_back_mind;E_01_076]	imrp	Curved	0.0	0.0	0.0	Open	0.0	OneHanded	Curved	0	Head	Forehead	Other	1	nan	0
[thank_you;H_02_053,concept;A_03_086]	imrp	FullyOpen	0.0	0.0	0.0	Open	0.0	OneHanded	Curved	0	Head	Forehead	HeadAway	1	nan	0
[thank_you;H_02_053,concept;A_03_086]	imrp	Curved	0.0	0.0	0.0	Open	0.0	OneHanded	Curved	0	Head	Mouth	HeadAway	1	nan	0
[howl;J_02_019,concept;A_03_086,opinion_2;H_03_101]	imrp	Curved	0.0	0.0	0.0	Open	0.0	OneHanded	Straight	0	Head	Forehead	HeadAway	1	nan	0
[attention;A_03_089,friendly;C_02_031]	imrp	FullyOpen	0.0	0.0	1.0	Open	0.0	SymmetricalOrAlternating	Straight	1	Head	Eye	HeadAway	0	open_b	0
[attention;A_03_089,friendly;C_02_031]	imrp	FullyOpen	0.0	0.0	0.0	Open	0.0	SymmetricalOrAlternating	Straight	1	Head	HeadAway	HeadAway	0	open_b	0
[gas;A_03_090,help;D_01_042]	t	nan	nan	nan	nan	Open	nan	AsymmetricalDifferentHandshape	Straight	1	Hand	Palm	nan	1	S	0
[gas;A_03_090,help;D_01_042]	t	nan	nan	nan	nan	Open	nan	AsymmetricalDifferentHandshape	Straight	1	Hand	FingerRadial	nan	1	B	0
[gas;A_03_090,lead;J_01_046]	t	nan	nan	nan	nan	Open	nan	AsymmetricalDifferentHandshape	Straight	1	Hand	FingerTip	nan	1	S	0
[gas;A_03_090,lead;J_01_046]	t	nan	nan	nan	nan	Open	nan	AsymmetricalDifferentHandshape	Straight	1	Hand	FingerRadial	nan	1	B	0
[polish;J_01_086,gas;A_03_090]	t	nan	nan	nan	nan	Open	nan	AsymmetricalDifferentHandshape	Straight	1	Hand	FingerRadial	FingerRadial	1	S	0
[polish;J_01_086,gas;A_03_090]	t	nan	nan	nan	nan	Open	nan	AsymmetricalDifferentHandshape	Straight	1	Hand	FingerRadial	nan	1	1	0
[talk_dirty;H_02_046,church;C_02_018,chocolate;B_01_002]	imrp	Curved	0.0	0.0	0.0	Open	0.0	AsymmetricalDifferentHandshape	Straight	1	Hand	PalmBack	PalmBack	1	B	0
[church;C_02_018,chocolate;B_01_002]	imrp	Curved	0.0	0.0	0.0	Open	0.0	AsymmetricalDifferentHandshape	Circular	1	Hand	PalmBack	nan	1	B	0
[talk_dirty;H_02_046,chocolate;B_01_002]	imrp	Curved	0.0	0.0	0.0	Open	0.0	AsymmetricalDifferentHandshape	Circular	1	Hand	PalmBack	FingerBack	1	B	0
[fuzzy;K_02_123,chocolate;B_01_002]	imrp	Flat	0.0	0.0	0.0	Open	0.0	AsymmetricalDifferentHandshape	Circular	1	Hand	PalmBack	PalmBack	1	B	0
[fuzzy;K_02_123,chocolate;B_01_002]	imrp	Curved	0.0	0.0	0.0	Open	0.0	AsymmetricalDifferentHandshape	Circular	1	Hand	PalmBack	PalmBack	1	Lax	0
[run_out_of;G_01_077,counselor;B_01_005]	imrp	Flat	1.0	0.0	1.0	Open	1.0	AsymmetricalDifferentHandshape	Straight	1	Hand	Palm	HandAway	1	B	0
[nice;G_03_059,some;B_01_020,stop;D_01_010,window_open;E_02_075,against;H_03_003,college;B_01_009,end;E_01_074]	imrp	FullyOpen	0.0	0.0	0.0	Open	0.0	AsymmetricalSameHandshape	Straight	0	Hand	Palm	HandAway	1	open_b	0
[some;B_01_020,cover_up;C_03_038,crack;F_03_067,college;B_01_009,time_progress;H_02_061,slice_3;K_02_057,budget;E_01_099]	imrp	FullyOpen	0.0	0.0	0.0	Open	0.0	AsymmetricalSameHandshape	Curved	0	Hand	Palm	Palm	1	open_b	0
[from_then_on;H_02_040,operate_machine;G_02_026,next;E_03_080,cover_up;C_03_038,college;B_01_009]	imrp	FullyOpen	0.0	0.0	0.0	Open	0.0	AsymmetricalSameHandshape	Curved	0	Hand	FingerFront	HandAway	1	open_b	0
[laptop;C_03_042,college;B_01_009]	imrp	FullyOpen	0.0	0.0	0.0	Open	0.0	AsymmetricalSameHandshape	Curved	0	Hand	Palm	HandAway	1	open_b	1
[stop;D_01_010,budget;E_01_099,college;B_01_009]	imrp	FullyOpen	0.0	0.0	0.0	Open	0.0	AsymmetricalSameHandshape	Other	0	Hand	Palm	HandAway	1	open_b	0
[window_open;E_02_075,from_then_on;H_02_040,next;E_03_080,college;B_01_009]	imrp	FullyOpen	0.0	0.0	0.0	Open	0.0	AsymmetricalSameHandshape	Curved	0	Hand	FingerRadial	HandAway	1	open_b	0
[stop;D_01_010,crack;F_03_067,college;B_01_009]	imrp	FullyOpen	0.0	0.0	0.0	Open	0.0	AsymmetricalSameHandshape	Z-shaped	0	Hand	Palm	HandAway	1	open_b	0
[time_progress;H_02_061,against;H_03_003,college;B_01_009]	imrp	FullyOpen	0.0	0.0	0.0	Open	0.0	AsymmetricalSameHandshape	Curved	0	Hand	Palm	nan	1	open_b	0
[from_then_on;H_02_040,next;E_03_080,slice_3;K_02_057,college;B_01_009]	imrp	FullyOpen	0.0	0.0	0.0	Open	0.0	AsymmetricalSameHandshape	Curved	0	Hand	HandAway	HandAway	1	open_b	0
[ask;B_02_023,puzzled;B_01_012]	i	FullyOpen	1.0	nan	nan	Closed	0.0	OneHanded	nan	0	Neutral	Forehead	nan	0	nan	0
[ask;B_02_023,puzzled;B_01_012]	i	FullyOpen	1.0	nan	nan	Closed	0.0	OneHanded	nan	0	Head	Neutral	nan	0	nan	0
[disagreement;B_02_066,puzzled;B_01_012]	i	FullyOpen	0.0	nan	nan	Closed	0.0	OneHanded	nan	0	Head	Forehead	nan	0	nan	0
[disagreement;B_02_066,puzzled;B_01_012]	i	FullyOpen	1.0	nan	nan	Closed	0.0	OneHanded	nan	0	Head	Forehead	nan	1	nan	0
[suspect;C_03_012,puzzled;B_01_012]	i	FullyOpen	1.0	nan	nan	Closed	0.0	OneHanded	nan	1	Head	Forehead	nan	0	nan	0
[suspect;C_03_012,puzzled;B_01_012]	i	FullyOpen	1.0	nan	nan	Closed	0.0	OneHanded	nan	0	Head	Forehead	nan	1	nan	0
[deaf_school;H_01_022,puzzled;B_01_012]	i	FullyOpen	0.0	nan	nan	Closed	0.0	OneHanded	nan	0	Head	Forehead	nan	0	nan	0
[deaf_school;H_01_022,puzzled;B_01_012]	i	FullyOpen	1.0	nan	nan	Closed	0.0	OneHanded	nan	0	Head	Other	nan	0	nan	0
[hearing_aid;B_01_015,egypt;C_02_042]	i	Bent	0.0	nan	nan	Closed	0.0	OneHanded	Straight	1	Head	Other	nan	1	nan	0
[hearing_aid;B_01_015,egypt;C_02_042]	i	Bent	0.0	nan	nan	Open	0.0	OneHanded	Straight	1	Head	Forehead	nan	1	nan	0
[hearing_aid;B_01_015,gay;D_03_011]	i	Flat	0.0	nan	nan	Open	0.0	OneHanded	Straight	1	Head	Other	nan	1	nan	0
[hearing_aid;B_01_015,gay;D_03_011]	i	Bent	0.0	nan	nan	Open	0.0	OneHanded	Straight	1	Head	Chin	nan	1	nan	0
[snorkel;E_01_102,hearing_aid;B_01_015]	i	FullyOpen	0.0	nan	nan	Open	0.0	OneHanded	Straight	1	Head	Other	nan	1	nan	0
[snorkel;E_01_102,hearing_aid;B_01_015]	i	Bent	0.0	nan	nan	Open	0.0	OneHanded	Straight	1	Head	Mouth	nan	1	nan	0
[hearing_aid;B_01_015,lollipop;E_02_095]	i	Bent	0.0	nan	nan	Open	1.0	OneHanded	Straight	1	Head	Other	nan	1	nan	0
[hearing_aid;B_01_015,lollipop;E_02_095]	i	Bent	0.0	nan	nan	Open	0.0	OneHanded	Straight	1	Head	Mouth	nan	1	nan	0
[hearing_aid;B_01_015,cheek;G_03_052]	i	Bent	0.0	nan	nan	Open	1.0	OneHanded	Straight	1	Head	Other	nan	1	nan	0
[hearing_aid;B_01_015,cheek;G_03_052]	i	Bent	0.0	nan	nan	Open	0.0	OneHanded	Straight	1	Head	CheekNose	nan	1	nan	0
[lesbian;H_01_057,hearing_aid;B_01_015]	i	FullyOpen	0.0	nan	nan	Open	0.0	OneHanded	Straight	1	Head	Other	nan	1	nan	0
[lesbian;H_01_057,hearing_aid;B_01_015]	i	Bent	0.0	nan	nan	Open	0.0	OneHanded	Straight	1	Head	Chin	nan	1	nan	0
[hearing_aid;B_01_015,sound;H_02_096]	i	FullyOpen	0.0	nan	nan	Open	0.0	OneHanded	Straight	1	Head	Other	nan	1	nan	0
[hearing_aid;B_01_015,sound;H_02_096]	i	Bent	0.0	nan	nan	Closed	0.0	OneHanded	Straight	1	Head	Other	nan	1	nan	0
[hearing_aid;B_01_015,recent;J_02_056]	i	Bent	0.0	nan	nan	Closed	0.0	OneHanded	Straight	1	Head	Other	nan	1	nan	0
[hearing_aid;B_01_015,recent;J_02_056]	i	Bent	0.0	nan	nan	Open	0.0	OneHanded	Straight	1	Head	CheekNose	nan	1	nan	0
[hearing_aid;B_01_015,fireman_2;K_03_052]	i	Curved	0.0	nan	nan	Open	0.0	OneHanded	Straight	1	Head	Other	nan	1	nan	0
[hearing_aid;B_01_015,fireman_2;K_03_052]	i	Bent	0.0	nan	nan	Open	0.0	OneHanded	Straight	1	Head	Forehead	nan	1	nan	0
[view;E_02_061,reflect;E_03_036,blind;B_01_016]	im	Flat	0.0	1.0	0.0	Closed	0.0	OneHanded	Curved	0	Head	Eye	nan	1	nan	0
[view;E_02_061,blind;B_01_016,really_into;H_02_079]	im	Curved	0.0	1.0	0.0	Closed	0.0	OneHanded	nan	0	Head	Eye	nan	1	nan	0
[reflect;E_03_036,blind;B_01_016,jaw_drop;J_02_014,look_back;J_01_094]	im	Curved	0.0	1.0	0.0	Closed	0.0	OneHanded	Curved	0	Head	Eye	HeadAway	1	nan	0
[blind;B_01_016,really_into;H_02_079]	im	Curved	0.0	1.0	0.0	Closed	0.0	OneHanded	Curved	0	Head	CheekNose	nan	1	nan	0
[blind;B_01_016,look_back;J_01_094]	im	FullyOpen	0.0	1.0	0.0	Closed	0.0	OneHanded	Curved	0	Head	Eye	nan	1	nan	0
[blind;B_01_016,jaw_drop;J_02_014]	im	Curved	0.0	1.0	0.0	Closed	0.0	OneHanded	Curved	0	Head	Mouth	nan	1	nan	0
[black;B_02_006,bored;B_01_017]	i	FullyOpen	0.0	nan	nan	Closed	0.0	OneHanded	Straight	0	Head	Forehead	HeadAway	1	nan	1
[black;B_02_006,bored;B_01_017]	i	FullyOpen	0.0	nan	nan	Closed	0.0	OneHanded	Straight	0	Head	CheekNose	HeadAway	0	nan	1
[bored;B_01_017,for;B_03_049]	i	FullyOpen	0.0	nan	nan	Closed	0.0	OneHanded	Curved	0	Head	CheekNose	HeadAway	1	nan	1
[bored;B_01_017,for;B_03_049]	i	FullyOpen	0.0	nan	nan	Closed	0.0	OneHanded	Straight	0	Head	Forehead	HeadAway	1	nan	1
[sure;C_03_044,bored;B_01_017]	i	FullyOpen	0.0	nan	nan	Closed	0.0	OneHanded	Straight	0	Head	Mouth	HeadAway	1	nan	1
[sure;C_03_044,bored;B_01_017]	i	FullyOpen	0.0	nan	nan	Closed	0.0	OneHanded	Straight	0	Head	CheekNose	HeadAway	1	nan	0
[red_faced;F_03_030,bored;B_01_017]	i	FullyOpen	0.0	nan	nan	Closed	0.0	OneHanded	Straight	0	Head	Chin	HeadAway	1	nan	1
[red_faced;F_03_030,bored;B_01_017]	i	FullyOpen	0.0	nan	nan	Closed	0.0	OneHanded	Straight	0	Head	CheekNose	HeadAway	1	nan	0
[fake;G_03_080,bored;B_01_017]	i	FullyOpen	0.0	nan	nan	Closed	0.0	OneHanded	Curved	0	Head	CheekNose	HeadAway	1	nan	1
[fake;G_03_080,bored;B_01_017]	i	FullyOpen	0.0	nan	nan	Closed	0.0	OneHanded	Straight	0	Head	CheekNose	HeadAway	1	nan	0
[intelligent;H_02_080,bored;B_01_017]	i	FullyOpen	0.0	nan	nan	Closed	0.0	OneHanded	Straight	0	Head	Forehead	HeadAway	1	nan	1
[intelligent;H_02_080,bored;B_01_017]	i	FullyOpen	0.0	nan	nan	Closed	0.0	OneHanded	Straight	0	Head	CheekNose	HeadAway	1	nan	0
[blackbird;K_03_124,bored;B_01_017]	i	Flat	0.0	nan	nan	Closed	0.0	OneHanded	Straight	0	Head	CheekNose	HeadAway	1	nan	1
[blackbird;K_03_124,bored;B_01_017]	i	FullyOpen	0.0	nan	nan	Closed	0.0	OneHanded	Straight	0	Head	Forehead	HeadAway	1	nan	1
[have;B_03_057,responsibility;B_01_018]	imrp	Flat	0.0	0.0	0.0	Open	0.0	SymmetricalOrAlternating	Straight	0	Body	Shoulder	nan	1	flat_b	0
[equal;C_01_052,responsibility;B_01_018]	imrp	Flat	0.0	0.0	0.0	Open	0.0	SymmetricalOrAlternating	Straight	1	Neutral	Shoulder	nan	1	flat_b	0
[equal;C_01_052,animal;B_03_002,responsibility;B_01_018]	imrp	Flat	0.0	0.0	0.0	Open	0.0	SymmetricalOrAlternating	Straight	1	Body	Neutral	nan	1	flat_b	0
[army;B_01_059,bath;B_01_019]	t	nan	nan	nan	nan	Open	nan	SymmetricalOrAlternating	Straight	1	Body	Clavicle	TorsoTop	1	a	0
[army;B_01_059,bath;B_01_019]	t	nan	nan	nan	nan	Open	nan	SymmetricalOrAlternating	Straight	1	Body	TorsoTop	nan	1	a	0
[brag;B_03_011,bath;B_01_019]	t	nan	nan	nan	nan	Open	nan	SymmetricalOrAlternating	Straight	1	Body	Waist	TorsoTop	1	a	0
[brag;B_03_011,bath;B_01_019]	t	nan	nan	nan	nan	Open	nan	SymmetricalOrAlternating	Straight	1	Body	TorsoTop	BodyAway	1	a	0
[bath;B_01_019,address;D_01_016]	t	nan	nan	nan	nan	Open	nan	SymmetricalOrAlternating	Straight	0	Body	TorsoTop	TorsoTop	1	a	0
[bath;B_01_019,address;D_01_016]	t	nan	nan	nan	nan	Open	nan	SymmetricalOrAlternating	Straight	1	Body	TorsoMid	TorsoTop	1	a	0
[bathtub;K_02_101,bath;B_01_019]	t	nan	nan	nan	nan	Open	nan	SymmetricalOrAlternating	Curved	1	Body	TorsoTop	TorsoTop	1	a	0
[bathtub;K_02_101,bath;B_01_019]	t	nan	nan	nan	nan	Open	nan	SymmetricalOrAlternating	Straight	1	Body	TorsoTop	TorsoMid	1	a	0
[cover_up;C_03_038,spread_3;K_01_083,some;B_01_020]	imrp	FullyOpen	0.0	0.0	0.0	Open	0.0	AsymmetricalSameHandshape	Straight	0	Hand	FingerFront	Palm	1	open_b	0
[stop;D_01_010,crack;F_03_067,budget;E_01_099,some;B_01_020]	imrp	FullyOpen	0.0	0.0	0.0	Open	0.0	AsymmetricalSameHandshape	BackAndForth	0	Hand	Palm	Palm	1	open_b	0
[cook;D_03_078,some;B_01_020]	imrp	FullyOpen	0.0	0.0	0.0	Open	0.0	AsymmetricalSameHandshape	Straight	0	Hand	Palm	Palm	1	open_b	1
[top;H_01_065,end;E_01_074,some;B_01_020]	imrp	FullyOpen	0.0	0.0	0.0	Open	0.0	AsymmetricalSameHandshape	Straight	0	Hand	FingerTip	Palm	1	open_b	0
[window_open;E_02_075,some;B_01_020]	imrp	FullyOpen	0.0	0.0	0.0	Open	0.0	AsymmetricalSameHandshape	Straight	0	Hand	FingerRadial	Palm	1	open_b	0
[on;E_03_004,some;B_01_020]	imrp	FullyOpen	0.0	0.0	0.0	Open	0.0	AsymmetricalSameHandshape	Straight	0	Hand	PalmBack	Palm	1	open_b	0
[chop;F_02_099,some;B_01_020]	imrp	FullyOpen	0.0	0.0	0.0	Open	0.0	AsymmetricalSameHandshape	Straight	1	Hand	Palm	Palm	1	open_b	0
[slice_3;K_02_057,some;B_01_020]	imrp	FullyOpen	0.0	0.0	0.0	Open	0.0	AsymmetricalSameHandshape	Straight	0	Hand	HandAway	Palm	1	open_b	0
[mustache;B_01_021,picnic;E_03_040]	i	Flat	1.0	nan	nan	Open	1.0	SymmetricalOrAlternating	Straight	1	Head	Mouth	UpperLip	1	g	0
[mustache;B_01_021,picnic;E_03_040]	i	Flat	1.0	nan	nan	Open	1.0	SymmetricalOrAlternating	Straight	1	Head	UpperLip	HeadAway	1	g	0
[mustache;B_01_021,cat_2;K_02_047]	i	Flat	1.0	nan	nan	Open	1.0	SymmetricalOrAlternating	Straight	1	Head	CheekNose	UpperLip	1	g	0
[mustache;B_01_021,cat_2;K_02_047]	i	Flat	1.0	nan	nan	Open	1.0	SymmetricalOrAlternating	Straight	1	Head	UpperLip	HeadAway	1	g	0
[awkward;B_01_022,hunt;B_01_025]	im	FullyOpen	0.0	0.0	0.0	Open	0.0	SymmetricalOrAlternating	Straight	1	Neutral	Neutral	Neutral	0	3	0
[awkward;B_01_022,hunt;B_01_025]	im	FullyOpen	0.0	1.0	0.0	Open	0.0	SymmetricalOrAlternating	Straight	1	Neutral	Neutral	Neutral	0	open_h	0
[awkward;B_01_022,what_1;D_02_084]	imrp	FullyOpen	0.0	1.0	0.0	Open	0.0	SymmetricalOrAlternating	Straight	1	Neutral	Neutral	Neutral	0	3	0
[awkward;B_01_022,what_1;D_02_084]	im	FullyOpen	0.0	1.0	0.0	Open	0.0	SymmetricalOrAlternating	Straight	1	Neutral	Neutral	Neutral	0	5	0
[favorite;B_01_024,wrong;B_01_055]	p	Flat	0.0	nan	nan	Open	0.0	OneHanded	Straight	1	Head	Chin	nan	1	nan	0
[favorite;B_01_024,wrong;B_01_055]	m	FullyOpen	0.0	nan	nan	Open	0.0	OneHanded	Straight	1	Head	Chin	nan	1	nan	0
[favorite;B_01_024,birthday;D_01_054]	m	Flat	0.0	nan	nan	Open	0.0	OneHanded	nan	1	Head	Chin	nan	1	nan	0
[favorite;B_01_024,birthday;D_01_054]	m	Flat	0.0	nan	nan	Open	0.0	OneHanded	Straight	0	Head	Chin	nan	1	nan	0
[lesbian;H_01_057,favorite;B_01_024]	i	Flat	0.0	nan	nan	Open	0.0	OneHanded	Straight	1	Head	Chin	nan	1	nan	0
[lesbian;H_01_057,favorite;B_01_024]	m	FullyOpen	0.0	nan	nan	Open	0.0	OneHanded	Straight	1	Head	Chin	nan	1	nan	0
[heartbody;H_02_063,favorite;B_01_024]	m	Flat	0.0	nan	nan	Open	0.0	OneHanded	Straight	1	Body	Chin	nan	1	nan	0
[heartbody;H_02_063,favorite;B_01_024]	m	Flat	0.0	nan	nan	Open	0.0	OneHanded	Straight	1	Head	TorsoTop	nan	1	nan	0
[favorite;B_01_024,pipe_3;K_03_113]	m	Stacked	0.0	nan	nan	Open	0.0	OneHanded	Straight	1	Head	Chin	nan	1	nan	0
[favorite;B_01_024,pipe_3;K_03_113]	m	Flat	0.0	nan	nan	Open	0.0	OneHanded	Straight	1	Head	Mouth	nan	1	nan	0
[hunt;B_01_025,hurricane;F_02_061]	im	FullyOpen	1.0	0.0	0.0	Open	0.0	SymmetricalOrAlternating	Straight	1	Neutral	Neutral	Neutral	0	open_h	0
[hunt;B_01_025,hurricane;F_02_061]	im	FullyOpen	0.0	0.0	0.0	Open	0.0	SymmetricalOrAlternating	Straight	1	Neutral	Neutral	Neutral	1	open_h	0
[hunt;B_01_025,hurry;G_01_075]	im	FullyOpen	0.0	0.0	0.0	Closed	0.0	SymmetricalOrAlternating	Straight	1	Neutral	Neutral	Neutral	0	open_h	0
[hunt;B_01_025,hurry;G_01_075]	im	FullyOpen	0.0	0.0	0.0	Open	0.0	SymmetricalOrAlternating	Straight	1	Neutral	Neutral	Neutral	0	h	0
[rob;G_02_093,hunt;B_01_025]	im	FullyOpen	0.0	0.0	0.0	Open	0.0	SymmetricalOrAlternating	Curved	1	Neutral	Neutral	Neutral	0	open_h	0
[rob;G_02_093,hunt;B_01_025]	im	FullyOpen	0.0	0.0	0.0	Open	0.0	SymmetricalOrAlternating	Straight	0	Neutral	Neutral	Neutral	0	open_h	0
[medicine;C_03_040,rude;B_01_026]	m	Flat	0.0	nan	nan	Open	0.0	AsymmetricalDifferentHandshape	Straight	1	Hand	Palm	FingerFront	1	B	0
[medicine;C_03_040,rude;B_01_026]	m	Flat	0.0	nan	nan	Open	0.0	AsymmetricalDifferentHandshape	Straight	0	Hand	Palm	nan	1	B	0
[empty_1;E_02_072,rude;B_01_026]	m	Flat	0.0	nan	nan	Open	0.0	AsymmetricalDifferentHandshape	Straight	0	Hand	PalmBack	FingerFront	1	B	0
[empty_1;E_02_072,rude;B_01_026]	m	Flat	0.0	nan	nan	Open	0.0	AsymmetricalDifferentHandshape	Straight	0	Hand	Palm	FingerBack	1	B	0
[calculator;E_03_103,rude;B_01_026]	m	Flat	0.0	nan	nan	Open	0.0	AsymmetricalDifferentHandshape	Circular	0	Hand	Palm	FingerFront	1	B	0
[calculator;E_03_103,rude;B_01_026]	m	Flat	0.0	nan	nan	Open	0.0	AsymmetricalDifferentHandshape	Straight	0	Hand	Palm	Palm	1	B	0
[early;G_01_018,rude;B_01_026]	m	Flat	0.0	nan	nan	Open	0.0	AsymmetricalDifferentHandshape	Straight	0	Hand	PalmBack	FingerFront	1	B	0
[early;G_01_018,rude;B_01_026]	m	Flat	0.0	nan	nan	Open	0.0	AsymmetricalDifferentHandshape	Straight	0	Hand	Palm	HandAway	1	B	0
[develop;H_01_050,rude;B_01_026]	m	Curved	0.0	nan	nan	Open	0.0	AsymmetricalDifferentHandshape	Straight	0	Hand	Palm	FingerFront	1	B	0
[develop;H_01_050,rude;B_01_026]	m	Flat	0.0	nan	nan	Open	1.0	AsymmetricalDifferentHandshape	Straight	0	Hand	Palm	FingerFront	1	B	0
[headache;B_01_027,toothbrush;D_03_073]	i	Flat	0.0	nan	nan	Closed	0.0	OneHanded	Straight	1	Head	HeadAway	HeadAway	0	flat_1	0
[headache;B_01_027,toothbrush;D_03_073]	i	Flat	0.0	nan	nan	Closed	0.0	SymmetricalOrAlternating	Straight	1	Head	HeadAway	HeadAway	0	nan	0
[lose_game;C_02_009,two_weeks;J_03_066,honest;B_01_028]	im	FullyOpen	0.0	1.0	0.0	Closed	0.0	AsymmetricalDifferentHandshape	Straight	0	Hand	Palm	FingerFront	1	B	0
[sushi;D_03_092,lose_game;C_02_009,label;J_02_105,honest;B_01_028]	im	FullyOpen	0.0	0.0	0.0	Closed	0.0	AsymmetricalDifferentHandshape	Straight	0	Hand	Palm	nan	1	B	0
[university;C_02_063,honest;B_01_028]	im	FullyOpen	0.0	0.0	0.0	Closed	0.0	AsymmetricalDifferentHandshape	Curved	0	Hand	Palm	FingerFront	1	B	0
[university;C_02_063,rocket_2;E_02_088,honest;B_01_028,label;J_02_105,two_weeks;J_03_066]	im	FullyOpen	0.0	0.0	0.0	Closed	0.0	AsymmetricalDifferentHandshape	Straight	0	Hand	Palm	HandAway	1	B	0
[sushi;D_03_092,honest;B_01_028]	im	FullyOpen	0.0	0.0	0.0	Closed	0.0	AsymmetricalDifferentHandshape	Straight	1	Hand	Palm	FingerFront	1	B	0
[rocket_2;E_02_088,honest;B_01_028]	im	Crossed	0.0	0.0	0.0	Closed	0.0	AsymmetricalDifferentHandshape	Straight	0	Hand	Palm	FingerFront	1	B	0
[city;B_01_029,certificate;B_01_080]	imrp	Curved	0.0	0.0	0.0	Open	0.0	SymmetricalOrAlternating	Straight	1	Neutral	Neutral	Neutral	1	open_b	0
[city;B_01_029,certificate;B_01_080]	imrp	FullyOpen	0.0	0.0	0.0	Open	0.0	SymmetricalOrAlternating	Straight	1	Neutral	Neutral	Neutral	1	c	0
[city;B_01_029,whatever;B_02_025]	imrp	FullyOpen	0.0	1.0	0.0	Open	0.0	SymmetricalOrAlternating	Straight	1	Neutral	Neutral	Neutral	1	open_b	0
[city;B_01_029,whatever;B_02_025]	imrp	FullyOpen	0.0	0.0	0.0	Open	0.0	SymmetricalOrAlternating	Straight	1	Neutral	Neutral	Neutral	1	5	0
[apart;E_02_033,city;B_01_029,children;C_02_066]	imrp	FullyOpen	1.0	0.0	0.0	Open	0.0	SymmetricalOrAlternating	Straight	1	Neutral	Neutral	Neutral	1	open_b	0
[boots;C_03_019,city;B_01_029]	imrp	FullyOpen	0.0	0.0	0.0	Closed	0.0	SymmetricalOrAlternating	Straight	1	Neutral	Neutral	Neutral	1	open_b	0
[boots;C_03_019,city;B_01_029]	imrp	FullyOpen	0.0	0.0	0.0	Open	0.0	SymmetricalOrAlternating	Straight	1	Neutral	Neutral	Neutral	1	closed_b	0
[wallet;F_01_081,city;B_01_029,here;D_01_089]	imrp	FullyOpen	0.0	0.0	0.0	Open	0.0	SymmetricalOrAlternating	Circular	1	Neutral	Neutral	Neutral	1	open_b	0
[city;B_01_029,fair;G_01_080]	imrp	Flat	0.0	0.0	0.0	Open	0.0	SymmetricalOrAlternating	Straight	1	Neutral	Neutral	Neutral	1	open_b	0
[city;B_01_029,fair;G_01_080]	imrp	FullyOpen	0.0	0.0	0.0	Open	0.0	SymmetricalOrAlternating	Straight	1	Neutral	Neutral	Neutral	1	flat_b	0
[city;B_01_029,stack_3;K_03_069,wallet;F_01_081]	imrp	FullyOpen	0.0	0.0	0.0	Open	0.0	SymmetricalOrAlternating	Other	1	Neutral	Neutral	Neutral	1	open_b	0
[cross;C_01_067,camel;G_01_042,tall_2;B_01_030]	imrp	Flat	0.0	0.0	0.0	Open	0.0	OneHanded	X-shaped	0	Neutral	Neutral	Neutral	0	nan	0
[camel;G_01_042,tall_2;B_01_030,catapult;E_03_083,invite;C_02_007]	imrp	Flat	0.0	0.0	0.0	Open	0.0	OneHanded	Curved	0	Neutral	Neutral	Neutral	0	nan	0
[camel;G_01_042,chicago;D_01_043,tall_2;B_01_030]	imrp	Flat	0.0	0.0	0.0	Open	0.0	OneHanded	BackAndForth	0	Neutral	Neutral	Neutral	0	nan	0
[sail;D_01_074,sow;H_01_075,tall_2;B_01_030]	imrp	Flat	0.0	0.0	0.0	Open	1.0	OneHanded	Straight	0	Neutral	Neutral	Neutral	0	nan	0
[cancer;G_03_056,tall_2;B_01_030]	imrp	Flat	nan	0.0	0.0	Open	0.0	OneHanded	Straight	0	Neutral	Neutral	Neutral	0	nan	0
[tall_2;B_01_030,escalate;H_01_033]	imrp	Flat	0.0	0.0	0.0	Closed	0.0	OneHanded	Straight	0	Neutral	Neutral	Neutral	0	nan	0
[honk;H_01_074,hundred;H_03_027,tall_2;B_01_030,his;F_02_058]	imrp	Bent	0.0	0.0	0.0	Open	0.0	OneHanded	Straight	0	Neutral	Neutral	Neutral	0	nan	0
[sow;H_01_075,tall_2;B_01_030]	imrp	Flat	1.0	0.0	0.0	Open	0.0	OneHanded	Straight	0	Neutral	Neutral	Neutral	0	nan	0
[tall_2;B_01_030,go_ahead;J_01_041]	imrp	Flat	0.0	0.0	0.0	Open	0.0	SymmetricalOrAlternating	Straight	0	Neutral	Neutral	Neutral	0	nan	0
[tall_2;B_01_030,go_ahead;J_01_041]	imrp	Flat	0.0	0.0	0.0	Open	0.0	OneHanded	Straight	0	Neutral	Neutral	Neutral	0	flat_b	0
[sail_2;K_01_048,tall_2;B_01_030]	imrp	Flat	0.0	0.0	0.0	Open	0.0	AsymmetricalDifferentHandshape	Straight	0	Neutral	Neutral	Neutral	0	nan	0
[sail_2;K_01_048,tall_2;B_01_030]	imrp	Flat	0.0	0.0	0.0	Open	0.0	OneHanded	Straight	0	Neutral	Neutral	Neutral	0	1	0
[erase_5;K_03_095,camel;G_01_042,tall_2;B_01_030,erase_3;K_01_099]	imrp	Flat	0.0	0.0	0.0	Open	0.0	OneHanded	Other	0	Neutral	Neutral	Neutral	0	nan	0
[body;B_01_047,rest;B_01_031]	imrp	FullyOpen	0.0	0.0	0.0	Open	0.0	SymmetricalOrAlternating	Straight	0	Body	Clavicle	nan	1	open_b	0
[body;B_01_047,rest;B_01_031]	imrp	FullyOpen	0.0	0.0	0.0	Open	0.0	SymmetricalOrAlternating	Straight	0	Body	TorsoTop	Hips	1	open_b	0
[rest;B_01_031,have;B_03_057]	imrp	Flat	0.0	0.0	0.0	Open	0.0	SymmetricalOrAlternating	Straight	0	Body	TorsoTop	nan	1	open_b	0
[rest;B_01_031,have;B_03_057]	imrp	FullyOpen	0.0	0.0	0.0	Open	0.0	SymmetricalOrAlternating	Straight	0	Body	TorsoTop	nan	1	flat_b	0
[my;C_01_060,rest;B_01_031]	imrp	FullyOpen	0.0	0.0	0.0	Open	0.0	OneHanded	Straight	0	Body	TorsoTop	nan	1	open_b	0
[my;C_01_060,rest;B_01_031]	imrp	FullyOpen	0.0	0.0	0.0	Open	0.0	SymmetricalOrAlternating	Straight	0	Body	TorsoTop	nan	1	nan	0
[rest;B_01_031,bed_2;K_03_004]	imrp	FullyOpen	0.0	0.0	0.0	Open	0.0	SymmetricalOrAlternating	Straight	0	Head	TorsoTop	nan	1	open_b	0
[rest;B_01_031,bed_2;K_03_004]	imrp	FullyOpen	0.0	0.0	0.0	Open	0.0	SymmetricalOrAlternating	Straight	0	Body	Other	nan	1	open_b	0
[medicine;C_03_040,impossible;B_01_032]	m	FullyOpen	0.0	nan	nan	Open	0.0	AsymmetricalDifferentHandshape	Straight	1	Hand	Palm	nan	1	B	0
[medicine;C_03_040,impossible;B_01_032]	p	Flat	0.0	nan	nan	Open	0.0	AsymmetricalDifferentHandshape	Straight	1	Hand	Palm	nan	1	B	0
[discuss;E_03_081,impossible;B_01_032]	i	FullyOpen	0.0	nan	nan	Open	0.0	AsymmetricalDifferentHandshape	Straight	1	Hand	Palm	nan	1	B	0
[discuss;E_03_081,impossible;B_01_032]	p	FullyOpen	0.0	nan	nan	Closed	0.0	AsymmetricalDifferentHandshape	Straight	1	Hand	Palm	nan	1	B	0
[easel;F_01_044,impossible;B_01_032]	p	FullyOpen	0.0	nan	nan	Closed	0.0	AsymmetricalDifferentHandshape	Straight	1	Hand	Palm	nan	1	B	0
[easel;F_01_044,impossible;B_01_032]	p	FullyOpen	0.0	nan	nan	Open	0.0	AsymmetricalDifferentHandshape	Straight	1	Hand	Palm	Palm	1	B	0
[impossible;B_01_032,grade;F_02_076]	i	FullyOpen	0.0	nan	nan	Open	0.0	AsymmetricalDifferentHandshape	Straight	1	Hand	Palm	nan	1	B	0
[impossible;B_01_032,grade;F_02_076]	p	Flat	0.0	nan	nan	Open	0.0	AsymmetricalDifferentHandshape	Straight	1	Hand	Palm	nan	1	B	0
[identity;H_03_071,impossible;B_01_032]	p	FullyOpen	0.0	nan	nan	Closed	0.0	AsymmetricalDifferentHandshape	Straight	1	Hand	Palm	nan	1	B	0
[identity;H_03_071,impossible;B_01_032]	p	FullyOpen	0.0	nan	nan	Open	0.0	AsymmetricalDifferentHandshape	Straight	0	Hand	Palm	nan	1	B	0
[bother;H_01_040,warn;B_01_033]	imrp	FullyOpen	0.0	0.0	0.0	Open	0.0	AsymmetricalSameHandshape	Straight	1	Hand	PalmBack	nan	0	open_b	0
[average;G_03_050,near;G_01_014,warn;B_01_033,against;H_03_003,edge;E_03_099]	imrp	FullyOpen	0.0	0.0	0.0	Open	0.0	AsymmetricalSameHandshape	Straight	1	Hand	Palm	nan	1	open_b	0
[pineapple_5;K_01_084,warn;B_01_033]	imrp	FullyOpen	0.0	1.0	0.0	Open	0.0	AsymmetricalSameHandshape	Straight	1	Hand	PalmBack	nan	1	open_b	0
[pineapple_5;K_01_084,warn;B_01_033]	imrp	FullyOpen	0.0	0.0	0.0	Open	0.0	AsymmetricalSameHandshape	Straight	1	Hand	PalmBack	nan	1	5	0
[price;C_02_004,hockey;B_01_035]	i	Bent	0.0	nan	nan	Closed	0.0	AsymmetricalDifferentHandshape	Straight	1	Hand	Palm	HandAway	1	B	0
[price;C_02_004,hockey;B_01_035]	i	Bent	0.0	nan	nan	Closed	0.0	AsymmetricalDifferentHandshape	Curved	0	Hand	Palm	HandAway	1	B	0
[jelly;C_02_040,hockey;B_01_035]	p	Bent	0.0	nan	nan	Closed	0.0	AsymmetricalDifferentHandshape	Curved	1	Hand	Palm	HandAway	1	B	0
[jelly;C_02_040,hockey;B_01_035]	i	FullyOpen	0.0	nan	nan	Closed	0.0	AsymmetricalDifferentHandshape	Curved	1	Hand	Palm	HandAway	1	B	0
[plummet;G_03_028,hockey;B_01_035]	i	FullyOpen	0.0	nan	nan	Closed	0.0	AsymmetricalDifferentHandshape	Curved	1	Hand	Palm	HandAway	1	B	0
[plummet;G_03_028,hockey;B_01_035]	i	Bent	0.0	nan	nan	Closed	0.0	AsymmetricalDifferentHandshape	Curved	0	Hand	Palm	HandAway	1	B	0
[archeology;G_03_060,hockey;B_01_035]	i	Curved	0.0	nan	nan	Closed	0.0	AsymmetricalDifferentHandshape	Curved	1	Hand	Palm	HandAway	1	B	0
[archeology;G_03_060,hockey;B_01_035]	i	Bent	0.0	nan	nan	Closed	0.0	AsymmetricalDifferentHandshape	Circular	1	Hand	Palm	HandAway	1	B	0
[next_down;J_03_101,hockey;B_01_035]	i	Bent	0.0	nan	nan	Closed	0.0	AsymmetricalDifferentHandshape	Straight	1	Hand	Palm	HandAway	1	B	0
[next_down;J_03_101,hockey;B_01_035]	i	Bent	0.0	nan	nan	Closed	0.0	AsymmetricalDifferentHandshape	Curved	1	Hand	Palm	nan	1	B	0
[children;C_02_066,flag;B_01_036]	imrp	FullyOpen	1.0	0.0	0.0	Open	0.0	SymmetricalOrAlternating	Straight	1	Neutral	Neutral	Neutral	0	nan	0
[children;C_02_066,flag;B_01_036]	imrp	FullyOpen	1.0	0.0	0.0	Open	0.0	OneHanded	Straight	1	Neutral	Neutral	Neutral	0	open_b	0
[late;C_01_013,lecture;C_03_048,flag;B_01_036,come;C_03_074]	imrp	FullyOpen	1.0	0.0	0.0	Open	0.0	OneHanded	Curved	1	Neutral	Neutral	Neutral	0	nan	0
[his;F_02_058,flag;B_01_036,come;C_03_074]	imrp	FullyOpen	1.0	0.0	0.0	Open	0.0	OneHanded	Straight	0	Neutral	Neutral	Neutral	0	nan	0
[not_yet;D_01_044,flag;B_01_036]	imrp	FullyOpen	1.0	0.0	0.0	Open	0.0	OneHanded	Straight	1	Neutral	Neutral	nan	0	nan	0
[child;F_03_101,flag;B_01_036]	imrp	Flat	1.0	0.0	0.0	Open	0.0	OneHanded	Straight	1	Neutral	Neutral	Neutral	0	nan	0
[honk;H_01_074,flag;B_01_036]	imrp	Bent	1.0	0.0	0.0	Open	0.0	OneHanded	Straight	1	Neutral	Neutral	Neutral	0	nan	0
[boston;J_03_001,flag;B_01_036]	imrp	FullyOpen	1.0	0.0	0.0	Closed	0.0	OneHanded	Straight	1	Neutral	Neutral	Neutral	0	nan	0
[greet_2;K_02_095,flag;B_01_036]	imrp	Curved	1.0	0.0	0.0	Open	0.0	OneHanded	Straight	1	Neutral	Neutral	Neutral	0	nan	0
[remind;J_02_103,popular;J_01_016,film;B_01_037]	imrp	Flat	0.0	1.0	0.0	Open	0.0	AsymmetricalDifferentHandshape	Straight	1	Hand	FingerRadial	nan	1	1	0
[whatever;B_02_025,videophone;B_01_039]	imrp	FullyOpen	0.0	1.0	0.0	Open	0.0	SymmetricalOrAlternating	Straight	1	Neutral	Neutral	Neutral	1	flatspread_5	0
[whatever;B_02_025,videophone;B_01_039]	imrp	Flat	0.0	1.0	0.0	Open	0.0	SymmetricalOrAlternating	Straight	1	Neutral	Neutral	Neutral	1	5	0
[ball;C_02_044,videophone;B_01_039]	imrp	Curved	0.0	1.0	0.0	Open	0.0	SymmetricalOrAlternating	Straight	1	Neutral	Neutral	Neutral	1	flatspread_5	0
[ball;C_02_044,videophone;B_01_039]	imrp	Flat	0.0	1.0	0.0	Open	0.0	SymmetricalOrAlternating	Straight	1	Neutral	Neutral	Neutral	1	curved_5	0
[fair;G_01_080,videophone;B_01_039]	imrp	Flat	0.0	0.0	0.0	Open	0.0	SymmetricalOrAlternating	Straight	1	Neutral	Neutral	Neutral	1	flatspread_5	0
[fair;G_01_080,videophone;B_01_039]	imrp	Flat	0.0	1.0	0.0	Open	0.0	SymmetricalOrAlternating	Straight	1	Neutral	Neutral	Neutral	1	flat_b	0
[shy;B_01_040,husband;D_01_082]	imrp	Curved	0.0	0.0	0.0	Open	0.0	OneHanded	nan	0	Head	Forehead	nan	1	nan	1
[wife;D_03_025,shy;B_01_040]	imrp	Curved	0.0	0.0	0.0	Open	0.0	OneHanded	nan	0	Head	Chin	nan	1	nan	1
[view;E_02_061,reflect;E_03_036,look_at;B_01_041]	im	Flat	0.0	1.0	0.0	Closed	0.0	OneHanded	nan	0	Head	Eye	HeadAway	1	nan	0
[view;E_02_061,look_at;B_01_041]	im	Flat	0.0	1.0	0.0	Closed	0.0	OneHanded	Straight	0	Head	Eye	nan	1	nan	0
[look_at;B_01_041,look_back;J_01_094]	im	FullyOpen	0.0	1.0	0.0	Closed	0.0	OneHanded	Straight	0	Head	Eye	HeadAway	1	nan	0
[windy;G_02_080,traffic;B_01_043,wait;B_02_016]	imrp	FullyOpen	1.0	1.0	0.0	Open	0.0	SymmetricalOrAlternating	Straight	1	Neutral	Neutral	nan	0	5	0
[traffic;B_01_043,wait;B_02_016]	imrp	FullyOpen	0.0	1.0	0.0	Open	0.0	SymmetricalOrAlternating	nan	1	Neutral	Neutral	nan	0	5	0
[traffic;B_01_043,freeway;B_03_001]	imrp	FullyOpen	0.0	1.0	0.0	Open	0.0	SymmetricalOrAlternating	Straight	1	Neutral	Neutral	nan	0	5	1
[traffic;B_01_043,fire;B_03_090]	imrp	FullyOpen	0.0	1.0	0.0	Open	0.0	SymmetricalOrAlternating	Circular	1	Neutral	Neutral	nan	0	5	0
[traffic;B_01_043,push;D_02_077,well;D_01_009]	imrp	FullyOpen	0.0	1.0	0.0	Open	0.0	SymmetricalOrAlternating	Straight	0	Neutral	Neutral	nan	0	5	0
[traffic;B_01_043,camcorder;E_03_021]	imrp	FullyOpen	0.0	1.0	0.0	Open	0.0	OneHanded	Straight	1	Neutral	Neutral	nan	0	5	0
[traffic;B_01_043,camcorder;E_03_021]	imrp	FullyOpen	0.0	1.0	0.0	Open	0.0	SymmetricalOrAlternating	Straight	1	Neutral	Neutral	nan	0	nan	0
[four;C_01_029,three;B_01_044,your;F_01_052,camcorder;E_03_021]	imrp	FullyOpen	0.0	1.0	0.0	Open	0.0	OneHanded	Straight	0	Neutral	Neutral	nan	0	nan	0
[camcorder;E_03_021,three;B_01_044]	im	FullyOpen	0.0	1.0	0.0	Open	0.0	OneHanded	Straight	1	Neutral	Neutral	nan	0	nan	0
[three;B_01_044,your;F_01_052]	im	FullyOpen	0.0	1.0	0.0	Open	0.0	OneHanded	Straight	0	Neutral	Neutral	Neutral	0	nan	0
[third;F_02_088,three;B_01_044]	im	FullyOpen	0.0	1.0	0.0	Open	0.0	OneHanded	nan	0	Neutral	Neutral	nan	0	nan	0
[third;F_02_088,three;B_01_044]	im	FullyOpen	0.0	1.0	0.0	Open	0.0	OneHanded	Straight	0	Neutral	Neutral	nan	0	nan	1
[therapy;H_03_088,print;B_01_045]	i	Bent	1.0	nan	nan	Open	1.0	AsymmetricalDifferentHandshape	Straight	1	Hand	Palm	nan	1	B	0
[therapy;H_03_088,print;B_01_045]	i	FullyOpen	0.0	nan	nan	Open	1.0	AsymmetricalDifferentHandshape	Straight	1	Hand	Palm	nan	1	B	0
[mind;B_01_046,lonely;B_03_078]	i	FullyOpen	0.0	nan	nan	Closed	0.0	OneHanded	Straight	1	Head	Forehead	nan	1	nan	0
[mind;B_01_046,lonely;B_03_078]	i	Curved	0.0	nan	nan	Closed	0.0	OneHanded	Straight	1	Head	Chin	nan	1	nan	0
[mind;B_01_046,think;C_03_053]	i	Flat	0.0	nan	nan	Closed	0.0	OneHanded	Straight	1	Head	Forehead	nan	1	nan	0
[mind;B_01_046,think;C_03_053]	i	Curved	0.0	nan	nan	Closed	0.0	OneHanded	Straight	0	Head	Forehead	nan	1	nan	0
[mind;B_01_046,nose;G_03_075]	i	FullyOpen	0.0	nan	nan	Closed	0.0	OneHanded	Straight	1	Head	Forehead	nan	1	nan	0
[mind;B_01_046,nose;G_03_075]	i	Curved	0.0	nan	nan	Closed	0.0	OneHanded	Straight	1	Head	CheekNose	nan	1	nan	0
[mind;B_01_046,sound;H_02_096]	i	FullyOpen	0.0	nan	nan	Closed	0.0	OneHanded	Straight	1	Head	Forehead	nan	1	nan	0
[mind;B_01_046,sound;H_02_096]	i	Curved	0.0	nan	nan	Closed	0.0	OneHanded	Straight	1	Head	Other	nan	1	nan	0
[mind;B_01_046,toy_2;J_01_056]	i	Curved	0.0	nan	nan	Closed	0.0	OneHanded	Straight	1	Head	Chin	nan	1	nan	0
[mind;B_01_046,toy_2;J_01_056]	i	Curved	0.0	nan	nan	Closed	0.0	OneHanded	Straight	1	Head	Forehead	HeadAway	1	nan	0
[mind;B_01_046,recent;J_02_056]	i	Bent	0.0	nan	nan	Closed	0.0	OneHanded	Straight	1	Head	Forehead	nan	1	nan	0
[mind;B_01_046,recent;J_02_056]	i	Curved	0.0	nan	nan	Closed	0.0	OneHanded	Straight	1	Head	CheekNose	nan	1	nan	0
[fingerspelling;B_03_065,fingerspell;B_01_048]	imrp	Flat	0.0	1.0	0.0	Open	0.0	OneHanded	Circular	0	Neutral	Neutral	Neutral	0	nan	0
[camel;G_01_042,fingerspell;B_01_048]	imrp	Flat	0.0	1.0	0.0	Open	0.0	OneHanded	Z-shaped	0	Neutral	Neutral	Neutral	0	nan	0
[all_way;H_01_084,throw_2;K_01_068,fingerspell;B_01_048]	imrp	Flat	0.0	1.0	0.0	Open	0.0	OneHanded	Curved	0	Neutral	Neutral	Neutral	0	nan	0
[throw_2;K_01_068,hundred;H_03_027,your;F_01_052,fingerspell;B_01_048]	imrp	Curved	0.0	1.0	0.0	Open	0.0	OneHanded	Straight	0	Neutral	Neutral	Neutral	0	nan	0
[walk_2;J_03_067,fingerspell;B_01_048]	im	Flat	0.0	1.0	0.0	Open	0.0	OneHanded	Straight	0	Neutral	Neutral	Neutral	0	nan	0
[will;F_03_025,because;B_01_049,smell_money;F_03_026,future;C_03_080]	imrp	FullyOpen	0.0	0.0	0.0	Open	0.0	OneHanded	Curved	0	Head	Forehead	HeadAway	0	nan	0
[because;B_01_049,future;C_03_080]	imrp	FullyOpen	1.0	0.0	0.0	Open	0.0	OneHanded	Curved	0	Head	Other	HeadAway	0	nan	0
[why;D_01_067,because;B_01_049]	imr	FullyOpen	1.0	0.0	0.0	Open	0.0	OneHanded	Curved	0	Head	Forehead	HeadAway	0	nan	0
[why;D_01_067,because;B_01_049]	imrp	FullyOpen	1.0	0.0	0.0	Open	0.0	OneHanded	Straight	0	Head	Forehead	HeadAway	0	nan	0
[better;F_01_062,because;B_01_049]	imrp	FullyOpen	1.0	0.0	0.0	Open	0.0	OneHanded	Curved	0	Head	Chin	HeadAway	0	nan	0
[better;F_01_062,because;B_01_049]	imrp	FullyOpen	1.0	0.0	0.0	Open	0.0	OneHanded	Curved	0	Head	Forehead	HeadAway	1	nan	0
[mad;F_01_084,because;B_01_049]	imrp	FullyOpen	1.0	1.0	0.0	Open	0.0	OneHanded	Curved	0	Head	Forehead	HeadAway	0	nan	0
[mad;F_01_084,because;B_01_049,smell_money;F_03_026]	imrp	FullyOpen	1.0	0.0	0.0	Open	0.0	OneHanded	Curved	0	Head	HeadAway	HeadAway	0	nan	0
[will;F_03_025,because;B_01_049]	imrp	FullyOpen	1.0	0.0	0.0	Open	0.0	OneHanded	Curved	0	Head	CheekNose	HeadAway	0	nan	0
[wink;D_03_094,pill;B_01_050]	i	Flat	1.0	nan	nan	Open	1.0	OneHanded	nan	0	Head	HeadAway	nan	0	nan	0
[wink;D_03_094,pill;B_01_050]	i	Curved	1.0	nan	nan	Open	1.0	OneHanded	nan	0	Head	HeadAway	HeadAway	0	nan	0
[birth;C_02_076,bake_2;B_01_051]	imrp	FullyOpen	0.0	0.0	0.0	Open	0.0	AsymmetricalSameHandshape	Curved	0	Hand	HandAway	HandAway	0	open_b	0
[birth;C_02_076,bake_2;B_01_051]	imrp	FullyOpen	0.0	0.0	0.0	Open	0.0	AsymmetricalSameHandshape	Straight	0	Hand	HandAway	HandAway	0	open_b	1
[reduce;E_01_042,bake_2;B_01_051]	imrp	Flat	0.0	0.0	0.0	Open	0.0	AsymmetricalSameHandshape	Straight	0	Hand	HandAway	HandAway	0	open_b	0
[reduce;E_01_042,bake_2;B_01_051]	imrp	FullyOpen	0.0	0.0	0.0	Open	0.0	AsymmetricalSameHandshape	Straight	0	Hand	HandAway	HandAway	0	flat_b	0
[end;E_01_074,bake_2;B_01_051]	imrp	FullyOpen	0.0	0.0	0.0	Open	0.0	AsymmetricalSameHandshape	Straight	0	Hand	FingerTip	HandAway	0	open_b	0
[window_open;E_02_075,end;E_01_074,bake_2;B_01_051]	imrp	FullyOpen	0.0	0.0	0.0	Open	0.0	AsymmetricalSameHandshape	Straight	0	Hand	HandAway	HandAway	1	open_b	0
[basic;E_01_101,bake_2;B_01_051]	imrp	FullyOpen	0.0	0.0	0.0	Open	0.0	AsymmetricalSameHandshape	Circular	0	Hand	HandAway	HandAway	0	open_b	0
[basic;E_01_101,bake_2;B_01_051]	imrp	FullyOpen	0.0	0.0	0.0	Open	0.0	AsymmetricalSameHandshape	Straight	1	Hand	HandAway	HandAway	0	open_b	0
[window_open;E_02_075,bake_2;B_01_051]	imrp	FullyOpen	0.0	0.0	0.0	Open	0.0	AsymmetricalSameHandshape	Straight	0	Hand	FingerRadial	HandAway	0	open_b	0
[better;F_01_062,thank_you;H_02_053,good;B_01_052,bachelor;E_01_059,bad;B_02_082]	imrp	FullyOpen	0.0	0.0	0.0	Open	0.0	OneHanded	Curved	0	Head	Chin	HeadAway	1	nan	0
[good;B_01_052,bad;B_02_082]	imrp	FullyOpen	0.0	0.0	0.0	Open	0.0	OneHanded	Straight	0	Head	Chin	HeadAway	1	nan	1
[good;B_01_052,beer;B_03_062]	imrp	FullyOpen	0.0	0.0	0.0	Open	0.0	OneHanded	Straight	1	Head	Chin	HeadAway	1	nan	0
[good;B_01_052,woman;C_02_028]	imrp	FullyOpen	0.0	1.0	0.0	Open	0.0	OneHanded	Straight	0	Head	Chin	HeadAway	1	nan	0
[good;B_01_052,hello;D_02_055]	imrp	FullyOpen	0.0	0.0	0.0	Open	0.0	OneHanded	Straight	0	Head	Forehead	HeadAway	1	nan	0
[good;B_01_052,brown;D_03_045,bachelor;E_01_059]	imrp	FullyOpen	0.0	0.0	0.0	Open	0.0	OneHanded	Straight	0	Head	Chin	Chin	1	nan	0
[oops;D_03_056,good;B_01_052,thank_you;H_02_053]	imrp	FullyOpen	0.0	0.0	0.0	Open	0.0	OneHanded	Straight	0	Head	Mouth	HeadAway	1	nan	0
[better;F_01_062,good;B_01_052]	imrp	FullyOpen	1.0	0.0	0.0	Open	0.0	OneHanded	Straight	0	Head	Chin	HeadAway	1	nan	0
[good;B_01_052,goatee;G_01_074,howl;J_02_019]	imrp	Curved	0.0	0.0	0.0	Open	0.0	OneHanded	Straight	0	Head	Chin	HeadAway	1	nan	0
[good;B_01_052,will_go;J_01_095]	imrp	FullyOpen	0.0	0.0	0.0	Open	0.0	OneHanded	Straight	0	Head	Chin	HeadAway	0	nan	0
[good;B_01_052,howl;J_02_019]	imrp	FullyOpen	0.0	0.0	0.0	Open	0.0	OneHanded	Straight	0	Head	HeadAway	HeadAway	1	nan	0
[pet;F_01_063,hotel;B_01_053]	imrp	FullyOpen	1.0	0.0	0.0	Open	0.0	AsymmetricalDifferentHandshape	nan	1	Hand	FingerFront	nan	1	1	0
[pet;F_01_063,hotel;B_01_053]	im	FullyOpen	1.0	0.0	0.0	Open	0.0	AsymmetricalDifferentHandshape	nan	1	Hand	FingerRadial	nan	1	1	0
[lonely;B_03_078,wrong;B_01_055]	i	FullyOpen	0.0	nan	nan	Open	0.0	OneHanded	Straight	1	Head	Chin	nan	1	nan	0
[lonely;B_03_078,wrong;B_01_055]	p	FullyOpen	0.0	nan	nan	Closed	0.0	OneHanded	Straight	1	Head	Chin	nan	1	nan	0
[gay;D_03_011,wrong;B_01_055]	i	FullyOpen	0.0	nan	nan	Open	0.0	OneHanded	Straight	1	Head	Chin	nan	1	nan	0
[gay;D_03_011,wrong;B_01_055]	p	Flat	0.0	nan	nan	Open	0.0	OneHanded	Straight	1	Head	Chin	nan	1	nan	0
[wrong;B_01_055,rhino;D_03_016]	p	FullyOpen	0.0	nan	nan	Closed	0.0	OneHanded	Straight	1	Head	Chin	nan	1	nan	0
[wrong;B_01_055,rhino;D_03_016]	p	FullyOpen	0.0	nan	nan	Open	0.0	OneHanded	Straight	1	Head	CheekNose	nan	1	nan	0
[snorkel;E_01_102,wrong;B_01_055]	i	FullyOpen	0.0	nan	nan	Open	0.0	OneHanded	Straight	1	Head	Chin	nan	1	nan	0
[snorkel;E_01_102,wrong;B_01_055]	p	FullyOpen	0.0	nan	nan	Open	0.0	OneHanded	Straight	1	Head	Mouth	nan	1	nan	0
[lunch;F_01_076,wrong;B_01_055]	i	FullyOpen	0.0	nan	nan	Open	0.0	OneHanded	Straight	1	Head	Chin	nan	1	nan	0
[lunch;F_01_076,wrong;B_01_055]	p	FullyOpen	0.0	nan	nan	Open	0.0	OneHanded	Straight	1	Head	Chin	nan	0	nan	0
[if;G_03_017,wrong;B_01_055]	p	FullyOpen	0.0	nan	nan	Closed	0.0	OneHanded	Straight	1	Head	Chin	nan	1	nan	0
[if;G_03_017,wrong;B_01_055]	p	FullyOpen	0.0	nan	nan	Open	0.0	OneHanded	Straight	1	Head	Eye	nan	1	nan	0
[luck;H_03_009,wrong;B_01_055]	i	FullyOpen	0.0	nan	nan	Open	0.0	OneHanded	Straight	1	Head	Chin	nan	1	nan	0
[luck;H_03_009,wrong;B_01_055]	p	FullyOpen	0.0	nan	nan	Open	0.0	OneHanded	Straight	1	Head	Chin	HeadAway	1	nan	0
[wrong;B_01_055,iphone;K_01_021]	p	FullyOpen	0.0	nan	nan	Closed	0.0	OneHanded	Straight	1	Head	Chin	nan	1	nan	0
[wrong;B_01_055,iphone;K_01_021]	p	FullyOpen	0.0	nan	nan	Open	0.0	OneHanded	Straight	1	Head	Other	nan	1	nan	0
[person;B_01_066,type;B_01_056]	im	Stacked	0.0	nan	0.0	Open	1.0	SymmetricalOrAlternating	Straight	0	Neutral	Neutral	Neutral	1	p	0
[person;B_01_066,type;B_01_056]	im	Stacked	0.0	nan	0.0	Open	1.0	SymmetricalOrAlternating	Circular	0	Neutral	Neutral	Neutral	0	p	0
[careful;B_03_039,type;B_01_056]	im	Stacked	0.0	nan	0.0	Open	1.0	SymmetricalOrAlternating	Straight	0	Neutral	Neutral	Neutral	1	p	0
[careful;B_03_039,type;B_01_056]	im	Stacked	0.0	nan	0.0	Open	1.0	SymmetricalOrAlternating	Circular	1	Neutral	Neutral	Neutral	1	p	0
[type;B_01_056,borrow;B_03_055]	im	Stacked	0.0	nan	0.0	Open	1.0	SymmetricalOrAlternating	Curved	0	Neutral	Neutral	Neutral	1	p	0
[type;B_01_056,borrow;B_03_055]	im	Stacked	0.0	nan	0.0	Open	1.0	SymmetricalOrAlternating	Circular	0	Neutral	Neutral	Neutral	1	p	1
[type;B_01_056,people;C_01_009]	im	Stacked	0.0	nan	0.0	Open	1.0	SymmetricalOrAlternating	Circular	1	Neutral	Neutral	Neutral	1	p	0
[type;B_01_056,people;C_01_009]	im	Stacked	0.0	nan	0.0	Open	1.0	SymmetricalOrAlternating	Circular	0	Neutral	Neutral	Neutral	0	p	0
[type;B_01_056,permission;G_03_093]	im	Stacked	0.0	nan	0.0	Open	1.0	SymmetricalOrAlternating	Curved	0	Neutral	Neutral	Neutral	1	p	0
[type;B_01_056,permission;G_03_093]	im	Stacked	0.0	nan	0.0	Open	1.0	SymmetricalOrAlternating	Circular	0	Neutral	Neutral	Neutral	0	p	0
[doubt;B_01_057,two_more;G_01_021]	im	FullyOpen	1.0	1.0	0.0	Closed	0.0	OneHanded	nan	1	Neutral	HeadAway	nan	0	nan	0
[doubt;B_01_057,two_more;G_01_021]	im	FullyOpen	1.0	1.0	0.0	Closed	0.0	OneHanded	nan	1	Head	Neutral	nan	0	nan	0
[doubt;B_01_057,cranky;H_02_104]	imrp	FullyOpen	1.0	1.0	0.0	Closed	0.0	OneHanded	nan	1	Head	HeadAway	nan	0	nan	0
[doubt;B_01_057,cranky;H_02_104]	im	FullyOpen	1.0	1.0	0.0	Open	0.0	OneHanded	nan	1	Head	HeadAway	nan	0	nan	0
[judge;B_01_058,ghost;E_01_032]	i	Curved	0.0	nan	nan	Open	1.0	SymmetricalOrAlternating	Straight	0	Neutral	Neutral	Neutral	0	f	0
[judge;B_01_058,ghost;E_01_032]	i	Curved	0.0	nan	nan	Open	1.0	SymmetricalOrAlternating	Straight	1	Neutral	Neutral	Neutral	1	f	0
[chain;E_02_055,judge;B_01_058]	i	Curved	0.0	nan	nan	Open	1.0	SymmetricalOrAlternating	Straight	1	Neutral	Neutral	Neutral	1	f	0
[chain;E_02_055,judge;B_01_058]	i	Curved	0.0	nan	nan	Open	1.0	SymmetricalOrAlternating	Straight	1	Neutral	Neutral	Neutral	0	f	1
[judge;B_01_058,plate;F_02_060]	i	Curved	0.0	nan	nan	Open	0.0	SymmetricalOrAlternating	Straight	1	Neutral	Neutral	Neutral	0	f	0
[judge;B_01_058,plate;F_02_060]	i	Curved	0.0	nan	nan	Open	1.0	SymmetricalOrAlternating	Straight	1	Neutral	Neutral	Neutral	0	curved_l	0
[judge;B_01_058,marionette;F_03_073]	m	Curved	0.0	nan	nan	Open	1.0	SymmetricalOrAlternating	Straight	1	Neutral	Neutral	Neutral	0	f	0
[judge;B_01_058,marionette;F_03_073]	i	Curved	0.0	nan	nan	Open	1.0	SymmetricalOrAlternating	Straight	1	Neutral	Neutral	Neutral	0	1	0
[judge;B_01_058,feedback;J_01_002]	i	Curved	1.0	nan	nan	Open	1.0	SymmetricalOrAlternating	Straight	1	Neutral	Neutral	Neutral	0	f	0
[judge;B_01_058,feedback;J_01_002]	i	Curved	0.0	nan	nan	Open	1.0	SymmetricalOrAlternating	Straight	0	Neutral	Neutral	Neutral	0	f	0
[brag;B_03_011,army;B_01_059]	t	nan	nan	nan	nan	Open	nan	SymmetricalOrAlternating	Straight	1	Body	Waist	nan	1	a	0
[brag;B_03_011,army;B_01_059]	t	nan	nan	nan	nan	Open	nan	SymmetricalOrAlternating	Straight	1	Body	Clavicle	BodyAway	1	a	0
[canada;C_03_034,army;B_01_059]	t	nan	nan	nan	nan	Open	nan	OneHanded	Straight	1	Body	Clavicle	nan	1	a	0
[canada;C_03_034,army;B_01_059]	t	nan	nan	nan	nan	Open	nan	SymmetricalOrAlternating	Straight	1	Body	Clavicle	nan	1	nan	0
[army;B_01_059,theater;D_01_052]	t	nan	nan	nan	nan	Open	nan	SymmetricalOrAlternating	Circular	1	Body	Clavicle	nan	1	a	0
[army;B_01_059,theater;D_01_052]	t	nan	nan	nan	nan	Open	nan	SymmetricalOrAlternating	Straight	1	Body	Clavicle	BodyAway	1	a	0
[fat;C_01_011,much;B_01_061]	imrp	FullyOpen	0.0	1.0	0.0	Open	0.0	SymmetricalOrAlternating	Curved	0	Neutral	Neutral	Neutral	0	curved_5	0
[fat;C_01_011,much;B_01_061]	imrp	Curved	0.0	1.0	0.0	Open	0.0	SymmetricalOrAlternating	Curved	0	Neutral	Neutral	Neutral	0	5	0
[cloud;D_01_092,much;B_01_061,plow;H_02_058]	imrp	Curved	0.0	1.0	0.0	Open	0.0	SymmetricalOrAlternating	Circular	0	Neutral	Neutral	Neutral	0	curved_5	0
[much;B_01_061,category;E_01_034]	imrp	Curved	0.0	0.0	0.0	Open	0.0	SymmetricalOrAlternating	Curved	0	Neutral	Neutral	Neutral	0	curved_5	0
[much;B_01_061,category;E_01_034]	imrp	Curved	0.0	1.0	0.0	Open	0.0	SymmetricalOrAlternating	Curved	0	Neutral	Neutral	Neutral	0	c	0
[much;B_01_061,plow;H_02_058,dont_want;E_02_014]	imrp	Curved	0.0	1.0	0.0	Open	0.0	SymmetricalOrAlternating	nan	0	Neutral	Neutral	Neutral	0	curved_5	0
[much;B_01_061,dont_want;E_02_014]	imrp	Curved	0.0	1.0	0.0	Open	0.0	SymmetricalOrAlternating	Curved	0	Neutral	Neutral	nan	0	curved_5	0
[throw_2;K_01_068,much;B_01_061]	imrp	Curved	0.0	1.0	0.0	Open	0.0	OneHanded	Curved	0	Neutral	Neutral	Neutral	0	curved_5	0
[throw_2;K_01_068,much;B_01_061]	imrp	Curved	0.0	1.0	0.0	Open	0.0	SymmetricalOrAlternating	Curved	0	Neutral	Neutral	Neutral	0	nan	0
[finish;B_03_025,5_dollars;B_01_062]	imrp	FullyOpen	0.0	1.0	0.0	Open	0.0	SymmetricalOrAlternating	nan	0	Neutral	Neutral	nan	0	nan	1
[finish;B_03_025,5_dollars;B_01_062]	imrp	FullyOpen	0.0	1.0	0.0	Open	0.0	OneHanded	nan	0	Neutral	Neutral	nan	0	5	1
[channel;C_03_023,5_dollars;B_01_062]	imrp	Curved	0.0	1.0	0.0	Open	0.0	OneHanded	nan	0	Neutral	Neutral	nan	0	nan	1
[soon_1;G_01_004,wristwatch;B_01_063]	i	Curved	0.0	nan	nan	Open	1.0	OneHanded	Straight	1	Head	WristBack	nan	1	nan	0
[soon_1;G_01_004,wristwatch;B_01_063]	i	Curved	0.0	nan	nan	Open	1.0	OneHanded	Straight	1	Arm	Chin	nan	1	nan	0
[wristwatch;B_01_063,soon_3;H_03_023]	i	Curved	0.0	nan	nan	Open	1.0	OneHanded	Straight	1	Head	WristBack	nan	1	nan	0
[wristwatch;B_01_063,soon_3;H_03_023]	i	Curved	0.0	nan	nan	Open	1.0	OneHanded	Straight	1	Arm	CheekNose	nan	1	nan	0
[wristwatch;B_01_063,wristwatch_3;K_01_054]	m	Curved	0.0	nan	nan	Open	1.0	OneHanded	Straight	1	Arm	WristBack	nan	1	nan	0
[wristwatch;B_01_063,wristwatch_3;K_01_054]	i	Curved	0.0	nan	nan	Open	0.0	OneHanded	Straight	1	Arm	WristBack	nan	1	nan	0
[breakdown;B_01_064,match;D_01_050]	imrp	Bent	0.0	1.0	0.0	Open	0.0	SymmetricalOrAlternating	Straight	0	Neutral	Neutral	Neutral	1	curved_5	0
[breakdown;B_01_064,match;D_01_050]	imrp	Curved	0.0	1.0	0.0	Open	0.0	SymmetricalOrAlternating	Straight	0	Neutral	Neutral	Neutral	1	spread_open_e	0
[breakdown;B_01_064,all_over_body;H_03_078]	imrp	FullyOpen	0.0	1.0	0.0	Open	0.0	SymmetricalOrAlternating	Straight	0	Neutral	Neutral	Neutral	1	curved_5	0
[breakdown;B_01_064,all_over_body;H_03_078]	imrp	Curved	0.0	1.0	0.0	Open	0.0	SymmetricalOrAlternating	Straight	0	Neutral	Neutral	Neutral	1	5	0
[suck_thumb;K_01_006,brother;B_01_065]	t	nan	nan	nan	nan	Open	nan	OneHanded	nan	0	Head	Mouth	nan	1	nan	0
[suck_thumb;K_01_006,brother;B_01_065]	t	nan	nan	nan	nan	Open	nan	OneHanded	nan	0	Head	Forehead	nan	1	nan	1
[careful;B_03_039,person;B_01_066]	im	Stacked	0.0	nan	0.0	Open	1.0	SymmetricalOrAlternating	Straight	1	Neutral	Neutral	Neutral	0	p	0
[careful;B_03_039,person;B_01_066]	im	Stacked	0.0	nan	0.0	Open	1.0	SymmetricalOrAlternating	Straight	0	Neutral	Neutral	Neutral	1	p	0
[person;B_01_066,people;C_01_009]	im	Stacked	0.0	nan	0.0	Open	1.0	SymmetricalOrAlternating	Circular	0	Neutral	Neutral	Neutral	0	p	0
[person;B_01_066,people;C_01_009]	im	Stacked	0.0	nan	0.0	Open	1.0	SymmetricalOrAlternating	Straight	1	Neutral	Neutral	Neutral	0	p	0
[person;B_01_066,party;F_02_001]	im	Stacked	0.0	nan	0.0	Open	1.0	SymmetricalOrAlternating	Curved	0	Neutral	Neutral	Neutral	0	p	0
[person;B_01_066,party;F_02_001]	im	Stacked	0.0	nan	0.0	Open	1.0	SymmetricalOrAlternating	Straight	1	Neutral	Neutral	Neutral	0	p	0
[place;G_01_029,person;B_01_066]	im	Stacked	0.0	nan	0.0	Open	1.0	SymmetricalOrAlternating	Curved	0	Neutral	Neutral	Neutral	0	p	0
[place;G_01_029,person;B_01_066]	im	Stacked	0.0	nan	0.0	Open	1.0	SymmetricalOrAlternating	Straight	0	Neutral	Neutral	Neutral	1	p	0
[color;C_02_039,bug;B_01_067,dirty;C_03_026]	imrp	FullyOpen	1.0	1.0	0.0	Open	0.0	OneHanded	nan	1	Head	CheekNose	nan	1	nan	0
[bug;B_01_067,listen;K_01_117]	im	Curved	1.0	1.0	0.0	Open	0.0	OneHanded	nan	1	Head	CheekNose	nan	1	nan	0
[clock;D_02_076,me;B_01_068]	i	FullyOpen	0.0	nan	nan	Closed	0.0	OneHanded	Straight	0	Arm	TorsoTop	nan	1	nan	0
[clock;D_02_076,me;B_01_068]	i	FullyOpen	0.0	nan	nan	Closed	0.0	OneHanded	Straight	0	Body	WristBack	nan	1	nan	0
[sshh;E_02_016,me;B_01_068]	i	FullyOpen	0.0	nan	nan	Closed	0.0	OneHanded	Straight	0	Head	TorsoTop	nan	1	nan	0
[sshh;E_02_016,me;B_01_068]	i	FullyOpen	0.0	nan	nan	Closed	0.0	OneHanded	Straight	0	Body	Mouth	nan	1	nan	0
[deaf;E_03_098,me;B_01_068]	i	FullyOpen	0.0	nan	nan	Closed	0.0	OneHanded	Straight	0	Head	TorsoTop	nan	1	nan	0
[deaf;E_03_098,me;B_01_068]	i	FullyOpen	0.0	nan	nan	Closed	0.0	OneHanded	Straight	0	Body	Other	nan	1	nan	0
[disappoint;G_03_018,me;B_01_068]	i	FullyOpen	0.0	nan	nan	Closed	0.0	OneHanded	Straight	0	Head	TorsoTop	nan	1	nan	0
[disappoint;G_03_018,me;B_01_068]	i	FullyOpen	0.0	nan	nan	Closed	0.0	OneHanded	Straight	0	Body	Chin	nan	1	nan	0
[only_one_2;H_01_001,me;B_01_068]	i	FullyOpen	0.0	nan	nan	Closed	0.0	OneHanded	Circular	0	Body	TorsoTop	nan	1	nan	0
[only_one_2;H_01_001,me;B_01_068]	i	FullyOpen	0.0	nan	nan	Closed	0.0	OneHanded	Straight	1	Body	TorsoTop	nan	1	nan	0
[angry;B_01_070,breathe;D_03_051]	imrp	FullyOpen	1.0	1.0	0.0	Open	0.0	SymmetricalOrAlternating	BackAndForth	0	Body	TorsoTop	BodyAway	1	5	0
[serious;B_01_071,disagreement;B_02_066]	i	FullyOpen	0.0	nan	nan	Closed	0.0	OneHanded	nan	0	Head	Forehead	nan	1	nan	1
[serious;B_01_071,disagreement;B_02_066]	i	FullyOpen	0.0	nan	nan	Closed	0.0	OneHanded	nan	0	Head	Chin	nan	1	nan	0
[serious;B_01_071,dont_mind;B_03_033]	i	FullyOpen	0.0	nan	nan	Closed	0.0	OneHanded	nan	0	Head	CheekNose	nan	1	nan	1
[serious;B_01_071,dont_mind;B_03_033]	i	FullyOpen	0.0	nan	nan	Closed	0.0	OneHanded	nan	0	Head	Chin	nan	1	nan	0
[serious;B_01_071,hear_1;E_01_097]	i	FullyOpen	0.0	nan	nan	Closed	0.0	OneHanded	nan	0	Head	Other	nan	1	nan	1
[serious;B_01_071,hear_1;E_01_097]	i	FullyOpen	0.0	nan	nan	Closed	0.0	OneHanded	nan	0	Head	Chin	nan	1	nan	0
[serious;B_01_071,chin_2;F_02_070]	i	Flat	0.0	nan	nan	Closed	0.0	OneHanded	nan	0	Head	Chin	nan	1	nan	1
[serious;B_01_071,chin_2;F_02_070]	i	FullyOpen	0.0	nan	nan	Closed	0.0	OneHanded	nan	0	Head	Chin	nan	1	nan	0
[serious;B_01_071,spot_something;G_01_002]	i	FullyOpen	0.0	nan	nan	Closed	0.0	OneHanded	nan	0	Head	Eye	nan	1	nan	1
[serious;B_01_071,spot_something;G_01_002]	i	FullyOpen	0.0	nan	nan	Closed	0.0	OneHanded	nan	0	Head	Chin	nan	1	nan	0
[serious;B_01_071,disappoint;G_03_018]	i	FullyOpen	0.0	nan	nan	Closed	0.0	OneHanded	Straight	0	Head	Chin	nan	1	nan	1
[serious;B_01_071,disappoint;G_03_018]	i	FullyOpen	0.0	nan	nan	Closed	0.0	OneHanded	nan	0	Head	Chin	nan	1	nan	0
[know;C_01_048,lettuce;B_01_073]	imrp	Bent	0.0	0.0	0.0	Open	0.0	OneHanded	Straight	1	Head	Forehead	nan	1	nan	0
[cellphone;K_01_128,father;B_01_077,lettuce;B_01_073]	imrp	Curved	0.0	1.0	0.0	Open	0.0	OneHanded	Straight	1	Head	Forehead	nan	1	nan	0
[minute;B_01_074,week;B_02_079]	i	FullyOpen	0.0	nan	nan	Closed	0.0	AsymmetricalDifferentHandshape	Straight	0	Hand	Palm	nan	1	B	0
[minute;B_01_074,week;B_02_079]	i	FullyOpen	0.0	nan	nan	Closed	0.0	AsymmetricalDifferentHandshape	Curved	0	Hand	Palm	FingerFront	1	B	0
[minute;B_01_074,tall_1;B_03_024]	i	FullyOpen	0.0	nan	nan	Closed	0.0	AsymmetricalDifferentHandshape	Straight	0	Hand	Palm	nan	1	B	0
[minute;B_01_074,tall_1;B_03_024]	i	FullyOpen	0.0	nan	nan	Closed	0.0	AsymmetricalDifferentHandshape	Curved	0	Hand	Palm	HandAway	1	B	0
[cancellation;C_02_017,minute;B_01_074]	i	FullyOpen	0.0	nan	nan	Closed	0.0	AsymmetricalDifferentHandshape	X-shaped	0	Hand	Palm	nan	1	B	0
[cancellation;C_02_017,minute;B_01_074]	i	FullyOpen	0.0	nan	nan	Closed	0.0	AsymmetricalDifferentHandshape	Curved	0	Hand	Palm	HandAway	1	B	0
[sometimes;E_02_038,minute;B_01_074]	i	FullyOpen	0.0	nan	nan	Closed	0.0	AsymmetricalDifferentHandshape	Curved	1	Hand	Palm	nan	1	B	0
[sometimes;E_02_038,minute;B_01_074]	i	FullyOpen	0.0	nan	nan	Closed	0.0	AsymmetricalDifferentHandshape	Curved	0	Hand	Palm	HandAway	1	B	0
[minute;B_01_074,discuss;E_03_081]	i	FullyOpen	0.0	nan	nan	Closed	0.0	AsymmetricalDifferentHandshape	Straight	0	Hand	Palm	nan	1	B	0
[minute;B_01_074,discuss;E_03_081]	i	FullyOpen	0.0	nan	nan	Closed	0.0	AsymmetricalDifferentHandshape	Curved	1	Hand	Palm	nan	1	B	0
[minute;B_01_074,pay;F_01_082]	i	FullyOpen	0.0	nan	nan	Closed	0.0	AsymmetricalDifferentHandshape	Curved	0	Hand	Palm	HandAway	1	B	0
[minute;B_01_074,pay;F_01_082]	i	FullyOpen	0.0	nan	nan	Closed	0.0	AsymmetricalDifferentHandshape	Curved	0	Hand	Palm	nan	1	B	1
[minute;B_01_074,press;H_03_006]	i	Flat	0.0	nan	nan	Closed	0.0	AsymmetricalDifferentHandshape	Curved	0	Hand	Palm	nan	1	B	0
[minute;B_01_074,press;H_03_006]	i	FullyOpen	0.0	nan	nan	Closed	0.0	AsymmetricalDifferentHandshape	Straight	0	Hand	Palm	nan	1	B	0
[due;H_03_011,minute;B_01_074]	i	FullyOpen	0.0	nan	nan	Closed	0.0	AsymmetricalDifferentHandshape	Straight	0	Hand	Palm	nan	1	B	0
[due;H_03_011,minute;B_01_074]	i	FullyOpen	0.0	nan	nan	Closed	0.0	AsymmetricalDifferentHandshape	Curved	0	Hand	Heel	nan	1	B	0
[identity;H_03_071,minute;B_01_074]	p	FullyOpen	0.0	nan	nan	Closed	0.0	AsymmetricalDifferentHandshape	Curved	0	Hand	Palm	nan	1	B	0
[identity;H_03_071,minute;B_01_074]	i	FullyOpen	0.0	nan	nan	Closed	0.0	AsymmetricalDifferentHandshape	Straight	0	Hand	Palm	nan	1	B	0
[minute;B_01_074,magnet_3;K_01_026]	ip	FullyOpen	0.0	nan	nan	Closed	0.0	AsymmetricalDifferentHandshape	Curved	0	Hand	Palm	nan	1	B	0
[minute;B_01_074,magnet_3;K_01_026]	i	FullyOpen	0.0	nan	nan	Closed	0.0	AsymmetricalDifferentHandshape	Curved	0	Hand	Palm	nan	1	B	1
[speakers;B_01_076,nothing;B_01_079]	imrp	Curved	0.0	0.0	1.0	Open	1.0	SymmetricalOrAlternating	Straight	1	Neutral	Neutral	Neutral	0	o	0
[get;B_03_007,speakers;B_01_076]	imrp	Curved	1.0	0.0	1.0	Open	1.0	SymmetricalOrAlternating	Straight	0	Neutral	Neutral	Neutral	0	o	0
[pop_3;K_02_115,get;B_03_007,speakers;B_01_076,sausage;F_03_088]	imrp	Curved	1.0	0.0	1.0	Open	1.0	SymmetricalOrAlternating	Straight	1	Neutral	Neutral	Neutral	1	o	0
[recite;J_02_078,speakers;B_01_076]	imrp	Curved	1.0	0.0	1.0	Open	1.0	OneHanded	Straight	1	Neutral	Neutral	Neutral	0	o	0
[recite;J_02_078,speakers;B_01_076]	imrp	Curved	1.0	0.0	1.0	Open	1.0	SymmetricalOrAlternating	Straight	1	Neutral	Neutral	Neutral	0	nan	0
[speakers;B_01_076,pop_3;K_02_115]	imrp	Curved	1.0	0.0	1.0	Open	1.0	SymmetricalOrAlternating	BackAndForth	1	Neutral	Neutral	Neutral	0	o	0
[farm;B_01_086,father;B_01_077]	imrp	FullyOpen	0.0	1.0	0.0	Open	0.0	OneHanded	Straight	1	Head	Forehead	Chin	1	nan	0
[grandfather;B_02_036,father;B_01_077]	imrp	FullyOpen	0.0	1.0	0.0	Open	0.0	OneHanded	nan	1	Head	Forehead	nan	1	nan	0
[firetruck;F_02_101,grandfather;B_02_036,father;B_01_077,woman;C_02_028]	imrp	FullyOpen	0.0	1.0	0.0	Open	0.0	OneHanded	Straight	0	Head	Forehead	nan	1	nan	0
[fine;C_01_043,father;B_01_077,shoulder_3;K_01_078]	imrp	FullyOpen	0.0	1.0	0.0	Open	0.0	OneHanded	Straight	1	Body	Forehead	nan	1	nan	0
[fine;C_01_043,father;B_01_077,mother;B_02_008]	imrp	FullyOpen	0.0	1.0	0.0	Open	0.0	OneHanded	Straight	1	Head	TorsoTop	nan	1	nan	0
[yawn_1;F_02_079,father;B_01_077,mother;B_02_008]	imrp	FullyOpen	0.0	1.0	0.0	Open	0.0	OneHanded	Straight	1	Head	Mouth	nan	1	nan	0
[father;B_01_077,shoulder_3;K_01_078,mother;B_02_008]	imrp	FullyOpen	0.0	1.0	0.0	Open	0.0	OneHanded	Straight	1	Head	Shoulder	nan	1	nan	0
[father;B_01_077,cellphone;K_01_128,mother;B_02_008]	imrp	FullyOpen	0.0	1.0	0.0	Open	0.0	OneHanded	Straight	1	Head	CheekNose	nan	1	nan	0
[cracker_2;K_03_093,father;B_01_077]	imrp	FullyOpen	0.0	1.0	0.0	Open	0.0	OneHanded	Straight	1	Arm	Forehead	nan	1	nan	0
[cracker_2;K_03_093,father;B_01_077,mother;B_02_008]	imrp	FullyOpen	0.0	1.0	0.0	Open	0.0	OneHanded	Straight	1	Head	ElbowBack	nan	1	nan	0
[small;D_01_030,nothing;B_01_079]	imrp	Curved	0.0	0.0	0.0	Open	0.0	SymmetricalOrAlternating	Straight	1	Neutral	Neutral	Neutral	0	o	0
[small;D_01_030,nothing;B_01_079]	imrp	Curved	0.0	0.0	0.0	Open	1.0	SymmetricalOrAlternating	Straight	1	Neutral	Neutral	Neutral	0	c	0
[move;D_03_090,nothing;B_01_079]	imrp	Curved	0.0	0.0	0.0	Open	1.0	SymmetricalOrAlternating	Curved	1	Neutral	Neutral	Neutral	0	o	0
[story_2;J_01_007,nothing;B_01_079]	imrp	Curved	0.0	0.0	0.0	Open	1.0	SymmetricalOrAlternating	Straight	1	Neutral	Neutral	Neutral	0	o	1
[more;B_03_032,certificate;B_01_080]	imrp	Curved	0.0	0.0	0.0	Open	1.0	SymmetricalOrAlternating	Straight	1	Neutral	Neutral	Neutral	1	c	0
[more;B_03_032,certificate;B_01_080]	imrp	Curved	0.0	0.0	0.0	Open	0.0	SymmetricalOrAlternating	Straight	1	Neutral	Neutral	Neutral	1	o	0
[action;C_01_026,wrap;E_02_050,certificate;B_01_080]	imrp	Curved	0.0	0.0	0.0	Open	0.0	SymmetricalOrAlternating	Circular	1	Neutral	Neutral	Neutral	1	c	0
[ball;C_02_044,certificate;B_01_080]	imrp	Curved	0.0	1.0	0.0	Open	0.0	SymmetricalOrAlternating	Straight	1	Neutral	Neutral	Neutral	1	c	0
[ball;C_02_044,certificate;B_01_080]	imrp	Curved	0.0	0.0	0.0	Open	0.0	SymmetricalOrAlternating	Straight	1	Neutral	Neutral	Neutral	1	curved_5	0
[wrap;E_02_050,certificate;B_01_080]	imrp	Curved	0.0	0.0	0.0	Open	0.0	SymmetricalOrAlternating	Straight	1	Neutral	Neutral	Neutral	1	curved_b	0
[fair;G_01_080,certificate;B_01_080]	imrp	Flat	0.0	0.0	0.0	Open	0.0	SymmetricalOrAlternating	Straight	1	Neutral	Neutral	Neutral	1	c	0
[fair;G_01_080,certificate;B_01_080]	imrp	Curved	0.0	0.0	0.0	Open	0.0	SymmetricalOrAlternating	Straight	1	Neutral	Neutral	Neutral	1	flat_b	0
[comfortable;H_03_058,stretch_2;K_03_126,certificate;B_01_080]	imrp	Curved	1.0	0.0	0.0	Open	0.0	SymmetricalOrAlternating	Straight	1	Neutral	Neutral	Neutral	1	c	0
[comfortable;H_03_058,stack_2;K_02_102,certificate;B_01_080]	imrp	Curved	0.0	0.0	0.0	Open	0.0	SymmetricalOrAlternating	Other	1	Neutral	Neutral	Neutral	1	c	0
[important;B_01_081,department;C_02_033]	m	Curved	0.0	nan	nan	Open	1.0	SymmetricalOrAlternating	Curved	0	Neutral	Neutral	Neutral	1	f	1
[important;B_01_081,department;C_02_033]	i	Curved	0.0	nan	nan	Open	1.0	SymmetricalOrAlternating	Curved	0	Neutral	Neutral	Neutral	1	1	1
[important;B_01_081,perfect;D_01_008]	i	Curved	0.0	nan	nan	Open	1.0	SymmetricalOrAlternating	Other	0	Neutral	Neutral	Neutral	1	f	1
[important;B_01_081,perfect;D_01_008]	i	Curved	0.0	nan	nan	Open	1.0	SymmetricalOrAlternating	Curved	0	Neutral	Neutral	Neutral	1	f	0
[important;B_01_081,ghost;E_01_032]	i	Curved	0.0	nan	nan	Open	1.0	SymmetricalOrAlternating	Straight	0	Neutral	Neutral	Neutral	1	f	1
[important;B_01_081,ghost;E_01_032]	i	Curved	0.0	nan	nan	Open	1.0	SymmetricalOrAlternating	Curved	0	Neutral	Neutral	Neutral	1	f	0
[important;B_01_081,team;E_01_071]	i	Bent	0.0	nan	nan	Open	1.0	SymmetricalOrAlternating	Curved	0	Neutral	Neutral	Neutral	1	f	1
[important;B_01_081,team;E_01_071]	i	Curved	0.0	nan	nan	Open	1.0	SymmetricalOrAlternating	Curved	0	Neutral	Neutral	Neutral	1	baby_o	1
[important;B_01_081,chain;E_02_055]	i	Curved	0.0	nan	nan	Open	1.0	SymmetricalOrAlternating	Straight	0	Neutral	Neutral	Neutral	1	f	1
[important;B_01_081,chain;E_02_055]	i	Curved	0.0	nan	nan	Open	1.0	SymmetricalOrAlternating	Curved	1	Neutral	Neutral	Neutral	1	f	1
[important;B_01_081,form;G_03_023]	i	Curved	0.0	nan	nan	Open	1.0	SymmetricalOrAlternating	BackAndForth	0	Neutral	Neutral	Neutral	1	f	1
[important;B_01_081,form;G_03_023]	i	Curved	0.0	nan	nan	Open	1.0	SymmetricalOrAlternating	Curved	0	Neutral	Neutral	Neutral	1	f	0
[important;B_01_081,instead;H_01_079]	i	Curved	0.0	nan	nan	Open	1.0	SymmetricalOrAlternating	Circular	0	Neutral	Neutral	Neutral	1	f	1
[important;B_01_081,instead;H_01_079]	i	Curved	0.0	nan	nan	Open	1.0	SymmetricalOrAlternating	Curved	0	Neutral	Neutral	Neutral	1	f	0
[important;B_01_081,interpret;J_02_009]	i	Curved	0.0	nan	nan	Open	1.0	SymmetricalOrAlternating	nan	0	Neutral	Neutral	Neutral	1	f	1
[important;B_01_081,interpret;J_02_009]	i	Curved	0.0	nan	nan	Open	1.0	SymmetricalOrAlternating	Curved	0	Neutral	Neutral	nan	1	f	1
[patient_2;B_01_085,letter;C_01_031]	t	nan	nan	nan	nan	Open	nan	OneHanded	nan	0	Head	Mouth	Chin	1	nan	0
[patient_2;B_01_085,letter;C_01_031]	t	nan	nan	nan	nan	Open	nan	OneHanded	Straight	0	Head	Mouth	nan	1	nan	0
[nut;D_02_073,patient_2;B_01_085]	t	nan	nan	nan	nan	Open	nan	OneHanded	Straight	1	Head	Mouth	Chin	1	nan	0
[nut;D_02_073,patient_2;B_01_085]	t	nan	nan	nan	nan	Open	nan	OneHanded	Straight	0	Head	Mouth	HeadAway	1	nan	0
[not;E_01_100,patient_2;B_01_085]	t	nan	nan	nan	nan	Open	nan	OneHanded	Straight	0	Head	UnderChin	Chin	1	nan	0
[not;E_01_100,patient_2;B_01_085]	t	nan	nan	nan	nan	Open	nan	OneHanded	Straight	0	Head	Mouth	HeadAway	1	nan	0
[patient_2;B_01_085,confidential;G_02_022]	t	nan	nan	nan	nan	Open	nan	OneHanded	Straight	1	Head	Mouth	Chin	1	nan	0
[patient_2;B_01_085,confidential;G_02_022]	t	nan	nan	nan	nan	Open	nan	OneHanded	Straight	0	Head	Mouth	Mouth	1	nan	0
[arizona;J_03_022,patient_2;B_01_085]	t	nan	nan	nan	nan	Open	nan	OneHanded	Curved	0	Head	Mouth	Chin	1	nan	0
[arizona;J_03_022,patient_2;B_01_085]	t	nan	nan	nan	nan	Open	nan	OneHanded	Straight	0	Head	Chin	Chin	1	nan	0
[farm;B_01_086,talk;C_01_008]	imrp	FullyOpen	0.0	1.0	0.0	Closed	0.0	OneHanded	Straight	1	Head	Chin	Chin	1	nan	0
[farm;B_01_086,woman;C_02_028]	imrp	FullyOpen	0.0	1.0	0.0	Open	0.0	OneHanded	Straight	0	Head	Chin	Chin	1	nan	0
[challenge;B_03_051,which;B_01_088]	t	nan	nan	nan	nan	Open	nan	SymmetricalOrAlternating	Straight	0	Neutral	Neutral	Neutral	0	a	0
[challenge;B_03_051,which;B_01_088]	t	nan	nan	nan	nan	Open	nan	SymmetricalOrAlternating	Straight	1	Neutral	Neutral	Neutral	1	a	0
[which;B_01_088,continue;D_03_032]	t	nan	nan	nan	nan	Open	nan	SymmetricalOrAlternating	Curved	1	Neutral	Neutral	Neutral	0	a	0
[which;B_01_088,continue;D_03_032]	t	nan	nan	nan	nan	Open	nan	SymmetricalOrAlternating	Straight	1	Neutral	Neutral	Neutral	1	a	0
[which;B_01_088,wash_1;E_01_033]	t	nan	nan	nan	nan	Open	nan	SymmetricalOrAlternating	Circular	1	Neutral	Neutral	Neutral	0	a	0
[which;B_01_088,wash_1;E_01_033]	t	nan	nan	nan	nan	Open	nan	SymmetricalOrAlternating	Straight	1	Neutral	Neutral	Neutral	1	a	0
[which;B_01_088,shape;F_01_005]	t	nan	nan	nan	nan	Open	nan	SymmetricalOrAlternating	Z-shaped	1	Neutral	Neutral	Neutral	0	a	0
[which;B_01_088,shape;F_01_005]	t	nan	nan	nan	nan	Open	nan	SymmetricalOrAlternating	Straight	0	Neutral	Neutral	Neutral	0	a	0
[which;B_01_088,race;F_02_075]	t	nan	nan	nan	nan	Open	nan	SymmetricalOrAlternating	nan	1	Neutral	Neutral	Neutral	0	a	0
[which;B_01_088,race;F_02_075]	t	nan	nan	nan	nan	Open	nan	SymmetricalOrAlternating	Straight	1	Neutral	Neutral	Neutral	0	a	1
[dig_up;G_02_019,which;B_01_088]	t	nan	nan	nan	nan	Open	nan	SymmetricalOrAlternating	Curved	1	Neutral	Neutral	Neutral	0	a	0
[dig_up;G_02_019,which;B_01_088]	t	nan	nan	nan	nan	Open	nan	SymmetricalOrAlternating	Straight	1	Neutral	Neutral	Neutral	0	a	1
[dribble;K_02_074,which;B_01_088]	t	nan	nan	nan	nan	Open	nan	OneHanded	Straight	1	Neutral	Neutral	Neutral	0	a	0
[dribble;K_02_074,which;B_01_088]	t	nan	nan	nan	nan	Open	nan	SymmetricalOrAlternating	Straight	1	Neutral	Neutral	Neutral	0	nan	0
[peace;B_01_089,how;D_02_082]	imrp	Curved	0.0	0.0	0.0	Open	0.0	SymmetricalOrAlternating	Curved	0	Neutral	Neutral	Neutral	1	open_b	1
[peace;B_01_089,how;D_02_082]	imrp	FullyOpen	0.0	0.0	0.0	Open	0.0	SymmetricalOrAlternating	Curved	0	Neutral	Neutral	Neutral	1	c	1
[peace;B_01_089,shut_out;G_03_026]	imrp	FullyOpen	0.0	0.0	0.0	Closed	0.0	SymmetricalOrAlternating	Curved	0	Neutral	Neutral	Neutral	1	open_b	1
[peace;B_01_089,shut_out;G_03_026]	imrp	FullyOpen	0.0	0.0	0.0	Open	0.0	SymmetricalOrAlternating	Curved	0	Neutral	Neutral	Neutral	1	closed_b	1
[peace;B_01_089,lost;J_01_017]	imrp	FullyOpen	0.0	1.0	0.0	Open	0.0	SymmetricalOrAlternating	Curved	0	Neutral	Neutral	Neutral	1	open_b	1
[peace;B_01_089,lost;J_01_017]	imrp	FullyOpen	0.0	0.0	0.0	Open	0.0	SymmetricalOrAlternating	Curved	0	Neutral	Neutral	Neutral	1	5	1
[peace;B_01_089,sandwich_4;K_01_015]	imrp	FullyOpen	0.0	0.0	0.0	Open	0.0	SymmetricalOrAlternating	Straight	0	Neutral	Neutral	Neutral	1	open_b	1
[peace;B_01_089,stack_3;K_03_069]	imrp	FullyOpen	0.0	0.0	0.0	Open	0.0	SymmetricalOrAlternating	Other	0	Neutral	Neutral	Neutral	1	open_b	1
[silly;B_01_090,hairdryer;B_02_078]	i	FullyOpen	0.0	nan	nan	Open	0.0	OneHanded	Straight	1	Head	CheekNose	HeadAway	0	nan	0
[silly;B_01_090,hairdryer;B_02_078]	p	FullyOpen	0.0	nan	nan	Open	0.0	OneHanded	Straight	1	Head	HeadAway	HeadAway	0	nan	0
[maid;G_01_044,eat;B_02_002,home;B_03_063]	imrp	Curved	0.0	0.0	0.0	Open	1.0	OneHanded	Straight	1	Head	Chin	nan	1	nan	0
[learn_lesson;E_02_041,eat;B_02_002]	imrp	Curved	0.0	0.0	0.0	Open	1.0	OneHanded	Straight	1	Head	Forehead	nan	1	nan	0
[yawn_1;F_02_079,eat;B_02_002]	imrp	FullyOpen	0.0	0.0	0.0	Open	1.0	OneHanded	Straight	1	Head	Mouth	nan	1	nan	0
[yawn_1;F_02_079,eat;B_02_002]	imrp	Curved	0.0	0.0	0.0	Open	0.0	OneHanded	Straight	1	Head	Mouth	nan	1	nan	0
[kiss_on_cheek;F_03_018,eat;B_02_002]	imrp	Curved	0.0	0.0	0.0	Open	1.0	OneHanded	Straight	1	Head	CheekNose	nan	1	nan	0
[maid;G_01_044,eat;B_02_002]	mr	Curved	0.0	0.0	0.0	Open	1.0	OneHanded	Straight	1	Head	Mouth	nan	1	nan	0
[about;B_02_003,about;B_02_072]	i	FullyOpen	0.0	nan	nan	Closed	0.0	AsymmetricalSameHandshape	Circular	0	Hand	HandAway	FingerTip	1	O	1
[about;B_02_003,about;B_02_072]	i	FullyOpen	0.0	nan	nan	Closed	0.0	AsymmetricalDifferentHandshape	Circular	0	Hand	HandAway	FingerTip	1	1	1
[possible;B_02_005,canoe;D_01_045]	imrp	FullyClosed	0.0	nan	0.0	Closed	1.0	SymmetricalOrAlternating	Curved	1	Neutral	Neutral	Neutral	0	s	0
[possible;B_02_005,canoe;D_01_045]	imrp	FullyClosed	0.0	nan	0.0	Closed	1.0	SymmetricalOrAlternating	Straight	0	Neutral	Neutral	Neutral	0	s	0
[possible;B_02_005,saw;D_03_060]	imrp	FullyClosed	0.0	nan	0.0	Closed	1.0	OneHanded	Straight	1	Neutral	Neutral	Neutral	0	s	0
[possible;B_02_005,saw;D_03_060]	imrp	FullyClosed	0.0	nan	0.0	Closed	1.0	SymmetricalOrAlternating	Straight	1	Neutral	Neutral	Neutral	0	nan	0
[slave;E_03_094,possible;B_02_005]	imrp	FullyClosed	0.0	nan	0.0	Closed	1.0	SymmetricalOrAlternating	Curved	1	Neutral	Neutral	Neutral	0	s	0
[slave;E_03_094,possible;B_02_005]	imrp	FullyClosed	0.0	nan	0.0	Closed	1.0	SymmetricalOrAlternating	Straight	1	Neutral	Neutral	Neutral	1	s	0
[support_2;F_03_066,possible;B_02_005]	imrp	FullyClosed	0.0	nan	0.0	Closed	1.0	SymmetricalOrAlternating	Straight	0	Neutral	Neutral	Neutral	0	s	0
[support_2;F_03_066,possible;B_02_005]	imrp	FullyClosed	0.0	nan	0.0	Closed	1.0	SymmetricalOrAlternating	Straight	1	Neutral	Neutral	Neutral	1	s	0
[cheerleader;H_02_045,possible;B_02_005]	imrp	FullyClosed	0.0	nan	0.0	Closed	1.0	SymmetricalOrAlternating	Z-shaped	1	Neutral	Neutral	Neutral	0	s	0
[cheerleader;H_02_045,possible;B_02_005]	imrp	FullyClosed	0.0	nan	0.0	Closed	1.0	SymmetricalOrAlternating	Straight	0	Neutral	Neutral	Neutral	0	s	0
[possible;B_02_005,load_2;K_02_003]	imrp	FullyClosed	1.0	nan	0.0	Closed	1.0	SymmetricalOrAlternating	Straight	1	Neutral	Neutral	Neutral	0	s	0
[possible;B_02_005,load_2;K_02_003]	imrp	FullyClosed	0.0	nan	1.0	Closed	1.0	SymmetricalOrAlternating	Straight	1	Neutral	Neutral	Neutral	0	s	0
[possible;B_02_005,decorate_2;K_02_030]	imrp	FullyClosed	0.0	nan	0.0	Closed	1.0	SymmetricalOrAlternating	Circular	1	Neutral	Neutral	Neutral	0	s	0
[possible;B_02_005,decorate_2;K_02_030]	imrp	FullyClosed	0.0	nan	0.0	Closed	1.0	SymmetricalOrAlternating	Straight	1	Neutral	Neutral	Neutral	1	s	0
[possible;B_02_005,pop_4;K_03_031]	imrp	FullyClosed	0.0	nan	0.0	Closed	1.0	SymmetricalOrAlternating	BackAndForth	1	Neutral	Neutral	Neutral	0	s	0
[possible;B_02_005,pop_4;K_03_031]	imrp	FullyClosed	0.0	nan	0.0	Closed	1.0	SymmetricalOrAlternating	Straight	0	Neutral	Neutral	Neutral	0	s	0
[ski-ca;K_03_033,possible;B_02_005]	imrp	FullyClosed	0.0	nan	nan	Closed	1.0	SymmetricalOrAlternating	Straight	1	Neutral	Neutral	Neutral	0	s	0
[ski-ca;K_03_033,possible;B_02_005]	imrp	FullyClosed	0.0	nan	0.0	Closed	1.0	SymmetricalOrAlternating	Curved	1	Neutral	Neutral	Neutral	0	s	0
[black;B_02_006,for;B_03_049]	i	FullyOpen	0.0	nan	nan	Closed	0.0	OneHanded	Curved	0	Head	Forehead	HeadAway	0	nan	1
[black;B_02_006,for;B_03_049]	i	FullyOpen	0.0	nan	nan	Closed	0.0	OneHanded	Straight	0	Head	Forehead	HeadAway	1	nan	1
[black;B_02_006,what_for;C_02_054]	i	FullyOpen	0.0	nan	nan	Closed	0.0	OneHanded	Curved	0	Head	Forehead	HeadAway	0	nan	1
[black;B_02_006,what_for;C_02_054]	i	FullyOpen	0.0	nan	nan	Closed	0.0	OneHanded	Straight	1	Head	Forehead	HeadAway	0	nan	1
[suck;F_01_012,black;B_02_006]	i	FullyOpen	0.0	nan	nan	Closed	0.0	OneHanded	Straight	0	Head	HeadAway	HeadAway	0	nan	1
[suck;F_01_012,black;B_02_006]	i	FullyOpen	0.0	nan	nan	Closed	0.0	OneHanded	Straight	0	Head	Forehead	HeadAway	0	nan	0
[black;B_02_006,intelligent;H_02_080]	i	FullyOpen	0.0	nan	nan	Closed	0.0	OneHanded	Straight	0	Head	Forehead	HeadAway	1	nan	1
[black;B_02_006,intelligent;H_02_080]	i	FullyOpen	0.0	nan	nan	Closed	0.0	OneHanded	Straight	0	Head	Forehead	HeadAway	0	nan	0
[black;B_02_006,blackbird;K_03_124]	i	Flat	0.0	nan	nan	Closed	0.0	OneHanded	Straight	0	Head	Forehead	HeadAway	0	nan	1
[black;B_02_006,blackbird;K_03_124]	i	FullyOpen	0.0	nan	nan	Closed	0.0	OneHanded	Straight	0	Head	Forehead	HeadAway	1	nan	1
[happy;C_03_078,please;B_02_007]	imrp	FullyOpen	0.0	0.0	0.0	Open	0.0	OneHanded	Curved	1	Body	TorsoTop	TorsoTop	1	nan	0
[long_ago;J_01_026,happy;C_03_078,please;B_02_007]	imrp	FullyOpen	0.0	0.0	0.0	Open	0.0	OneHanded	Circular	1	Body	TorsoTop	BodyAway	1	nan	0
[enjoy;D_03_033,please;B_02_007]	imrp	FullyOpen	0.0	0.0	0.0	Open	0.0	SymmetricalOrAlternating	Circular	1	Body	TorsoTop	TorsoTop	1	nan	0
[enjoy;D_03_033,please;B_02_007]	imrp	FullyOpen	0.0	0.0	0.0	Open	0.0	OneHanded	Circular	1	Body	TorsoTop	TorsoTop	1	open_b	0
[long_ago;J_01_026,please;B_02_007]	imrp	FullyOpen	0.0	0.0	0.0	Open	0.0	OneHanded	Circular	1	Body	BodyAway	TorsoTop	1	nan	0
[please;B_02_007,baby_2;K_01_042]	imrp	FullyOpen	0.0	0.0	0.0	Open	0.0	OneHanded	Straight	1	Body	TorsoTop	TorsoTop	1	nan	0
[please;B_02_007,baby_2;K_01_042]	imrp	FullyOpen	0.0	0.0	0.0	Open	0.0	OneHanded	Circular	1	Body	TorsoTop	nan	1	nan	0
[parents;B_03_044,color;C_02_039,mother;B_02_008]	imrp	FullyOpen	0.0	1.0	0.0	Open	0.0	OneHanded	nan	1	Head	Chin	nan	1	nan	0
[fine;C_01_043,shoulder_3;K_01_078,mother;B_02_008]	imrp	FullyOpen	0.0	1.0	0.0	Open	0.0	OneHanded	Straight	1	Body	Chin	nan	1	nan	0
[color;C_02_039,mother;B_02_008]	imrp	FullyOpen	1.0	1.0	0.0	Open	0.0	OneHanded	Straight	1	Head	Chin	nan	1	nan	0
[cellphone;K_01_128,rest_all_day;J_03_043,mother;B_02_008]	imrp	Curved	0.0	1.0	0.0	Open	0.0	OneHanded	Straight	1	Head	Chin	nan	1	nan	0
[cracker_2;K_03_093,mother;B_02_008]	imrp	FullyOpen	0.0	1.0	0.0	Open	0.0	OneHanded	Straight	1	Arm	Chin	nan	1	nan	0
[same_1;B_02_009,later;D_01_077]	i	FullyOpen	0.0	nan	nan	Open	0.0	OneHanded	Straight	1	Neutral	Neutral	Neutral	0	nan	0
[same_1;B_02_009,later;D_01_077]	p	FullyOpen	0.0	nan	nan	Open	0.0	OneHanded	Straight	0	Neutral	Neutral	Neutral	0	nan	0
[same_1;B_02_009,today;E_02_006]	p	FullyOpen	0.0	nan	nan	Open	0.0	SymmetricalOrAlternating	Straight	1	Neutral	Neutral	Neutral	0	nan	0
[same_1;B_02_009,today;E_02_006]	p	FullyOpen	0.0	nan	nan	Open	0.0	OneHanded	Straight	1	Neutral	Neutral	Neutral	0	y	0
[same_1;B_02_009,hose;E_02_054]	i	FullyOpen	0.0	nan	nan	Open	0.0	OneHanded	Straight	1	Neutral	Neutral	Neutral	0	nan	0
[same_1;B_02_009,hose;E_02_054]	p	Bent	0.0	nan	nan	Open	0.0	OneHanded	Straight	1	Neutral	Neutral	Neutral	0	nan	0
[same_1;B_02_009,quarter;H_02_049]	i	FullyOpen	0.0	nan	nan	Open	0.0	OneHanded	Straight	1	Neutral	Neutral	Neutral	0	nan	0
[same_1;B_02_009,quarter;H_02_049]	p	Flat	0.0	nan	nan	Open	0.0	OneHanded	Straight	1	Neutral	Neutral	Neutral	0	nan	0
[same_1;B_02_009,instagram;H_03_083]	i	FullyOpen	0.0	nan	nan	Open	0.0	OneHanded	Straight	1	Neutral	Neutral	Neutral	0	nan	0
[same_1;B_02_009,instagram;H_03_083]	p	Curved	0.0	nan	nan	Open	0.0	OneHanded	Straight	1	Neutral	Neutral	Neutral	0	nan	0
[same_1;B_02_009,iron_2;K_02_106]	p	FullyOpen	0.0	nan	nan	Open	0.0	OneHanded	Curved	1	Neutral	Neutral	Neutral	0	nan	0
[same_1;B_02_009,iron_2;K_02_106]	p	FullyOpen	0.0	nan	nan	Open	0.0	OneHanded	Straight	1	Neutral	Neutral	Neutral	0	nan	1
[gallaudet;B_02_010,glasses;B_03_036]	i	Flat	1.0	nan	nan	Open	1.0	SymmetricalOrAlternating	Straight	1	Head	HeadAway	HeadAway	0	nan	0
[gallaudet;B_02_010,glasses;B_03_036]	i	Flat	1.0	nan	nan	Open	1.0	OneHanded	Straight	1	Head	HeadAway	HeadAway	0	g	0
[gallaudet;B_02_010,wink;D_03_094]	i	Flat	1.0	nan	nan	Open	1.0	OneHanded	nan	1	Head	HeadAway	HeadAway	0	nan	0
[gallaudet;B_02_010,wink;D_03_094]	i	Flat	1.0	nan	nan	Open	1.0	OneHanded	Straight	0	Head	HeadAway	HeadAway	0	nan	0
[gallaudet;B_02_010,take_pill;F_01_045]	i	Bent	1.0	nan	nan	Open	1.0	OneHanded	Straight	1	Head	HeadAway	HeadAway	0	nan	0
[gallaudet;B_02_010,take_pill;F_01_045]	i	Flat	1.0	nan	nan	Open	1.0	OneHanded	Straight	0	Head	HeadAway	HeadAway	0	nan	0
[gallaudet;B_02_010,clueless;F_03_082]	i	Curved	1.0	nan	nan	Open	1.0	OneHanded	Straight	1	Head	HeadAway	HeadAway	0	nan	0
[gallaudet;B_02_010,clueless;F_03_082]	i	Flat	0.0	nan	nan	Open	1.0	OneHanded	Straight	1	Head	HeadAway	HeadAway	0	nan	0
[knife;B_02_011,shame_on_you;H_01_066]	i	FullyOpen	0.0	nan	nan	Closed	0.0	AsymmetricalSameHandshape	Curved	1	Hand	FingerBack	HandAway	1	1	1
[knife;B_02_011,shame_on_you;H_01_066]	i	FullyOpen	0.0	nan	nan	Closed	0.0	AsymmetricalSameHandshape	Curved	1	Hand	FingerRadial	HandAway	1	1	0
[drink;B_02_012,strange;C_03_018,fond;J_01_079]	imrp	Curved	0.0	0.0	0.0	Open	0.0	OneHanded	Curved	0	Head	HeadAway	HeadAway	0	nan	1
[drink;B_02_012,strange;C_03_018,had_enough;H_01_090,howl;J_02_019]	imrp	Curved	0.0	0.0	0.0	Open	0.0	OneHanded	Straight	0	Head	HeadAway	HeadAway	0	nan	0
[drink;B_02_012,had_enough;H_01_090]	imrp	Flat	0.0	0.0	0.0	Open	0.0	OneHanded	Straight	0	Head	HeadAway	HeadAway	0	nan	1
[drink;B_02_012,fond;J_01_079]	imrp	Curved	0.0	1.0	0.0	Open	0.0	OneHanded	Straight	0	Head	HeadAway	HeadAway	0	nan	1
[drink;B_02_012,howl;J_02_019]	imrp	Curved	0.0	0.0	0.0	Open	0.0	OneHanded	Straight	0	Head	HeadAway	HeadAway	1	nan	1
[glow;D_03_093,scarcely;B_02_014]	m	Flat	0.0	nan	nan	Open	0.0	SymmetricalOrAlternating	Straight	1	Head	CheekNose	HeadAway	1	open_8	0
[glow;D_03_093,scarcely;B_02_014]	m	Flat	0.0	nan	nan	Open	0.0	SymmetricalOrAlternating	Straight	1	Head	Chin	HeadAway	1	open_8	1
[year;B_02_015,canoe;D_01_045]	imrp	FullyClosed	0.0	nan	0.0	Closed	1.0	SymmetricalOrAlternating	Curved	0	Neutral	Neutral	Neutral	1	s	0
[year;B_02_015,canoe;D_01_045]	imrp	FullyClosed	0.0	nan	0.0	Closed	1.0	SymmetricalOrAlternating	Circular	0	Neutral	Neutral	Neutral	0	s	0
[year;B_02_015,break;D_01_069]	imrp	FullyClosed	0.0	nan	0.0	Closed	1.0	SymmetricalOrAlternating	Curved	0	Neutral	Neutral	Neutral	1	s	0
[year;B_02_015,break;D_01_069]	imrp	FullyClosed	0.0	nan	0.0	Closed	1.0	SymmetricalOrAlternating	Circular	0	Neutral	Neutral	Neutral	1	s	1
[year;B_02_015,bicycle;D_02_026]	imrp	FullyClosed	0.0	nan	0.0	Closed	1.0	SymmetricalOrAlternating	Circular	1	Neutral	Neutral	Neutral	1	s	0
[year;B_02_015,bicycle;D_02_026]	imrp	FullyClosed	0.0	nan	0.0	Closed	1.0	SymmetricalOrAlternating	Circular	0	Neutral	Neutral	Neutral	0	s	0
[year;B_02_015,can;D_03_027]	imrp	FullyClosed	0.0	nan	0.0	Closed	1.0	SymmetricalOrAlternating	Straight	0	Neutral	Neutral	Neutral	1	s	0
[year;B_02_015,can;D_03_027]	imrp	FullyClosed	0.0	nan	0.0	Closed	1.0	SymmetricalOrAlternating	Circular	0	Neutral	Neutral	Neutral	0	s	0
[year;B_02_015,create;D_03_076]	imrp	FullyClosed	0.0	nan	0.0	Closed	1.0	SymmetricalOrAlternating	nan	0	Neutral	Neutral	Neutral	1	s	0
[year;B_02_015,create;D_03_076]	imrp	FullyClosed	0.0	nan	0.0	Closed	1.0	SymmetricalOrAlternating	Circular	0	Neutral	Neutral	Neutral	1	s	1
[year;B_02_015,slave;E_03_094]	imrp	FullyClosed	0.0	nan	0.0	Closed	1.0	SymmetricalOrAlternating	Curved	0	Neutral	Neutral	Neutral	1	s	0
[year;B_02_015,slave;E_03_094]	imrp	FullyClosed	0.0	nan	0.0	Closed	1.0	SymmetricalOrAlternating	Circular	1	Neutral	Neutral	Neutral	1	s	0
[year;B_02_015,cheerleader;H_02_045]	imrp	FullyClosed	0.0	nan	0.0	Closed	1.0	SymmetricalOrAlternating	Z-shaped	0	Neutral	Neutral	Neutral	1	s	0
[year;B_02_015,cheerleader;H_02_045]	imrp	FullyClosed	0.0	nan	0.0	Closed	1.0	SymmetricalOrAlternating	Circular	0	Neutral	Neutral	Neutral	0	s	0
[year;B_02_015,pop_4;K_03_031]	imrp	FullyClosed	0.0	nan	0.0	Closed	1.0	SymmetricalOrAlternating	BackAndForth	0	Neutral	Neutral	Neutral	1	s	0
[year;B_02_015,pop_4;K_03_031]	imrp	FullyClosed	0.0	nan	0.0	Closed	1.0	SymmetricalOrAlternating	Circular	0	Neutral	Neutral	Neutral	0	s	0
[year;B_02_015,boots_2;K_03_101]	imrp	FullyClosed	0.0	nan	0.0	Closed	1.0	SymmetricalOrAlternating	Straight	0	Neutral	Neutral	Neutral	1	s	0
[year;B_02_015,boots_2;K_03_101]	imrp	FullyClosed	0.0	nan	0.0	Closed	1.0	SymmetricalOrAlternating	Circular	0	Neutral	Neutral	nan	1	s	0
[keyboard;B_03_070,wait;B_02_016]	imrp	Curved	1.0	1.0	0.0	Open	0.0	SymmetricalOrAlternating	nan	1	Neutral	Neutral	nan	0	5	0
[keyboard;B_03_070,wait;B_02_016]	imrp	FullyOpen	1.0	1.0	0.0	Open	0.0	SymmetricalOrAlternating	nan	1	Neutral	Neutral	nan	0	curved_5	0
[meeting;C_03_082,wait;B_02_016]	imrp	FullyOpen	1.0	1.0	0.0	Open	1.0	SymmetricalOrAlternating	nan	1	Neutral	Neutral	nan	0	5	0
[bye;E_01_058,wait;B_02_016]	imrp	FullyOpen	1.0	1.0	0.0	Open	0.0	OneHanded	nan	1	Neutral	Neutral	nan	0	5	0
[bye;E_01_058,wait;B_02_016]	imrp	FullyOpen	1.0	1.0	0.0	Open	0.0	SymmetricalOrAlternating	nan	1	Neutral	Neutral	nan	0	nan	0
[windy;G_02_080,wait;B_02_016]	imrp	FullyOpen	1.0	1.0	0.0	Open	0.0	SymmetricalOrAlternating	nan	1	Neutral	Neutral	Neutral	0	5	0
[saxophone;G_03_015,wait;B_02_016]	imrp	Flat	1.0	1.0	0.0	Open	0.0	SymmetricalOrAlternating	nan	1	Neutral	Neutral	nan	0	5	0
[saxophone;G_03_015,wait;B_02_016]	imrp	FullyOpen	1.0	1.0	0.0	Open	0.0	SymmetricalOrAlternating	nan	1	Neutral	Neutral	nan	0	flatspread_5	0
[cool_5;J_01_004,wait;B_02_016]	imrp	FullyOpen	1.0	1.0	0.0	Open	0.0	SymmetricalOrAlternating	nan	1	Head	Neutral	nan	0	5	0
[cool_5;J_01_004,wait;B_02_016]	imrp	FullyOpen	1.0	1.0	0.0	Open	0.0	SymmetricalOrAlternating	nan	1	Neutral	HeadAway	nan	0	5	0
[find;B_03_076,friday;B_02_020]	i	Curved	0.0	nan	nan	Open	1.0	OneHanded	Straight	1	Neutral	Neutral	Neutral	0	nan	0
[find;B_03_076,friday;B_02_020]	i	Curved	0.0	nan	nan	Open	1.0	OneHanded	Circular	0	Neutral	Neutral	Neutral	0	nan	0
[forfeit;D_02_038,friday;B_02_020]	i	Curved	0.0	nan	nan	Open	1.0	OneHanded	Curved	1	Neutral	Neutral	Neutral	0	nan	0
[forfeit;D_02_038,friday;B_02_020]	i	Curved	0.0	nan	nan	Open	1.0	OneHanded	Circular	0	Neutral	Neutral	Neutral	0	nan	0
[friday;B_02_020,wand;E_03_016]	i	Bent	0.0	nan	nan	Open	1.0	OneHanded	Circular	1	Neutral	Neutral	Neutral	0	nan	0
[friday;B_02_020,wand;E_03_016]	i	Curved	0.0	nan	nan	Open	1.0	OneHanded	Circular	1	Neutral	Neutral	Neutral	0	nan	1
[instagram;H_03_083,friday;B_02_020]	i	Curved	0.0	nan	nan	Open	0.0	OneHanded	Circular	1	Neutral	Neutral	Neutral	0	nan	0
[instagram;H_03_083,friday;B_02_020]	i	Curved	0.0	nan	nan	Open	1.0	OneHanded	Straight	1	Neutral	Neutral	Neutral	0	nan	0
[conduct_3;K_03_057,friday;B_02_020]	i	Curved	0.0	nan	nan	Open	1.0	OneHanded	Curved	1	Neutral	Neutral	Neutral	0	nan	0
[conduct_3;K_03_057,friday;B_02_020]	i	Curved	0.0	nan	nan	Open	1.0	OneHanded	Circular	1	Neutral	Neutral	Neutral	0	nan	1
[really;B_02_021,for;B_03_049]	i	FullyOpen	0.0	nan	nan	Closed	0.0	OneHanded	Curved	0	Head	Forehead	HeadAway	1	nan	0
[really;B_02_021,for;B_03_049]	i	FullyOpen	0.0	nan	nan	Closed	0.0	OneHanded	Curved	0	Head	Chin	HeadAway	1	nan	1
[really;B_02_021,eyes;C_01_062]	i	FullyOpen	0.0	nan	nan	Closed	0.0	OneHanded	Curved	0	Head	Eye	HeadAway	1	nan	0
[really;B_02_021,eyes;C_01_062]	i	FullyOpen	0.0	nan	nan	Closed	0.0	OneHanded	Curved	0	Head	Chin	Eye	1	nan	0
[really;B_02_021,sure;C_03_044]	i	FullyOpen	0.0	nan	nan	Closed	0.0	OneHanded	Straight	0	Head	Chin	HeadAway	1	nan	0
[really;B_02_021,sure;C_03_044]	i	FullyOpen	0.0	nan	nan	Closed	0.0	OneHanded	Curved	0	Head	Mouth	HeadAway	1	nan	0
[really;B_02_021,russia;D_02_091]	i	FullyOpen	0.0	nan	nan	Closed	0.0	OneHanded	BackAndForth	0	Head	Chin	HeadAway	1	nan	0
[really;B_02_021,russia;D_02_091]	i	FullyOpen	0.0	nan	nan	Closed	0.0	OneHanded	Curved	0	Head	Mouth	HeadAway	1	nan	0
[really;B_02_021,true_business;E_03_068]	i	FullyOpen	0.0	nan	nan	Closed	0.0	OneHanded	nan	0	Head	Chin	HeadAway	1	nan	0
[really;B_02_021,true_business;E_03_068]	i	FullyOpen	0.0	nan	nan	Closed	0.0	OneHanded	Curved	0	Head	Mouth	HeadAway	1	nan	0
[really;B_02_021,miss;G_02_049]	i	FullyOpen	0.0	nan	nan	Closed	0.0	OneHanded	nan	0	Head	Chin	HeadAway	1	nan	0
[really;B_02_021,miss;G_02_049]	i	FullyOpen	0.0	nan	nan	Closed	0.0	OneHanded	Curved	0	Head	Chin	nan	1	nan	0
[really;B_02_021,disappoint;G_03_018]	i	FullyOpen	0.0	nan	nan	Closed	0.0	OneHanded	Straight	0	Head	Chin	HeadAway	1	nan	0
[really;B_02_021,disappoint;G_03_018]	i	FullyOpen	0.0	nan	nan	Closed	0.0	OneHanded	Curved	0	Head	Chin	nan	1	nan	0
[really;B_02_021,single;H_01_018]	i	FullyOpen	0.0	nan	nan	Closed	0.0	OneHanded	Z-shaped	0	Head	Chin	HeadAway	1	nan	0
[really;B_02_021,single;H_01_018]	i	FullyOpen	0.0	nan	nan	Closed	0.0	OneHanded	Curved	0	Head	Chin	Chin	1	nan	0
[really;B_02_021,intelligent;H_02_080]	i	FullyOpen	0.0	nan	nan	Closed	0.0	OneHanded	Straight	0	Head	Chin	HeadAway	1	nan	0
[really;B_02_021,intelligent;H_02_080]	i	FullyOpen	0.0	nan	nan	Closed	0.0	OneHanded	Curved	0	Head	Forehead	HeadAway	1	nan	0
[really;B_02_021,dont_feel_like;J_01_005]	i	FullyOpen	0.0	nan	nan	Closed	0.0	OneHanded	Curved	0	Head	CheekNose	HeadAway	1	nan	0
[really;B_02_021,dont_feel_like;J_01_005]	i	FullyOpen	0.0	nan	nan	Closed	0.0	OneHanded	Curved	0	Head	Chin	HeadAway	1	nan	1
[congratulations;B_02_022,equal;C_01_052]	imrp	Flat	0.0	0.0	0.0	Open	0.0	SymmetricalOrAlternating	Straight	1	Neutral	Neutral	nan	1	c	0
[congratulations;B_02_022,equal;C_01_052]	imrp	Curved	0.0	0.0	0.0	Open	0.0	SymmetricalOrAlternating	Straight	1	Neutral	Neutral	nan	1	flat_b	0
[congratulations;B_02_022,prayer;C_03_090]	imrp	FullyOpen	0.0	0.0	0.0	Open	0.0	SymmetricalOrAlternating	Straight	1	Neutral	Neutral	nan	1	c	0
[congratulations;B_02_022,prayer;C_03_090]	imrp	Curved	0.0	0.0	0.0	Open	0.0	SymmetricalOrAlternating	Straight	1	Neutral	Neutral	nan	1	open_b	0
[congratulations;B_02_022,small;D_01_030]	imrp	Curved	0.0	0.0	0.0	Open	0.0	SymmetricalOrAlternating	Straight	1	Neutral	Neutral	nan	0	c	0
[ask;B_02_023,first;C_01_033]	i	FullyOpen	0.0	nan	nan	Closed	0.0	OneHanded	nan	0	Neutral	Neutral	nan	0	nan	0
[ask;B_02_023,first;C_01_033]	i	FullyOpen	1.0	nan	nan	Closed	0.0	OneHanded	nan	0	Neutral	Neutral	nan	0	nan	1
[ask;B_02_023,there;D_02_060]	i	FullyOpen	0.0	nan	nan	Closed	0.0	OneHanded	nan	0	Neutral	Neutral	nan	0	nan	0
[ask;B_02_023,there;D_02_060]	i	FullyOpen	1.0	nan	nan	Closed	0.0	OneHanded	Straight	0	Neutral	Neutral	nan	0	nan	0
[ask;B_02_023,ice;G_03_020]	p	FullyOpen	1.0	nan	nan	Closed	0.0	OneHanded	nan	0	Neutral	Neutral	nan	0	nan	0
[ask;B_02_023,ice;G_03_020]	i	FullyOpen	nan	nan	nan	Closed	0.0	OneHanded	nan	0	Neutral	Neutral	nan	0	nan	0
[come_here;H_02_074,ask;B_02_023]	i	Bent	1.0	nan	nan	Closed	0.0	OneHanded	nan	0	Neutral	Neutral	nan	0	nan	0
[come_here;H_02_074,ask;B_02_023]	i	FullyOpen	1.0	nan	nan	Closed	0.0	OneHanded	nan	1	Neutral	Neutral	nan	0	nan	0
[lighter;D_02_025,alphabet;B_02_024]	t	nan	1.0	nan	nan	Open	nan	OneHanded	nan	0	Neutral	Neutral	nan	0	nan	0
[lighter;D_02_025,alphabet;B_02_024]	t	nan	nan	nan	nan	Open	nan	OneHanded	nan	1	Neutral	Neutral	nan	0	nan	0
[knock;F_01_042,alphabet;B_02_024]	t	nan	nan	nan	nan	Open	nan	OneHanded	nan	1	Neutral	Neutral	nan	0	nan	0
[knock;F_01_042,alphabet;B_02_024]	t	nan	nan	nan	nan	Open	nan	OneHanded	nan	0	Neutral	Neutral	Neutral	0	nan	0
[april;H_02_070,alphabet;B_02_024]	t	nan	nan	nan	nan	Open	nan	OneHanded	Straight	0	Neutral	Neutral	nan	0	nan	0
[april;H_02_070,alphabet;B_02_024]	t	nan	nan	nan	nan	Open	nan	OneHanded	nan	0	Neutral	Neutral	Neutral	0	nan	0
[athlete;J_03_068,alphabet;B_02_024]	t	nan	nan	nan	nan	Open	nan	OneHanded	Straight	0	Neutral	Neutral	nan	0	nan	0
[athlete;J_03_068,alphabet;B_02_024]	t	nan	nan	nan	nan	Open	nan	OneHanded	nan	1	Neutral	Neutral	nan	0	nan	0
[erase_2;K_03_098,alphabet;B_02_024]	t	nan	nan	nan	nan	Open	nan	OneHanded	Other	0	Neutral	Neutral	nan	0	nan	0
[erase_2;K_03_098,alphabet;B_02_024]	t	nan	nan	nan	nan	Open	nan	OneHanded	nan	0	Neutral	Neutral	Neutral	0	nan	0
[wrestle;J_01_033,freeway;B_03_001,whatever;B_02_025]	imrp	FullyOpen	0.0	1.0	0.0	Open	0.0	SymmetricalOrAlternating	Straight	1	Neutral	Neutral	Neutral	1	5	1
[fire;B_03_090,whatever;B_02_025,america;C_02_006]	imrp	FullyOpen	0.0	1.0	0.0	Open	0.0	SymmetricalOrAlternating	Circular	1	Neutral	Neutral	Neutral	1	5	0
[ball;C_02_044,whatever;B_02_025]	imrp	Curved	0.0	1.0	0.0	Open	0.0	SymmetricalOrAlternating	Straight	1	Neutral	Neutral	Neutral	1	5	0
[ball;C_02_044,whatever;B_02_025]	imrp	FullyOpen	0.0	1.0	0.0	Open	0.0	SymmetricalOrAlternating	Straight	1	Neutral	Neutral	Neutral	1	curved_5	0
[windy;G_02_080,whatever;B_02_025]	imrp	FullyOpen	1.0	1.0	0.0	Open	0.0	SymmetricalOrAlternating	Straight	1	Neutral	Neutral	Neutral	1	5	0
[grow;B_02_042,bottle;D_02_064,run_out_of;G_01_077,subtract;B_02_027]	imrp	Curved	1.0	0.0	1.0	Open	1.0	AsymmetricalDifferentHandshape	Straight	0	Hand	Palm	HandAway	1	B	0
[out;E_02_066,run_out_of;G_01_077,subtract;B_02_027,copy;D_01_064]	imrp	Flat	1.0	1.0	1.0	Open	1.0	AsymmetricalDifferentHandshape	Straight	0	Hand	Palm	HandAway	1	B	0
[subtract;B_02_027,copy;D_01_064]	imrp	Curved	0.0	1.0	1.0	Open	1.0	AsymmetricalDifferentHandshape	Straight	0	Hand	Palm	HandAway	1	B	0
[bottle;D_02_064,subtract;B_02_027]	imrp	Curved	1.0	1.0	0.0	Open	1.0	AsymmetricalDifferentHandshape	Straight	0	Hand	Palm	HandAway	1	B	0
[subtract;B_02_027,blame;G_01_005]	imrp	Curved	1.0	1.0	1.0	Open	0.0	AsymmetricalDifferentHandshape	Straight	0	Hand	Palm	HandAway	1	B	0
[subtract;B_02_027,blame;G_01_005]	imrp	Curved	1.0	1.0	1.0	Open	1.0	AsymmetricalDifferentHandshape	Straight	0	Hand	PalmBack	HandAway	1	B	0
[crash;J_02_017,subtract;B_02_027]	imrp	Curved	1.0	1.0	1.0	Open	1.0	AsymmetricalDifferentHandshape	Straight	0	Hand	HandAway	HandAway	1	B	0
[crash;J_02_017,subtract;B_02_027]	imrp	Curved	1.0	1.0	1.0	Open	1.0	AsymmetricalDifferentHandshape	Straight	0	Hand	Palm	Palm	1	B	0
[after;B_02_030,birth;C_02_076]	imrp	FullyOpen	0.0	0.0	0.0	Open	0.0	AsymmetricalSameHandshape	Curved	0	Hand	HandAway	FingerBack	0	open_b	1
[after;B_02_030,birth;C_02_076]	imrp	FullyOpen	0.0	0.0	0.0	Open	0.0	AsymmetricalSameHandshape	Curved	0	Hand	FingerRadial	HandAway	0	open_b	1
[breathe;D_03_051,wear;B_02_032,holiday;D_03_031,cape;F_01_004]	imrp	FullyOpen	0.0	1.0	0.0	Open	0.0	SymmetricalOrAlternating	Straight	0	Body	TorsoTop	BodyAway	1	5	0
[clothes;E_03_096,wear;B_02_032,holiday;D_03_031]	imrp	FullyOpen	0.0	1.0	0.0	Open	0.0	SymmetricalOrAlternating	Curved	1	Body	TorsoTop	BodyAway	1	5	0
[wear;B_02_032,cape;F_01_004]	imrp	FullyOpen	0.0	1.0	0.0	Open	0.0	SymmetricalOrAlternating	Curved	0	Body	Shoulder	BodyAway	1	5	0
[canoe;D_01_045,try;B_02_034]	imrp	FullyClosed	0.0	nan	0.0	Closed	1.0	SymmetricalOrAlternating	Curved	0	Neutral	Neutral	Neutral	0	s	1
[canoe;D_01_045,try;B_02_034]	imrp	FullyClosed	0.0	nan	0.0	Closed	1.0	SymmetricalOrAlternating	Curved	0	Neutral	Neutral	nan	0	s	0
[try;B_02_034,break;D_01_069]	imrp	FullyClosed	0.0	nan	0.0	Closed	1.0	SymmetricalOrAlternating	Curved	0	Neutral	Neutral	Neutral	0	s	1
[try;B_02_034,break;D_01_069]	imrp	FullyClosed	0.0	nan	0.0	Closed	1.0	SymmetricalOrAlternating	Curved	0	Neutral	Neutral	nan	1	s	1
[try;B_02_034,protest;H_03_026]	imrp	FullyClosed	0.0	nan	0.0	Closed	1.0	OneHanded	Curved	0	Neutral	Neutral	nan	0	s	1
[try;B_02_034,protest;H_03_026]	imrp	FullyClosed	0.0	nan	0.0	Closed	1.0	SymmetricalOrAlternating	Curved	0	Neutral	Neutral	nan	0	nan	1
[where;B_02_035,yeah;D_01_058]	p	FullyOpen	0.0	nan	nan	Closed	0.0	OneHanded	Straight	1	Neutral	Neutral	nan	0	nan	0
[where;B_02_035,yeah;D_01_058]	i	FullyOpen	0.0	nan	nan	Open	0.0	OneHanded	Straight	1	Neutral	Neutral	nan	0	nan	0
[where;B_02_035,insurance;D_02_030]	p	FullyOpen	0.0	nan	nan	Closed	0.0	OneHanded	Straight	1	Neutral	Neutral	nan	0	nan	0
[where;B_02_035,insurance;D_02_030]	i	FullyOpen	0.0	nan	nan	Closed	0.0	OneHanded	Straight	1	Neutral	Neutral	Neutral	0	nan	0
[where;B_02_035,up;E_01_069]	i	FullyOpen	0.0	nan	nan	Closed	0.0	OneHanded	Straight	0	Neutral	Neutral	nan	0	nan	0
[where;B_02_035,up;E_01_069]	i	FullyOpen	0.0	nan	nan	Closed	0.0	OneHanded	Straight	1	Neutral	Neutral	Neutral	0	nan	0
[where;B_02_035,unicorn;F_02_031]	i	FullyOpen	0.0	nan	nan	Closed	0.0	OneHanded	Straight	1	Head	Neutral	nan	0	nan	0
[where;B_02_035,unicorn;F_02_031]	i	FullyOpen	0.0	nan	nan	Closed	0.0	OneHanded	Straight	1	Neutral	HeadTop	nan	0	nan	0
[isolated;F_02_033,where;B_02_035]	i	FullyOpen	0.0	nan	nan	Closed	0.0	OneHanded	Circular	1	Neutral	Neutral	nan	0	nan	0
[isolated;F_02_033,where;B_02_035]	i	FullyOpen	0.0	nan	nan	Closed	0.0	OneHanded	Straight	1	Neutral	Neutral	Neutral	0	nan	0
[where;B_02_035,should;G_02_079]	i	Bent	0.0	nan	nan	Closed	0.0	OneHanded	Straight	1	Neutral	Neutral	nan	0	nan	0
[where;B_02_035,should;G_02_079]	i	FullyOpen	0.0	nan	nan	Closed	0.0	OneHanded	Straight	1	Neutral	Neutral	Neutral	0	nan	0
[where;B_02_035,finger;G_02_097]	i	FullyOpen	1.0	nan	nan	Closed	0.0	OneHanded	Straight	1	Neutral	Neutral	nan	0	nan	0
[where;B_02_035,finger;G_02_097]	i	FullyOpen	0.0	nan	nan	Closed	0.0	OneHanded	nan	1	Neutral	Neutral	nan	0	nan	0
[where;B_02_035,blow_candle_2;K_02_022]	i	FullyOpen	0.0	nan	nan	Closed	0.0	OneHanded	nan	1	Neutral	Neutral	nan	0	nan	0
[where;B_02_035,blow_candle_2;K_02_022]	i	FullyOpen	0.0	nan	nan	Closed	0.0	OneHanded	Straight	0	Neutral	Neutral	nan	0	nan	0
[son;B_02_086,grandfather;B_02_036,stubborn;B_03_086,husband;D_01_082]	imrp	FullyOpen	0.0	0.0	0.0	Open	0.0	OneHanded	nan	0	Head	Forehead	nan	1	nan	0
[son;B_02_086,firetruck;F_02_101,grandfather;B_02_036]	imrp	FullyOpen	0.0	1.0	0.0	Closed	0.0	OneHanded	nan	0	Head	Forehead	nan	1	nan	0
[grandfather;B_02_036,stubborn;B_03_086]	imrp	FullyOpen	1.0	1.0	0.0	Open	0.0	OneHanded	nan	0	Head	Forehead	nan	1	nan	0
[grandfather;B_02_036,grandmother;C_02_027]	imrp	FullyOpen	0.0	1.0	0.0	Open	0.0	OneHanded	nan	0	Head	Forehead	nan	0	nan	0
[grandfather;B_02_036,videocamera_2;K_03_011]	im	FullyOpen	0.0	1.0	0.0	Open	0.0	OneHanded	nan	0	Head	Forehead	nan	1	nan	0
[parents;B_03_044,grandfather;B_02_036,videocamera_2;K_03_011]	imrp	FullyOpen	0.0	1.0	0.0	Open	0.0	OneHanded	nan	0	Head	Eye	nan	1	nan	0
[act;B_02_038,sorry;C_01_020]	t	nan	nan	nan	nan	Open	nan	OneHanded	Circular	1	Body	TorsoTop	TorsoTop	1	a	0
[act;B_02_038,sorry;C_01_020]	t	nan	nan	nan	nan	Open	nan	SymmetricalOrAlternating	Circular	1	Body	TorsoTop	TorsoTop	1	nan	0
[act;B_02_038,theater;D_01_052]	t	nan	nan	nan	nan	Open	nan	SymmetricalOrAlternating	Circular	1	Body	Clavicle	TorsoTop	1	a	0
[act;B_02_038,theater;D_01_052]	t	nan	nan	nan	nan	Open	nan	SymmetricalOrAlternating	Circular	1	Body	TorsoTop	BodyAway	1	a	0
[backpack;G_01_064,act;B_02_038]	t	nan	nan	nan	nan	Open	nan	SymmetricalOrAlternating	Circular	1	Body	Clavicle	TorsoTop	1	a	0
[backpack;G_01_064,act;B_02_038]	t	nan	nan	nan	nan	Open	nan	SymmetricalOrAlternating	Circular	1	Body	TorsoTop	nan	1	a	0
[bathtub;K_02_101,act;B_02_038]	t	nan	nan	nan	nan	Open	nan	SymmetricalOrAlternating	Curved	1	Body	TorsoTop	TorsoTop	1	a	0
[bathtub;K_02_101,act;B_02_038]	t	nan	nan	nan	nan	Open	nan	SymmetricalOrAlternating	Circular	1	Body	TorsoTop	TorsoMid	1	a	0
[parade;B_02_039,swim;E_03_053]	imrp	Flat	0.0	0.0	1.0	Open	0.0	SymmetricalOrAlternating	Curved	1	Neutral	Neutral	Neutral	0	flat_b	0
[parade;B_02_039,fair;G_01_080]	imrp	Flat	0.0	0.0	1.0	Open	0.0	SymmetricalOrAlternating	Straight	1	Neutral	Neutral	Neutral	1	flat_b	0
[parade;B_02_039,go_ahead;J_01_041]	imrp	Flat	0.0	0.0	1.0	Open	0.0	SymmetricalOrAlternating	Straight	0	Neutral	Neutral	Neutral	0	flat_b	0
[parade;B_02_039,wrap_up_2;K_02_062]	imrp	Flat	0.0	0.0	1.0	Open	0.0	SymmetricalOrAlternating	Circular	1	Neutral	Neutral	Neutral	0	flat_b	0
[grow;B_02_042,bottle;D_02_064]	imrp	Curved	1.0	0.0	0.0	Open	1.0	AsymmetricalDifferentHandshape	Straight	0	Hand	Palm	HandAway	1	C	0
[out;E_02_066,grow;B_02_042,run_out_of;G_01_077]	imrp	Flat	1.0	0.0	1.0	Open	1.0	AsymmetricalDifferentHandshape	Straight	0	Hand	Palm	HandAway	1	C	0
[april;H_02_070,other;B_02_043]	t	nan	nan	nan	nan	Open	nan	OneHanded	Straight	0	Neutral	Neutral	Neutral	0	nan	1
[april;H_02_070,other;B_02_043]	t	nan	nan	nan	nan	Open	nan	OneHanded	Curved	0	Neutral	Neutral	Neutral	0	nan	0
[erase_2;K_03_098,other;B_02_043]	t	nan	nan	nan	nan	Open	nan	OneHanded	Other	0	Neutral	Neutral	Neutral	0	nan	1
[erase_2;K_03_098,other;B_02_043]	t	nan	nan	nan	nan	Open	nan	OneHanded	Curved	0	Neutral	Neutral	Neutral	0	nan	0
[february;D_01_093,thursday;B_02_045]	i	Curved	nan	nan	nan	Open	1.0	OneHanded	nan	0	Neutral	Neutral	nan	0	nan	1
[february;D_01_093,thursday;B_02_045]	i	Bent	nan	nan	nan	Open	1.0	OneHanded	nan	0	Neutral	Neutral	nan	0	nan	0
[thursday;B_02_045,turn_key;E_01_056]	i	Bent	0.0	nan	nan	Open	1.0	OneHanded	nan	0	Neutral	Neutral	nan	0	nan	1
[thursday;B_02_045,turn_key;E_01_056]	i	Bent	nan	nan	nan	Open	1.0	OneHanded	Curved	0	Neutral	Neutral	nan	0	nan	1
[thursday;B_02_045,w.h.a.t;G_02_089]	p	Bent	nan	nan	nan	Open	1.0	OneHanded	nan	0	Neutral	Neutral	nan	0	nan	1
[thursday;B_02_045,w.h.a.t;G_02_089]	i	Curved	nan	nan	nan	Open	1.0	OneHanded	nan	0	Neutral	Neutral	nan	0	nan	1
[thursday;B_02_045,screwdriver_2;K_03_041]	i	Bent	0.0	nan	nan	Open	1.0	OneHanded	nan	0	Neutral	Neutral	nan	0	nan	1
[thursday;B_02_045,screwdriver_2;K_03_041]	i	Bent	nan	nan	nan	Open	1.0	OneHanded	nan	1	Neutral	Neutral	nan	0	nan	1
[behind;B_02_048,pass;H_03_033]	t	nan	nan	nan	nan	Open	nan	AsymmetricalSameHandshape	Curved	0	Hand	FingerBack	Heel	1	a	1
[behind;B_02_048,pass;H_03_033]	t	nan	nan	nan	nan	Open	nan	AsymmetricalSameHandshape	Curved	0	Hand	HandAway	HandAway	1	a	1
[fine;C_01_043,complain;G_01_023,boss;B_02_052,policeman_2;K_03_104]	imrp	Curved	0.0	1.0	0.0	Open	0.0	OneHanded	Straight	1	Body	TorsoTop	nan	1	nan	0
[boss;B_02_052,cellphone;K_01_128]	imrp	Curved	0.0	1.0	0.0	Open	0.0	OneHanded	Straight	1	Head	Shoulder	nan	1	nan	0
[complain;G_01_023,boss;B_02_052,cellphone;K_01_128]	imrp	Curved	0.0	1.0	0.0	Open	0.0	OneHanded	Straight	1	Body	CheekNose	nan	1	nan	0
[sad;B_02_053,embarrass;C_01_014]	imrp	FullyOpen	0.0	1.0	0.0	Open	0.0	SymmetricalOrAlternating	Circular	0	Head	HeadAway	HeadAway	0	5	0
[sad;B_02_053,embarrass;C_01_014]	imrp	FullyOpen	0.0	1.0	0.0	Open	0.0	SymmetricalOrAlternating	Straight	1	Head	HeadAway	HeadAway	0	5	0
[sad;B_02_053,vomit;D_02_072]	imrp	FullyOpen	0.0	1.0	0.0	Open	0.0	SymmetricalOrAlternating	Curved	0	Head	HeadAway	HeadAway	0	5	0
[sad;B_02_053,vomit;D_02_072]	imrp	FullyOpen	0.0	1.0	0.0	Open	0.0	SymmetricalOrAlternating	Straight	0	Head	UnderChin	HeadAway	0	5	0
[yawn_1;F_02_079,cigar;B_02_055]	imrp	Crossed	0.0	0.0	0.0	Open	0.0	OneHanded	Straight	1	Head	Mouth	nan	1	nan	0
[yawn_1;F_02_079,cigar;B_02_055]	im	FullyOpen	0.0	0.0	0.0	Open	0.0	OneHanded	Straight	1	Head	Mouth	nan	1	nan	0
[eagle_2;K_03_021,cigar;B_02_055]	im	Crossed	0.0	0.0	0.0	Open	0.0	OneHanded	nan	1	Head	Mouth	nan	1	nan	0
[eagle_2;K_03_021,cigar;B_02_055]	im	Crossed	0.0	0.0	0.0	Open	0.0	OneHanded	Straight	0	Head	Mouth	nan	1	nan	0
[zoom_in;B_02_056,brick;H_02_085]	i	Curved	1.0	nan	nan	Open	1.0	SymmetricalOrAlternating	Straight	0	Neutral	Neutral	Neutral	1	s	0
[zoom_in;B_02_056,brick;H_02_085]	i	FullyClosed	1.0	nan	nan	Open	1.0	SymmetricalOrAlternating	Straight	0	Neutral	Neutral	Neutral	1	f	0
[vlog;J_03_027,zoom_in;B_02_056]	i	Bent	1.0	nan	nan	Open	1.0	SymmetricalOrAlternating	Straight	0	Neutral	Neutral	Neutral	1	s	0
[vlog;J_03_027,zoom_in;B_02_056]	i	FullyClosed	1.0	nan	nan	Open	1.0	SymmetricalOrAlternating	Straight	0	Neutral	Neutral	Neutral	1	baby_o	0
[envelope_4;K_01_041,zoom_in;B_02_056]	i	Flat	1.0	nan	nan	Open	1.0	SymmetricalOrAlternating	Straight	0	Neutral	Neutral	Neutral	1	s	0
[envelope_4;K_01_041,zoom_in;B_02_056]	i	FullyClosed	1.0	nan	nan	Open	1.0	SymmetricalOrAlternating	Straight	0	Neutral	Neutral	Neutral	1	g	0
[accident;B_02_059,mean_1;B_02_069]	imrp	Curved	1.0	1.0	1.0	Open	1.0	SymmetricalOrAlternating	Straight	0	Neutral	Neutral	Neutral	1	5	0
[accident;B_02_059,mean_1;B_02_069]	imrp	FullyOpen	1.0	1.0	1.0	Open	1.0	SymmetricalOrAlternating	Straight	0	Neutral	Neutral	Neutral	1	curved_5	0
[accident;B_02_059,car_accident;E_03_029]	im	FullyOpen	1.0	1.0	1.0	Open	1.0	SymmetricalOrAlternating	Straight	0	Neutral	Neutral	Neutral	1	5	0
[accident;B_02_059,car_accident;E_03_029]	imrp	FullyOpen	1.0	1.0	1.0	Open	1.0	SymmetricalOrAlternating	Straight	0	Neutral	Neutral	Neutral	1	3	0
[accident;B_02_059,destroy;E_03_052]	imrp	FullyOpen	1.0	1.0	1.0	Open	0.0	SymmetricalOrAlternating	Straight	0	Neutral	Neutral	Neutral	1	5	0
[accident;B_02_059,destroy;E_03_052]	imrp	FullyOpen	1.0	1.0	1.0	Open	1.0	SymmetricalOrAlternating	BackAndForth	0	Neutral	Neutral	Neutral	1	5	0
[total;H_01_071,accident;B_02_059]	imrp	Flat	1.0	1.0	1.0	Open	1.0	SymmetricalOrAlternating	Straight	0	Neutral	Neutral	Neutral	1	5	0
[total;H_01_071,accident;B_02_059]	imrp	FullyOpen	1.0	1.0	1.0	Open	1.0	SymmetricalOrAlternating	Straight	0	Neutral	Neutral	Neutral	1	flatspread_5	0
[wet;B_02_065,want;C_03_013]	imrp	FullyOpen	1.0	1.0	0.0	Open	1.0	SymmetricalOrAlternating	Straight	0	Neutral	Neutral	Neutral	0	5	0
[wet;B_02_065,want;C_03_013]	imrp	FullyOpen	1.0	1.0	1.0	Open	0.0	SymmetricalOrAlternating	Straight	0	Neutral	Neutral	Neutral	0	5	0
[wet;B_02_065,confident;D_02_035]	imrp	Curved	1.0	1.0	1.0	Open	1.0	SymmetricalOrAlternating	Straight	0	Neutral	Neutral	Neutral	0	5	0
[wet;B_02_065,confident;D_02_035]	imrp	FullyOpen	1.0	1.0	1.0	Open	1.0	SymmetricalOrAlternating	Straight	0	Neutral	Neutral	Neutral	0	curved_5	0
[wet;B_02_065,grab;E_03_039]	imrp	FullyOpen	1.0	1.0	1.0	Open	1.0	SymmetricalOrAlternating	nan	0	Neutral	Neutral	Neutral	0	5	0
[wet;B_02_065,grab;E_03_039]	imrp	FullyOpen	1.0	1.0	1.0	Open	1.0	SymmetricalOrAlternating	Straight	0	Neutral	Neutral	nan	0	5	0
[wet;B_02_065,adopt;J_03_014]	imrp	Flat	1.0	1.0	1.0	Open	1.0	SymmetricalOrAlternating	Straight	0	Neutral	Neutral	Neutral	0	5	0
[wet;B_02_065,adopt;J_03_014]	imrp	FullyOpen	1.0	1.0	1.0	Open	1.0	SymmetricalOrAlternating	Straight	0	Neutral	Neutral	Neutral	0	flatspread_5	0
[mock;C_01_015,disagreement;B_02_066]	ip	FullyOpen	0.0	nan	nan	Closed	0.0	OneHanded	nan	0	Head	Forehead	nan	1	nan	0
[mock;C_01_015,disagreement;B_02_066]	i	FullyOpen	0.0	nan	nan	Closed	0.0	OneHanded	nan	0	Head	CheekNose	nan	1	nan	0
[disagreement;B_02_066,suspect;C_03_012]	i	FullyOpen	1.0	nan	nan	Closed	0.0	OneHanded	nan	0	Head	Forehead	nan	1	nan	0
[disagreement;B_02_066,suspect;C_03_012]	i	FullyOpen	0.0	nan	nan	Closed	0.0	OneHanded	nan	1	Head	Forehead	nan	1	nan	0
[think;C_03_053,disagreement;B_02_066]	i	Flat	0.0	nan	nan	Closed	0.0	OneHanded	nan	0	Head	Forehead	nan	1	nan	0
[think;C_03_053,disagreement;B_02_066]	i	FullyOpen	0.0	nan	nan	Closed	0.0	OneHanded	Straight	0	Head	Forehead	nan	1	nan	0
[disagreement;B_02_066,sister;D_03_050]	i	FullyOpen	0.0	nan	nan	Open	0.0	OneHanded	nan	0	Head	Forehead	nan	1	nan	0
[disagreement;B_02_066,sister;D_03_050]	i	FullyOpen	0.0	nan	nan	Closed	0.0	OneHanded	nan	0	Head	CheekNose	nan	1	nan	0
[sshh;E_02_016,disagreement;B_02_066]	i	FullyOpen	0.0	nan	nan	Closed	0.0	OneHanded	Straight	0	Head	Forehead	nan	1	nan	0
[sshh;E_02_016,disagreement;B_02_066]	i	FullyOpen	0.0	nan	nan	Closed	0.0	OneHanded	nan	0	Head	Mouth	nan	1	nan	0
[disagreement;B_02_066,true_business;E_03_068]	i	FullyOpen	0.0	nan	nan	Closed	0.0	OneHanded	nan	0	Head	Mouth	nan	1	nan	0
[disagreement;B_02_066,true_business;E_03_068]	i	FullyOpen	0.0	nan	nan	Closed	0.0	OneHanded	nan	0	Head	Forehead	HeadAway	1	nan	0
[disagreement;B_02_066,deaf;E_03_098]	i	FullyOpen	0.0	nan	nan	Closed	0.0	OneHanded	Straight	0	Head	Forehead	nan	1	nan	0
[disagreement;B_02_066,deaf;E_03_098]	i	FullyOpen	0.0	nan	nan	Closed	0.0	OneHanded	nan	0	Head	Other	nan	1	nan	0
[disagreement;B_02_066,chin_2;F_02_070]	i	Flat	0.0	nan	nan	Closed	0.0	OneHanded	nan	0	Head	Forehead	nan	1	nan	0
[disagreement;B_02_066,chin_2;F_02_070]	i	FullyOpen	0.0	nan	nan	Closed	0.0	OneHanded	nan	0	Head	Chin	nan	1	nan	0
[disagreement;B_02_066,disappoint;G_03_018]	i	FullyOpen	0.0	nan	nan	Closed	0.0	OneHanded	Straight	0	Head	Forehead	nan	1	nan	0
[disagreement;B_02_066,disappoint;G_03_018]	i	FullyOpen	0.0	nan	nan	Closed	0.0	OneHanded	nan	0	Head	Chin	nan	1	nan	0
[disagreement;B_02_066,deaf_school;H_01_022]	i	FullyOpen	0.0	nan	nan	Closed	0.0	OneHanded	nan	0	Head	Other	nan	1	nan	0
[disagreement;B_02_066,deaf_school;H_01_022]	i	FullyOpen	0.0	nan	nan	Closed	0.0	OneHanded	nan	0	Head	Forehead	nan	0	nan	0
[disagreement;B_02_066,intelligent;H_02_080]	i	FullyOpen	0.0	nan	nan	Closed	0.0	OneHanded	Straight	0	Head	Forehead	nan	1	nan	0
[disagreement;B_02_066,intelligent;H_02_080]	i	FullyOpen	0.0	nan	nan	Closed	0.0	OneHanded	nan	0	Head	Forehead	HeadAway	1	nan	0
[disagreement;B_02_066,sneeze_2;K_02_023]	i	Flat	0.0	nan	nan	Closed	0.0	OneHanded	nan	0	Head	Forehead	nan	1	nan	0
[disagreement;B_02_066,sneeze_2;K_02_023]	i	FullyOpen	0.0	nan	nan	Closed	0.0	OneHanded	nan	0	Head	UpperLip	nan	1	nan	0
[look_appearance;B_02_068,hairdryer;B_02_078]	i	FullyOpen	0.0	nan	nan	Open	0.0	OneHanded	Circular	1	Head	HeadAway	HeadAway	0	nan	0
[look_appearance;B_02_068,hairdryer;B_02_078]	i	FullyOpen	0.0	nan	nan	Closed	0.0	OneHanded	Straight	1	Head	HeadAway	HeadAway	0	nan	0
[look_appearance;B_02_068,teeth;D_01_040]	i	Bent	0.0	nan	nan	Closed	0.0	OneHanded	Circular	1	Head	HeadAway	HeadAway	0	nan	0
[look_appearance;B_02_068,teeth;D_01_040]	i	FullyOpen	0.0	nan	nan	Closed	0.0	OneHanded	Curved	1	Head	HeadAway	HeadAway	0	nan	0
[look_appearance;B_02_068,mascara;D_01_071]	i	FullyOpen	0.0	nan	nan	Closed	0.0	OneHanded	nan	1	Head	HeadAway	HeadAway	0	nan	0
[look_appearance;B_02_068,mascara;D_01_071]	i	FullyOpen	0.0	nan	nan	Closed	0.0	OneHanded	Circular	1	Head	Eye	HeadAway	0	nan	0
[look_appearance;B_02_068,toothbrush;D_03_073]	i	Flat	0.0	nan	nan	Closed	0.0	OneHanded	Circular	1	Head	HeadAway	HeadAway	0	nan	0
[look_appearance;B_02_068,toothbrush;D_03_073]	i	FullyOpen	0.0	nan	nan	Closed	0.0	OneHanded	Straight	1	Head	HeadAway	HeadAway	0	nan	0
[look_appearance;B_02_068,suck;F_01_012]	i	FullyOpen	0.0	nan	nan	Closed	0.0	OneHanded	Straight	1	Head	HeadAway	HeadAway	0	nan	0
[look_appearance;B_02_068,suck;F_01_012]	i	FullyOpen	0.0	nan	nan	Closed	0.0	OneHanded	Circular	0	Head	HeadAway	HeadAway	0	nan	0
[look_appearance;B_02_068,wise;G_02_023]	i	Bent	0.0	nan	nan	Closed	0.0	OneHanded	Circular	1	Head	HeadAway	HeadAway	0	nan	0
[look_appearance;B_02_068,wise;G_02_023]	i	FullyOpen	0.0	nan	nan	Closed	0.0	OneHanded	Straight	1	Head	HeadAway	HeadAway	0	nan	0
[mean_1;B_02_069,get;B_03_007]	imrp	Curved	1.0	0.0	1.0	Open	1.0	SymmetricalOrAlternating	Straight	0	Neutral	Neutral	Neutral	1	curved_5	0
[mean_1;B_02_069,get;B_03_007]	imrp	Curved	1.0	1.0	1.0	Open	1.0	SymmetricalOrAlternating	Straight	0	Neutral	Neutral	Neutral	1	o	0
[mean_1;B_02_069,hold_together;E_02_003]	imrp	Curved	1.0	1.0	1.0	Open	1.0	SymmetricalOrAlternating	Straight	0	Neutral	Neutral	nan	1	curved_5	0
[catch;G_02_033,mean_1;B_02_069]	imrp	Curved	1.0	1.0	0.0	Open	1.0	SymmetricalOrAlternating	Straight	0	Neutral	Neutral	Neutral	1	curved_5	0
[wring;H_01_029,mean_1;B_02_069,all_together;J_01_044]	imrp	Curved	1.0	1.0	1.0	Open	1.0	SymmetricalOrAlternating	Straight	0	Neutral	Neutral	Neutral	1	curved_5	1
[total;H_01_071,mean_1;B_02_069]	imrp	Flat	1.0	1.0	1.0	Open	1.0	SymmetricalOrAlternating	Straight	0	Neutral	Neutral	Neutral	1	curved_5	0
[total;H_01_071,mean_1;B_02_069]	imrp	Curved	1.0	1.0	1.0	Open	1.0	SymmetricalOrAlternating	Straight	0	Neutral	Neutral	Neutral	1	flatspread_5	0
[mean_1;B_02_069,all_together;J_01_044,hold;F_02_080]	imrp	Curved	1.0	1.0	1.0	Open	1.0	SymmetricalOrAlternating	Curved	0	Neutral	Neutral	Neutral	1	curved_5	0
[cake;D_01_033,new;B_02_070]	imrp	Curved	0.0	0.0	0.0	Open	0.0	AsymmetricalDifferentHandshape	Straight	0	Hand	Palm	HandAway	1	B	0
[paragraph;E_02_090,new;B_02_070]	imrp	Curved	0.0	0.0	0.0	Open	0.0	AsymmetricalDifferentHandshape	BackAndForth	0	Hand	Palm	HandAway	1	B	0
[age;B_02_071,memorize;G_03_081]	imrp	FullyOpen	1.0	1.0	1.0	Open	1.0	OneHanded	Straight	0	Head	Chin	HeadAway	1	nan	0
[age;B_02_071,memorize;G_03_081]	imrp	Curved	1.0	1.0	1.0	Open	1.0	OneHanded	Straight	0	Head	Forehead	HeadAway	1	nan	0
[age;B_02_071,cherish;J_02_033]	imrp	Curved	1.0	1.0	1.0	Open	1.0	SymmetricalOrAlternating	Straight	0	Head	Chin	HeadAway	1	nan	0
[age;B_02_071,cherish;J_02_033]	imrp	Curved	1.0	1.0	1.0	Open	1.0	OneHanded	Straight	0	Head	Chin	HeadAway	1	curved_5	0
[age;B_02_071,bark_3;K_02_096]	imrp	Curved	1.0	1.0	1.0	Open	1.0	OneHanded	Straight	1	Head	Chin	HeadAway	1	nan	0
[age;B_02_071,bark_3;K_02_096]	imrp	Curved	1.0	1.0	1.0	Open	1.0	OneHanded	Straight	0	Head	Mouth	HeadAway	1	nan	0
[hit_2;K_01_111,about;B_02_072]	i	FullyOpen	0.0	nan	nan	Closed	0.0	AsymmetricalSameHandshape	Curved	0	Hand	HandAway	FingerTip	1	1	1
[hit_2;K_01_111,about;B_02_072]	i	FullyOpen	0.0	nan	nan	Closed	0.0	AsymmetricalSameHandshape	Circular	0	Hand	HandAway	FingerFront	1	1	1
[interpreter;D_02_066,sew;B_02_073]	i	Curved	0.0	nan	nan	Open	1.0	DominanceViolation	nan	1	Hand	FingerTip	nan	1	DominanceConditionViolation	0
[interpreter;D_02_066,sew;B_02_073]	i	Curved	0.0	nan	nan	Open	1.0	DominanceViolation	Curved	1	Hand	FingerTip	nan	1	DominanceConditionViolation	1
[stress;B_02_075,movie;B_03_077]	imrp	FullyOpen	0.0	1.0	0.0	Open	0.0	AsymmetricalSameHandshape	Straight	1	Hand	FingerRadial	nan	1	S	0
[stress;B_02_075,shake_1;G_01_062,movie;B_03_077]	imrp	FullyOpen	0.0	1.0	0.0	Open	0.0	SymmetryViolation	Straight	1	Hand	FingerRadial	nan	1	5	0
[stress;B_02_075,popular;J_01_016]	imrp	FullyOpen	0.0	1.0	0.0	Open	0.0	AsymmetricalDifferentHandshape	Straight	1	Hand	FingerRadial	nan	1	S	0
[stress;B_02_075,popular;J_01_016,shake_1;G_01_062]	imrp	FullyOpen	0.0	1.0	0.0	Open	0.0	SymmetryViolation	Straight	1	Hand	FingerRadial	nan	1	1	0
[toothbrush;D_03_073,hairdryer;B_02_078]	i	Flat	0.0	nan	nan	Open	0.0	OneHanded	Straight	1	Head	HeadAway	HeadAway	0	nan	0
[toothbrush;D_03_073,hairdryer;B_02_078]	i	FullyOpen	0.0	nan	nan	Closed	0.0	OneHanded	Straight	1	Head	HeadAway	HeadAway	0	nan	0
[suck;F_01_012,hairdryer;B_02_078]	i	FullyOpen	0.0	nan	nan	Closed	0.0	OneHanded	Straight	1	Head	HeadAway	HeadAway	0	nan	0
[suck;F_01_012,hairdryer;B_02_078]	i	FullyOpen	0.0	nan	nan	Open	0.0	OneHanded	Straight	0	Head	HeadAway	HeadAway	0	nan	0
[lunch;F_01_076,hairdryer;B_02_078]	i	FullyOpen	0.0	nan	nan	Open	0.0	OneHanded	Straight	1	Head	Chin	HeadAway	0	nan	0
[lunch;F_01_076,hairdryer;B_02_078]	i	FullyOpen	0.0	nan	nan	Open	0.0	OneHanded	Straight	1	Head	HeadAway	nan	0	nan	0
[clueless;F_03_082,hairdryer;B_02_078]	i	Curved	0.0	nan	nan	Open	0.0	OneHanded	Straight	1	Head	HeadAway	HeadAway	0	nan	0
[clueless;F_03_082,hairdryer;B_02_078]	i	FullyOpen	0.0	nan	nan	Open	1.0	OneHanded	Straight	1	Head	HeadAway	HeadAway	0	nan	0
[wise;G_02_023,hairdryer;B_02_078]	i	Bent	0.0	nan	nan	Open	0.0	OneHanded	Straight	1	Head	HeadAway	HeadAway	0	nan	0
[wise;G_02_023,hairdryer;B_02_078]	i	FullyOpen	0.0	nan	nan	Closed	0.0	OneHanded	Straight	1	Head	HeadAway	HeadAway	0	nan	0
[watch;G_02_078,hairdryer;B_02_078]	i	Bent	0.0	nan	nan	Open	0.0	OneHanded	Straight	1	Head	HeadAway	HeadAway	0	nan	0
[watch;G_02_078,hairdryer;B_02_078]	i	FullyOpen	0.0	nan	nan	Open	0.0	OneHanded	Straight	0	Head	HeadAway	HeadAway	0	nan	0
[luck;H_03_009,hairdryer;B_02_078]	i	FullyOpen	0.0	nan	nan	Open	0.0	OneHanded	Straight	1	Head	Chin	HeadAway	0	nan	0
[luck;H_03_009,hairdryer;B_02_078]	i	FullyOpen	0.0	nan	nan	Open	0.0	OneHanded	Straight	1	Head	HeadAway	HeadAway	1	nan	0
[worm;B_03_014,week;B_02_079]	i	FullyOpen	1.0	nan	nan	Closed	0.0	AsymmetricalDifferentHandshape	Straight	0	Hand	Palm	FingerFront	1	B	0
[worm;B_03_014,week;B_02_079]	i	FullyOpen	0.0	nan	nan	Closed	0.0	AsymmetricalDifferentHandshape	Straight	1	Hand	Palm	FingerFront	1	B	0
[price;C_02_004,week;B_02_079]	i	Bent	0.0	nan	nan	Closed	0.0	AsymmetricalDifferentHandshape	Straight	0	Hand	Palm	FingerFront	1	B	0
[price;C_02_004,week;B_02_079]	i	FullyOpen	0.0	nan	nan	Closed	0.0	AsymmetricalDifferentHandshape	Straight	0	Hand	Palm	HandAway	1	B	0
[cancellation;C_02_017,week;B_02_079]	i	FullyOpen	0.0	nan	nan	Closed	0.0	AsymmetricalDifferentHandshape	X-shaped	0	Hand	Palm	FingerFront	1	B	0
[cancellation;C_02_017,week;B_02_079]	i	FullyOpen	0.0	nan	nan	Closed	0.0	AsymmetricalDifferentHandshape	Straight	0	Hand	Palm	HandAway	1	B	0
[deep;C_03_006,week;B_02_079]	i	Flat	0.0	nan	nan	Closed	0.0	AsymmetricalDifferentHandshape	Straight	0	Hand	Palm	FingerFront	1	B	0
[deep;C_03_006,week;B_02_079]	i	FullyOpen	0.0	nan	nan	Closed	0.0	AsymmetricalDifferentHandshape	Straight	0	Hand	Palm	HandAway	1	B	0
[discuss;E_03_081,week;B_02_079]	i	FullyOpen	0.0	nan	nan	Closed	0.0	AsymmetricalDifferentHandshape	Straight	1	Hand	Palm	FingerFront	1	B	0
[discuss;E_03_081,week;B_02_079]	i	FullyOpen	0.0	nan	nan	Closed	0.0	AsymmetricalDifferentHandshape	Straight	0	Hand	Palm	nan	1	B	0
[plummet;G_03_028,week;B_02_079]	i	FullyOpen	0.0	nan	nan	Closed	0.0	AsymmetricalDifferentHandshape	Curved	0	Hand	Palm	FingerFront	1	B	0
[plummet;G_03_028,week;B_02_079]	i	FullyOpen	0.0	nan	nan	Closed	0.0	AsymmetricalDifferentHandshape	Straight	0	Hand	Palm	HandAway	1	B	0
[press;H_03_006,week;B_02_079]	i	Flat	0.0	nan	nan	Closed	0.0	AsymmetricalDifferentHandshape	Straight	0	Hand	Palm	FingerFront	1	B	0
[press;H_03_006,week;B_02_079]	i	FullyOpen	0.0	nan	nan	Closed	0.0	AsymmetricalDifferentHandshape	Straight	0	Hand	Palm	nan	1	B	0
[due;H_03_011,week;B_02_079]	i	FullyOpen	0.0	nan	nan	Closed	0.0	AsymmetricalDifferentHandshape	Straight	0	Hand	Heel	FingerFront	1	B	0
[due;H_03_011,week;B_02_079]	i	FullyOpen	0.0	nan	nan	Closed	0.0	AsymmetricalDifferentHandshape	Straight	0	Hand	Palm	nan	1	B	0
[identity;H_03_071,week;B_02_079]	p	FullyOpen	0.0	nan	nan	Closed	0.0	AsymmetricalDifferentHandshape	Straight	0	Hand	Palm	FingerFront	1	B	0
[identity;H_03_071,week;B_02_079]	i	FullyOpen	0.0	nan	nan	Closed	0.0	AsymmetricalDifferentHandshape	Straight	0	Hand	Palm	nan	1	B	0
[time;B_02_080,temptation;C_01_082]	i	FullyOpen	0.0	nan	nan	Closed	0.0	OneHanded	Straight	1	Arm	WristBack	nan	1	nan	0
[time;B_02_080,temptation;C_01_082]	i	Bent	0.0	nan	nan	Closed	0.0	OneHanded	Straight	1	Arm	ForearmUlnar	nan	1	nan	0
[egypt;C_02_042,time;B_02_080]	i	Bent	0.0	nan	nan	Closed	0.0	OneHanded	Straight	1	Head	WristBack	nan	1	nan	0
[egypt;C_02_042,time;B_02_080]	i	Bent	0.0	nan	nan	Closed	0.0	OneHanded	Straight	1	Arm	Forehead	nan	1	nan	0
[9_oclock;C_02_080,time;B_02_080]	i	Flat	0.0	nan	nan	Closed	0.0	OneHanded	Straight	1	Arm	WristBack	nan	1	nan	0
[9_oclock;C_02_080,time;B_02_080]	i	Bent	0.0	nan	nan	Closed	0.0	OneHanded	Straight	0	Arm	WristBack	nan	1	nan	0
[clock;D_02_076,time;B_02_080]	i	FullyOpen	0.0	nan	nan	Closed	0.0	OneHanded	Straight	1	Arm	WristBack	nan	1	nan	0
[clock;D_02_076,time;B_02_080]	i	Bent	0.0	nan	nan	Closed	0.0	OneHanded	Straight	0	Arm	WristBack	nan	1	nan	0
[cannon;G_02_037,time;B_02_080]	i	FullyOpen	0.0	nan	nan	Closed	0.0	OneHanded	Straight	1	Arm	WristBack	nan	1	nan	0
[cannon;G_02_037,time;B_02_080]	i	Bent	0.0	nan	nan	Closed	0.0	OneHanded	Straight	1	Arm	WristBack	ArmAway	1	nan	0
[recent;J_02_056,time;B_02_080]	i	Bent	0.0	nan	nan	Closed	0.0	OneHanded	Straight	1	Head	WristBack	nan	1	nan	0
[recent;J_02_056,time;B_02_080]	i	Bent	0.0	nan	nan	Closed	0.0	OneHanded	Straight	1	Arm	CheekNose	nan	1	nan	0
[bachelor;E_01_059,bad;B_02_082]	imrp	FullyOpen	0.0	0.0	0.0	Open	0.0	OneHanded	Curved	0	Head	Chin	Chin	1	nan	1
[better;F_01_062,bad;B_02_082]	imrp	FullyOpen	1.0	0.0	0.0	Open	0.0	OneHanded	Curved	0	Head	Chin	HeadAway	1	nan	1
[thank_you;H_02_053,bad;B_02_082]	imrp	FullyOpen	0.0	0.0	0.0	Open	0.0	OneHanded	Curved	0	Head	Mouth	HeadAway	1	nan	1
[leave;B_02_084,order_1;C_02_064]	imrp	FullyOpen	1.0	0.0	0.0	Open	0.0	SymmetricalOrAlternating	Z-shaped	0	Neutral	Neutral	Neutral	0	open_b	0
[want;C_03_013,leave;B_02_084]	imrp	FullyOpen	1.0	1.0	0.0	Open	0.0	SymmetricalOrAlternating	Straight	0	Neutral	Neutral	Neutral	0	open_b	0
[want;C_03_013,leave;B_02_084]	imrp	FullyOpen	1.0	0.0	0.0	Open	0.0	SymmetricalOrAlternating	Straight	0	Neutral	Neutral	Neutral	0	5	0
[walk;D_02_057,melt;F_01_050,leave;B_02_084,lift;G_02_082]	imrp	FullyOpen	1.0	0.0	0.0	Open	0.0	SymmetricalOrAlternating	Curved	0	Neutral	Neutral	Neutral	0	open_b	0
[melt;F_01_050,leave;B_02_084]	imrp	FullyOpen	1.0	0.0	0.0	Open	1.0	SymmetricalOrAlternating	Straight	0	Neutral	Neutral	Neutral	0	open_b	0
[leave;B_02_084,give_up;H_03_028]	imrp	Curved	1.0	0.0	0.0	Open	0.0	SymmetricalOrAlternating	Straight	0	Neutral	Neutral	Neutral	0	open_b	0
[leave;B_02_084,give_up;H_03_028]	imrp	FullyOpen	1.0	0.0	0.0	Open	0.0	SymmetricalOrAlternating	Straight	0	Neutral	Neutral	Neutral	0	c	0
[leave;B_02_084,swear_in;J_02_016]	imrp	FullyOpen	1.0	0.0	0.0	Open	0.0	AsymmetricalSameHandshape	Straight	0	Neutral	Neutral	Neutral	0	open_b	0
[green;B_02_085,yellow;D_01_020]	p	Flat	0.0	nan	nan	Open	0.0	OneHanded	nan	1	Neutral	Neutral	nan	0	nan	1
[green;B_02_085,yellow;D_01_020]	i	FullyOpen	0.0	nan	nan	Open	0.0	OneHanded	nan	1	Neutral	Neutral	nan	0	nan	1
[turn;J_01_065,green;B_02_085]	i	FullyOpen	0.0	nan	nan	Open	0.0	OneHanded	nan	1	Neutral	Neutral	nan	0	nan	1
[turn;J_01_065,green;B_02_085]	i	Flat	0.0	nan	nan	Open	0.0	OneHanded	Curved	1	Neutral	Neutral	nan	0	nan	1
[green;B_02_085,screwdriver_2;K_03_041]	i	Bent	0.0	nan	nan	Open	0.0	OneHanded	nan	1	Neutral	Neutral	nan	0	nan	1
[green;B_02_085,screwdriver_2;K_03_041]	i	Flat	0.0	nan	nan	Open	1.0	OneHanded	nan	1	Neutral	Neutral	nan	0	nan	1
[son;B_02_086,stubborn;B_03_086]	imrp	FullyOpen	1.0	0.0	0.0	Closed	0.0	OneHanded	nan	0	Head	Forehead	nan	1	nan	0
[son;B_02_086,husband;D_01_082]	imrp	Curved	0.0	0.0	0.0	Closed	0.0	OneHanded	nan	0	Head	Forehead	nan	1	nan	0
[son;B_02_086,firetruck;F_02_101,hello;D_02_055,bitch;H_01_058]	imrp	FullyOpen	0.0	0.0	0.0	Closed	0.0	OneHanded	Straight	0	Head	Forehead	nan	1	nan	0
[son;B_02_086,hello;D_02_055]	imrp	FullyOpen	0.0	0.0	0.0	Closed	0.0	OneHanded	nan	0	Head	Forehead	HeadAway	1	nan	0
[son;B_02_086,fun;E_02_057]	im	FullyOpen	0.0	0.0	0.0	Closed	0.0	OneHanded	nan	0	Head	Forehead	nan	1	nan	0
[son;B_02_086,fun;E_02_057,daughter;E_02_023]	imrp	FullyOpen	0.0	0.0	0.0	Closed	0.0	OneHanded	nan	0	Head	CheekNose	nan	1	nan	0
[sunset;B_02_087,heap;H_03_096]	imrp	Curved	0.0	0.0	0.0	Open	0.0	OneHanded	Curved	0	Arm	ArmAway	ArmAway	1	nan	0
[sunset;B_02_087,heap;H_03_096]	imrp	Curved	0.0	0.0	0.0	Open	0.0	OneHanded	Curved	0	Arm	ArmAway	ForearmUlnar	0	nan	0
[character;B_02_088,welcome;J_02_054]	imrp	Curved	0.0	0.0	0.0	Open	0.0	OneHanded	Curved	0	Body	BodyAway	Clavicle	1	nan	1
[character;B_02_088,welcome;J_02_054]	imrp	Curved	0.0	0.0	0.0	Open	0.0	OneHanded	Circular	0	Body	BodyAway	TorsoBottom	1	nan	1
[travel;B_02_089,hop;E_03_025]	im	Curved	0.0	1.0	0.0	Closed	0.0	OneHanded	Z-shaped	0	Neutral	Neutral	Neutral	0	nan	0
[travel;B_02_089,escalator;F_01_036,hop;E_03_025,transfer;J_03_028]	im	Bent	0.0	1.0	0.0	Closed	0.0	OneHanded	Curved	0	Neutral	Neutral	Neutral	0	nan	0
[travel;B_02_089,transfer;J_03_028]	im	Bent	0.0	1.0	0.0	Closed	0.0	OneHanded	Z-shaped	0	Neutral	Neutral	Neutral	0	nan	1
[travel;B_02_089,dolphin_3;K_03_032]	im	Crossed	0.0	1.0	0.0	Closed	0.0	OneHanded	Z-shaped	0	Neutral	Neutral	Neutral	0	nan	0
[travel;B_02_089,dolphin_3;K_03_032]	im	Bent	0.0	0.0	0.0	Closed	0.0	OneHanded	Z-shaped	0	Neutral	Neutral	Neutral	0	nan	0
[boy;B_02_090,hongkong;G_02_004]	imrp	Flat	1.0	0.0	1.0	Open	1.0	OneHanded	nan	1	Head	Forehead	nan	0	nan	0
[boy;B_02_090,hongkong;G_02_004,talk_2;H_01_023,boyfriend;G_02_058]	imrp	Flat	1.0	0.0	0.0	Open	1.0	OneHanded	nan	1	Head	HeadAway	nan	0	nan	0
[boy;B_02_090,boyfriend;G_02_058]	imrp	Flat	1.0	0.0	0.0	Open	1.0	OneHanded	nan	0	Head	Forehead	nan	0	nan	0
[boy;B_02_090,duck_2;K_02_068]	imrp	Flat	1.0	0.0	0.0	Open	1.0	OneHanded	nan	1	Head	Forehead	nan	1	nan	0
[freeway;B_03_001,fire;B_03_090]	imrp	FullyOpen	0.0	1.0	0.0	Open	0.0	SymmetricalOrAlternating	Circular	1	Neutral	Neutral	Neutral	0	5	1
[freeway;B_03_001,chat;C_01_079]	imrp	FullyOpen	0.0	0.0	0.0	Open	0.0	SymmetricalOrAlternating	Straight	1	Neutral	Neutral	Neutral	0	5	1
[freeway;B_03_001,chat;C_01_079]	imrp	FullyOpen	0.0	1.0	0.0	Open	0.0	SymmetricalOrAlternating	Straight	1	Neutral	Neutral	Neutral	0	open_b	1
[push;D_02_077,freeway;B_03_001,splash-ca;K_02_037]	imrp	FullyOpen	0.0	1.0	0.0	Open	0.0	SymmetricalOrAlternating	Straight	0	Neutral	Neutral	Neutral	0	5	1
[windy;G_02_080,freeway;B_03_001]	imrp	FullyOpen	1.0	1.0	0.0	Open	0.0	SymmetricalOrAlternating	Straight	1	Neutral	Neutral	Neutral	0	5	1
[cloud_3;K_02_071,freeway;B_03_001]	imrp	Curved	0.0	1.0	0.0	Open	0.0	SymmetricalOrAlternating	Straight	1	Neutral	Neutral	Neutral	0	5	1
[cloud_3;K_02_071,freeway;B_03_001]	imrp	FullyOpen	0.0	1.0	0.0	Open	0.0	SymmetricalOrAlternating	Straight	1	Neutral	Neutral	Neutral	0	curved_5	1
[equal;C_01_052,animal;B_03_002]	imrp	Flat	0.0	0.0	0.0	Open	0.0	SymmetricalOrAlternating	Straight	1	Neutral	TorsoTop	nan	1	flat_b	0
[animal;B_03_002,relax;D_03_081]	imrp	FullyOpen	0.0	0.0	0.0	Open	0.0	SymmetricalOrAlternating	Straight	1	Body	TorsoTop	nan	1	flat_b	0
[animal;B_03_002,relax;D_03_081]	imrp	Flat	0.0	0.0	0.0	Open	0.0	SymmetricalOrAlternating	Straight	1	Body	TorsoTop	nan	1	open_b	0
[a_little_bit;H_03_025,remote_control;B_03_004]	t	nan	1.0	nan	nan	Open	nan	OneHanded	nan	1	Neutral	Neutral	nan	0	nan	0
[a_little_bit;H_03_025,remote_control;B_03_004]	t	nan	nan	nan	nan	Closed	nan	OneHanded	nan	1	Neutral	Neutral	nan	0	nan	0
[dribble;K_02_074,remote_control;B_03_004]	t	nan	nan	nan	nan	Open	nan	OneHanded	Straight	1	Neutral	Neutral	nan	0	nan	0
[dribble;K_02_074,remote_control;B_03_004]	t	nan	nan	nan	nan	Open	nan	OneHanded	nan	1	Neutral	Neutral	Neutral	0	nan	0
[waste;C_01_030,videocamera;B_03_006]	imrp	FullyOpen	0.0	1.0	0.0	Open	0.0	AsymmetricalDifferentHandshape	Straight	1	Hand	FingerFront	nan	1	B	0
[waste;C_01_030,videocamera;B_03_006]	imrp	Flat	0.0	1.0	0.0	Open	0.0	AsymmetricalDifferentHandshape	Straight	1	Hand	FingerFront	HandAway	1	B	0
[get;B_03_007,sausage;F_03_088]	imrp	Curved	1.0	0.0	0.0	Open	1.0	SymmetricalOrAlternating	Straight	0	Neutral	Neutral	Neutral	1	o	0
[clash;K_01_032,bloom;G_03_014,get;B_03_007,bright;F_03_028]	imrp	Curved	1.0	0.0	1.0	Open	1.0	SymmetricalOrAlternating	nan	0	Neutral	Neutral	Neutral	1	o	0
[bloom;G_03_014,get;B_03_007]	imrp	Curved	1.0	0.0	1.0	Open	1.0	SymmetricalOrAlternating	Straight	0	Neutral	Neutral	nan	1	o	0
[starbucks;B_03_010,cabinet;B_03_030,sausage;F_03_088]	imrp	Curved	1.0	0.0	0.0	Open	1.0	SymmetricalOrAlternating	Straight	1	Neutral	Neutral	Neutral	1	horns	0
[starbucks;B_03_010,cabinet;B_03_030]	mr	Curved	1.0	0.0	0.0	Open	1.0	SymmetricalOrAlternating	Straight	1	Neutral	Neutral	Neutral	1	curved_b	0
[starbucks;B_03_010,sausage;F_03_088]	mr	Curved	1.0	0.0	0.0	Open	1.0	SymmetricalOrAlternating	Straight	1	Neutral	Neutral	Neutral	1	o	0
[brag;B_03_011,theater;D_01_052]	t	nan	nan	nan	nan	Open	nan	SymmetricalOrAlternating	Circular	1	Body	Waist	BodyAway	1	a	0
[brag;B_03_011,theater;D_01_052]	t	nan	nan	nan	nan	Open	nan	SymmetricalOrAlternating	Straight	1	Body	Clavicle	BodyAway	1	a	0
[brag;B_03_011,refrigerator;G_01_001]	t	nan	nan	nan	nan	Open	nan	SymmetricalOrAlternating	Straight	1	Body	BodyAway	BodyAway	1	a	0
[brag;B_03_011,refrigerator;G_01_001]	t	nan	nan	nan	nan	Open	nan	SymmetricalOrAlternating	Straight	1	Body	Waist	BodyAway	0	a	0
[lie;B_03_012,daughter;E_02_023]	imrp	FullyOpen	0.0	0.0	0.0	Closed	0.0	OneHanded	nan	0	Head	Chin	HeadAway	1	nan	0
[breakfast;J_01_053,lie;B_03_012]	imrp	FullyOpen	0.0	0.0	0.0	Closed	0.0	OneHanded	Circular	0	Head	Chin	HeadAway	1	nan	0
[make_believe;J_02_097,lie;B_03_012]	imrp	FullyOpen	0.0	1.0	0.0	Closed	0.0	OneHanded	Straight	0	Head	Chin	HeadAway	1	nan	0
[communication;B_03_013,helmet;D_02_034,halloween;G_03_011]	imrp	Curved	0.0	0.0	0.0	Open	0.0	SymmetricalOrAlternating	Curved	1	Head	HeadAway	HeadAway	0	c	0
[communication;B_03_013,helmet;D_02_034]	imrp	Curved	0.0	0.0	0.0	Open	0.0	SymmetricalOrAlternating	Straight	0	Head	HeadAway	HeadAway	0	c	0
[communication;B_03_013,halloween;G_03_011]	imrp	Curved	0.0	0.0	0.0	Open	0.0	SymmetricalOrAlternating	Straight	1	Head	HeadAway	HeadAway	0	c	1
[communication;B_03_013,harmonica;G_03_054]	imrp	Flat	0.0	0.0	0.0	Open	0.0	SymmetricalOrAlternating	Straight	1	Head	HeadAway	HeadAway	0	c	0
[communication;B_03_013,harmonica;G_03_054]	imrp	Curved	0.0	0.0	0.0	Open	0.0	SymmetricalOrAlternating	Straight	1	Head	HeadAway	HeadAway	0	flat_b	0
[discuss;E_03_081,worm;B_03_014]	i	FullyOpen	0.0	nan	nan	Closed	0.0	AsymmetricalDifferentHandshape	Straight	1	Hand	Palm	FingerFront	1	B	0
[discuss;E_03_081,worm;B_03_014]	i	FullyOpen	1.0	nan	nan	Closed	0.0	AsymmetricalDifferentHandshape	Straight	1	Hand	Palm	nan	1	B	0
[vacation;B_03_016,holiday;D_03_031,bear;D_03_063]	imrp	FullyOpen	0.0	1.0	0.0	Open	0.0	SymmetricalOrAlternating	Straight	1	Body	TorsoTop	nan	1	5	0
[vacation;B_03_016,holiday;D_03_031]	imrp	FullyOpen	0.0	1.0	0.0	Open	0.0	SymmetricalOrAlternating	Straight	1	Body	Clavicle	BodyAway	1	5	0
[vacation;B_03_016,bear;D_03_063]	imrp	FullyOpen	1.0	1.0	0.0	Open	0.0	SymmetricalOrAlternating	Straight	1	Body	Clavicle	nan	1	5	0
[punch_face;J_01_051,shave;B_03_017]	imrp	FullyClosed	0.0	nan	0.0	Closed	1.0	OneHanded	Straight	0	Head	CheekNose	Chin	1	nan	0
[punch_face;J_01_051,shave;B_03_017]	imrp	FullyClosed	0.0	nan	0.0	Closed	1.0	OneHanded	Straight	1	Head	CheekNose	nan	1	nan	0
[candy_2;D_02_079,thief_1;B_03_019]	im	FullyOpen	1.0	0.0	0.0	Open	0.0	OneHanded	nan	1	Head	UpperLip	HeadAway	1	nan	0
[candy_2;D_02_079,thief_1;B_03_019]	im	FullyOpen	1.0	0.0	0.0	Open	0.0	OneHanded	Straight	1	Head	Chin	HeadAway	1	nan	0
[weather;C_03_072,world;B_03_023]	p	Curved	0.0	nan	nan	Open	1.0	SymmetricalOrAlternating	Z-shaped	0	Neutral	Neutral	Neutral	1	w	0
[weather;C_03_072,world;B_03_023]	p	Curved	0.0	nan	nan	Open	1.0	SymmetricalOrAlternating	Circular	0	Neutral	Neutral	Neutral	0	w	0
[instead;H_01_079,world;B_03_023]	i	Curved	0.0	nan	nan	Open	1.0	SymmetricalOrAlternating	Circular	0	Neutral	Neutral	Neutral	1	w	0
[instead;H_01_079,world;B_03_023]	p	Curved	0.0	nan	nan	Open	1.0	SymmetricalOrAlternating	Circular	0	Neutral	Neutral	Neutral	1	f	0
[forbid;D_03_089,tall_1;B_03_024]	i	FullyOpen	0.0	nan	nan	Open	0.0	AsymmetricalDifferentHandshape	Straight	0	Hand	Palm	HandAway	1	B	0
[forbid;D_03_089,tall_1;B_03_024]	i	FullyOpen	0.0	nan	nan	Closed	0.0	AsymmetricalDifferentHandshape	BackAndForth	0	Hand	Palm	HandAway	1	B	0
[sometimes;E_02_038,tall_1;B_03_024]	i	FullyOpen	0.0	nan	nan	Closed	0.0	AsymmetricalDifferentHandshape	Curved	0	Hand	Palm	HandAway	1	B	0
[sometimes;E_02_038,tall_1;B_03_024]	i	FullyOpen	0.0	nan	nan	Closed	0.0	AsymmetricalDifferentHandshape	Straight	1	Hand	Palm	HandAway	1	B	0
[discuss;E_03_081,tall_1;B_03_024]	i	FullyOpen	0.0	nan	nan	Closed	0.0	AsymmetricalDifferentHandshape	Straight	1	Hand	Palm	HandAway	1	B	0
[discuss;E_03_081,tall_1;B_03_024]	i	FullyOpen	0.0	nan	nan	Closed	0.0	AsymmetricalDifferentHandshape	Straight	0	Hand	Palm	nan	1	B	0
[tall_1;B_03_024,pay;F_01_082]	i	FullyOpen	0.0	nan	nan	Closed	0.0	AsymmetricalDifferentHandshape	Curved	0	Hand	Palm	HandAway	1	B	0
[tall_1;B_03_024,pay;F_01_082]	i	FullyOpen	0.0	nan	nan	Closed	0.0	AsymmetricalDifferentHandshape	Straight	0	Hand	Palm	HandAway	1	B	1
[CANCEL;F_03_083,tall_1;B_03_024]	i	FullyOpen	0.0	nan	nan	Closed	0.0	AsymmetricalDifferentHandshape	X-shaped	0	Hand	Palm	HandAway	1	B	0
[CANCEL;F_03_083,tall_1;B_03_024]	i	FullyOpen	0.0	nan	nan	Closed	0.0	AsymmetricalDifferentHandshape	Straight	0	Hand	Palm	HandAway	1	B	1
[escape;G_01_012,tall_1;B_03_024]	i	FullyOpen	0.0	nan	nan	Closed	0.0	AsymmetricalDifferentHandshape	Straight	0	Hand	Other	HandAway	1	B	0
[escape;G_01_012,tall_1;B_03_024]	i	FullyOpen	0.0	nan	nan	Closed	0.0	AsymmetricalDifferentHandshape	Straight	0	Hand	Palm	HandAway	1	5	0
[tall_1;B_03_024,press;H_03_006]	i	Flat	0.0	nan	nan	Closed	0.0	AsymmetricalDifferentHandshape	Straight	0	Hand	Palm	HandAway	1	B	0
[tall_1;B_03_024,press;H_03_006]	i	FullyOpen	0.0	nan	nan	Closed	0.0	AsymmetricalDifferentHandshape	Straight	0	Hand	Palm	nan	1	B	0
[due;H_03_011,tall_1;B_03_024]	i	FullyOpen	0.0	nan	nan	Closed	0.0	AsymmetricalDifferentHandshape	Straight	0	Hand	Heel	HandAway	1	B	0
[due;H_03_011,tall_1;B_03_024]	i	FullyOpen	0.0	nan	nan	Closed	0.0	AsymmetricalDifferentHandshape	Straight	0	Hand	Palm	nan	1	B	0
[identity;H_03_071,tall_1;B_03_024]	p	FullyOpen	0.0	nan	nan	Closed	0.0	AsymmetricalDifferentHandshape	Straight	0	Hand	Palm	HandAway	1	B	0
[identity;H_03_071,tall_1;B_03_024]	i	FullyOpen	0.0	nan	nan	Closed	0.0	AsymmetricalDifferentHandshape	Straight	0	Hand	Palm	nan	1	B	0
[splash-ca;K_02_037,finish;B_03_025,well;D_01_009]	imrp	FullyOpen	0.0	1.0	0.0	Open	0.0	SymmetricalOrAlternating	Curved	0	Neutral	Neutral	nan	0	5	1
[finish;B_03_025,well;D_01_009]	imrp	FullyOpen	0.0	1.0	0.0	Open	0.0	SymmetricalOrAlternating	nan	0	Neutral	Neutral	nan	0	5	0
[splash-ca;K_02_037,finish;B_03_025]	imrp	FullyOpen	0.0	1.0	0.0	Open	0.0	SymmetricalOrAlternating	nan	0	Neutral	Neutral	Neutral	0	5	1
[price;C_02_004,call_tty;B_03_026]	i	Bent	0.0	nan	nan	Closed	0.0	AsymmetricalDifferentHandshape	Straight	0	Hand	Palm	HandAway	1	1	0
[price;C_02_004,call_tty;B_03_026]	i	Bent	0.0	nan	nan	Closed	0.0	AsymmetricalDifferentHandshape	Straight	0	Hand	FingerBack	HandAway	1	B	0
[call_tty;B_03_026,closet_1;F_03_097]	i	Curved	0.0	nan	nan	Closed	0.0	AsymmetricalDifferentHandshape	Straight	0	Hand	FingerBack	HandAway	1	1	0
[call_tty;B_03_026,closet_1;F_03_097]	i	Bent	0.0	nan	nan	Closed	0.0	AsymmetricalDifferentHandshape	Straight	0	Hand	FingerBack	FingerTip	1	1	0
[wrong;C_03_050,pipe;B_03_027]	p	FullyOpen	0.0	nan	nan	Open	0.0	OneHanded	Straight	0	Head	Mouth	nan	1	nan	0
[wrong;C_03_050,pipe;B_03_027]	p	FullyOpen	0.0	nan	nan	Open	0.0	OneHanded	Straight	1	Head	Chin	nan	1	nan	0
[rhino;D_03_016,pipe;B_03_027]	p	FullyOpen	0.0	nan	nan	Closed	0.0	OneHanded	Straight	1	Head	Mouth	nan	1	nan	0
[rhino;D_03_016,pipe;B_03_027]	p	FullyOpen	0.0	nan	nan	Open	0.0	OneHanded	Straight	1	Head	CheekNose	nan	1	nan	0
[if;G_03_017,pipe;B_03_027]	p	FullyOpen	0.0	nan	nan	Closed	0.0	OneHanded	Straight	1	Head	Mouth	nan	1	nan	0
[if;G_03_017,pipe;B_03_027]	p	FullyOpen	0.0	nan	nan	Open	0.0	OneHanded	Straight	1	Head	Eye	nan	1	nan	0
[lesbian;H_01_057,pipe;B_03_027]	i	FullyOpen	0.0	nan	nan	Open	0.0	OneHanded	Straight	1	Head	Mouth	nan	1	nan	0
[lesbian;H_01_057,pipe;B_03_027]	p	FullyOpen	0.0	nan	nan	Open	0.0	OneHanded	Straight	1	Head	Chin	nan	1	nan	0
[iphone;K_01_021,pipe;B_03_027]	p	FullyOpen	0.0	nan	nan	Closed	0.0	OneHanded	Straight	1	Head	Mouth	nan	1	nan	0
[iphone;K_01_021,pipe;B_03_027]	p	FullyOpen	0.0	nan	nan	Open	0.0	OneHanded	Straight	1	Head	Other	nan	1	nan	0
[pipe_2;K_02_018,pipe;B_03_027]	i	FullyOpen	0.0	nan	nan	Open	0.0	OneHanded	Straight	1	Head	Mouth	nan	1	nan	0
[pipe_2;K_02_018,pipe;B_03_027]	p	Bent	0.0	nan	nan	Open	0.0	OneHanded	Straight	1	Head	Mouth	nan	1	nan	0
[pipe_3;K_03_113,pipe;B_03_027]	m	FullyOpen	0.0	nan	nan	Open	0.0	OneHanded	Straight	1	Head	Mouth	nan	1	nan	0
[pipe_3;K_03_113,pipe;B_03_027]	p	Stacked	0.0	nan	nan	Open	0.0	OneHanded	Straight	1	Head	Mouth	nan	1	nan	0
[prince;E_01_003,us;H_03_055,religion;B_03_029]	im	Crossed	0.0	0.0	0.0	Closed	0.0	OneHanded	Curved	0	Body	Clavicle	Clavicle	1	nan	0
[cabinet;B_03_030,more;B_03_032]	imrp	Curved	0.0	0.0	0.0	Open	1.0	SymmetricalOrAlternating	Straight	1	Neutral	Neutral	Neutral	1	curved_b	0
[hotdog;B_03_067,cabinet;B_03_030]	imrp	Curved	1.0	0.0	0.0	Open	1.0	SymmetricalOrAlternating	Straight	1	Neutral	Neutral	Neutral	0	curved_b	0
[tournament;B_03_031,hard;C_01_036,car_battery;E_01_039]	im	Bent	0.0	1.0	0.0	Closed	0.0	SymmetricalOrAlternating	Straight	0	Neutral	Neutral	Neutral	0	bent_v	0
[tournament;B_03_031,bone;C_03_015,topic;H_01_103]	im	Bent	0.0	1.0	0.0	Closed	0.0	SymmetricalOrAlternating	Straight	1	Neutral	Neutral	nan	0	bent_v	0
[tournament;B_03_031,car_battery;E_01_039]	im	Bent	0.0	1.0	0.0	Open	0.0	SymmetricalOrAlternating	Straight	1	Neutral	Neutral	Neutral	0	bent_v	0
[tournament;B_03_031,skateboarding_2;K_01_079]	im	Curved	0.0	1.0	0.0	Closed	0.0	SymmetricalOrAlternating	Straight	1	Neutral	Neutral	Neutral	0	bent_v	0
[tournament;B_03_031,skateboarding_2;K_01_079]	im	Bent	0.0	1.0	0.0	Closed	0.0	SymmetricalOrAlternating	Straight	1	Neutral	Neutral	Neutral	0	curved_v	0
[dont_mind;B_03_033,gold;D_02_009]	ip	FullyOpen	0.0	nan	nan	Closed	0.0	OneHanded	nan	0	Head	CheekNose	nan	1	nan	0
[dont_mind;B_03_033,gold;D_02_009]	i	FullyOpen	0.0	nan	nan	Open	0.0	OneHanded	nan	0	Head	CheekNose	nan	1	nan	0
[dont_mind;B_03_033,think_over;D_02_054]	i	FullyOpen	0.0	nan	nan	Closed	0.0	OneHanded	nan	0	Head	Forehead	nan	1	nan	0
[dont_mind;B_03_033,think_over;D_02_054]	i	FullyOpen	0.0	nan	nan	Closed	0.0	OneHanded	nan	0	Head	CheekNose	nan	0	nan	0
[dont_mind;B_03_033,sshh;E_02_016]	i	FullyOpen	0.0	nan	nan	Closed	0.0	OneHanded	Straight	0	Head	CheekNose	nan	1	nan	0
[dont_mind;B_03_033,sshh;E_02_016]	i	FullyOpen	0.0	nan	nan	Closed	0.0	OneHanded	nan	0	Head	Mouth	nan	1	nan	0
[dont_mind;B_03_033,true_business;E_03_068]	i	FullyOpen	0.0	nan	nan	Closed	0.0	OneHanded	nan	0	Head	Mouth	nan	1	nan	0
[dont_mind;B_03_033,true_business;E_03_068]	i	FullyOpen	0.0	nan	nan	Closed	0.0	OneHanded	nan	0	Head	CheekNose	HeadAway	1	nan	0
[dont_mind;B_03_033,deaf;E_03_098]	i	FullyOpen	0.0	nan	nan	Closed	0.0	OneHanded	Straight	0	Head	CheekNose	nan	1	nan	0
[dont_mind;B_03_033,deaf;E_03_098]	i	FullyOpen	0.0	nan	nan	Closed	0.0	OneHanded	nan	0	Head	Other	nan	1	nan	0
[dont_mind;B_03_033,skin;F_01_091]	i	Bent	0.0	nan	nan	Closed	0.0	OneHanded	nan	0	Head	CheekNose	nan	1	nan	0
[dont_mind;B_03_033,skin;F_01_091]	i	FullyOpen	0.0	nan	nan	Open	0.0	OneHanded	nan	0	Head	CheekNose	nan	1	nan	0
[dont_mind;B_03_033,chin_2;F_02_070]	i	Flat	0.0	nan	nan	Closed	0.0	OneHanded	nan	0	Head	CheekNose	nan	1	nan	0
[dont_mind;B_03_033,chin_2;F_02_070]	i	FullyOpen	0.0	nan	nan	Closed	0.0	OneHanded	nan	0	Head	Chin	nan	1	nan	0
[dont_mind;B_03_033,disappoint;G_03_018]	i	FullyOpen	0.0	nan	nan	Closed	0.0	OneHanded	Straight	0	Head	CheekNose	nan	1	nan	0
[dont_mind;B_03_033,disappoint;G_03_018]	i	FullyOpen	0.0	nan	nan	Closed	0.0	OneHanded	nan	0	Head	Chin	nan	1	nan	0
[dont_mind;B_03_033,nose;G_03_075]	i	FullyOpen	0.0	nan	nan	Closed	0.0	OneHanded	Straight	0	Head	CheekNose	nan	1	nan	0
[dont_mind;B_03_033,nose;G_03_075]	i	FullyOpen	0.0	nan	nan	Closed	0.0	OneHanded	nan	1	Head	CheekNose	nan	1	nan	0
[dont_mind;B_03_033,fake;G_03_080]	i	FullyOpen	0.0	nan	nan	Closed	0.0	OneHanded	Curved	0	Head	CheekNose	nan	1	nan	0
[dont_mind;B_03_033,fake;G_03_080]	i	FullyOpen	0.0	nan	nan	Closed	0.0	OneHanded	nan	0	Head	CheekNose	HeadAway	1	nan	0
[dont_mind;B_03_033,deaf_school;H_01_022]	i	FullyOpen	0.0	nan	nan	Closed	0.0	OneHanded	nan	0	Head	Other	nan	1	nan	0
[dont_mind;B_03_033,deaf_school;H_01_022]	i	FullyOpen	0.0	nan	nan	Closed	0.0	OneHanded	nan	0	Head	CheekNose	nan	0	nan	0
[dont_mind;B_03_033,stink;H_01_064]	i	Flat	0.0	nan	nan	Closed	0.0	OneHanded	nan	0	Head	CheekNose	nan	1	nan	0
[dont_mind;B_03_033,stink;H_01_064]	i	FullyOpen	0.0	nan	nan	Open	0.0	OneHanded	nan	0	Head	CheekNose	nan	1	nan	0
[dont_mind;B_03_033,recent;H_03_090]	i	Bent	0.0	nan	nan	Closed	0.0	OneHanded	nan	0	Head	CheekNose	nan	1	nan	0
[dont_mind;B_03_033,recent;H_03_090]	i	FullyOpen	0.0	nan	nan	Closed	0.0	OneHanded	nan	1	Head	CheekNose	nan	1	nan	0
[dont_mind;B_03_033,sneeze_2;K_02_023]	i	Flat	0.0	nan	nan	Closed	0.0	OneHanded	nan	0	Head	CheekNose	nan	1	nan	0
[dont_mind;B_03_033,sneeze_2;K_02_023]	i	FullyOpen	0.0	nan	nan	Closed	0.0	OneHanded	nan	0	Head	UpperLip	nan	1	nan	0
[gossip;D_01_029,glasses;B_03_036]	i	Flat	1.0	nan	nan	Open	1.0	SymmetricalOrAlternating	Circular	1	Head	HeadAway	HeadAway	0	g	0
[gossip;D_01_029,glasses;B_03_036]	i	Flat	1.0	nan	nan	Open	1.0	SymmetricalOrAlternating	Straight	1	Head	Mouth	HeadAway	0	g	0
[glasses;B_03_036,picnic;E_03_040]	i	Flat	1.0	nan	nan	Open	1.0	SymmetricalOrAlternating	Straight	1	Head	Mouth	HeadAway	0	g	0
[glasses;B_03_036,picnic;E_03_040]	i	Flat	1.0	nan	nan	Open	1.0	SymmetricalOrAlternating	Straight	1	Head	HeadAway	HeadAway	1	g	0
[glasses;B_03_036,cat_2;K_02_047]	i	Flat	1.0	nan	nan	Open	1.0	SymmetricalOrAlternating	Straight	1	Head	CheekNose	HeadAway	0	g	0
[glasses;B_03_036,cat_2;K_02_047]	i	Flat	1.0	nan	nan	Open	1.0	SymmetricalOrAlternating	Straight	1	Head	HeadAway	HeadAway	1	g	0
[sleep;B_03_037,hold_accountable;E_03_093]	imrp	Curved	1.0	1.0	1.0	Open	1.0	OneHanded	Straight	0	Head	HeadAway	HeadAway	0	nan	0
[sleep;B_03_037,hold_accountable;E_03_093]	imrp	FullyOpen	1.0	1.0	1.0	Open	1.0	OneHanded	Straight	1	Head	HeadAway	HeadAway	0	nan	0
[memorize;G_03_081,sleep;B_03_037]	imrp	FullyOpen	1.0	1.0	1.0	Open	1.0	OneHanded	Straight	0	Head	Forehead	HeadAway	0	nan	0
[memorize;G_03_081,sleep;B_03_037]	imrp	FullyOpen	1.0	1.0	1.0	Open	1.0	OneHanded	Straight	0	Head	HeadAway	HeadAway	1	nan	0
[careful;B_03_039,people;C_01_009]	im	Stacked	0.0	nan	0.0	Open	1.0	SymmetricalOrAlternating	Circular	1	Neutral	Neutral	Neutral	1	p	0
[careful;B_03_039,people;C_01_009]	im	Stacked	0.0	nan	0.0	Open	1.0	SymmetricalOrAlternating	Straight	1	Neutral	Neutral	Neutral	0	p	0
[careful;B_03_039,party;F_02_001]	im	Stacked	0.0	nan	0.0	Open	1.0	SymmetricalOrAlternating	Curved	1	Neutral	Neutral	Neutral	1	p	0
[careful;B_03_039,party;F_02_001]	im	Stacked	0.0	nan	0.0	Open	1.0	SymmetricalOrAlternating	Straight	1	Neutral	Neutral	Neutral	0	p	0
[careful;B_03_039,place;G_01_029]	im	Stacked	0.0	nan	0.0	Open	1.0	SymmetricalOrAlternating	Curved	1	Neutral	Neutral	Neutral	1	p	0
[careful;B_03_039,place;G_01_029]	im	Stacked	0.0	nan	0.0	Open	1.0	SymmetricalOrAlternating	Straight	0	Neutral	Neutral	Neutral	1	p	0
[snob;B_03_042,rhino_3;K_01_088]	imrp	Curved	0.0	0.0	0.0	Open	1.0	OneHanded	Curved	0	Head	CheekNose	HeadAway	1	nan	0
[snob;B_03_042,rhino_3;K_01_088]	mr	Curved	1.0	0.0	0.0	Open	1.0	OneHanded	Curved	0	Head	CheekNose	HeadAway	1	nan	0
[things;B_03_043,cross;C_01_067,invite;C_02_007,erase_5;K_03_095,his;F_02_058]	imrp	FullyOpen	0.0	0.0	0.0	Open	0.0	OneHanded	X-shaped	0	Neutral	Neutral	Neutral	0	nan	0
[things;B_03_043,order_1;C_02_064]	imrp	FullyOpen	0.0	0.0	0.0	Open	0.0	SymmetricalOrAlternating	Z-shaped	0	Neutral	Neutral	Neutral	0	nan	0
[things;B_03_043,order_1;C_02_064]	imrp	FullyOpen	0.0	0.0	0.0	Open	0.0	OneHanded	Z-shaped	0	Neutral	Neutral	Neutral	0	open_b	0
[lecture;C_03_048,things;B_03_043,noon;G_02_014]	imrp	FullyOpen	0.0	0.0	0.0	Open	0.0	OneHanded	Z-shaped	1	Neutral	Neutral	Neutral	0	nan	0
[things;B_03_043,come;C_03_074]	imrp	FullyOpen	1.0	0.0	0.0	Open	0.0	OneHanded	Z-shaped	0	Neutral	Neutral	Neutral	0	nan	0
[things;B_03_043,invite;C_02_007,erase_5;K_03_095,chicago;D_01_043,his;F_02_058]	imrp	FullyOpen	0.0	0.0	0.0	Open	0.0	OneHanded	BackAndForth	0	Neutral	Neutral	Neutral	0	nan	0
[all_way;H_01_084,things;B_03_043,your;F_01_052]	imrp	FullyOpen	0.0	1.0	0.0	Open	0.0	OneHanded	Z-shaped	0	Neutral	Neutral	Neutral	0	nan	0
[things;B_03_043,knock_off;H_03_035]	imrp	FullyOpen	0.0	0.0	0.0	Open	0.0	OneHanded	Z-shaped	0	Neutral	Neutral	Neutral	0	nan	1
[things;B_03_043,goody_goody_shoe_opposite;J_01_072]	imp	FullyOpen	0.0	0.0	0.0	Open	0.0	OneHanded	Z-shaped	0	Neutral	Neutral	Neutral	0	nan	0
[parents;B_03_044,color;C_02_039]	imrp	FullyOpen	1.0	1.0	0.0	Open	0.0	OneHanded	nan	0	Head	Chin	nan	1	nan	0
[parents;B_03_044,rest_all_day;J_03_043,wife;D_03_025,confused;J_01_110]	imrp	Curved	0.0	1.0	0.0	Open	0.0	OneHanded	nan	0	Head	Chin	nan	1	nan	0
[parents;B_03_044,wife;D_03_025,daughter;E_02_023]	imrp	FullyOpen	0.0	0.0	0.0	Open	0.0	OneHanded	nan	0	Head	Chin	nan	1	nan	0
[parents;B_03_044,daughter;E_02_023]	imrp	FullyOpen	0.0	1.0	0.0	Closed	0.0	OneHanded	nan	0	Head	Chin	nan	1	nan	0
[parents;B_03_044,ocean;G_03_076]	imrp	FullyOpen	0.0	1.0	0.0	Open	0.0	SymmetricalOrAlternating	nan	0	Head	Chin	nan	1	nan	0
[parents;B_03_044,ocean;G_03_076]	imrp	FullyOpen	0.0	1.0	0.0	Open	0.0	OneHanded	nan	0	Head	Chin	nan	1	5	0
[parents;B_03_044,videocamera_2;K_03_011]	im	FullyOpen	0.0	1.0	0.0	Open	0.0	OneHanded	nan	0	Head	Chin	nan	1	nan	0
[look_for;B_03_045,comb;C_02_070,opinion_1;J_01_108,front;C_01_039]	imrp	Curved	0.0	0.0	0.0	Open	0.0	OneHanded	Straight	1	Head	HeadAway	HeadAway	0	nan	0
[look_for;B_03_045,strange;C_03_018,roar;J_03_062,smell;E_02_049]	imrp	Curved	0.0	0.0	0.0	Open	0.0	OneHanded	Curved	1	Head	HeadAway	HeadAway	0	nan	0
[look_for;B_03_045,strange;C_03_018]	imrp	Curved	0.0	0.0	0.0	Open	0.0	OneHanded	Circular	0	Head	HeadAway	HeadAway	0	nan	0
[look_for;B_03_045,opinion_1;J_01_108]	imrp	Curved	0.0	0.0	0.0	Open	1.0	OneHanded	Circular	1	Head	HeadAway	HeadAway	0	nan	0
[look_for;B_03_045,hairdryer_3;K_01_091]	im	Curved	0.0	0.0	0.0	Open	0.0	OneHanded	Circular	1	Head	HeadAway	HeadAway	0	nan	0
[physics;E_03_014,problem_2;B_03_047]	im	Bent	0.0	0.0	0.0	Closed	0.0	SymmetricalOrAlternating	Straight	1	Neutral	Neutral	Neutral	1	bent_v	0
[physics;E_03_014,problem_2;B_03_047]	im	Bent	0.0	1.0	1.0	Closed	0.0	SymmetricalOrAlternating	Straight	1	Neutral	Neutral	Neutral	1	bent_v	0
[rocking_chair;G_01_010,problem_2;B_03_047]	im	Curved	0.0	1.0	0.0	Closed	0.0	SymmetricalOrAlternating	Straight	1	Neutral	Neutral	Neutral	1	bent_v	0
[rocking_chair;G_01_010,problem_2;B_03_047]	im	Bent	0.0	1.0	0.0	Closed	0.0	SymmetricalOrAlternating	Straight	1	Neutral	Neutral	Neutral	1	curved_v	0
[tell;C_02_013,for;B_03_049]	i	FullyOpen	0.0	nan	nan	Closed	0.0	OneHanded	Curved	0	Head	UnderChin	HeadAway	1	nan	1
[tell;C_02_013,for;B_03_049]	i	FullyOpen	0.0	nan	nan	Closed	0.0	OneHanded	Curved	0	Head	Forehead	HeadAway	1	nan	0
[what_for;C_02_054,for;B_03_049]	i	FullyOpen	0.0	nan	nan	Closed	0.0	OneHanded	Curved	1	Head	Forehead	HeadAway	1	nan	1
[what_for;C_02_054,for;B_03_049]	i	FullyOpen	0.0	nan	nan	Closed	0.0	OneHanded	Curved	0	Head	Forehead	HeadAway	0	nan	1
[TRUE;D_03_038,for;B_03_049]	i	FullyOpen	0.0	nan	nan	Closed	0.0	OneHanded	Curved	0	Head	Mouth	HeadAway	1	nan	1
[TRUE;D_03_038,for;B_03_049]	i	FullyOpen	0.0	nan	nan	Closed	0.0	OneHanded	Curved	0	Head	Forehead	HeadAway	1	nan	0
[deaf;F_03_038,for;B_03_049]	i	FullyOpen	0.0	nan	nan	Closed	0.0	OneHanded	Curved	0	Head	Other	HeadAway	1	nan	1
[deaf;F_03_038,for;B_03_049]	i	FullyOpen	0.0	nan	nan	Closed	0.0	OneHanded	Curved	0	Head	Forehead	Chin	1	nan	1
[fake;G_03_080,for;B_03_049]	i	FullyOpen	0.0	nan	nan	Closed	0.0	OneHanded	Curved	0	Head	CheekNose	HeadAway	1	nan	1
[fake;G_03_080,for;B_03_049]	i	FullyOpen	0.0	nan	nan	Closed	0.0	OneHanded	Curved	0	Head	Forehead	HeadAway	1	nan	0
[intelligent;H_02_080,for;B_03_049]	i	FullyOpen	0.0	nan	nan	Closed	0.0	OneHanded	Straight	0	Head	Forehead	HeadAway	1	nan	1
[intelligent;H_02_080,for;B_03_049]	i	FullyOpen	0.0	nan	nan	Closed	0.0	OneHanded	Curved	0	Head	Forehead	HeadAway	1	nan	0
[blackbird;K_03_124,for;B_03_049]	i	Flat	0.0	nan	nan	Closed	0.0	OneHanded	Curved	0	Head	Forehead	HeadAway	1	nan	1
[blackbird;K_03_124,for;B_03_049]	i	FullyOpen	0.0	nan	nan	Closed	0.0	OneHanded	Straight	0	Head	Forehead	HeadAway	1	nan	1
[challenge;B_03_051,continue;D_03_032]	t	nan	nan	nan	nan	Open	nan	SymmetricalOrAlternating	Curved	0	Neutral	Neutral	Neutral	1	a	0
[challenge;B_03_051,continue;D_03_032]	t	nan	nan	nan	nan	Open	nan	SymmetricalOrAlternating	Straight	1	Neutral	Neutral	Neutral	1	a	0
[challenge;B_03_051,wash_1;E_01_033]	t	nan	nan	nan	nan	Open	nan	SymmetricalOrAlternating	Circular	0	Neutral	Neutral	Neutral	1	a	0
[challenge;B_03_051,wash_1;E_01_033]	t	nan	nan	nan	nan	Open	nan	SymmetricalOrAlternating	Straight	1	Neutral	Neutral	Neutral	1	a	0
[challenge;B_03_051,shape;F_01_005]	t	nan	nan	nan	nan	Open	nan	SymmetricalOrAlternating	Z-shaped	0	Neutral	Neutral	Neutral	1	a	0
[challenge;B_03_051,shape;F_01_005]	t	nan	nan	nan	nan	Open	nan	SymmetricalOrAlternating	Straight	0	Neutral	Neutral	Neutral	0	a	0
[challenge;B_03_051,agency;H_01_044]	t	nan	nan	nan	nan	Open	nan	SymmetricalOrAlternating	Curved	0	Neutral	Neutral	Neutral	1	a	0
[challenge;B_03_051,agency;H_01_044]	t	nan	nan	nan	nan	Open	nan	SymmetricalOrAlternating	Straight	0	Neutral	Neutral	Neutral	1	a	1
[text;B_03_054,game;C_03_047]	t	nan	nan	nan	nan	Open	nan	SymmetricalOrAlternating	Straight	1	Neutral	Neutral	Neutral	0	a	0
[text;B_03_054,game;C_03_047]	t	nan	1.0	nan	nan	Open	nan	SymmetricalOrAlternating	Straight	1	Neutral	Neutral	Neutral	1	a	0
[text;B_03_054,stopwatch;F_01_067]	t	nan	1.0	nan	nan	Open	nan	OneHanded	Straight	1	Neutral	Neutral	Neutral	0	a	0
[text;B_03_054,stopwatch;F_01_067]	t	nan	1.0	nan	nan	Open	nan	SymmetricalOrAlternating	Straight	1	Neutral	Neutral	Neutral	0	nan	0
[permission;G_03_093,borrow;B_03_055]	im	Stacked	0.0	nan	0.0	Open	1.0	SymmetricalOrAlternating	Curved	0	Neutral	Neutral	Neutral	0	p	1
[permission;G_03_093,borrow;B_03_055]	im	Stacked	0.0	nan	0.0	Open	1.0	SymmetricalOrAlternating	Curved	0	Neutral	Neutral	Neutral	1	p	0
[west;D_03_053,wednesday;B_03_056]	p	Curved	0.0	nan	nan	Open	1.0	OneHanded	Straight	1	Neutral	Neutral	Neutral	0	nan	0
[west;D_03_053,wednesday;B_03_056]	p	Curved	0.0	nan	nan	Open	1.0	OneHanded	Circular	0	Neutral	Neutral	Neutral	0	nan	0
[wednesday;B_03_056,tuesday;J_03_087]	i	Curved	0.0	nan	nan	Open	1.0	OneHanded	Circular	1	Neutral	Neutral	Neutral	0	nan	0
[wednesday;B_03_056,tuesday;J_03_087]	p	Bent	0.0	nan	nan	Open	1.0	OneHanded	Circular	1	Neutral	Neutral	Neutral	0	nan	0
[have;B_03_057,sandwich_3;K_03_072]	imrp	Flat	0.0	0.0	0.0	Open	0.0	SymmetricalOrAlternating	Straight	0	Head	TorsoTop	nan	1	flat_b	0
[have;B_03_057,sandwich_3;K_03_072]	imrp	Flat	0.0	0.0	0.0	Open	0.0	SymmetricalOrAlternating	Straight	0	Body	Mouth	nan	1	flat_b	0
[can;D_03_027,fight;B_03_058]	imrp	FullyClosed	0.0	nan	0.0	Closed	1.0	SymmetricalOrAlternating	Straight	0	Neutral	Neutral	Neutral	1	s	0
[can;D_03_027,fight;B_03_058]	imrp	FullyClosed	0.0	nan	0.0	Closed	1.0	SymmetricalOrAlternating	Curved	0	Neutral	Neutral	Neutral	0	s	0
[create;D_03_076,fight;B_03_058]	imrp	FullyClosed	0.0	nan	0.0	Closed	1.0	SymmetricalOrAlternating	nan	0	Neutral	Neutral	Neutral	1	s	0
[create;D_03_076,fight;B_03_058]	imrp	FullyClosed	0.0	nan	0.0	Closed	1.0	SymmetricalOrAlternating	Curved	0	Neutral	Neutral	Neutral	1	s	1
[freedom;E_02_001,fight;B_03_058]	imrp	FullyClosed	0.0	nan	0.0	Closed	1.0	SymmetricalOrAlternating	Curved	0	Neutral	Neutral	Neutral	0	s	0
[freedom;E_02_001,fight;B_03_058]	imrp	FullyClosed	0.0	nan	0.0	Closed	1.0	SymmetricalOrAlternating	Curved	0	Neutral	Neutral	Neutral	1	s	1
[cheerleader;H_02_045,fight;B_03_058]	imrp	FullyClosed	0.0	nan	0.0	Closed	1.0	SymmetricalOrAlternating	Z-shaped	0	Neutral	Neutral	Neutral	1	s	0
[cheerleader;H_02_045,fight;B_03_058]	imrp	FullyClosed	0.0	nan	0.0	Closed	1.0	SymmetricalOrAlternating	Curved	0	Neutral	Neutral	Neutral	0	s	0
[decorate_2;K_02_030,fight;B_03_058]	imrp	FullyClosed	0.0	nan	0.0	Closed	1.0	SymmetricalOrAlternating	Circular	0	Neutral	Neutral	Neutral	1	s	0
[decorate_2;K_02_030,fight;B_03_058]	imrp	FullyClosed	0.0	nan	0.0	Closed	1.0	SymmetricalOrAlternating	Curved	1	Neutral	Neutral	Neutral	1	s	0
[pop_4;K_03_031,fight;B_03_058]	imrp	FullyClosed	0.0	nan	0.0	Closed	1.0	SymmetricalOrAlternating	BackAndForth	0	Neutral	Neutral	Neutral	1	s	0
[pop_4;K_03_031,fight;B_03_058]	imrp	FullyClosed	0.0	nan	0.0	Closed	1.0	SymmetricalOrAlternating	Curved	0	Neutral	Neutral	Neutral	0	s	0
[boots_2;K_03_101,fight;B_03_058]	imrp	FullyClosed	0.0	nan	0.0	Closed	1.0	SymmetricalOrAlternating	Straight	0	Neutral	Neutral	Neutral	1	s	0
[boots_2;K_03_101,fight;B_03_058]	imrp	FullyClosed	0.0	nan	0.0	Closed	1.0	SymmetricalOrAlternating	Curved	0	Neutral	Neutral	nan	1	s	0
[work;B_03_059,support_1;G_01_052]	imrp	FullyClosed	0.0	nan	0.0	Closed	1.0	AsymmetricalSameHandshape	Straight	1	Hand	FingerUlnar	nan	1	s	0
[work;B_03_059,support_1;G_01_052]	imrp	FullyClosed	0.0	nan	0.0	Closed	1.0	AsymmetricalSameHandshape	Straight	1	Hand	PalmBack	FingerUlnar	1	s	0
[live;B_03_061,address;D_01_016]	t	nan	nan	nan	nan	Open	nan	SymmetricalOrAlternating	Straight	0	Body	TorsoBottom	TorsoTop	1	a	0
[live;B_03_061,address;D_01_016]	t	nan	nan	nan	nan	Open	nan	SymmetricalOrAlternating	Curved	0	Body	TorsoMid	TorsoTop	1	a	0
[sweater_3;K_02_090,live;B_03_061]	t	nan	nan	nan	nan	Open	nan	SymmetricalOrAlternating	Curved	0	Body	TorsoTop	TorsoTop	1	a	0
[sweater_3;K_02_090,live;B_03_061]	t	nan	nan	nan	nan	Open	nan	SymmetricalOrAlternating	Curved	0	Body	TorsoBottom	Waist	1	a	0
[nose_bleed;K_01_092,talk;C_01_008,beer;B_03_062]	imrp	FullyOpen	0.0	1.0	0.0	Closed	0.0	OneHanded	Straight	1	Head	Chin	HeadAway	1	nan	0
[hello;D_02_055,beer;B_03_062]	imrp	FullyOpen	0.0	0.0	0.0	Closed	0.0	OneHanded	Straight	1	Head	Forehead	HeadAway	1	nan	0
[brown;D_03_045,frustrate;C_02_050,beer;B_03_062]	imrp	FullyOpen	0.0	0.0	0.0	Closed	0.0	OneHanded	Straight	1	Head	Chin	Chin	1	nan	0
[shark_1;E_03_023,beer;B_03_062]	imrp	FullyOpen	0.0	0.0	0.0	Closed	0.0	OneHanded	Straight	1	Head	HeadTop	HeadAway	1	nan	0
[nose_bleed;K_01_092,beer;B_03_062]	imrp	FullyOpen	0.0	0.0	0.0	Closed	0.0	OneHanded	Straight	1	Head	CheekNose	HeadAway	1	nan	0
[wife;D_03_025,home;B_03_063]	imrp	Curved	0.0	0.0	0.0	Open	1.0	OneHanded	nan	0	Head	Chin	nan	1	nan	0
[maid;G_01_044,home;B_03_063]	mr	Curved	0.0	0.0	0.0	Open	1.0	OneHanded	Straight	0	Head	Chin	nan	1	nan	0
[opinion_2;H_03_101,home;B_03_063]	imrp	Curved	0.0	0.0	0.0	Open	1.0	OneHanded	Straight	0	Head	Chin	HeadAway	1	nan	0
[home;B_03_063,learn_lesson;E_02_041,hear_2;J_02_006,kiss_on_cheek;F_03_018,breakfast;F_01_073]	imrp	Curved	0.0	0.0	0.0	Open	1.0	OneHanded	Straight	0	Head	Other	nan	1	nan	0
[rest_all_day;J_03_043,home;B_03_063]	imrp	Curved	0.0	1.0	0.0	Open	1.0	OneHanded	Straight	0	Head	Chin	nan	1	nan	0
[child;F_03_101,fingerspelling;B_03_065]	imrp	Flat	0.0	0.0	0.0	Open	0.0	OneHanded	Circular	1	Neutral	Neutral	Neutral	0	nan	0
[jellyfish;G_03_049,fingerspelling;B_03_065]	imrp	Flat	1.0	1.0	0.0	Open	0.0	OneHanded	Circular	1	Neutral	Neutral	Neutral	0	nan	0
[basketball;H_02_004,jellyfish;G_03_049,fingerspelling;B_03_065]	imrp	Flat	0.0	1.0	0.0	Open	0.0	OneHanded	Z-shaped	1	Neutral	Neutral	Neutral	0	nan	0
[fingerspelling;B_03_065,walk_2;J_03_067]	im	Flat	0.0	1.0	0.0	Open	0.0	OneHanded	Circular	1	Neutral	Neutral	Neutral	0	nan	0
[depress;E_02_059,heart;B_03_066]	m	Flat	0.0	nan	nan	Open	0.0	SymmetricalOrAlternating	Straight	0	Body	TorsoTop	TorsoMid	1	open_8	0
[depress;E_02_059,heart;B_03_066]	m	Flat	0.0	nan	nan	Open	0.0	SymmetricalOrAlternating	BackAndForth	0	Body	TorsoTop	TorsoBottom	1	open_8	0
[heart;B_03_066,event;F_03_049]	m	Flat	0.0	nan	nan	Open	0.0	SymmetricalOrAlternating	Curved	0	Body	TorsoTop	TorsoMid	1	open_8	0
[heart;B_03_066,event;F_03_049]	m	Flat	0.0	nan	nan	Open	0.0	SymmetricalOrAlternating	BackAndForth	0	Body	TorsoTop	BodyAway	1	open_8	0
[hotdog;B_03_067,lobster;D_01_072]	imrp	Curved	1.0	0.0	0.0	Open	1.0	SymmetricalOrAlternating	nan	1	Neutral	Neutral	Neutral	0	o	0
[hotdog;B_03_067,lobster;D_01_072]	imrp	Curved	1.0	0.0	0.0	Open	1.0	SymmetricalOrAlternating	Straight	1	Neutral	Neutral	nan	0	o	0
[class;B_03_068,how;D_02_082]	imrp	Curved	0.0	0.0	0.0	Open	0.0	SymmetricalOrAlternating	nan	0	Neutral	Neutral	Neutral	1	c	1
[class;B_03_068,category;E_01_034]	imrp	Curved	0.0	0.0	0.0	Open	0.0	SymmetricalOrAlternating	nan	0	Neutral	Neutral	Neutral	0	c	0
[class;B_03_068,overnight;J_01_076]	imrp	Curved	0.0	0.0	0.0	Open	0.0	AsymmetricalSameHandshape	nan	0	Neutral	Neutral	Neutral	0	c	1
[keyboard;B_03_070,dont_want;E_02_014]	imrp	Curved	1.0	1.0	0.0	Open	0.0	SymmetricalOrAlternating	nan	0	Neutral	Neutral	nan	0	curved_5	0
[saxophone;G_03_015,keyboard;B_03_070]	imrp	Flat	1.0	1.0	0.0	Open	0.0	SymmetricalOrAlternating	nan	1	Neutral	Neutral	nan	0	curved_5	0
[saxophone;G_03_015,keyboard;B_03_070]	imrp	Curved	1.0	1.0	0.0	Open	0.0	SymmetricalOrAlternating	nan	1	Neutral	Neutral	nan	0	flatspread_5	0
[and;B_03_072,sow;H_01_075,send;E_02_009]	imrp	Flat	1.0	0.0	1.0	Open	1.0	OneHanded	Straight	0	Neutral	Neutral	Neutral	0	nan	0
[and;B_03_072,sow;H_01_075]	imrp	Flat	1.0	1.0	0.0	Open	1.0	OneHanded	Straight	0	Neutral	Neutral	Neutral	0	nan	0
[squeeze;H_03_019,and;B_03_072]	imrp	Flat	1.0	1.0	1.0	Open	0.0	OneHanded	Straight	0	Neutral	Neutral	Neutral	0	nan	0
[and;B_03_072,adopt;J_03_014]	imrp	Flat	1.0	1.0	1.0	Open	1.0	SymmetricalOrAlternating	Straight	0	Neutral	Neutral	Neutral	0	nan	0
[and;B_03_072,adopt;J_03_014]	imrp	Flat	1.0	1.0	1.0	Open	1.0	OneHanded	Straight	0	Neutral	Neutral	Neutral	0	flatspread_5	0
[axe;F_01_013,beaver;F_02_067,fall_1;B_03_074]	imrp	FullyOpen	0.0	0.0	0.0	Open	0.0	OneHanded	Straight	1	Arm	ForearmUlnar	ArmAway	1	nan	0
[axe;F_01_013,fall_1;B_03_074]	imrp	FullyOpen	0.0	0.0	0.0	Closed	0.0	OneHanded	Straight	1	Arm	ForearmUlnar	nan	1	nan	0
[beaver;F_02_067,fall_1;B_03_074]	imrp	FullyOpen	0.0	0.0	0.0	Closed	0.0	OneHanded	Straight	1	Arm	ForearmBack	ArmAway	1	nan	0
[balance;C_02_046,war;B_03_075]	imrp	Flat	0.0	0.0	0.0	Open	0.0	SymmetricalOrAlternating	Straight	1	Neutral	Neutral	Neutral	0	flatspread_5	0
[balance;C_02_046,war;B_03_075]	imrp	Flat	0.0	1.0	0.0	Open	0.0	SymmetricalOrAlternating	Straight	1	Neutral	Neutral	Neutral	0	flat_b	0
[what_1;D_02_084,war;B_03_075]	imrp	FullyOpen	0.0	1.0	0.0	Open	0.0	SymmetricalOrAlternating	Straight	1	Neutral	Neutral	Neutral	0	flatspread_5	0
[what_1;D_02_084,war;B_03_075]	imrp	Flat	0.0	1.0	0.0	Open	0.0	SymmetricalOrAlternating	Straight	1	Neutral	Neutral	Neutral	0	5	0
[heavy;F_01_085,war;B_03_075]	imrp	Curved	0.0	1.0	0.0	Open	0.0	SymmetricalOrAlternating	Straight	1	Neutral	Neutral	Neutral	0	flatspread_5	0
[heavy;F_01_085,war;B_03_075]	imrp	Flat	0.0	1.0	0.0	Open	0.0	SymmetricalOrAlternating	Straight	1	Neutral	Neutral	Neutral	0	curved_5	0
[basketball;H_02_004,war;B_03_075]	imrp	Flat	0.0	1.0	0.0	Open	0.0	OneHanded	Straight	1	Neutral	Neutral	Neutral	0	flatspread_5	0
[basketball;H_02_004,war;B_03_075]	imrp	Flat	0.0	1.0	0.0	Open	0.0	SymmetricalOrAlternating	Straight	1	Neutral	Neutral	Neutral	0	nan	0
[war;B_03_075,bark;J_02_051]	imrp	Flat	0.0	1.0	0.0	Open	0.0	SymmetricalOrAlternating	Curved	1	Neutral	Neutral	Neutral	0	flatspread_5	0
[war;B_03_075,bark;J_02_051]	imrp	Flat	0.0	1.0	0.0	Open	0.0	SymmetricalOrAlternating	Straight	1	Neutral	Neutral	nan	0	flatspread_5	0
[wade_2;K_03_024,war;B_03_075]	imrp	Flat	1.0	1.0	0.0	Open	0.0	SymmetricalOrAlternating	Straight	1	Neutral	Neutral	Neutral	0	flatspread_5	0
[wade_2;K_03_024,war;B_03_075]	imrp	Flat	0.0	1.0	0.0	Open	0.0	SymmetricalOrAlternating	Circular	1	Neutral	Neutral	Neutral	0	flatspread_5	0
[find;B_03_076,french;C_02_022]	i	Curved	0.0	nan	nan	Open	1.0	OneHanded	Curved	0	Neutral	Neutral	Neutral	0	nan	0
[find;B_03_076,french;C_02_022]	i	Curved	0.0	nan	nan	Open	1.0	OneHanded	Straight	0	Neutral	Neutral	Neutral	0	nan	1
[find;B_03_076,later;D_01_077]	i	FullyOpen	0.0	nan	nan	Open	1.0	OneHanded	Straight	0	Neutral	Neutral	Neutral	0	nan	0
[find;B_03_076,later;D_01_077]	i	Curved	0.0	nan	nan	Open	0.0	OneHanded	Straight	0	Neutral	Neutral	Neutral	0	nan	0
[find;B_03_076,italy;D_02_074]	i	Curved	0.0	nan	nan	Open	0.0	OneHanded	Straight	0	Neutral	Neutral	Neutral	0	nan	0
[find;B_03_076,italy;D_02_074]	i	Curved	0.0	nan	nan	Open	1.0	OneHanded	Z-shaped	0	Neutral	Neutral	Neutral	0	nan	0
[find;B_03_076,vacuum;D_03_084]	i	Bent	0.0	nan	nan	Open	1.0	OneHanded	Straight	0	Neutral	Neutral	Neutral	0	nan	0
[find;B_03_076,vacuum;D_03_084]	i	Curved	0.0	nan	nan	Open	1.0	OneHanded	Z-shaped	0	Neutral	Neutral	Neutral	0	nan	0
[find;B_03_076,seven;F_03_087]	r	Curved	0.0	nan	nan	Open	1.0	OneHanded	Straight	0	Neutral	Neutral	Neutral	0	nan	0
[find;B_03_076,seven;F_03_087]	i	Curved	0.0	nan	nan	Open	1.0	OneHanded	Straight	0	Neutral	Neutral	nan	0	nan	0
[find;B_03_076,tty;G_01_035]	i	Bent	0.0	nan	nan	Open	1.0	OneHanded	Straight	0	Neutral	Neutral	Neutral	0	nan	0
[find;B_03_076,tty;G_01_035]	i	Curved	nan	nan	nan	Open	1.0	OneHanded	Straight	0	Neutral	Neutral	Neutral	0	nan	0
[find;B_03_076,six;G_03_034]	p	Curved	0.0	nan	nan	Open	1.0	OneHanded	Straight	0	Neutral	Neutral	Neutral	0	nan	0
[find;B_03_076,six;G_03_034]	i	Curved	0.0	nan	nan	Open	1.0	OneHanded	Straight	0	Neutral	Neutral	nan	0	nan	0
[find;B_03_076,knight;H_01_054]	i	Bent	0.0	nan	nan	Open	1.0	OneHanded	Straight	0	Neutral	Neutral	Neutral	0	nan	0
[find;B_03_076,knight;H_01_054]	i	Curved	0.0	nan	nan	Open	1.0	OneHanded	Curved	0	Neutral	Neutral	Neutral	0	nan	0
[find;B_03_076,pole;H_02_014]	i	Curved	0.0	nan	nan	Open	1.0	DominanceViolation	Straight	0	Neutral	Neutral	Neutral	0	nan	0
[find;B_03_076,pole;H_02_014]	i	Curved	0.0	nan	nan	Open	1.0	OneHanded	Straight	0	Neutral	Neutral	Neutral	0	DominanceConditionViolation	0
[instagram;H_03_083,find;B_03_076]	i	Curved	0.0	nan	nan	Open	0.0	OneHanded	Straight	0	Neutral	Neutral	Neutral	0	nan	0
[instagram;H_03_083,find;B_03_076]	i	Curved	0.0	nan	nan	Open	1.0	OneHanded	Straight	1	Neutral	Neutral	Neutral	0	nan	0
[hang_clothes;K_02_069,find;B_03_076]	i	Curved	0.0	nan	nan	Open	1.0	SymmetricalOrAlternating	Straight	0	Neutral	Neutral	Neutral	0	nan	0
[hang_clothes;K_02_069,find;B_03_076]	i	Curved	0.0	nan	nan	Open	1.0	OneHanded	Straight	0	Neutral	Neutral	Neutral	0	f	0
[find;B_03_076,cross_3;K_03_028]	i	Curved	0.0	nan	nan	Open	0.0	OneHanded	Straight	0	Neutral	Neutral	Neutral	0	nan	0
[find;B_03_076,cross_3;K_03_028]	i	Curved	0.0	nan	nan	Open	1.0	OneHanded	X-shaped	0	Neutral	Neutral	Neutral	0	nan	0
[find;B_03_076,dinosaur_2;K_03_047]	m	Curved	0.0	nan	nan	Open	1.0	OneHanded	Straight	0	Neutral	Neutral	Neutral	0	nan	0
[find;B_03_076,dinosaur_2;K_03_047]	i	Curved	0.0	nan	nan	Open	1.0	OneHanded	Z-shaped	0	Neutral	Neutral	Neutral	0	nan	0
[movie;B_03_077,shake_1;G_01_062]	imrp	FullyOpen	0.0	1.0	0.0	Open	0.0	AsymmetricalSameHandshape	Straight	1	Hand	FingerRadial	nan	1	O	0
[movie;B_03_077,average;G_03_050]	imrp	FullyOpen	0.0	0.0	0.0	Open	0.0	AsymmetricalSameHandshape	Straight	1	Hand	FingerRadial	nan	1	5	0
[movie;B_03_077,average;G_03_050]	imrp	FullyOpen	0.0	1.0	0.0	Open	0.0	AsymmetricalSameHandshape	Straight	1	Hand	FingerRadial	nan	1	open_b	0
[movie;B_03_077,popular;J_01_016]	imrp	FullyOpen	0.0	1.0	0.0	Open	0.0	AsymmetricalDifferentHandshape	Straight	1	Hand	FingerRadial	nan	1	5	0
[movie;B_03_077,popular;J_01_016]	imrp	FullyOpen	0.0	1.0	0.0	Open	0.0	AsymmetricalSameHandshape	Straight	1	Hand	FingerRadial	nan	1	1	0
[lonely;B_03_078,temptation;C_01_082]	i	FullyOpen	0.0	nan	nan	Closed	0.0	OneHanded	Straight	1	Arm	Chin	nan	1	nan	0
[lonely;B_03_078,temptation;C_01_082]	i	FullyOpen	0.0	nan	nan	Closed	0.0	OneHanded	Straight	1	Head	ForearmUlnar	nan	1	nan	0
[lonely;B_03_078,egypt;C_02_042]	i	Bent	0.0	nan	nan	Closed	0.0	OneHanded	Straight	1	Head	Chin	nan	1	nan	0
[lonely;B_03_078,egypt;C_02_042]	i	FullyOpen	0.0	nan	nan	Closed	0.0	OneHanded	Straight	1	Head	Forehead	nan	1	nan	0
[lonely;B_03_078,gay;D_03_011]	i	Flat	0.0	nan	nan	Closed	0.0	OneHanded	Straight	1	Head	Chin	nan	1	nan	0
[lonely;B_03_078,gay;D_03_011]	i	FullyOpen	0.0	nan	nan	Open	0.0	OneHanded	Straight	1	Head	Chin	nan	1	nan	0
[lonely;B_03_078,rhino;D_03_016]	p	FullyOpen	0.0	nan	nan	Closed	0.0	OneHanded	Straight	1	Head	Chin	nan	1	nan	0
[lonely;B_03_078,rhino;D_03_016]	i	FullyOpen	0.0	nan	nan	Closed	0.0	OneHanded	Straight	1	Head	CheekNose	nan	1	nan	0
[lonely;B_03_078,snorkel;E_01_102]	i	FullyOpen	0.0	nan	nan	Open	0.0	OneHanded	Straight	1	Head	Chin	nan	1	nan	0
[lonely;B_03_078,snorkel;E_01_102]	i	FullyOpen	0.0	nan	nan	Closed	0.0	OneHanded	Straight	1	Head	Mouth	nan	1	nan	0
[lonely;B_03_078,sshh;E_02_016]	i	FullyOpen	0.0	nan	nan	Closed	0.0	OneHanded	Straight	0	Head	Chin	nan	1	nan	0
[lonely;B_03_078,sshh;E_02_016]	i	FullyOpen	0.0	nan	nan	Closed	0.0	OneHanded	Straight	1	Head	Mouth	nan	1	nan	0
[lonely;B_03_078,deaf;E_03_098]	i	FullyOpen	0.0	nan	nan	Closed	0.0	OneHanded	Straight	0	Head	Chin	nan	1	nan	0
[lonely;B_03_078,deaf;E_03_098]	i	FullyOpen	0.0	nan	nan	Closed	0.0	OneHanded	Straight	1	Head	Other	nan	1	nan	0
[lonely;B_03_078,lunch;F_01_076]	i	FullyOpen	0.0	nan	nan	Open	0.0	OneHanded	Straight	1	Head	Chin	nan	1	nan	0
[lonely;B_03_078,lunch;F_01_076]	i	FullyOpen	0.0	nan	nan	Closed	0.0	OneHanded	Straight	1	Head	Chin	nan	0	nan	0
[lonely;B_03_078,unicorn;F_02_031]	i	FullyOpen	0.0	nan	nan	Closed	0.0	OneHanded	Straight	1	Head	HeadTop	nan	1	nan	0
[lonely;B_03_078,unicorn;F_02_031]	i	FullyOpen	0.0	nan	nan	Closed	0.0	OneHanded	Straight	1	Head	Chin	nan	0	nan	0
[lonely;B_03_078,red_faced;F_03_030]	i	FullyOpen	0.0	nan	nan	Closed	0.0	OneHanded	Straight	0	Head	Chin	nan	1	nan	0
[lonely;B_03_078,red_faced;F_03_030]	i	FullyOpen	0.0	nan	nan	Closed	0.0	OneHanded	Straight	1	Head	Chin	HeadAway	1	nan	0
[lonely;B_03_078,miss;G_02_049]	i	FullyOpen	0.0	nan	nan	Closed	0.0	OneHanded	nan	1	Head	Chin	nan	1	nan	0
[lonely;B_03_078,miss;G_02_049]	i	FullyOpen	0.0	nan	nan	Closed	0.0	OneHanded	Straight	0	Head	Chin	nan	1	nan	0
[lonely;B_03_078,if;G_03_017]	p	FullyOpen	0.0	nan	nan	Closed	0.0	OneHanded	Straight	1	Head	Chin	nan	1	nan	0
[lonely;B_03_078,if;G_03_017]	i	FullyOpen	0.0	nan	nan	Closed	0.0	OneHanded	Straight	1	Head	Eye	nan	1	nan	0
[lonely;B_03_078,luck;H_03_009]	i	FullyOpen	0.0	nan	nan	Open	0.0	OneHanded	Straight	1	Head	Chin	nan	1	nan	0
[lonely;B_03_078,luck;H_03_009]	i	FullyOpen	0.0	nan	nan	Closed	0.0	OneHanded	Straight	1	Head	Chin	HeadAway	1	nan	0
[lonely;B_03_078,foul;J_01_049]	i	FullyOpen	0.0	nan	nan	Closed	0.0	OneHanded	Straight	1	Head	Other	nan	1	nan	0
[lonely;B_03_078,foul;J_01_049]	i	FullyOpen	0.0	nan	nan	Closed	0.0	OneHanded	Straight	1	Head	Chin	HeadAway	1	nan	0
[lonely;B_03_078,toy_2;J_01_056]	i	Curved	0.0	nan	nan	Closed	0.0	OneHanded	Straight	1	Head	Chin	nan	1	nan	0
[lonely;B_03_078,toy_2;J_01_056]	i	FullyOpen	0.0	nan	nan	Closed	0.0	OneHanded	Straight	1	Head	Chin	HeadAway	1	nan	0
[lonely;B_03_078,recent;J_02_056]	i	Bent	0.0	nan	nan	Closed	0.0	OneHanded	Straight	1	Head	Chin	nan	1	nan	0
[lonely;B_03_078,recent;J_02_056]	i	FullyOpen	0.0	nan	nan	Closed	0.0	OneHanded	Straight	1	Head	CheekNose	nan	1	nan	0
[lonely;B_03_078,iphone;K_01_021]	p	FullyOpen	0.0	nan	nan	Closed	0.0	OneHanded	Straight	1	Head	Chin	nan	1	nan	0
[lonely;B_03_078,iphone;K_01_021]	i	FullyOpen	0.0	nan	nan	Closed	0.0	OneHanded	Straight	1	Head	Other	nan	1	nan	0
[lonely;B_03_078,glass_3;K_02_059]	i	Curved	0.0	nan	nan	Closed	0.0	OneHanded	Straight	1	Head	Chin	nan	1	nan	0
[lonely;B_03_078,glass_3;K_02_059]	i	FullyOpen	0.0	nan	nan	Closed	0.0	OneHanded	Straight	1	Head	Mouth	nan	1	nan	0
[scared;B_03_079,holiday;D_03_031]	imrp	FullyOpen	0.0	1.0	0.0	Open	0.0	SymmetricalOrAlternating	Straight	1	Body	TorsoTop	BodyAway	0	5	0
[scared;B_03_079,holiday;D_03_031]	imrp	FullyOpen	0.0	1.0	0.0	Open	0.0	SymmetricalOrAlternating	Straight	1	Body	BodyAway	BodyAway	1	5	0
[happen;B_03_080,sign_language;D_02_031]	i	FullyOpen	0.0	nan	nan	Closed	0.0	SymmetricalOrAlternating	Circular	0	Neutral	Neutral	Neutral	0	1	1
[happen;B_03_080,sign_language;D_02_031]	i	FullyOpen	0.0	nan	nan	Closed	0.0	SymmetricalOrAlternating	Curved	0	Neutral	Neutral	Neutral	0	1	0
[happen;B_03_080,but;D_03_030]	i	FullyOpen	0.0	nan	nan	Closed	0.0	SymmetricalOrAlternating	Curved	0	Neutral	Neutral	Neutral	1	1	1
[happen;B_03_080,but;D_03_030]	i	FullyOpen	0.0	nan	nan	Closed	0.0	SymmetricalOrAlternating	Curved	0	Neutral	Neutral	Neutral	0	1	0
[happen;B_03_080,roll;E_03_011]	i	FullyOpen	0.0	nan	nan	Closed	0.0	SymmetricalOrAlternating	Circular	0	Neutral	Neutral	Neutral	0	1	1
[happen;B_03_080,roll;E_03_011]	i	FullyOpen	0.0	nan	nan	Closed	0.0	SymmetricalOrAlternating	Curved	1	Neutral	Neutral	Neutral	0	1	1
[argue;F_03_072,happen;B_03_080]	i	FullyOpen	0.0	nan	nan	Closed	0.0	SymmetricalOrAlternating	Curved	1	Neutral	Neutral	Neutral	0	1	1
[argue;F_03_072,happen;B_03_080]	i	FullyOpen	0.0	nan	nan	Closed	0.0	SymmetricalOrAlternating	Curved	0	Neutral	Neutral	Neutral	0	1	0
[back_up;G_01_102,happen;B_03_080]	i	FullyOpen	0.0	nan	nan	Closed	0.0	SymmetricalOrAlternating	Other	0	Neutral	Neutral	Neutral	0	1	1
[back_up;G_01_102,happen;B_03_080]	i	FullyOpen	0.0	nan	nan	Closed	0.0	SymmetricalOrAlternating	Curved	0	Neutral	Neutral	Neutral	0	1	0
[happen;B_03_080,long_word;H_02_047]	i	FullyOpen	0.0	nan	nan	Closed	0.0	SymmetricalOrAlternating	Straight	0	Neutral	Neutral	Neutral	0	1	1
[happen;B_03_080,long_word;H_02_047]	i	FullyOpen	0.0	nan	nan	Closed	0.0	SymmetricalOrAlternating	Curved	0	Neutral	Neutral	Neutral	0	1	0
[email;B_03_083,oil_3;K_01_077]	i	FullyOpen	0.0	nan	nan	Open	0.0	AsymmetricalDifferentHandshape	Straight	1	Hand	HandAway	HandAway	0	C	1
[email;B_03_083,oil_3;K_01_077]	i	FullyOpen	0.0	nan	nan	Closed	0.0	AsymmetricalDifferentHandshape	Straight	1	Hand	HandAway	HandAway	0	C	0
[university;C_02_063,research;B_03_084,rocket_2;E_02_088]	im	Crossed	0.0	0.0	0.0	Closed	0.0	AsymmetricalDifferentHandshape	Curved	0	Hand	Palm	HandAway	1	B	0
[stubborn;B_03_086,husband;D_01_082]	imrp	Curved	1.0	0.0	0.0	Open	0.0	OneHanded	nan	0	Head	Forehead	nan	1	nan	0
[stubborn;B_03_086,why_not;H_02_034]	imrp	FullyOpen	1.0	0.0	0.0	Open	0.0	OneHanded	nan	0	Head	HeadAway	nan	1	nan	0
[stubborn;B_03_086,why_not;H_02_034]	imrp	FullyOpen	1.0	0.0	0.0	Open	0.0	OneHanded	nan	0	Head	Forehead	nan	0	nan	0
[sweet;J_03_029,cute_1;B_03_087]	imrp	FullyOpen	1.0	0.0	0.0	Closed	0.0	OneHanded	nan	1	Head	Chin	HeadAway	1	nan	0
[fire;B_03_090,here;D_01_089]	imrp	FullyOpen	0.0	0.0	0.0	Open	0.0	SymmetricalOrAlternating	Circular	1	Neutral	Neutral	Neutral	0	5	0
[fire;B_03_090,here;D_01_089]	imrp	FullyOpen	0.0	1.0	0.0	Open	0.0	SymmetricalOrAlternating	Circular	1	Neutral	Neutral	Neutral	0	open_b	0
[cloud;D_01_092,fire;B_03_090]	imrp	Curved	0.0	1.0	0.0	Open	0.0	SymmetricalOrAlternating	Circular	1	Neutral	Neutral	Neutral	0	5	0
[cloud;D_01_092,fire;B_03_090]	imrp	FullyOpen	0.0	1.0	0.0	Open	0.0	SymmetricalOrAlternating	Circular	1	Neutral	Neutral	Neutral	0	curved_5	0
[windy;G_02_080,fire;B_03_090]	imrp	FullyOpen	1.0	1.0	0.0	Open	0.0	SymmetricalOrAlternating	Circular	1	Neutral	Neutral	Neutral	0	5	0
[wink;D_03_094,understand;C_01_006]	i	Flat	1.0	nan	nan	Open	1.0	OneHanded	nan	0	Head	HeadAway	nan	0	nan	0
[wink;D_03_094,understand;C_01_006]	i	Bent	1.0	nan	nan	Open	1.0	OneHanded	nan	0	Head	HeadAway	HeadAway	0	nan	0
[understand;C_01_006,take_pill;F_01_045]	i	Bent	1.0	nan	nan	Open	1.0	OneHanded	Straight	0	Head	HeadAway	nan	0	nan	0
[understand;C_01_006,take_pill;F_01_045]	i	Bent	1.0	nan	nan	Open	1.0	OneHanded	nan	0	Head	HeadAway	HeadAway	0	nan	0
[understand;C_01_006,q_tip;F_03_074]	i	Bent	0.0	nan	nan	Open	1.0	OneHanded	nan	0	Head	HeadAway	nan	0	nan	0
[understand;C_01_006,q_tip;F_03_074]	i	Bent	1.0	nan	nan	Open	1.0	OneHanded	nan	1	Head	HeadAway	nan	0	nan	0
[bitch;H_01_058,firetruck;F_02_101,talk;C_01_008,woman;C_02_028]	imrp	FullyOpen	0.0	1.0	0.0	Closed	0.0	OneHanded	Straight	0	Head	Chin	nan	1	nan	0
[permission;G_03_093,people;C_01_009]	im	Stacked	0.0	nan	0.0	Open	1.0	SymmetricalOrAlternating	Curved	1	Neutral	Neutral	Neutral	0	p	0
[permission;G_03_093,people;C_01_009]	im	Stacked	0.0	nan	0.0	Open	1.0	SymmetricalOrAlternating	Circular	0	Neutral	Neutral	Neutral	0	p	0
[my;C_01_060,hungry;C_01_010]	imrp	FullyOpen	0.0	0.0	0.0	Open	0.0	OneHanded	Straight	0	Body	TorsoTop	TorsoMid	1	nan	0
[my;C_01_060,policeman_2;K_03_104,hungry;C_01_010,choke;G_01_079]	imrp	Curved	0.0	0.0	0.0	Open	0.0	OneHanded	Straight	0	Body	TorsoTop	nan	1	nan	0
[hungry;C_01_010,switzerland;F_01_009]	imrp	Curved	0.0	0.0	0.0	Open	0.0	OneHanded	Straight	0	Body	TorsoTop	TorsoBottom	1	nan	0
[hungry;C_01_010,switzerland;F_01_009]	imrp	Curved	0.0	0.0	0.0	Open	0.0	OneHanded	Straight	0	Body	TorsoTop	TorsoMid	1	nan	1
[bra_3;K_02_039,hungry;C_01_010,choke;G_01_079]	imrp	Curved	0.0	0.0	0.0	Open	0.0	OneHanded	Straight	0	Body	Neck	TorsoMid	1	nan	0
[policeman_2;K_03_104,hungry;C_01_010]	imrp	Curved	0.0	0.0	0.0	Open	0.0	OneHanded	Straight	1	Body	TorsoTop	TorsoMid	1	nan	0
[fat;C_01_011,lift;G_02_082]	imrp	FullyOpen	0.0	0.0	0.0	Open	0.0	SymmetricalOrAlternating	Curved	0	Neutral	Neutral	Neutral	0	5	0
[fat;C_01_011,lift;G_02_082]	imrp	FullyOpen	0.0	1.0	0.0	Open	0.0	SymmetricalOrAlternating	Curved	0	Neutral	Neutral	Neutral	0	open_b	0
[all_way;H_01_084,fat;C_01_011]	imrp	FullyOpen	0.0	1.0	0.0	Open	0.0	OneHanded	Curved	0	Neutral	Neutral	Neutral	0	5	0
[all_way;H_01_084,fat;C_01_011]	imrp	FullyOpen	0.0	1.0	0.0	Open	0.0	SymmetricalOrAlternating	Curved	0	Neutral	Neutral	Neutral	0	nan	0
[light_weight;C_01_012,pity;D_01_090]	m	Flat	0.0	nan	nan	Open	0.0	SymmetricalOrAlternating	Curved	1	Neutral	Neutral	Neutral	0	open_8	1
[light_weight;C_01_012,pity;D_01_090]	m	Flat	0.0	nan	nan	Open	0.0	SymmetricalOrAlternating	Curved	0	Neutral	Neutral	Neutral	0	open_8	0
[late;C_01_013,lecture;C_03_048,noon;G_02_014]	imrp	FullyOpen	0.0	0.0	0.0	Open	0.0	OneHanded	nan	1	Neutral	Neutral	Neutral	0	nan	0
[late;C_01_013,come;C_03_074]	imrp	FullyOpen	1.0	0.0	0.0	Open	0.0	OneHanded	nan	0	Neutral	Neutral	Neutral	0	nan	0
[late;C_01_013,bye;E_01_058]	imrp	FullyOpen	1.0	1.0	0.0	Open	0.0	OneHanded	nan	1	Neutral	Neutral	Neutral	0	nan	0
[mock;C_01_015,sister;D_03_050]	i	FullyOpen	0.0	nan	nan	Closed	0.0	OneHanded	nan	0	Head	CheekNose	nan	1	nan	0
[mock;C_01_015,sister;D_03_050]	ip	FullyOpen	0.0	nan	nan	Open	0.0	OneHanded	nan	0	Head	CheekNose	nan	1	nan	0
[mock;C_01_015,hear_1;E_01_097]	i	FullyOpen	0.0	nan	nan	Closed	0.0	OneHanded	nan	0	Head	CheekNose	nan	1	nan	0
[mock;C_01_015,hear_1;E_01_097]	ip	FullyOpen	0.0	nan	nan	Closed	0.0	OneHanded	nan	0	Head	Other	nan	1	nan	0
[mock;C_01_015,blond;E_02_102]	ip	FullyOpen	0.0	nan	nan	Open	0.0	OneHanded	nan	0	Head	CheekNose	nan	1	nan	0
[mock;C_01_015,blond;E_02_102]	ip	FullyOpen	0.0	nan	nan	Closed	0.0	OneHanded	nan	0	Head	Other	nan	1	nan	0
[mock;C_01_015,spot_something;G_01_002]	i	FullyOpen	0.0	nan	nan	Closed	0.0	OneHanded	nan	0	Head	CheekNose	nan	1	nan	0
[mock;C_01_015,spot_something;G_01_002]	ip	FullyOpen	0.0	nan	nan	Closed	0.0	OneHanded	nan	0	Head	Eye	nan	1	nan	0
[mock;C_01_015,miss;G_02_049]	i	FullyOpen	0.0	nan	nan	Closed	0.0	OneHanded	nan	0	Head	CheekNose	nan	1	nan	0
[mock;C_01_015,miss;G_02_049]	ip	FullyOpen	0.0	nan	nan	Closed	0.0	OneHanded	nan	0	Head	Chin	nan	1	nan	0
[figure;C_01_016,supervise;J_01_018]	im	Stacked	0.0	nan	0.0	Open	1.0	SymmetricalOrAlternating	Straight	1	Neutral	Neutral	Neutral	1	p	0
[figure;C_01_016,supervise;J_01_018]	im	Stacked	0.0	nan	nan	Open	1.0	SymmetricalOrAlternating	Circular	1	Neutral	Neutral	Neutral	1	p	0
[vegetable;C_01_018,smoking;C_03_087]	im	FullyOpen	0.0	1.0	0.0	Closed	0.0	OneHanded	BackAndForth	0	Head	Mouth	Mouth	1	nan	1
[vegetable;C_01_018,smoking;C_03_087]	im	FullyOpen	0.0	1.0	0.0	Closed	0.0	OneHanded	nan	0	Head	Mouth	HeadAway	1	nan	1
[sure;C_03_044,ugly;C_01_019]	i	FullyOpen	0.0	nan	nan	Closed	0.0	OneHanded	Straight	0	Head	UpperLip	HeadAway	1	nan	0
[sure;C_03_044,ugly;C_01_019]	i	FullyOpen	1.0	nan	nan	Closed	0.0	OneHanded	Straight	0	Head	Mouth	HeadAway	1	nan	0
[red_faced;F_03_030,ugly;C_01_019]	i	FullyOpen	0.0	nan	nan	Closed	0.0	OneHanded	Straight	0	Head	UpperLip	HeadAway	1	nan	0
[red_faced;F_03_030,ugly;C_01_019]	i	FullyOpen	1.0	nan	nan	Closed	0.0	OneHanded	Straight	0	Head	Chin	HeadAway	1	nan	0
[intelligent;H_02_080,ugly;C_01_019]	i	FullyOpen	0.0	nan	nan	Closed	0.0	OneHanded	Straight	0	Head	UpperLip	HeadAway	1	nan	0
[intelligent;H_02_080,ugly;C_01_019]	i	FullyOpen	1.0	nan	nan	Closed	0.0	OneHanded	Straight	0	Head	Forehead	HeadAway	1	nan	0
[myself;D_03_024,sorry;C_01_020]	t	nan	nan	nan	nan	Open	nan	OneHanded	Straight	1	Body	TorsoTop	TorsoTop	1	nan	0
[myself;D_03_024,sorry;C_01_020]	t	nan	nan	nan	nan	Open	nan	OneHanded	Circular	1	Body	TorsoTop	nan	1	nan	0
[soap_2;E_03_078,sorry;C_01_020]	t	nan	nan	nan	nan	Open	nan	OneHanded	Z-shaped	1	Body	TorsoTop	TorsoTop	1	nan	0
[soap_2;E_03_078,sorry;C_01_020]	t	nan	nan	nan	nan	Open	nan	OneHanded	Circular	0	Body	TorsoTop	TorsoTop	1	nan	0
[pepsi;C_01_021,handsome_1;F_01_003]	i	FullyOpen	0.0	nan	nan	Closed	0.0	OneHanded	Z-shaped	0	Head	HeadAway	HeadAway	0	nan	0
[pepsi;C_01_021,handsome_1;F_01_003]	p	FullyOpen	0.0	nan	nan	Closed	0.0	OneHanded	Circular	0	Head	HeadAway	HeadAway	0	nan	0
[suck;F_01_012,pepsi;C_01_021]	i	FullyOpen	0.0	nan	nan	Closed	0.0	OneHanded	Z-shaped	0	Head	HeadAway	HeadAway	0	nan	0
[suck;F_01_012,pepsi;C_01_021]	p	FullyOpen	0.0	nan	nan	Closed	0.0	OneHanded	Straight	0	Head	HeadAway	HeadAway	0	nan	0
[seem;F_01_043,cousin;C_01_023]	imrp	Curved	0.0	0.0	0.0	Open	0.0	OneHanded	nan	0	Head	HeadAway	nan	0	nan	1
[action;C_01_026,here;D_01_089]	imrp	FullyOpen	0.0	0.0	0.0	Open	0.0	SymmetricalOrAlternating	Circular	1	Neutral	Neutral	Neutral	0	c	0
[action;C_01_026,here;D_01_089]	imrp	Curved	0.0	0.0	0.0	Open	0.0	SymmetricalOrAlternating	Circular	1	Neutral	Neutral	Neutral	0	open_b	0
[action;C_01_026,cloud;D_01_092]	imrp	Curved	0.0	1.0	0.0	Open	0.0	SymmetricalOrAlternating	Circular	1	Neutral	Neutral	Neutral	0	c	0
[action;C_01_026,cloud;D_01_092]	imrp	Curved	0.0	0.0	0.0	Open	0.0	SymmetricalOrAlternating	Circular	1	Neutral	Neutral	Neutral	0	curved_5	0
[action;C_01_026,small;D_01_030,category;E_01_034]	imrp	Curved	0.0	0.0	0.0	Open	0.0	SymmetricalOrAlternating	Curved	1	Neutral	Neutral	Neutral	0	c	0
[action;C_01_026,category;E_01_034]	imrp	Curved	0.0	0.0	0.0	Open	0.0	SymmetricalOrAlternating	Circular	0	Neutral	Neutral	Neutral	0	c	0
[action;C_01_026,wrap;E_02_050]	imrp	Curved	0.0	0.0	0.0	Open	0.0	SymmetricalOrAlternating	Circular	1	Neutral	Neutral	Neutral	0	curved_b	0
[action;C_01_026,wrap_up_2;K_02_062]	imrp	Flat	0.0	0.0	0.0	Open	0.0	SymmetricalOrAlternating	Circular	1	Neutral	Neutral	Neutral	0	c	0
[action;C_01_026,wrap_up_2;K_02_062]	imrp	Curved	0.0	0.0	0.0	Open	0.0	SymmetricalOrAlternating	Circular	1	Neutral	Neutral	Neutral	0	flat_b	0
[all;C_03_088,center;C_01_027]	imrp	FullyOpen	0.0	0.0	0.0	Open	0.0	AsymmetricalSameHandshape	Circular	0	Hand	HandAway	Palm	1	open_b	1
[all;C_03_088,center;C_01_027]	imrp	FullyOpen	1.0	0.0	0.0	Open	0.0	AsymmetricalSameHandshape	Circular	0	Hand	HandAway	FingerFront	1	open_b	1
[upload;C_01_028,worse;H_01_011]	im	FullyOpen	0.0	1.0	0.0	Closed	0.0	SymmetricalOrAlternating	Straight	0	Neutral	Neutral	Neutral	0	v	0
[run_faucet;K_03_096,camcorder;E_03_021,four;C_01_029]	imrp	FullyOpen	0.0	1.0	0.0	Closed	0.0	OneHanded	Straight	1	Neutral	Neutral	nan	0	nan	0
[run_faucet;K_03_096,your;F_01_052,rainbow;F_03_001,four;C_01_029,escalate;H_01_033]	imrp	FullyOpen	0.0	1.0	0.0	Closed	0.0	OneHanded	Straight	0	Neutral	Neutral	Neutral	0	nan	0
[rainbow;F_03_001,four;C_01_029]	imrp	FullyOpen	0.0	1.0	0.0	Closed	0.0	OneHanded	Curved	0	Neutral	Neutral	nan	0	nan	0
[four;C_01_029,escalate;H_01_033]	imrp	FullyOpen	0.0	0.0	0.0	Closed	0.0	OneHanded	Straight	0	Neutral	Neutral	nan	0	nan	0
[fourth;H_03_004,four;C_01_029]	imrp	FullyOpen	0.0	1.0	0.0	Closed	0.0	OneHanded	nan	0	Neutral	Neutral	nan	0	nan	0
[fourth;H_03_004,four;C_01_029]	imrp	FullyOpen	0.0	1.0	0.0	Closed	0.0	OneHanded	Straight	0	Neutral	Neutral	nan	0	nan	1
[waste;C_01_030,access;H_02_086]	imrp	FullyOpen	0.0	0.0	0.0	Open	0.0	AsymmetricalDifferentHandshape	Straight	1	Hand	FingerFront	HandAway	1	B	0
[waste;C_01_030,access;H_02_086]	imrp	FullyOpen	0.0	1.0	0.0	Open	0.0	AsymmetricalDifferentHandshape	Straight	1	Hand	Palm	HandAway	1	B	0
[indian;C_03_009,letter;C_01_031]	t	nan	nan	nan	nan	Open	nan	OneHanded	nan	0	Head	Forehead	nan	1	nan	0
[indian;C_03_009,letter;C_01_031]	t	nan	nan	nan	nan	Open	nan	OneHanded	nan	0	Head	Mouth	nan	1	nan	1
[peanut_butter;E_02_077,letter;C_01_031]	t	nan	nan	nan	nan	Open	nan	OneHanded	Straight	0	Head	Mouth	nan	1	nan	0
[peanut_butter;E_02_077,letter;C_01_031]	t	nan	nan	nan	nan	Open	nan	OneHanded	nan	0	Head	Mouth	HeadAway	1	nan	0
[bless;G_02_016,letter;C_01_031]	t	nan	nan	nan	nan	Open	nan	SymmetricalOrAlternating	nan	0	Head	Mouth	nan	1	nan	0
[bless;G_02_016,letter;C_01_031]	t	nan	nan	nan	nan	Open	nan	OneHanded	nan	0	Head	Mouth	nan	1	a	0
[alone;D_02_024,first;C_01_033]	i	FullyOpen	0.0	nan	nan	Closed	0.0	OneHanded	Circular	0	Neutral	Neutral	nan	0	nan	1
[alone;D_02_024,first;C_01_033]	i	FullyOpen	0.0	nan	nan	Closed	0.0	OneHanded	nan	0	Neutral	Neutral	Neutral	0	nan	1
[first;C_01_033,there;D_02_060]	i	FullyOpen	0.0	nan	nan	Closed	0.0	OneHanded	Straight	0	Neutral	Neutral	nan	0	nan	1
[first;C_01_033,there;D_02_060]	i	FullyOpen	0.0	nan	nan	Closed	0.0	OneHanded	nan	0	Neutral	Neutral	nan	0	nan	0
[first;C_01_033,square_idiot;J_01_062]	i	Flat	0.0	nan	nan	Closed	0.0	OneHanded	nan	0	Neutral	Neutral	nan	0	nan	1
[first;C_01_033,square_idiot;J_01_062]	i	FullyOpen	0.0	nan	nan	Open	0.0	OneHanded	nan	0	Neutral	Neutral	nan	0	nan	1
[first;C_01_033,different_situation;J_01_075]	i	FullyOpen	0.0	nan	nan	Open	0.0	OneHanded	nan	0	Neutral	Neutral	nan	0	nan	1
[first;C_01_033,different_situation;J_01_075]	i	FullyOpen	0.0	nan	nan	Closed	0.0	OneHanded	nan	1	Neutral	Neutral	nan	0	nan	1
[basement;C_01_034,under;E_02_087]	t	nan	nan	nan	nan	Open	nan	AsymmetricalDifferentHandshape	Curved	1	Hand	HandAway	HandAway	0	B	0
[basement;C_01_034,under;E_02_087]	t	nan	nan	nan	nan	Open	nan	AsymmetricalDifferentHandshape	Circular	0	Hand	HandAway	HandAway	0	B	0
[basement;C_01_034,oil;H_02_078]	t	nan	nan	nan	nan	Open	nan	AsymmetricalDifferentHandshape	Straight	1	Hand	HandAway	HandAway	0	B	0
[basement;C_01_034,oil;H_02_078]	t	nan	nan	nan	nan	Open	nan	AsymmetricalDifferentHandshape	Circular	1	Hand	HandAway	HandAway	0	C	0
[mcdonalds;C_01_035,north;C_01_080]	im	Flat	0.0	0.0	0.0	Closed	1.0	OneHanded	Z-shaped	0	Neutral	Neutral	Neutral	0	nan	0
[east;D_03_082,mcdonalds;C_01_035,north;C_01_080]	imrp	Flat	0.0	0.0	0.0	Closed	1.0	OneHanded	Straight	0	Neutral	Neutral	Neutral	0	nan	0
[mcdonalds;C_01_035,never;C_02_079]	imrp	FullyOpen	0.0	0.0	0.0	Closed	1.0	OneHanded	Z-shaped	0	Neutral	Neutral	Neutral	0	nan	0
[camel;G_01_042,mcdonalds;C_01_035,never;C_02_079]	imrp	Flat	0.0	0.0	0.0	Closed	0.0	OneHanded	Z-shaped	0	Neutral	Neutral	Neutral	0	nan	0
[mcdonalds;C_01_035,east;D_03_082]	imrp	Bent	0.0	0.0	0.0	Closed	1.0	OneHanded	Z-shaped	0	Neutral	Neutral	Neutral	0	nan	0
[camel;G_01_042,mcdonalds;C_01_035]	imrp	Flat	0.0	0.0	0.0	Open	1.0	OneHanded	Z-shaped	0	Neutral	Neutral	Neutral	0	nan	0
[hard;C_01_036,problem_1;C_03_010]	im	Bent	0.0	1.0	0.0	Closed	0.0	SymmetricalOrAlternating	nan	0	Neutral	Neutral	Neutral	1	bent_v	0
[hard;C_01_036,problem_1;C_03_010]	im	Bent	0.0	1.0	0.0	Closed	0.0	SymmetricalOrAlternating	Straight	0	Neutral	Neutral	Neutral	1	bent_v	1
[hard;C_01_036,bone;C_03_015]	im	Bent	0.0	1.0	0.0	Closed	0.0	SymmetricalOrAlternating	Straight	0	Neutral	Neutral	nan	1	bent_v	0
[hard;C_01_036,car_battery;E_01_039]	im	Bent	0.0	1.0	0.0	Open	0.0	SymmetricalOrAlternating	Straight	0	Neutral	Neutral	Neutral	1	bent_v	0
[hard;C_01_036,worse;H_01_011]	im	FullyOpen	0.0	1.0	0.0	Closed	0.0	SymmetricalOrAlternating	Straight	0	Neutral	Neutral	Neutral	1	bent_v	0
[hard;C_01_036,worse;H_01_011]	im	Bent	0.0	1.0	0.0	Closed	0.0	SymmetricalOrAlternating	Straight	0	Neutral	Neutral	Neutral	1	v	0
[call_attention;C_01_038,summon;K_02_075]	imrp	FullyOpen	1.0	0.0	0.0	Open	0.0	AsymmetricalDifferentHandshape	BackAndForth	0	Hand	PalmBack	HandAway	1	B	0
[call_attention;C_01_038,summon;K_02_075]	imrp	FullyOpen	1.0	0.0	0.0	Open	0.0	AsymmetricalDifferentHandshape	Straight	0	Hand	PalmBack	HandAway	1	Lax	0
[comb;C_02_070,front;C_01_039]	imrp	FullyOpen	0.0	1.0	0.0	Open	0.0	OneHanded	Straight	1	Head	HeadAway	HeadAway	0	nan	0
[had_enough;H_01_090,smell_money;F_03_026,will_go;J_01_095,front;C_01_039]	imrp	FullyOpen	0.0	0.0	0.0	Open	0.0	OneHanded	Straight	0	Head	HeadAway	HeadAway	0	nan	0
[had_enough;H_01_090,front;C_01_039]	imrp	Flat	0.0	0.0	0.0	Open	0.0	OneHanded	Straight	1	Head	HeadAway	HeadAway	0	nan	0
[will_go;J_01_095,front;C_01_039]	imrp	FullyOpen	0.0	0.0	0.0	Open	0.0	OneHanded	Straight	1	Head	CheekNose	HeadAway	0	nan	0
[opinion_1;J_01_108,front;C_01_039]	imrp	FullyOpen	0.0	0.0	0.0	Open	1.0	OneHanded	Straight	1	Head	HeadAway	HeadAway	0	nan	0
[hairdryer_3;K_01_091,front;C_01_039]	im	FullyOpen	0.0	0.0	0.0	Open	0.0	OneHanded	Straight	1	Head	HeadAway	HeadAway	0	nan	0
[money;C_01_042,excuse;D_03_052]	imrp	Flat	0.0	0.0	0.0	Open	1.0	AsymmetricalDifferentHandshape	Straight	1	Hand	Palm	HandAway	1	B	0
[money;C_01_042,evidence;G_03_103]	imrp	Bent	0.0	0.0	0.0	Open	1.0	AsymmetricalDifferentHandshape	Straight	1	Hand	Palm	nan	1	B	0
[fine;C_01_043,my;C_01_060]	imrp	FullyOpen	0.0	1.0	0.0	Open	0.0	OneHanded	Straight	0	Body	TorsoTop	nan	1	nan	0
[fine;C_01_043,elegance;D_03_042]	imrp	FullyOpen	0.0	1.0	0.0	Open	0.0	OneHanded	Curved	1	Body	TorsoTop	nan	1	nan	0
[fine;C_01_043,elegance;D_03_042]	imrp	FullyOpen	0.0	1.0	0.0	Open	0.0	OneHanded	Straight	1	Body	TorsoTop	BodyAway	1	nan	0
[fine;C_01_043,cool_1;F_01_014]	imrp	FullyOpen	1.0	1.0	0.0	Open	0.0	OneHanded	Straight	1	Body	TorsoTop	nan	1	nan	0
[fine;C_01_043,cool_1;F_01_014]	imrp	FullyOpen	0.0	1.0	0.0	Open	0.0	OneHanded	nan	1	Body	TorsoTop	nan	1	nan	0
[fine;C_01_043,complain;G_01_023,shoulder_3;K_01_078]	imrp	FullyOpen	0.0	1.0	0.0	Open	0.0	OneHanded	Straight	1	Body	TorsoMid	nan	1	nan	0
[fine;C_01_043,dog_2;K_01_055,shoulder_3;K_01_078]	imrp	FullyOpen	0.0	1.0	0.0	Open	0.0	OneHanded	Straight	1	Body	Hips	nan	1	nan	0
[fine;C_01_043,cracker_2;K_03_093]	imrp	FullyOpen	0.0	1.0	0.0	Open	0.0	OneHanded	Straight	1	Arm	TorsoTop	nan	1	nan	0
[fine;C_01_043,cracker_2;K_03_093,shoulder_3;K_01_078]	imrp	FullyOpen	0.0	1.0	0.0	Open	0.0	OneHanded	Straight	1	Body	ElbowBack	nan	1	nan	0
[need;C_02_034,day;C_01_044]	i	Bent	0.0	nan	nan	Closed	0.0	OneHanded	Curved	0	Neutral	Neutral	Neutral	0	nan	0
[need;C_02_034,day;C_01_044]	i	FullyOpen	0.0	nan	nan	Closed	0.0	OneHanded	Curved	1	Neutral	Neutral	Neutral	0	nan	0
[go;C_03_056,day;C_01_044]	i	FullyOpen	0.0	nan	nan	Closed	0.0	SymmetricalOrAlternating	Curved	0	Neutral	Neutral	Neutral	0	nan	0
[go;C_03_056,day;C_01_044]	i	FullyOpen	0.0	nan	nan	Closed	0.0	OneHanded	Curved	0	Neutral	Neutral	Neutral	0	1	0
[scroll_down;C_03_084,day;C_01_044]	i	Bent	0.0	nan	nan	Closed	0.0	OneHanded	Curved	0	Neutral	Neutral	Neutral	0	nan	0
[scroll_down;C_03_084,day;C_01_044]	i	FullyOpen	0.0	nan	nan	Closed	0.0	OneHanded	Straight	0	Neutral	Neutral	Neutral	0	nan	0
[later;D_01_077,day;C_01_044]	i	FullyOpen	0.0	nan	nan	Open	0.0	OneHanded	Curved	0	Neutral	Neutral	Neutral	0	nan	0
[later;D_01_077,day;C_01_044]	i	FullyOpen	0.0	nan	nan	Closed	0.0	OneHanded	Straight	0	Neutral	Neutral	Neutral	0	nan	0
[alone;D_02_024,day;C_01_044]	i	FullyOpen	0.0	nan	nan	Closed	0.0	OneHanded	Circular	0	Neutral	Neutral	Neutral	0	nan	0
[alone;D_02_024,day;C_01_044]	i	FullyOpen	0.0	nan	nan	Closed	0.0	OneHanded	Curved	0	Neutral	Neutral	Neutral	0	nan	1
[there;D_02_060,day;C_01_044]	i	FullyOpen	0.0	nan	nan	Closed	0.0	OneHanded	Straight	0	Neutral	Neutral	Neutral	0	nan	0
[there;D_02_060,day;C_01_044]	i	FullyOpen	0.0	nan	nan	Closed	0.0	OneHanded	Curved	0	Neutral	Neutral	nan	0	nan	0
[day;C_01_044,zoo;E_03_042]	i	FullyOpen	nan	nan	nan	Closed	0.0	OneHanded	Curved	0	Neutral	Neutral	Neutral	0	nan	0
[day;C_01_044,zoo;E_03_042]	i	FullyOpen	0.0	nan	nan	Closed	0.0	OneHanded	Z-shaped	0	Neutral	Neutral	Neutral	0	nan	0
[isolated;F_02_033,day;C_01_044]	i	FullyOpen	0.0	nan	nan	Closed	0.0	OneHanded	Circular	0	Neutral	Neutral	Neutral	0	nan	0
[isolated;F_02_033,day;C_01_044]	i	FullyOpen	0.0	nan	nan	Closed	0.0	OneHanded	Curved	1	Neutral	Neutral	Neutral	0	nan	0
[half;F_03_040,day;C_01_044]	i	FullyOpen	nan	nan	nan	Closed	0.0	OneHanded	Curved	0	Neutral	Neutral	Neutral	0	nan	0
[half;F_03_040,day;C_01_044]	i	FullyOpen	0.0	nan	nan	Closed	0.0	OneHanded	Straight	0	Neutral	Neutral	Neutral	0	nan	0
[gun_3;K_01_069,day;C_01_044]	i	FullyOpen	0.0	nan	nan	Open	0.0	OneHanded	Curved	0	Neutral	Neutral	Neutral	0	nan	0
[gun_3;K_01_069,day;C_01_044]	i	FullyOpen	0.0	nan	nan	Closed	0.0	OneHanded	Curved	0	Neutral	Neutral	nan	0	nan	0
[day;C_01_044,blow_candle_2;K_02_022]	i	FullyOpen	0.0	nan	nan	Closed	0.0	OneHanded	nan	0	Neutral	Neutral	Neutral	0	nan	0
[day;C_01_044,blow_candle_2;K_02_022]	i	FullyOpen	0.0	nan	nan	Closed	0.0	OneHanded	Curved	0	Neutral	Neutral	nan	0	nan	0
[point_index;K_02_083,day;C_01_044]	i	Flat	0.0	nan	nan	Closed	0.0	OneHanded	Curved	0	Neutral	Neutral	Neutral	0	nan	0
[point_index;K_02_083,day;C_01_044]	i	FullyOpen	0.0	nan	nan	Closed	0.0	OneHanded	Straight	0	Neutral	Neutral	Neutral	0	nan	0
[strict;C_01_047,stupid_1;C_01_058]	im	FullyOpen	0.0	1.0	0.0	Closed	0.0	OneHanded	Straight	0	Head	CheekNose	nan	1	nan	0
[strict;C_01_047,stupid_1;C_01_058]	im	Bent	0.0	1.0	0.0	Closed	0.0	OneHanded	Straight	0	Head	Forehead	nan	1	nan	0
[stare;G_01_034,strict;C_01_047]	im	Flat	0.0	1.0	0.0	Closed	0.0	OneHanded	Straight	0	Head	CheekNose	nan	1	nan	0
[stare;G_01_034,strict;C_01_047]	im	Bent	0.0	1.0	0.0	Closed	0.0	OneHanded	Straight	0	Head	CheekNose	HeadAway	1	nan	0
[really_into;H_02_079,strict;C_01_047]	im	Curved	0.0	1.0	0.0	Closed	0.0	OneHanded	Straight	0	Head	CheekNose	nan	1	nan	0
[know;C_01_048,dog_2;K_01_055,baby_2;K_01_042]	imrp	FullyOpen	0.0	0.0	0.0	Open	0.0	OneHanded	Straight	1	Body	Forehead	nan	1	nan	0
[past;C_01_049,why_not;H_02_034]	imrp	FullyOpen	1.0	0.0	0.0	Open	0.0	OneHanded	nan	0	Head	BodyAway	nan	0	nan	0
[past;C_01_049,why_not;H_02_034]	imrp	FullyOpen	1.0	0.0	0.0	Open	0.0	OneHanded	nan	0	Body	HeadAway	nan	0	nan	0
[show;C_01_050,demand;C_01_078]	i	Bent	0.0	nan	nan	Closed	0.0	AsymmetricalDifferentHandshape	Straight	0	Hand	Palm	nan	1	B	0
[show;C_01_050,demand;C_01_078]	i	FullyOpen	0.0	nan	nan	Closed	0.0	SymmetryViolation	Straight	0	Hand	Palm	nan	1	B	0
[show;C_01_050,owe;C_01_089]	i	FullyOpen	0.0	nan	nan	Closed	0.0	AsymmetricalDifferentHandshape	Straight	1	Hand	Palm	nan	1	B	0
[show;C_01_050,owe;C_01_089]	i	FullyOpen	0.0	nan	nan	Closed	0.0	AsymmetricalDifferentHandshape	Straight	0	Hand	Heel	nan	1	B	0
[show;C_01_050,price;C_02_004]	i	Bent	0.0	nan	nan	Closed	0.0	AsymmetricalDifferentHandshape	Straight	0	Hand	Palm	nan	1	B	0
[show;C_01_050,price;C_02_004]	i	FullyOpen	0.0	nan	nan	Closed	0.0	AsymmetricalDifferentHandshape	Straight	0	Hand	Palm	HandAway	1	B	0
[show;C_01_050,cancellation;C_02_017]	i	FullyOpen	0.0	nan	nan	Closed	0.0	AsymmetricalDifferentHandshape	X-shaped	0	Hand	Palm	nan	1	B	0
[show;C_01_050,cancellation;C_02_017]	i	FullyOpen	0.0	nan	nan	Closed	0.0	AsymmetricalDifferentHandshape	Straight	0	Hand	Palm	HandAway	1	B	0
[show;C_01_050,deep;C_03_006]	i	Flat	0.0	nan	nan	Closed	0.0	AsymmetricalDifferentHandshape	Straight	0	Hand	Palm	nan	1	B	0
[show;C_01_050,deep;C_03_006]	i	FullyOpen	0.0	nan	nan	Closed	0.0	AsymmetricalDifferentHandshape	Straight	0	Hand	Palm	HandAway	1	B	0
[show;C_01_050,plummet;G_03_028]	i	FullyOpen	0.0	nan	nan	Closed	0.0	AsymmetricalDifferentHandshape	Curved	0	Hand	Palm	nan	1	B	0
[show;C_01_050,plummet;G_03_028]	i	FullyOpen	0.0	nan	nan	Closed	0.0	AsymmetricalDifferentHandshape	Straight	0	Hand	Palm	HandAway	1	B	0
[show;C_01_050,negative;J_01_008]	i	Flat	0.0	nan	nan	Closed	0.0	AsymmetricalDifferentHandshape	Straight	0	Hand	Palm	nan	1	B	0
[show;C_01_050,negative;J_01_008]	i	FullyOpen	0.0	nan	nan	Closed	0.0	AsymmetricalDifferentHandshape	Straight	1	Hand	Palm	nan	1	B	0
[show;C_01_050,next_down;J_03_101]	i	Bent	0.0	nan	nan	Closed	0.0	AsymmetricalDifferentHandshape	Straight	0	Hand	Palm	nan	1	B	0
[show;C_01_050,next_down;J_03_101]	i	FullyOpen	0.0	nan	nan	Closed	0.0	AsymmetricalDifferentHandshape	Straight	1	Hand	Palm	nan	1	B	0
[blouse;J_02_104,fault;C_01_051]	imrp	Flat	0.0	1.0	0.0	Open	0.0	OneHanded	Curved	0	Body	TorsoTop	nan	1	nan	1
[our;G_02_067,blouse;J_02_104,fault;C_01_051]	imrp	Flat	0.0	0.0	0.0	Open	0.0	OneHanded	Curved	0	Body	TorsoTop	Hips	1	nan	1
[equal;C_01_052,balance;C_02_046]	imrp	Flat	0.0	0.0	0.0	Open	0.0	SymmetricalOrAlternating	Straight	1	Neutral	Neutral	nan	0	flat_b	0
[equal;C_01_052,prayer;C_03_090]	imrp	FullyOpen	0.0	0.0	0.0	Open	0.0	SymmetricalOrAlternating	Straight	1	Neutral	Neutral	nan	1	flat_b	0
[equal;C_01_052,prayer;C_03_090]	imrp	Flat	0.0	0.0	0.0	Open	0.0	SymmetricalOrAlternating	Straight	1	Neutral	Neutral	nan	1	open_b	0
[equal;C_01_052,roof;F_01_039]	imrp	Flat	0.0	0.0	0.0	Open	0.0	SymmetricalOrAlternating	Straight	0	Neutral	Neutral	nan	1	flat_b	0
[equal;C_01_052,community;J_01_015]	imrp	Flat	0.0	0.0	0.0	Open	0.0	SymmetricalOrAlternating	Straight	1	Neutral	Neutral	nan	1	flat_b	1
[downsize;C_01_055,decide;D_03_057]	i	FullyOpen	0.0	nan	nan	Open	0.0	SymmetricalOrAlternating	Straight	0	Neutral	Neutral	Neutral	0	l	0
[downsize;C_01_055,decide;D_03_057]	i	FullyOpen	1.0	nan	nan	Open	1.0	SymmetricalOrAlternating	Straight	0	Neutral	Neutral	Neutral	0	l	0
[downsize;C_01_055,shooting;F_01_049]	i	FullyOpen	0.0	nan	nan	Open	0.0	SymmetricalOrAlternating	Straight	0	Neutral	Neutral	Neutral	0	l	0
[downsize;C_01_055,shooting;F_01_049]	i	FullyOpen	1.0	nan	nan	Open	0.0	SymmetricalOrAlternating	Z-shaped	0	Neutral	Neutral	Neutral	0	l	0
[downsize;C_01_055,linguistics;H_01_004]	i	FullyOpen	nan	nan	nan	Open	0.0	SymmetricalOrAlternating	Straight	0	Neutral	Neutral	Neutral	0	l	0
[downsize;C_01_055,linguistics;H_01_004]	i	FullyOpen	1.0	nan	nan	Open	0.0	SymmetricalOrAlternating	Straight	0	Neutral	Neutral	Neutral	1	l	0
[downsize;C_01_055,photography;J_01_038]	i	FullyOpen	1.0	nan	nan	Open	0.0	SymmetricalOrAlternating	Circular	0	Neutral	Neutral	Neutral	0	l	0
[downsize;C_01_055,photography;J_01_038]	i	FullyOpen	1.0	nan	nan	Open	0.0	SymmetricalOrAlternating	Straight	1	Neutral	Neutral	Neutral	0	l	0
[guess;C_01_057,strange;C_03_018]	imrp	Curved	0.0	0.0	0.0	Open	1.0	OneHanded	Curved	0	Head	HeadAway	HeadAway	0	nan	0
[guess;C_01_057,strange;C_03_018]	imrp	Curved	1.0	0.0	0.0	Open	0.0	OneHanded	Curved	0	Head	HeadAway	HeadAway	0	nan	0
[guess;C_01_057,chew_2_mouth;K_01_100,old;D_01_007]	imrp	Curved	1.0	0.0	0.0	Open	1.0	OneHanded	Straight	0	Head	HeadAway	HeadAway	0	nan	0
[guess;C_01_057,old;D_01_007,oldest;H_03_024]	imrp	Curved	1.0	0.0	0.0	Open	1.0	OneHanded	Curved	0	Head	Chin	HeadAway	0	nan	0
[guess;C_01_057,rhino_3;K_01_088,oldest;H_03_024]	imrp	Curved	1.0	0.0	0.0	Open	1.0	OneHanded	Curved	0	Head	HeadAway	HeadAway	1	nan	0
[guess;C_01_057,rhino_3;K_01_088]	imrp	Curved	1.0	0.0	0.0	Open	1.0	OneHanded	Curved	0	Head	CheekNose	HeadAway	0	nan	0
[hospital;J_02_022,stupid_1;C_01_058]	im	FullyOpen	0.0	0.0	0.0	Closed	0.0	OneHanded	Straight	0	Head	Forehead	nan	1	nan	0
[hospital;J_02_022,stupid_1;C_01_058]	im	FullyOpen	0.0	1.0	0.0	Closed	0.0	OneHanded	Straight	0	Head	Forehead	Forehead	1	nan	0
[make_believe;J_02_097,stupid_1;C_01_058]	im	FullyOpen	0.0	1.0	0.0	Closed	0.0	OneHanded	Straight	0	Head	Forehead	HeadAway	1	nan	0
[oops;D_03_056,my;C_01_060,dog;H_02_103]	imrp	FullyOpen	0.0	0.0	0.0	Open	0.0	OneHanded	Straight	0	Body	Mouth	nan	1	nan	0
[dog;H_02_103,my;C_01_060,choke;G_01_079]	imrp	FullyOpen	0.0	0.0	0.0	Open	0.0	OneHanded	Straight	0	Body	Neck	nan	1	nan	0
[my;C_01_060,bow_4;K_02_016]	imrp	FullyOpen	0.0	0.0	0.0	Open	0.0	OneHanded	nan	0	Body	TorsoTop	nan	1	nan	0
[dog;H_02_103,my;C_01_060,bow_4;K_02_016]	imrp	FullyOpen	0.0	0.0	0.0	Open	0.0	OneHanded	Straight	0	Body	TorsoBottom	nan	1	nan	0
[complex;C_01_061,hurt;E_01_002]	i	FullyOpen	0.0	nan	nan	Closed	0.0	SymmetricalOrAlternating	Straight	1	Neutral	Neutral	Neutral	0	1	0
[complex;C_01_061,hurt;E_01_002]	i	FullyOpen	1.0	nan	nan	Closed	0.0	SymmetricalOrAlternating	Circular	1	Neutral	Neutral	Neutral	0	1	0
[complex;C_01_061,argue;F_03_072]	i	FullyOpen	0.0	nan	nan	Closed	0.0	SymmetricalOrAlternating	Straight	1	Neutral	Neutral	Neutral	0	1	0
[complex;C_01_061,argue;F_03_072]	i	FullyOpen	1.0	nan	nan	Closed	0.0	SymmetricalOrAlternating	Curved	1	Neutral	Neutral	Neutral	0	1	0
[complex;C_01_061,long_word;H_02_047]	i	FullyOpen	0.0	nan	nan	Closed	0.0	SymmetricalOrAlternating	Straight	1	Neutral	Neutral	Neutral	0	1	0
[complex;C_01_061,long_word;H_02_047]	i	FullyOpen	1.0	nan	nan	Closed	0.0	SymmetricalOrAlternating	Straight	0	Neutral	Neutral	Neutral	0	1	0
[eyes;C_01_062,tell;C_02_013]	i	FullyOpen	0.0	nan	nan	Closed	0.0	OneHanded	Curved	0	Head	UnderChin	Eye	1	nan	0
[eyes;C_01_062,tell;C_02_013]	i	FullyOpen	0.0	nan	nan	Closed	0.0	OneHanded	Curved	0	Head	Eye	HeadAway	1	nan	0
[tear;C_02_016,eyes;C_01_062]	i	FullyOpen	0.0	nan	nan	Closed	0.0	OneHanded	Straight	0	Head	Eye	Eye	1	nan	0
[tear;C_02_016,eyes;C_01_062]	i	FullyOpen	0.0	nan	nan	Closed	0.0	OneHanded	Curved	0	Head	Eye	CheekNose	1	nan	0
[TRUE;D_03_038,eyes;C_01_062]	i	FullyOpen	0.0	nan	nan	Closed	0.0	OneHanded	Curved	0	Head	Mouth	Eye	1	nan	0
[TRUE;D_03_038,eyes;C_01_062]	i	FullyOpen	0.0	nan	nan	Closed	0.0	OneHanded	Curved	0	Head	Eye	HeadAway	1	nan	0
[eyes;C_01_062,spot_something;G_01_002]	i	FullyOpen	0.0	nan	nan	Closed	0.0	OneHanded	nan	0	Head	Eye	Eye	1	nan	0
[eyes;C_01_062,spot_something;G_01_002]	i	FullyOpen	0.0	nan	nan	Closed	0.0	OneHanded	Curved	0	Head	Eye	nan	1	nan	0
[fake;G_03_080,eyes;C_01_062]	i	FullyOpen	0.0	nan	nan	Closed	0.0	OneHanded	Curved	0	Head	CheekNose	Eye	1	nan	0
[fake;G_03_080,eyes;C_01_062]	i	FullyOpen	0.0	nan	nan	Closed	0.0	OneHanded	Curved	0	Head	Eye	HeadAway	1	nan	0
[divorce;C_01_063,risk;F_02_026]	m	Curved	1.0	nan	nan	Open	1.0	SymmetricalOrAlternating	Straight	0	Neutral	Neutral	Neutral	1	1	1
[divorce;C_01_063,risk;F_02_026]	m	Curved	0.0	nan	nan	Open	1.0	SymmetricalOrAlternating	Straight	0	Neutral	Neutral	Neutral	1	1	0
[expensive;C_01_064,shop_1;C_03_075]	imrp	Flat	0.0	0.0	0.0	Open	1.0	AsymmetricalDifferentHandshape	Z-shaped	0	Hand	Palm	HandAway	1	B	1
[expensive;C_01_064,shop_1;C_03_075]	imrp	Flat	0.0	0.0	0.0	Open	1.0	AsymmetricalDifferentHandshape	BackAndForth	0	Hand	Palm	HandAway	1	B	0
[but;D_03_030,right_1;C_01_065]	i	FullyOpen	0.0	nan	nan	Closed	0.0	SymmetricalOrAlternating	Curved	0	Neutral	Neutral	nan	1	1	0
[but;D_03_030,right_1;C_01_065]	i	FullyOpen	0.0	nan	nan	Closed	0.0	SymmetricalOrAlternating	Straight	0	Neutral	Neutral	Neutral	1	1	0
[right_1;C_01_065,long_word;H_02_047]	i	FullyOpen	0.0	nan	nan	Closed	0.0	SymmetricalOrAlternating	Straight	0	Neutral	Neutral	Neutral	1	1	0
[right_1;C_01_065,long_word;H_02_047]	i	FullyOpen	0.0	nan	nan	Closed	0.0	SymmetricalOrAlternating	Straight	0	Neutral	Neutral	nan	0	1	0
[triangle;J_02_080,right_1;C_01_065]	i	FullyOpen	0.0	nan	nan	Closed	0.0	SymmetricalOrAlternating	BackAndForth	0	Neutral	Neutral	nan	1	1	0
[triangle;J_02_080,right_1;C_01_065]	i	FullyOpen	0.0	nan	nan	Closed	0.0	SymmetricalOrAlternating	Straight	0	Neutral	Neutral	Neutral	1	1	0
[cross;C_01_067,sail;D_01_074,percent;C_02_082]	imrp	Curved	0.0	0.0	0.0	Open	1.0	OneHanded	X-shaped	0	Neutral	Neutral	Neutral	0	nan	0
[cancer;G_03_056,cross;C_01_067]	imrp	Curved	nan	0.0	0.0	Open	0.0	OneHanded	X-shaped	0	Neutral	Neutral	Neutral	0	nan	0
[throw_2;K_01_068,cross;C_01_067]	imrp	Curved	0.0	1.0	0.0	Open	0.0	OneHanded	X-shaped	0	Neutral	Neutral	Neutral	0	nan	0
[cross;C_01_067,pour_2;K_01_094]	imrp	Curved	0.0	0.0	0.0	Open	0.0	OneHanded	X-shaped	0	Neutral	Neutral	Neutral	0	nan	1
[cross;C_01_067,greet_2;K_02_095]	imrp	Curved	0.0	0.0	0.0	Open	0.0	OneHanded	X-shaped	1	Neutral	Neutral	Neutral	0	nan	0
[hippo;C_01_069,now;C_03_062]	p	FullyOpen	0.0	nan	nan	Open	0.0	SymmetricalOrAlternating	Straight	1	Neutral	Neutral	Neutral	0	y	0
[hippo;C_01_069,now;C_03_062]	p	FullyOpen	0.0	nan	nan	Open	0.0	SymmetricalOrAlternating	Curved	0	Neutral	Neutral	Neutral	0	y	0
[hippo;C_01_069,trophy;D_02_086]	p	FullyOpen	0.0	nan	nan	Open	0.0	SymmetricalOrAlternating	Straight	1	Neutral	Neutral	Neutral	0	y	0
[hippo;C_01_069,trophy;D_02_086]	p	FullyOpen	0.0	nan	nan	Open	0.0	SymmetricalOrAlternating	Curved	1	Neutral	Neutral	Neutral	1	y	0
[hippo;C_01_069,still;G_02_085]	p	FullyOpen	0.0	nan	nan	Open	0.0	SymmetricalOrAlternating	Curved	0	Neutral	Neutral	Neutral	0	y	0
[hippo;C_01_069,still;G_02_085]	p	FullyOpen	0.0	nan	nan	Open	0.0	SymmetricalOrAlternating	Curved	1	Neutral	Neutral	Neutral	0	y	1
[hell;G_03_008,north;C_01_080,right_2;C_01_070]	im	Flat	0.0	0.0	0.0	Closed	0.0	OneHanded	Straight	0	Neutral	Neutral	Neutral	0	nan	0
[north;C_01_080,right_2;C_01_070]	im	Crossed	0.0	0.0	0.0	Closed	1.0	OneHanded	Straight	0	Neutral	Neutral	Neutral	0	nan	0
[dolphin_3;K_03_032,high;C_02_045,right_2;C_01_070]	im	Crossed	0.0	0.0	0.0	Closed	0.0	OneHanded	Curved	0	Neutral	Neutral	Neutral	0	nan	0
[escalator;F_01_036,hell;G_03_008,right_2;C_01_070]	im	Bent	0.0	0.0	0.0	Closed	0.0	OneHanded	Straight	0	Neutral	Neutral	Neutral	0	nan	0
[escalator;F_01_036,right_2;C_01_070]	im	Crossed	0.0	1.0	0.0	Closed	0.0	OneHanded	Straight	0	Neutral	Neutral	Neutral	0	nan	0
[ready;F_03_042,right_2;C_01_070]	im	Crossed	0.0	0.0	0.0	Closed	0.0	SymmetricalOrAlternating	Straight	0	Neutral	Neutral	Neutral	0	nan	0
[ready;F_03_042,right_2;C_01_070]	im	Crossed	0.0	0.0	0.0	Closed	0.0	OneHanded	Straight	0	Neutral	Neutral	Neutral	0	r	0
[escalate;H_01_033,right_2;C_01_070]	imrp	Crossed	0.0	0.0	0.0	Closed	0.0	OneHanded	Straight	0	Neutral	Neutral	Neutral	0	nan	0
[dolphin_3;K_03_032,gotcha;H_02_072,right_2;C_01_070]	im	Crossed	0.0	0.0	0.0	Closed	0.0	OneHanded	BackAndForth	0	Neutral	Neutral	Neutral	0	nan	0
[suspect;C_03_012,computer_mouse;C_01_073]	i	FullyOpen	1.0	nan	nan	Closed	0.0	OneHanded	nan	1	Head	Forehead	HeadAway	1	nan	0
[suspect;C_03_012,computer_mouse;C_01_073]	i	FullyOpen	1.0	nan	nan	Closed	0.0	OneHanded	nan	1	Head	CheekNose	nan	1	nan	0
[pink;C_01_074,penis;F_03_095]	im	Stacked	0.0	nan	0.0	Open	1.0	OneHanded	Straight	1	Head	CheekNose	HeadAway	1	nan	0
[pink;C_01_074,penis;F_03_095]	im	Stacked	0.0	nan	0.0	Open	1.0	OneHanded	Straight	1	Head	Chin	nan	1	nan	0
[oral;C_03_024,reason;C_01_076,hawaii;J_03_054]	im	Bent	0.0	0.0	0.0	Closed	0.0	OneHanded	Circular	1	Head	HeadAway	HeadAway	0	nan	0
[oral;C_03_024,reason;C_01_076]	im	Crossed	0.0	1.0	0.0	Closed	0.0	OneHanded	Circular	1	Head	HeadAway	HeadAway	0	nan	0
[handsome_2;G_01_098,reason;C_01_076,hawaii;J_03_054]	im	Flat	0.0	0.0	0.0	Closed	0.0	OneHanded	Circular	1	Head	HeadAway	HeadAway	0	nan	0
[handsome_2;G_01_098,reason;C_01_076]	im	Crossed	0.0	0.0	0.0	Closed	0.0	OneHanded	Straight	1	Head	HeadAway	HeadAway	0	nan	0
[reason;C_01_076,hairdryer_3;K_01_091]	im	Crossed	0.0	0.0	0.0	Open	0.0	OneHanded	Circular	1	Head	HeadAway	HeadAway	0	nan	0
[foreigner;C_01_077,axe;F_01_013]	imrp	FullyOpen	0.0	0.0	0.0	Open	0.0	OneHanded	Straight	1	Arm	ForearmUlnar	ForearmUlnar	1	nan	0
[foreigner;C_01_077,axe;F_01_013]	imrp	FullyOpen	0.0	0.0	0.0	Open	0.0	OneHanded	Circular	1	Arm	ForearmUlnar	nan	1	nan	0
[price;C_02_004,demand;C_01_078]	i	Bent	0.0	nan	nan	Closed	0.0	AsymmetricalDifferentHandshape	Straight	0	Hand	Palm	nan	1	B	0
[price;C_02_004,demand;C_01_078]	i	Bent	0.0	nan	nan	Closed	0.0	SymmetryViolation	Straight	0	Hand	Palm	HandAway	1	B	0
[demand;C_01_078,press;H_03_006]	i	Flat	0.0	nan	nan	Closed	0.0	SymmetryViolation	Straight	0	Hand	Palm	nan	1	B	0
[demand;C_01_078,press;H_03_006]	i	Bent	0.0	nan	nan	Closed	0.0	AsymmetricalDifferentHandshape	Straight	0	Hand	Palm	nan	1	B	0
[next_down;J_03_101,demand;C_01_078]	i	Bent	0.0	nan	nan	Closed	0.0	AsymmetricalDifferentHandshape	Straight	0	Hand	Palm	nan	1	B	0
[next_down;J_03_101,demand;C_01_078]	i	Bent	0.0	nan	nan	Closed	0.0	SymmetryViolation	Straight	1	Hand	Palm	nan	1	B	0
[children;C_02_066,chat;C_01_079]	imrp	FullyOpen	1.0	0.0	0.0	Open	0.0	SymmetricalOrAlternating	Straight	1	Neutral	Neutral	Neutral	0	open_b	1
[fold;F_02_019,chat;C_01_079,here;D_01_089]	imrp	FullyOpen	0.0	0.0	0.0	Open	0.0	SymmetricalOrAlternating	Circular	1	Neutral	Neutral	Neutral	0	open_b	1
[east;D_03_082,north;C_01_080]	im	Bent	0.0	0.0	0.0	Closed	1.0	OneHanded	Straight	0	Neutral	Neutral	Neutral	0	nan	0
[hell;G_03_008,north;C_01_080]	im	FullyOpen	0.0	0.0	0.0	Closed	1.0	OneHanded	Straight	0	Neutral	Neutral	Neutral	0	nan	0
[bite;K_02_045,north;C_01_080]	im	Curved	0.0	0.0	0.0	Closed	1.0	OneHanded	Straight	0	Neutral	Neutral	Neutral	0	nan	0
[bite;K_02_045,north;C_01_080]	im	Flat	0.0	0.0	0.0	Open	1.0	OneHanded	Straight	0	Neutral	Neutral	Neutral	0	nan	0
[canada;C_03_034,cracker;C_01_081]	t	nan	nan	nan	nan	Open	nan	OneHanded	Straight	1	Body	ElbowBack	nan	1	nan	0
[canada;C_03_034,cracker;C_01_081]	t	nan	nan	nan	nan	Open	nan	OneHanded	Straight	1	Arm	Clavicle	nan	1	nan	0
[secret;C_03_076,cracker;C_01_081]	t	nan	nan	nan	nan	Open	nan	OneHanded	Straight	1	Head	ElbowBack	nan	1	nan	0
[secret;C_03_076,cracker;C_01_081]	t	nan	nan	nan	nan	Open	nan	OneHanded	Straight	1	Arm	Chin	nan	1	nan	0
[myself;D_03_024,cracker;C_01_081]	t	nan	nan	nan	nan	Open	nan	OneHanded	Straight	1	Body	ElbowBack	nan	1	nan	0
[myself;D_03_024,cracker;C_01_081]	t	nan	nan	nan	nan	Open	nan	OneHanded	Straight	1	Arm	TorsoTop	nan	1	nan	0
[temptation;C_01_082,cheat_2;D_01_027]	ip	FullyOpen	0.0	nan	nan	Closed	0.0	OneHanded	Straight	1	Arm	ForearmUlnar	nan	1	nan	0
[temptation;C_01_082,cheat_2;D_01_027]	i	FullyOpen	0.0	nan	nan	Closed	0.0	OneHanded	Straight	1	Arm	ForearmUlnar	ForearmUlnar	1	nan	0
[clock;D_02_076,temptation;C_01_082]	i	FullyOpen	0.0	nan	nan	Closed	0.0	OneHanded	Straight	0	Arm	ForearmUlnar	nan	1	nan	0
[clock;D_02_076,temptation;C_01_082]	i	FullyOpen	0.0	nan	nan	Closed	0.0	OneHanded	Straight	1	Arm	WristBack	nan	1	nan	0
[cannon;G_02_037,temptation;C_01_082]	i	FullyOpen	0.0	nan	nan	Closed	0.0	OneHanded	Straight	1	Arm	WristBack	nan	1	nan	0
[cannon;G_02_037,temptation;C_01_082]	i	FullyOpen	0.0	nan	nan	Closed	0.0	OneHanded	Straight	1	Arm	ForearmUlnar	ArmAway	1	nan	0
[temptation;C_01_082,nose;G_03_075]	i	FullyOpen	0.0	nan	nan	Closed	0.0	OneHanded	Straight	1	Head	ForearmUlnar	nan	1	nan	0
[temptation;C_01_082,nose;G_03_075]	i	FullyOpen	0.0	nan	nan	Closed	0.0	OneHanded	Straight	1	Arm	CheekNose	nan	1	nan	0
[needle;H_02_077,temptation;C_01_082]	i	FullyOpen	0.0	nan	nan	Open	0.0	OneHanded	Straight	1	Arm	ForearmUlnar	nan	1	nan	0
[needle;H_02_077,temptation;C_01_082]	i	FullyOpen	0.0	nan	nan	Closed	0.0	OneHanded	Straight	1	Arm	UpperArm	nan	1	nan	0
[sound;H_02_096,temptation;C_01_082]	i	FullyOpen	0.0	nan	nan	Closed	0.0	OneHanded	Straight	1	Head	ForearmUlnar	nan	1	nan	0
[sound;H_02_096,temptation;C_01_082]	i	FullyOpen	0.0	nan	nan	Closed	0.0	OneHanded	Straight	1	Arm	Other	nan	1	nan	0
[temptation;C_01_082,arm_2;K_01_095]	i	FullyOpen	0.0	nan	nan	Closed	0.0	OneHanded	Straight	1	Arm	ForearmBack	nan	1	nan	0
[temptation;C_01_082,arm_2;K_01_095]	i	FullyOpen	0.0	nan	nan	Closed	0.0	OneHanded	Straight	1	Arm	ForearmUlnar	ForearmBack	1	nan	0
[fan;F_03_055,cherry;C_01_083]	imrp	FullyOpen	0.0	1.0	0.0	Open	1.0	AsymmetricalDifferentHandshape	nan	1	Hand	FingerTip	nan	1	1	1
[fan;F_03_055,cherry;C_01_083]	imrp	Curved	0.0	1.0	0.0	Open	0.0	AsymmetricalDifferentHandshape	nan	1	Hand	FingerTip	nan	1	1	1
[strong;G_03_027,exercise;C_01_084]	imrp	FullyClosed	0.0	nan	0.0	Closed	1.0	SymmetricalOrAlternating	Straight	1	Body	BodyAway	BodyAway	0	s	0
[strong;G_03_027,exercise;C_01_084]	imrp	FullyClosed	0.0	nan	0.0	Closed	1.0	SymmetricalOrAlternating	Circular	1	Body	BodyAway	nan	0	s	0
[medicine;C_03_040,alarm;C_01_085]	m	Flat	0.0	nan	nan	Open	1.0	AsymmetricalDifferentHandshape	Straight	1	Hand	Palm	nan	1	B	0
[medicine;C_03_040,alarm;C_01_085]	m	Curved	0.0	nan	nan	Open	0.0	AsymmetricalDifferentHandshape	Straight	1	Hand	Palm	nan	1	B	0
[alarm;C_01_085,dictionary;F_03_035]	m	Curved	0.0	nan	nan	Open	1.0	AsymmetricalDifferentHandshape	Curved	1	Hand	Palm	nan	1	B	0
[alarm;C_01_085,dictionary;F_03_035]	m	Curved	0.0	nan	nan	Open	1.0	AsymmetricalDifferentHandshape	Straight	1	Hand	Palm	HandAway	1	B	0
[alarm;C_01_085,develop;H_01_050]	m	Curved	0.0	nan	nan	Open	1.0	AsymmetricalDifferentHandshape	Straight	0	Hand	Palm	nan	1	B	0
[alarm;C_01_085,develop;H_01_050]	m	Curved	0.0	nan	nan	Open	1.0	AsymmetricalDifferentHandshape	Straight	1	Hand	Palm	FingerFront	1	B	0
[alarm;C_01_085,therapy;H_03_088]	i	Curved	0.0	nan	nan	Open	1.0	AsymmetricalDifferentHandshape	Straight	1	Hand	Palm	nan	1	B	0
[alarm;C_01_085,therapy;H_03_088]	m	Bent	0.0	nan	nan	Open	1.0	AsymmetricalDifferentHandshape	Straight	1	Hand	Palm	nan	1	B	0
[smile;D_01_031,announce;C_01_086]	i	Flat	0.0	nan	nan	Closed	0.0	SymmetricalOrAlternating	Curved	0	Head	Mouth	HeadAway	1	1	1
[smile;D_01_031,announce;C_01_086]	i	FullyOpen	0.0	nan	nan	Closed	0.0	SymmetricalOrAlternating	Curved	0	Head	Mouth	HeadAway	1	flat_1	1
[owe;C_01_089,high_heels;F_02_008]	i	Curved	0.0	nan	nan	Closed	0.0	AsymmetricalDifferentHandshape	Straight	1	Hand	Heel	nan	1	B	0
[owe;C_01_089,high_heels;F_02_008]	i	FullyOpen	0.0	nan	nan	Open	0.0	AsymmetricalDifferentHandshape	Straight	1	Hand	Heel	nan	1	B	0
[flipflops;F_03_077,owe;C_01_089]	i	FullyOpen	0.0	nan	nan	Closed	0.0	AsymmetricalDifferentHandshape	Straight	1	Hand	Other	nan	1	B	0
[flipflops;F_03_077,owe;C_01_089]	i	FullyOpen	0.0	nan	nan	Closed	0.0	AsymmetricalDifferentHandshape	Straight	1	Hand	Heel	nan	1	5	0
[negative;J_01_008,owe;C_01_089]	i	Flat	0.0	nan	nan	Closed	0.0	AsymmetricalDifferentHandshape	Straight	1	Hand	Heel	nan	1	B	0
[negative;J_01_008,owe;C_01_089]	i	FullyOpen	0.0	nan	nan	Closed	0.0	AsymmetricalDifferentHandshape	Straight	1	Hand	Palm	nan	1	B	0
[next_down;J_03_101,owe;C_01_089]	i	Bent	0.0	nan	nan	Closed	0.0	AsymmetricalDifferentHandshape	Straight	1	Hand	Heel	nan	1	B	0
[next_down;J_03_101,owe;C_01_089]	i	FullyOpen	0.0	nan	nan	Closed	0.0	AsymmetricalDifferentHandshape	Straight	1	Hand	Palm	nan	1	B	0
[need;C_02_034,skate;C_01_090]	i	Bent	0.0	nan	nan	Closed	0.0	OneHanded	Curved	1	Neutral	Neutral	Neutral	0	bent_1	0
[need;C_02_034,skate;C_01_090]	i	Bent	0.0	nan	nan	Closed	0.0	SymmetricalOrAlternating	Curved	1	Neutral	Neutral	Neutral	0	nan	0
[battery;D_02_089,skate;C_01_090]	i	Bent	0.0	nan	nan	Closed	0.0	SymmetricalOrAlternating	Straight	1	Neutral	Neutral	Neutral	0	bent_1	0
[battery;D_02_089,skate;C_01_090]	i	Bent	0.0	nan	nan	Closed	0.0	SymmetricalOrAlternating	Curved	1	Neutral	Neutral	Neutral	1	bent_1	0
[argue;F_03_072,skate;C_01_090]	i	FullyOpen	0.0	nan	nan	Closed	0.0	SymmetricalOrAlternating	Curved	1	Neutral	Neutral	Neutral	0	bent_1	0
[argue;F_03_072,skate;C_01_090]	i	Bent	0.0	nan	nan	Closed	0.0	SymmetricalOrAlternating	Curved	1	Neutral	Neutral	Neutral	0	1	0
[feel;C_02_001,sensitive;J_02_091]	m	Flat	0.0	nan	nan	Open	0.0	OneHanded	BackAndForth	1	Body	TorsoTop	BodyAway	1	nan	1
[feel;C_02_001,sensitive;J_02_091]	m	Flat	0.0	nan	nan	Open	0.0	OneHanded	Curved	0	Body	TorsoTop	BodyAway	1	nan	1
[thin;C_02_002,meet;D_02_018]	i	FullyOpen	0.0	nan	nan	Closed	0.0	SymmetricalOrAlternating	Straight	0	Neutral	Neutral	Neutral	1	i	0
[thin;C_02_002,meet;D_02_018]	p	FullyOpen	0.0	nan	nan	Closed	0.0	SymmetricalOrAlternating	Straight	0	Neutral	Neutral	Neutral	1	1	0
[thin;C_02_002,independent;J_03_040]	p	FullyOpen	0.0	nan	nan	Closed	0.0	SymmetricalOrAlternating	Curved	0	Neutral	Neutral	Neutral	1	i	0
[thin;C_02_002,independent;J_03_040]	p	FullyOpen	0.0	nan	nan	Closed	0.0	SymmetricalOrAlternating	Straight	0	Neutral	Neutral	Neutral	1	i	1
[price;C_02_004,cancellation;C_02_017]	i	FullyOpen	0.0	nan	nan	Closed	0.0	AsymmetricalDifferentHandshape	Straight	0	Hand	Palm	HandAway	1	B	0
[price;C_02_004,cancellation;C_02_017]	i	Bent	0.0	nan	nan	Closed	0.0	AsymmetricalDifferentHandshape	X-shaped	0	Hand	Palm	HandAway	1	B	0
[price;C_02_004,plummet;G_03_028]	i	FullyOpen	0.0	nan	nan	Closed	0.0	AsymmetricalDifferentHandshape	Straight	0	Hand	Palm	HandAway	1	B	0
[price;C_02_004,plummet;G_03_028]	i	Bent	0.0	nan	nan	Closed	0.0	AsymmetricalDifferentHandshape	Curved	0	Hand	Palm	HandAway	1	B	0
[price;C_02_004,press;H_03_006]	i	Flat	0.0	nan	nan	Closed	0.0	AsymmetricalDifferentHandshape	Straight	0	Hand	Palm	HandAway	1	B	0
[price;C_02_004,press;H_03_006]	i	Bent	0.0	nan	nan	Closed	0.0	AsymmetricalDifferentHandshape	Straight	0	Hand	Palm	nan	1	B	0
[price;C_02_004,next_down;J_03_101]	i	Bent	0.0	nan	nan	Closed	0.0	AsymmetricalDifferentHandshape	Straight	1	Hand	Palm	HandAway	1	B	0
[price;C_02_004,next_down;J_03_101]	i	Bent	0.0	nan	nan	Closed	0.0	AsymmetricalDifferentHandshape	Straight	0	Hand	Palm	nan	1	B	0
[two;C_02_005,stuck;E_01_019]	im	FullyOpen	0.0	1.0	0.0	Closed	0.0	OneHanded	Straight	0	Body	Neutral	nan	0	nan	0
[two;C_02_005,stuck;E_01_019]	im	FullyOpen	0.0	1.0	0.0	Closed	0.0	OneHanded	Straight	0	Neutral	Neck	nan	0	nan	0
[two;C_02_005,vitamins;E_01_043]	im	FullyOpen	0.0	1.0	0.0	Closed	0.0	OneHanded	Straight	1	Neutral	Neutral	nan	0	nan	0
[two;C_02_005,vitamins;E_01_043,hell;G_03_008,escalator;F_01_036]	im	FullyOpen	0.0	1.0	0.0	Closed	0.0	OneHanded	Straight	0	Neutral	Neutral	Neutral	0	nan	0
[two;C_02_005,escalator;F_01_036]	im	Bent	0.0	1.0	0.0	Closed	0.0	OneHanded	Straight	0	Neutral	Neutral	nan	0	nan	0
[two;C_02_005,hell;G_03_008]	im	FullyOpen	0.0	0.0	0.0	Closed	0.0	OneHanded	Straight	0	Neutral	Neutral	nan	0	nan	0
[leave_alone;H_03_105,busted;G_01_022,america;C_02_006,all_over_body;H_03_078]	imrp	FullyOpen	0.0	1.0	0.0	Open	0.0	SymmetricalOrAlternating	BackAndForth	0	Neutral	Neutral	Neutral	1	5	0
[america;C_02_006,lost;J_01_017]	imrp	FullyOpen	0.0	1.0	0.0	Open	0.0	SymmetricalOrAlternating	Circular	0	Neutral	Neutral	Neutral	1	5	1
[high;C_02_045,goody_goody_shoe_opposite;J_01_072,invite;C_02_007]	im	FullyOpen	0.0	0.0	0.0	Open	0.0	OneHanded	Curved	0	Neutral	Neutral	Neutral	0	nan	0
[never;C_02_079,high;C_02_045,invite;C_02_007,rainbow;F_03_001,escalate;H_01_033]	imrp	FullyOpen	0.0	0.0	0.0	Closed	0.0	OneHanded	Curved	0	Neutral	Neutral	Neutral	0	nan	0
[lift;G_02_082,invite;C_02_007]	imrp	FullyOpen	0.0	0.0	0.0	Open	0.0	SymmetricalOrAlternating	Curved	0	Neutral	Neutral	Neutral	0	nan	0
[lift;G_02_082,invite;C_02_007]	imrp	FullyOpen	0.0	0.0	0.0	Open	0.0	OneHanded	Curved	0	Neutral	Neutral	Neutral	0	open_b	0
[suit;G_01_103,jacket;C_02_008]	t	nan	nan	nan	nan	Open	nan	SymmetricalOrAlternating	Curved	0	Body	BodyAway	TorsoMid	0	a	0
[suit;G_01_103,jacket;C_02_008]	t	nan	nan	nan	nan	Open	nan	SymmetricalOrAlternating	Curved	0	Body	Shoulder	TorsoMid	0	a	1
[stand_up;J_03_070,lose;D_03_064,lose_game;C_02_009,fork_3;K_03_003]	im	FullyOpen	0.0	1.0	0.0	Closed	0.0	AsymmetricalDifferentHandshape	BackAndForth	0	Hand	Palm	nan	1	B	0
[save;G_03_061,lose_game;C_02_009]	im	FullyOpen	0.0	1.0	0.0	Closed	0.0	AsymmetricalDifferentHandshape	Straight	0	Hand	FingerUlnar	nan	1	B	0
[save;G_03_061,lose_game;C_02_009]	im	FullyOpen	0.0	1.0	0.0	Closed	0.0	AsymmetricalDifferentHandshape	Straight	0	Hand	Palm	nan	1	S	0
[lose_game;C_02_009,label;J_02_105,two_weeks;J_03_066]	im	FullyOpen	0.0	1.0	0.0	Closed	0.0	AsymmetricalDifferentHandshape	Straight	0	Hand	Palm	Palm	1	B	0
[ride_2;J_03_026,lose_game;C_02_009]	im	FullyOpen	0.0	1.0	0.0	Closed	0.0	AsymmetricalDifferentHandshape	Straight	0	Hand	FingerRadial	nan	1	B	0
[fork_4;K_01_027,lose_game;C_02_009]	im	FullyOpen	0.0	1.0	0.0	Closed	0.0	AsymmetricalDifferentHandshape	Straight	0	Hand	Palm	nan	1	B	1
[lose_game;C_02_009,relax_2;K_02_032]	im	FullyOpen	0.0	1.0	0.0	Closed	0.0	AsymmetricalDifferentHandshape	Straight	0	Hand	PalmBack	nan	1	B	0
[lose_game;C_02_009,two_weeks;J_03_066,relax_2;K_02_032]	im	FullyOpen	0.0	1.0	0.0	Closed	0.0	AsymmetricalDifferentHandshape	Straight	0	Hand	Palm	PalmBack	1	B	0
[stand_up;J_03_070,lose_game;C_02_009,sunbathe_2;K_03_034,fork_3;K_03_003]	im	FullyOpen	0.0	1.0	0.0	Closed	0.0	AsymmetricalDifferentHandshape	Circular	0	Hand	Palm	nan	1	B	0
[lose_game;C_02_009,curtsey_2;K_03_038]	im	FullyOpen	1.0	1.0	0.0	Closed	0.0	AsymmetricalDifferentHandshape	Straight	0	Hand	Palm	nan	1	B	0
[sure;C_03_044,tell;C_02_013]	i	FullyOpen	0.0	nan	nan	Closed	0.0	OneHanded	Straight	0	Head	UnderChin	HeadAway	1	nan	0
[sure;C_03_044,tell;C_02_013]	i	FullyOpen	0.0	nan	nan	Closed	0.0	OneHanded	Curved	0	Head	Mouth	HeadAway	1	nan	0
[russia;D_02_091,tell;C_02_013]	i	FullyOpen	0.0	nan	nan	Closed	0.0	OneHanded	BackAndForth	0	Head	UnderChin	HeadAway	1	nan	0
[russia;D_02_091,tell;C_02_013]	i	FullyOpen	0.0	nan	nan	Closed	0.0	OneHanded	Curved	0	Head	Mouth	HeadAway	1	nan	0
[true_business;E_03_068,tell;C_02_013]	i	FullyOpen	0.0	nan	nan	Closed	0.0	OneHanded	nan	0	Head	UnderChin	HeadAway	1	nan	0
[true_business;E_03_068,tell;C_02_013]	i	FullyOpen	0.0	nan	nan	Closed	0.0	OneHanded	Curved	0	Head	Mouth	HeadAway	1	nan	0
[red_faced;F_03_030,tell;C_02_013]	i	FullyOpen	0.0	nan	nan	Closed	0.0	OneHanded	Straight	0	Head	UnderChin	HeadAway	1	nan	0
[red_faced;F_03_030,tell;C_02_013]	i	FullyOpen	0.0	nan	nan	Closed	0.0	OneHanded	Curved	0	Head	Chin	HeadAway	1	nan	0
[intelligent;H_02_080,tell;C_02_013]	i	FullyOpen	0.0	nan	nan	Closed	0.0	OneHanded	Straight	0	Head	UnderChin	HeadAway	1	nan	0
[intelligent;H_02_080,tell;C_02_013]	i	FullyOpen	0.0	nan	nan	Closed	0.0	OneHanded	Curved	0	Head	Forehead	HeadAway	1	nan	0
[dont_feel_like;J_01_005,tell;C_02_013]	i	FullyOpen	0.0	nan	nan	Closed	0.0	OneHanded	Curved	0	Head	CheekNose	HeadAway	1	nan	0
[dont_feel_like;J_01_005,tell;C_02_013]	i	FullyOpen	0.0	nan	nan	Closed	0.0	OneHanded	Curved	0	Head	UnderChin	HeadAway	1	nan	1
[tear;C_02_016,sure;C_03_044]	i	FullyOpen	0.0	nan	nan	Closed	0.0	OneHanded	Straight	0	Head	Mouth	CheekNose	1	nan	0
[tear;C_02_016,sure;C_03_044]	i	FullyOpen	0.0	nan	nan	Closed	0.0	OneHanded	Straight	0	Head	Eye	HeadAway	1	nan	0
[sshh;E_02_016,tear;C_02_016]	i	FullyOpen	0.0	nan	nan	Closed	0.0	OneHanded	Straight	0	Head	Mouth	CheekNose	1	nan	0
[sshh;E_02_016,tear;C_02_016]	i	FullyOpen	0.0	nan	nan	Closed	0.0	OneHanded	Straight	0	Head	Eye	nan	1	nan	0
[tear;C_02_016,deaf;E_03_098]	i	FullyOpen	0.0	nan	nan	Closed	0.0	OneHanded	Straight	0	Head	Other	CheekNose	1	nan	0
[tear;C_02_016,deaf;E_03_098]	i	FullyOpen	0.0	nan	nan	Closed	0.0	OneHanded	Straight	0	Head	Eye	nan	1	nan	0
[red_faced;F_03_030,tear;C_02_016]	i	FullyOpen	0.0	nan	nan	Closed	0.0	OneHanded	Straight	0	Head	Chin	CheekNose	1	nan	0
[red_faced;F_03_030,tear;C_02_016]	i	FullyOpen	0.0	nan	nan	Closed	0.0	OneHanded	Straight	0	Head	Eye	HeadAway	1	nan	0
[tear;C_02_016,spot_something;G_01_002]	i	FullyOpen	0.0	nan	nan	Closed	0.0	OneHanded	nan	0	Head	Eye	CheekNose	1	nan	0
[tear;C_02_016,spot_something;G_01_002]	i	FullyOpen	0.0	nan	nan	Closed	0.0	OneHanded	Straight	0	Head	Eye	nan	1	nan	0
[tear;C_02_016,disappoint;G_03_018]	i	FullyOpen	0.0	nan	nan	Closed	0.0	OneHanded	Straight	0	Head	Chin	CheekNose	1	nan	0
[tear;C_02_016,disappoint;G_03_018]	i	FullyOpen	0.0	nan	nan	Closed	0.0	OneHanded	Straight	0	Head	Eye	nan	1	nan	0
[tear;C_02_016,intelligent;H_02_080]	i	FullyOpen	0.0	nan	nan	Closed	0.0	OneHanded	Straight	0	Head	Forehead	CheekNose	1	nan	0
[tear;C_02_016,intelligent;H_02_080]	i	FullyOpen	0.0	nan	nan	Closed	0.0	OneHanded	Straight	0	Head	Eye	HeadAway	1	nan	0
[cancellation;C_02_017,deep;C_03_006]	i	Flat	0.0	nan	nan	Closed	0.0	AsymmetricalDifferentHandshape	X-shaped	0	Hand	Palm	HandAway	1	B	0
[cancellation;C_02_017,deep;C_03_006]	i	FullyOpen	0.0	nan	nan	Closed	0.0	AsymmetricalDifferentHandshape	Straight	0	Hand	Palm	HandAway	1	B	0
[forbid;D_03_089,cancellation;C_02_017]	i	FullyOpen	0.0	nan	nan	Open	0.0	AsymmetricalDifferentHandshape	X-shaped	0	Hand	Palm	HandAway	1	B	0
[forbid;D_03_089,cancellation;C_02_017]	i	FullyOpen	0.0	nan	nan	Closed	0.0	AsymmetricalDifferentHandshape	BackAndForth	0	Hand	Palm	HandAway	1	B	0
[sometimes;E_02_038,cancellation;C_02_017]	i	FullyOpen	0.0	nan	nan	Closed	0.0	AsymmetricalDifferentHandshape	Curved	0	Hand	Palm	HandAway	1	B	0
[sometimes;E_02_038,cancellation;C_02_017]	i	FullyOpen	0.0	nan	nan	Closed	0.0	AsymmetricalDifferentHandshape	X-shaped	1	Hand	Palm	HandAway	1	B	0
[cancellation;C_02_017,pay;F_01_082]	i	FullyOpen	0.0	nan	nan	Closed	0.0	AsymmetricalDifferentHandshape	Curved	0	Hand	Palm	HandAway	1	B	0
[cancellation;C_02_017,pay;F_01_082]	i	FullyOpen	0.0	nan	nan	Closed	0.0	AsymmetricalDifferentHandshape	X-shaped	0	Hand	Palm	HandAway	1	B	1
[talk_dirty;H_02_046,church;C_02_018,slipper;E_01_062]	imrp	Curved	0.0	0.0	0.0	Open	0.0	AsymmetricalDifferentHandshape	Straight	1	Hand	PalmBack	Other	1	B	0
[bulldozer;E_01_083,talk_dirty;H_02_046,church;C_02_018]	imrp	Curved	0.0	0.0	0.0	Open	0.0	AsymmetricalDifferentHandshape	Straight	1	Hand	PalmBack	FingerFront	1	B	0
[church;C_02_018,duty;H_03_008]	mrp	Curved	0.0	0.0	0.0	Open	0.0	AsymmetricalDifferentHandshape	Straight	1	Hand	PalmBack	nan	1	B	0
[church;C_02_018,duty;H_03_008]	imrp	Curved	0.0	0.0	0.0	Open	1.0	AsymmetricalDifferentHandshape	Straight	1	Hand	PalmBack	nan	1	B	0
[french;C_02_022,turn_key;E_01_056]	i	Bent	0.0	nan	nan	Open	1.0	OneHanded	Curved	0	Neutral	Neutral	Neutral	0	nan	1
[french;C_02_022,turn_key;E_01_056]	i	Curved	0.0	nan	nan	Open	1.0	OneHanded	Curved	0	Neutral	Neutral	nan	0	nan	1
[sword;E_03_101,french;C_02_022]	i	Bent	0.0	nan	nan	Open	1.0	OneHanded	Curved	0	Neutral	Neutral	Neutral	0	nan	1
[sword;E_03_101,french;C_02_022]	i	Curved	0.0	nan	nan	Open	1.0	OneHanded	Z-shaped	0	Neutral	Neutral	Neutral	0	nan	1
[snap;F_02_017,french;C_02_022]	m	Curved	0.0	nan	nan	Open	1.0	OneHanded	Curved	0	Neutral	Neutral	Neutral	0	nan	1
[snap;F_02_017,french;C_02_022]	i	Curved	1.0	nan	nan	Open	1.0	OneHanded	Curved	0	Neutral	Neutral	Neutral	0	nan	1
[knight;H_01_054,french;C_02_022]	i	Bent	0.0	nan	nan	Open	1.0	OneHanded	Curved	0	Neutral	Neutral	Neutral	0	nan	1
[knight;H_01_054,french;C_02_022]	i	Curved	0.0	nan	nan	Open	1.0	OneHanded	Curved	0	Neutral	Neutral	Neutral	0	nan	0
[french;C_02_022,conduct_2;K_02_091]	i	Bent	0.0	nan	nan	Open	1.0	OneHanded	Curved	0	Neutral	Neutral	Neutral	0	nan	1
[french;C_02_022,conduct_2;K_02_091]	i	Curved	0.0	nan	nan	Open	1.0	OneHanded	Curved	1	Neutral	Neutral	Neutral	0	nan	1
[curly_hair;H_02_007,corn_2;C_02_026]	imrp	Curved	0.0	1.0	0.0	Open	0.0	SymmetricalOrAlternating	Circular	1	Head	HeadAway	nan	0	curved_5	1
[curly_hair;H_02_007,corn_2;C_02_026]	imrp	Curved	0.0	1.0	0.0	Open	0.0	SymmetricalOrAlternating	nan	1	Head	HeadAway	HeadAway	0	curved_5	1
[yay;J_01_030,corn_2;C_02_026]	imrp	FullyOpen	0.0	1.0	0.0	Open	0.0	SymmetricalOrAlternating	nan	1	Head	HeadAway	nan	0	curved_5	1
[yay;J_01_030,corn_2;C_02_026]	imrp	Curved	0.0	1.0	0.0	Open	0.0	SymmetricalOrAlternating	nan	1	Head	HeadAway	nan	0	5	1
[grandmother;C_02_027,woman;C_02_028]	imrp	FullyOpen	0.0	1.0	0.0	Open	0.0	OneHanded	Straight	0	Head	Chin	nan	0	nan	0
[oops;D_03_056,woman;C_02_028]	imrp	FullyOpen	0.0	1.0	0.0	Open	0.0	OneHanded	Straight	0	Head	Mouth	nan	1	nan	0
[saturday;D_01_028,south;C_02_029]	imrp	FullyClosed	0.0	nan	0.0	Closed	1.0	OneHanded	Circular	0	Neutral	Neutral	Neutral	0	nan	0
[saturday;D_01_028,south;C_02_029]	imrp	FullyClosed	0.0	nan	0.0	Closed	1.0	OneHanded	Straight	1	Neutral	Neutral	Neutral	0	nan	0
[dice;D_02_036,south;C_02_029]	imrp	FullyClosed	1.0	nan	0.0	Closed	1.0	OneHanded	Straight	0	Neutral	Neutral	Neutral	0	nan	0
[dice;D_02_036,south;C_02_029]	imrp	FullyClosed	0.0	nan	0.0	Closed	1.0	OneHanded	Straight	1	Neutral	Neutral	Neutral	0	nan	0
[can;D_03_027,south;C_02_029]	imrp	FullyClosed	0.0	nan	0.0	Closed	1.0	SymmetricalOrAlternating	Straight	0	Neutral	Neutral	Neutral	0	nan	0
[can;D_03_027,south;C_02_029]	imrp	FullyClosed	0.0	nan	0.0	Closed	1.0	OneHanded	Straight	0	Neutral	Neutral	Neutral	0	s	0
[east;D_03_082,south;C_02_029]	imrp	Bent	0.0	nan	0.0	Closed	1.0	OneHanded	Straight	0	Neutral	Neutral	Neutral	0	nan	0
[east;D_03_082,south;C_02_029]	imrp	FullyClosed	0.0	0.0	0.0	Closed	1.0	OneHanded	Straight	0	Neutral	Neutral	Neutral	0	nan	0
[throw_away;E_02_070,south;C_02_029]	imrp	FullyClosed	1.0	nan	0.0	Closed	1.0	OneHanded	Straight	0	Neutral	Neutral	Neutral	0	nan	0
[throw_away;E_02_070,south;C_02_029]	imrp	FullyClosed	0.0	nan	1.0	Closed	1.0	OneHanded	Straight	0	Neutral	Neutral	Neutral	0	nan	0
[so;G_01_069,south;C_02_029]	imrp	FullyClosed	nan	nan	0.0	Closed	1.0	OneHanded	Straight	0	Neutral	Neutral	Neutral	0	nan	0
[so;G_01_069,south;C_02_029]	imrp	FullyClosed	0.0	nan	nan	Closed	1.0	OneHanded	Straight	0	Neutral	Neutral	Neutral	0	nan	0
[yes;G_03_074,south;C_02_029]	imrp	FullyClosed	0.0	nan	0.0	Closed	1.0	OneHanded	Straight	1	Neutral	Neutral	Neutral	0	nan	0
[yes;G_03_074,south;C_02_029]	imrp	FullyClosed	0.0	nan	0.0	Closed	1.0	OneHanded	Straight	0	Neutral	Neutral	nan	0	nan	0
[see;C_02_030,let_me_see;E_01_092]	im	Stacked	0.0	nan	nan	Open	1.0	OneHanded	Straight	1	Head	Eye	HeadAway	1	nan	0
[see;C_02_030,let_me_see;E_01_092]	im	Stacked	0.0	nan	nan	Open	1.0	OneHanded	Straight	0	Head	Eye	nan	1	nan	0
[internet;C_02_032,contact;D_03_022]	m	Flat	0.0	nan	nan	Open	0.0	SymmetricalOrAlternating	Straight	1	Neutral	Neutral	Neutral	1	open_8	1
[internet;C_02_032,contact;D_03_022]	m	Flat	0.0	nan	nan	Open	0.0	SymmetricalOrAlternating	nan	1	Neutral	Neutral	Neutral	1	open_8	0
[internet;C_02_032,network;J_02_075]	m	Flat	0.0	nan	nan	Open	0.0	SymmetricalOrAlternating	Circular	1	Neutral	Neutral	Neutral	1	open_8	1
[internet;C_02_032,network;J_02_075]	m	Flat	0.0	nan	nan	Open	0.0	SymmetricalOrAlternating	nan	1	Neutral	Neutral	Neutral	1	open_8	0
[need;C_02_034,scroll_down;C_03_084]	i	Bent	0.0	nan	nan	Closed	0.0	OneHanded	Straight	1	Neutral	Neutral	Neutral	0	nan	0
[need;C_02_034,scroll_down;C_03_084]	i	Bent	0.0	nan	nan	Closed	0.0	OneHanded	Curved	0	Neutral	Neutral	Neutral	0	nan	0
[hose;E_02_054,need;C_02_034]	i	Bent	0.0	nan	nan	Open	0.0	OneHanded	Curved	1	Neutral	Neutral	Neutral	0	nan	0
[hose;E_02_054,need;C_02_034]	i	Bent	0.0	nan	nan	Closed	0.0	OneHanded	Straight	1	Neutral	Neutral	Neutral	0	nan	0
[isolated;F_02_033,need;C_02_034]	i	FullyOpen	0.0	nan	nan	Closed	0.0	OneHanded	Curved	1	Neutral	Neutral	Neutral	0	nan	0
[isolated;F_02_033,need;C_02_034]	i	Bent	0.0	nan	nan	Closed	0.0	OneHanded	Circular	1	Neutral	Neutral	Neutral	0	nan	0
[boots;C_03_019,valley;G_02_090,behavior;C_02_036]	imrp	FullyOpen	0.0	0.0	0.0	Closed	0.0	SymmetricalOrAlternating	Curved	1	Neutral	Neutral	Neutral	1	closed_b	0
[valley;G_02_090,road;F_02_083,behavior;C_02_036,bet;F_02_027]	imrp	FullyOpen	0.0	0.0	0.0	Closed	0.0	SymmetricalOrAlternating	Curved	0	Neutral	Neutral	Neutral	0	closed_b	0
[behavior;C_02_036,bet;F_02_027]	imrp	FullyOpen	0.0	0.0	0.0	Closed	0.0	SymmetricalOrAlternating	Curved	1	Neutral	Neutral	Neutral	0	closed_b	1
[institute;J_02_047,measure;C_02_037]	p	FullyOpen	0.0	nan	nan	Closed	0.0	DominanceViolation	Straight	1	Hand	FingerTip	nan	1	DominanceConditionViolation	0
[institute;J_02_047,measure;C_02_037]	p	FullyOpen	0.0	nan	nan	Open	0.0	DominanceViolation	Straight	1	Hand	FingerRadial	nan	1	DominanceConditionViolation	0
[drip;F_02_102,TV;C_02_038]	i	Bent	1.0	nan	nan	Open	1.0	OneHanded	nan	0	Neutral	Neutral	nan	0	nan	0
[drip;F_02_102,TV;C_02_038]	i	Bent	nan	nan	nan	Open	1.0	OneHanded	nan	0	Neutral	Neutral	Neutral	0	nan	0
[tty;G_01_035,TV;C_02_038]	i	Bent	nan	nan	nan	Open	1.0	OneHanded	Straight	0	Neutral	Neutral	nan	0	nan	0
[tty;G_01_035,TV;C_02_038]	i	Bent	nan	nan	nan	Open	1.0	OneHanded	nan	0	Neutral	Neutral	Neutral	0	nan	0
[TV;C_02_038,peg_2;K_03_083]	i	Flat	nan	nan	nan	Open	1.0	OneHanded	nan	0	Neutral	Neutral	nan	0	nan	0
[TV;C_02_038,peg_2;K_03_083]	i	Bent	1.0	nan	nan	Open	1.0	OneHanded	nan	0	Neutral	Neutral	nan	0	nan	0
[color;C_02_039,cool_1;F_01_014]	imrp	FullyOpen	1.0	1.0	0.0	Open	0.0	OneHanded	nan	1	Body	Chin	nan	1	nan	0
[color;C_02_039,cool_1;F_01_014,dirty;C_03_026]	imrp	FullyOpen	1.0	1.0	0.0	Open	0.0	OneHanded	nan	1	Head	TorsoTop	nan	1	nan	0
[color;C_02_039,cranky;H_02_104,dirty;C_03_026]	imrp	FullyOpen	1.0	1.0	0.0	Open	0.0	OneHanded	nan	1	Head	HeadAway	nan	1	nan	0
[color;C_02_039,cranky;H_02_104]	imrp	FullyOpen	1.0	1.0	0.0	Open	0.0	OneHanded	nan	1	Head	Chin	nan	0	nan	0
[color;C_02_039,sweet;J_03_029]	imrp	FullyOpen	1.0	1.0	0.0	Open	0.0	OneHanded	nan	1	Head	Chin	HeadAway	1	nan	0
[jelly;C_02_040,easel;F_01_044]	p	FullyOpen	0.0	nan	nan	Closed	0.0	AsymmetricalDifferentHandshape	Straight	1	Hand	Palm	HandAway	1	B	0
[jelly;C_02_040,easel;F_01_044]	p	FullyOpen	0.0	nan	nan	Closed	0.0	AsymmetricalDifferentHandshape	Curved	1	Hand	Palm	Palm	1	B	0
[jelly;C_02_040,plummet;G_03_028]	i	FullyOpen	0.0	nan	nan	Closed	0.0	AsymmetricalDifferentHandshape	Curved	1	Hand	Palm	HandAway	1	B	0
[jelly;C_02_040,plummet;G_03_028]	p	FullyOpen	0.0	nan	nan	Closed	0.0	AsymmetricalDifferentHandshape	Curved	0	Hand	Palm	HandAway	1	B	0
[egypt;C_02_042,doll;C_02_049]	i	Bent	0.0	nan	nan	Closed	0.0	OneHanded	Straight	1	Head	CheekNose	nan	1	nan	0
[egypt;C_02_042,doll;C_02_049]	i	Bent	0.0	nan	nan	Closed	0.0	OneHanded	Straight	1	Head	Forehead	HeadAway	1	nan	0
[think;C_03_053,egypt;C_02_042]	i	Flat	0.0	nan	nan	Closed	0.0	OneHanded	Straight	1	Head	Forehead	nan	1	nan	0
[think;C_03_053,egypt;C_02_042]	i	Bent	0.0	nan	nan	Closed	0.0	OneHanded	Straight	0	Head	Forehead	nan	1	nan	0
[egypt;C_02_042,metal;D_02_037]	i	Bent	0.0	nan	nan	Closed	0.0	OneHanded	Straight	1	Head	UnderChin	nan	1	nan	0
[egypt;C_02_042,metal;D_02_037]	i	Bent	0.0	nan	nan	Closed	0.0	OneHanded	Straight	1	Head	Forehead	HeadAway	1	nan	0
[eagle;D_03_066,egypt;C_02_042]	i	Bent	0.0	nan	nan	Open	0.0	OneHanded	Straight	1	Head	Forehead	nan	1	nan	0
[eagle;D_03_066,egypt;C_02_042]	i	Bent	0.0	nan	nan	Closed	0.0	OneHanded	Straight	1	Head	CheekNose	nan	1	nan	0
[egypt;C_02_042,nose;G_03_075]	i	FullyOpen	0.0	nan	nan	Closed	0.0	OneHanded	Straight	1	Head	Forehead	nan	1	nan	0
[egypt;C_02_042,nose;G_03_075]	i	Bent	0.0	nan	nan	Closed	0.0	OneHanded	Straight	1	Head	CheekNose	nan	1	nan	0
[egypt;C_02_042,addict;H_02_073]	i	Bent	0.0	nan	nan	Closed	0.0	OneHanded	Straight	0	Head	Forehead	nan	1	nan	0
[egypt;C_02_042,addict;H_02_073]	i	Bent	0.0	nan	nan	Closed	0.0	OneHanded	Straight	1	Head	Mouth	nan	1	nan	0
[sound;H_02_096,egypt;C_02_042]	i	FullyOpen	0.0	nan	nan	Closed	0.0	OneHanded	Straight	1	Head	Forehead	nan	1	nan	0
[sound;H_02_096,egypt;C_02_042]	i	Bent	0.0	nan	nan	Closed	0.0	OneHanded	Straight	1	Head	Other	nan	1	nan	0
[egypt;C_02_042,recent;H_03_090]	i	Bent	0.0	nan	nan	Closed	0.0	OneHanded	nan	1	Head	Forehead	nan	1	nan	0
[egypt;C_02_042,recent;H_03_090]	i	Bent	0.0	nan	nan	Closed	0.0	OneHanded	Straight	1	Head	CheekNose	nan	1	nan	0
[egypt;C_02_042,pipe_2;K_02_018]	i	Bent	0.0	nan	nan	Open	0.0	OneHanded	Straight	1	Head	Forehead	nan	1	nan	0
[egypt;C_02_042,pipe_2;K_02_018]	i	Bent	0.0	nan	nan	Closed	0.0	OneHanded	Straight	1	Head	Mouth	nan	1	nan	0
[egypt;C_02_042,glass_3;K_02_059]	i	Curved	0.0	nan	nan	Closed	0.0	OneHanded	Straight	1	Head	Forehead	nan	1	nan	0
[egypt;C_02_042,glass_3;K_02_059]	i	Bent	0.0	nan	nan	Closed	0.0	OneHanded	Straight	1	Head	Mouth	nan	1	nan	0
[egypt;C_02_042,fireman_2;K_03_052]	i	Curved	0.0	nan	nan	Closed	0.0	OneHanded	Straight	1	Head	Forehead	nan	1	nan	0
[egypt;C_02_042,fireman_2;K_03_052]	i	Bent	0.0	nan	nan	Open	0.0	OneHanded	Straight	1	Head	Forehead	nan	1	nan	0
[cloud;D_01_092,ball;C_02_044]	imrp	Curved	0.0	1.0	0.0	Open	0.0	SymmetricalOrAlternating	Circular	1	Neutral	Neutral	Neutral	1	curved_5	0
[cloud_3;K_02_071,ball;C_02_044,align;H_02_022]	imrp	Curved	0.0	1.0	0.0	Open	0.0	SymmetricalOrAlternating	Straight	1	Neutral	Neutral	Neutral	1	curved_5	1
[never;C_02_079,hell;G_03_008,high;C_02_045,dolphin_3;K_03_032,gotcha;H_02_072]	im	FullyOpen	0.0	0.0	0.0	Closed	0.0	OneHanded	Z-shaped	0	Neutral	Neutral	Neutral	0	nan	0
[fall_2;C_03_007,high;C_02_045,hop;E_03_025,cut_1;E_02_046,rainbow;F_03_001]	im	FullyOpen	0.0	1.0	0.0	Closed	0.0	OneHanded	Curved	0	Neutral	Neutral	Neutral	0	nan	0
[high;C_02_045,fall_2;C_03_007]	im	FullyOpen	0.0	0.0	0.0	Closed	0.0	OneHanded	Curved	0	Neutral	Neutral	Neutral	0	nan	1
[cut_1;E_02_046,high;C_02_045]	im	FullyOpen	0.0	0.0	1.0	Closed	0.0	OneHanded	Curved	0	Neutral	Neutral	Neutral	0	nan	0
[high;C_02_045,hop;E_03_025]	im	Curved	0.0	0.0	0.0	Closed	0.0	OneHanded	Curved	0	Neutral	Neutral	Neutral	0	nan	0
[high;C_02_045,hard_of_hearing;J_01_050]	im	FullyOpen	nan	0.0	0.0	Closed	0.0	OneHanded	Curved	0	Neutral	Neutral	Neutral	0	nan	0
[high;C_02_045,hard_of_hearing;J_01_050]	im	FullyOpen	0.0	0.0	nan	Closed	0.0	OneHanded	Curved	0	Neutral	Neutral	Neutral	0	nan	0
[high;C_02_045,goody_goody_shoe_opposite;J_01_072]	imp	FullyOpen	0.0	0.0	0.0	Closed	0.0	OneHanded	Curved	0	Neutral	Neutral	Neutral	0	nan	0
[small;D_01_030,balance;C_02_046]	imrp	Curved	0.0	0.0	0.0	Open	0.0	SymmetricalOrAlternating	Straight	1	Neutral	Neutral	Neutral	0	flat_b	0
[small;D_01_030,balance;C_02_046]	imrp	Flat	0.0	0.0	0.0	Open	0.0	SymmetricalOrAlternating	Straight	1	Neutral	Neutral	Neutral	0	c	0
[child;F_03_101,balance;C_02_046]	imrp	Flat	0.0	0.0	0.0	Open	0.0	OneHanded	Straight	1	Neutral	Neutral	Neutral	0	flat_b	0
[child;F_03_101,balance;C_02_046]	imrp	Flat	0.0	0.0	0.0	Open	0.0	SymmetricalOrAlternating	Straight	1	Neutral	Neutral	Neutral	0	nan	0
[march;J_01_013,file_3;K_01_038,balance;C_02_046]	imrp	Flat	1.0	0.0	0.0	Open	0.0	SymmetricalOrAlternating	Straight	1	Neutral	Neutral	Neutral	0	flat_b	0
[community;J_01_015,balance;C_02_046]	imrp	Flat	0.0	0.0	0.0	Open	0.0	SymmetricalOrAlternating	Straight	1	Neutral	Neutral	Neutral	0	flat_b	1
[stupid_2;C_02_047,square_idiot;J_01_062]	i	Flat	0.0	nan	nan	Open	0.0	OneHanded	nan	0	Neutral	HeadAway	nan	0	nan	1
[stupid_2;C_02_047,square_idiot;J_01_062]	i	Flat	0.0	nan	nan	Open	0.0	OneHanded	nan	0	Head	Neutral	nan	0	nan	1
[eagle;D_03_066,doll;C_02_049]	i	Bent	0.0	nan	nan	Open	0.0	OneHanded	Straight	1	Head	CheekNose	HeadAway	1	nan	0
[eagle;D_03_066,doll;C_02_049]	i	Bent	0.0	nan	nan	Closed	0.0	OneHanded	Straight	1	Head	CheekNose	nan	1	nan	0
[wise;G_02_023,doll;C_02_049]	i	Bent	0.0	nan	nan	Closed	0.0	OneHanded	Straight	1	Head	HeadAway	HeadAway	1	nan	0
[wise;G_02_023,doll;C_02_049]	i	Bent	0.0	nan	nan	Closed	0.0	OneHanded	Straight	1	Head	CheekNose	HeadAway	0	nan	0
[doll;C_02_049,nose;G_03_075]	i	FullyOpen	0.0	nan	nan	Closed	0.0	OneHanded	Straight	1	Head	CheekNose	HeadAway	1	nan	0
[doll;C_02_049,nose;G_03_075]	i	Bent	0.0	nan	nan	Closed	0.0	OneHanded	Straight	1	Head	CheekNose	nan	1	nan	0
[doll;C_02_049,recent;H_03_090]	i	Bent	0.0	nan	nan	Closed	0.0	OneHanded	nan	1	Head	CheekNose	HeadAway	1	nan	0
[doll;C_02_049,recent;H_03_090]	i	Bent	0.0	nan	nan	Closed	0.0	OneHanded	Straight	1	Head	CheekNose	nan	1	nan	0
[doll;C_02_049,foul;J_01_049]	i	FullyOpen	0.0	nan	nan	Closed	0.0	OneHanded	Straight	1	Head	CheekNose	HeadAway	1	nan	0
[doll;C_02_049,foul;J_01_049]	i	Bent	0.0	nan	nan	Closed	0.0	OneHanded	Straight	1	Head	Other	HeadAway	1	nan	0
[doll;C_02_049,toy_2;J_01_056]	i	Curved	0.0	nan	nan	Closed	0.0	OneHanded	Straight	1	Head	CheekNose	HeadAway	1	nan	0
[doll;C_02_049,toy_2;J_01_056]	i	Bent	0.0	nan	nan	Closed	0.0	OneHanded	Straight	1	Head	Chin	HeadAway	1	nan	0
[frustrate;C_02_050,daughter;E_02_023]	imrp	FullyOpen	0.0	0.0	0.0	Closed	0.0	OneHanded	nan	1	Head	Chin	nan	1	nan	0
[frustrate;C_02_050,hamster;E_03_073]	im	FullyOpen	0.0	0.0	0.0	Closed	0.0	OneHanded	Straight	1	Head	Chin	nan	1	nan	0
[shark_1;E_03_023,frustrate;C_02_050,hamster;E_03_073]	imrp	FullyOpen	0.0	0.0	0.0	Closed	0.0	OneHanded	Straight	1	Head	CheekNose	nan	1	nan	0
[shark_1;E_03_023,yawn_1;F_02_079,frustrate;C_02_050]	imrp	FullyOpen	0.0	0.0	0.0	Closed	0.0	OneHanded	Straight	1	Head	Mouth	nan	1	nan	0
[breakfast;J_01_053,frustrate;C_02_050]	imrp	FullyOpen	0.0	0.0	0.0	Closed	0.0	OneHanded	Circular	1	Head	Chin	nan	1	nan	0
[kiss_3;K_01_005,numbers;C_02_051]	imrp	Flat	0.0	0.0	0.0	Open	1.0	SymmetricalOrAlternating	BackAndForth	0	Neutral	Neutral	Neutral	1	flat_o	1
[kiss_3;K_01_005,stack_4;K_01_019,numbers;C_02_051]	imrp	Flat	0.0	0.0	0.0	Open	1.0	SymmetricalOrAlternating	Other	0	Neutral	Neutral	Neutral	1	flat_o	0
[stack_4;K_01_019,numbers;C_02_051]	imrp	Flat	0.0	0.0	0.0	Open	1.0	SymmetricalOrAlternating	Other	0	Neutral	Neutral	Neutral	0	flat_o	1
[volunteer;H_02_062,benefit;C_02_056]	i	Curved	0.0	nan	nan	Open	1.0	OneHanded	Straight	1	Body	Clavicle	BodyAway	1	nan	1
[volunteer;H_02_062,benefit;C_02_056]	i	Curved	0.0	nan	nan	Open	1.0	OneHanded	Straight	1	Body	Clavicle	nan	1	nan	0
[bus;E_01_004,high_school;C_02_060]	imrp	FullyOpen	nan	0.0	nan	Closed	0.0	OneHanded	nan	0	Neutral	Neutral	nan	0	nan	1
[bus;E_01_004,high_school;C_02_060]	im	FullyOpen	nan	0.0	nan	Closed	0.0	OneHanded	nan	0	Neutral	Neutral	nan	0	nan	0
[forever_2;E_02_025,call;C_02_061]	p	FullyOpen	0.0	nan	nan	Open	0.0	OneHanded	Straight	0	Head	CheekNose	HeadAway	1	nan	0
[forever_2;E_02_025,call;C_02_061]	p	FullyOpen	0.0	nan	nan	Open	0.0	OneHanded	Curved	0	Head	Forehead	HeadAway	1	nan	0
[fake;G_03_080,call;C_02_061]	i	FullyOpen	0.0	nan	nan	Open	0.0	OneHanded	Curved	0	Head	CheekNose	HeadAway	1	nan	0
[fake;G_03_080,call;C_02_061]	p	FullyOpen	0.0	nan	nan	Closed	0.0	OneHanded	Curved	0	Head	CheekNose	HeadAway	1	nan	0
[fourth;H_03_004,blue;C_02_062]	imrp	FullyOpen	0.0	0.0	0.0	Closed	0.0	OneHanded	nan	0	Neutral	Neutral	nan	0	nan	1
[stand_up;J_03_070,university;C_02_063,two_weeks;J_03_066,lose;D_03_064]	im	FullyOpen	0.0	1.0	0.0	Closed	0.0	AsymmetricalDifferentHandshape	Curved	0	Hand	Palm	HandAway	1	B	0
[university;C_02_063,lose;D_03_064]	im	FullyOpen	0.0	0.0	0.0	Closed	0.0	AsymmetricalDifferentHandshape	BackAndForth	0	Hand	Palm	HandAway	1	B	0
[stand_up;J_03_070,university;C_02_063,signature;F_01_069]	im	FullyOpen	0.0	0.0	0.0	Closed	0.0	AsymmetricalDifferentHandshape	Curved	0	Hand	Palm	nan	1	B	0
[dip_2;K_01_065,university;C_02_063,signature;F_01_069]	im	FullyOpen	0.0	0.0	0.0	Closed	0.0	AsymmetricalDifferentHandshape	Curved	0	Hand	Palm	HandAway	1	B	1
[university;C_02_063,band_aid;H_01_088]	im	FullyOpen	0.0	0.0	0.0	Closed	0.0	AsymmetricalDifferentHandshape	Curved	0	Hand	PalmBack	HandAway	1	B	0
[university;C_02_063,band_aid;H_01_088]	im	FullyOpen	0.0	0.0	0.0	Closed	0.0	AsymmetricalDifferentHandshape	Curved	0	Hand	Palm	PalmBack	1	B	0
[university;C_02_063,label;J_02_105]	im	FullyOpen	0.0	0.0	0.0	Closed	0.0	AsymmetricalDifferentHandshape	Curved	0	Hand	Palm	Palm	1	B	0
[dip_2;K_01_065,university;C_02_063]	im	Flat	0.0	0.0	0.0	Closed	0.0	AsymmetricalDifferentHandshape	Curved	0	Hand	Palm	HandAway	1	B	0
[stack_3;K_03_069,request;E_01_024,sandwich_4;K_01_015,order_1;C_02_064]	imrp	FullyOpen	0.0	0.0	0.0	Open	0.0	SymmetricalOrAlternating	Z-shaped	0	Neutral	Neutral	Neutral	1	open_b	0
[swear_in;J_02_016,order_1;C_02_064]	imrp	FullyOpen	0.0	0.0	0.0	Open	0.0	AsymmetricalSameHandshape	Z-shaped	0	Neutral	Neutral	Neutral	0	open_b	0
[walk;D_02_057,children;C_02_066,here;D_01_089]	imrp	FullyOpen	1.0	0.0	0.0	Open	0.0	SymmetricalOrAlternating	Circular	1	Neutral	Neutral	Neutral	0	open_b	0
[windy;G_02_080,children;C_02_066]	imrp	FullyOpen	1.0	1.0	0.0	Open	0.0	SymmetricalOrAlternating	Straight	1	Neutral	Neutral	Neutral	0	open_b	0
[windy;G_02_080,children;C_02_066]	imrp	FullyOpen	1.0	0.0	0.0	Open	0.0	SymmetricalOrAlternating	Straight	1	Neutral	Neutral	Neutral	0	5	0
[feed_2;K_02_035,few;C_02_067]	imrp	Stacked	1.0	nan	1.0	Open	1.0	OneHanded	Z-shaped	0	Neutral	Neutral	Neutral	0	nan	0
[feed_2;K_02_035,few;C_02_067]	imrp	Stacked	1.0	nan	1.0	Open	1.0	OneHanded	nan	1	Neutral	Neutral	Neutral	0	nan	0
[towel;F_01_007,cold;C_02_068]	imrp	FullyClosed	0.0	nan	0.0	Closed	1.0	SymmetricalOrAlternating	Straight	1	Body	BodyAway	nan	0	s	0
[towel;F_01_007,cold;C_02_068]	imrp	FullyClosed	0.0	nan	0.0	Open	1.0	SymmetricalOrAlternating	Straight	1	Body	BodyAway	BodyAway	0	s	0
[comb;C_02_070,frown_1;F_02_057]	imrp	Curved	1.0	1.0	0.0	Open	0.0	OneHanded	Straight	1	Head	HeadAway	HeadAway	0	nan	0
[comb;C_02_070,frown_1;F_02_057]	imrp	Curved	0.0	1.0	0.0	Open	0.0	OneHanded	Straight	0	Head	HeadAway	HeadAway	0	nan	0
[comb;C_02_070,sunbathe;H_02_013]	imrp	Flat	0.0	1.0	0.0	Open	0.0	OneHanded	Straight	1	Head	HeadAway	HeadAway	0	nan	0
[comb;C_02_070,opinion_1;J_01_108]	imrp	Curved	0.0	1.0	0.0	Open	1.0	OneHanded	Straight	1	Head	HeadAway	HeadAway	0	nan	0
[drug;F_01_040,cough;C_02_071]	imrp	FullyClosed	0.0	nan	0.0	Closed	1.0	OneHanded	Straight	1	Arm	TorsoTop	nan	1	nan	0
[drug;F_01_040,cough;C_02_071]	imrp	FullyClosed	0.0	nan	0.0	Closed	1.0	OneHanded	Straight	1	Body	ForearmFront	nan	1	nan	0
[fry ;H_01_069,birth;C_02_076]	imrp	FullyOpen	0.0	0.0	0.0	Open	0.0	AsymmetricalSameHandshape	nan	0	Hand	HandAway	HandAway	0	open_b	1
[fry ;H_01_069,birth;C_02_076]	imrp	FullyOpen	0.0	0.0	0.0	Open	0.0	AsymmetricalSameHandshape	Curved	1	Hand	HandAway	HandAway	0	open_b	1
[fold_2;K_02_072,birth;C_02_076]	imrp	FullyOpen	0.0	0.0	0.0	Open	0.0	AsymmetricalSameHandshape	Curved	0	Hand	HandAway	FingerFront	0	open_b	1
[fold_2;K_02_072,birth;C_02_076]	imrp	FullyOpen	0.0	0.0	0.0	Open	0.0	AsymmetricalSameHandshape	Curved	0	Hand	HandAway	HandAway	1	open_b	1
[rainbow;F_03_001,never;C_02_079]	imrp	FullyOpen	0.0	1.0	0.0	Closed	0.0	OneHanded	Z-shaped	0	Neutral	Neutral	Neutral	0	nan	0
[gotcha;H_02_072,never;C_02_079,escalate;H_01_033]	imrp	FullyOpen	0.0	0.0	0.0	Closed	0.0	OneHanded	BackAndForth	0	Neutral	Neutral	Neutral	0	nan	0
[boston;J_03_001,never;C_02_079]	imrp	FullyOpen	0.0	0.0	0.0	Closed	0.0	OneHanded	Z-shaped	1	Neutral	Neutral	Neutral	0	nan	0
[never;C_02_079,file_4;K_02_036]	imrp	Curved	0.0	0.0	0.0	Closed	0.0	OneHanded	Z-shaped	0	Neutral	Neutral	Neutral	0	nan	0
[dolphin_3;K_03_032,never;C_02_079]	imrp	Crossed	0.0	0.0	0.0	Closed	0.0	OneHanded	Z-shaped	0	Neutral	Neutral	Neutral	0	nan	0
[erase_5;K_03_095,never;C_02_079,escalate;H_01_033]	imrp	FullyOpen	0.0	0.0	0.0	Closed	0.0	OneHanded	Other	0	Neutral	Neutral	Neutral	0	nan	0
[think;C_03_053,9_oclock;C_02_080]	i	Flat	0.0	nan	nan	Closed	0.0	OneHanded	Straight	0	Head	WristBack	nan	1	nan	0
[think;C_03_053,9_oclock;C_02_080]	i	Flat	0.0	nan	nan	Closed	0.0	OneHanded	Straight	0	Arm	Forehead	nan	1	nan	0
[percent;C_02_082,off;E_01_027]	imrp	Curved	nan	0.0	0.0	Open	1.0	OneHanded	BackAndForth	0	Neutral	Neutral	Neutral	0	nan	0
[percent;C_02_082,off;E_01_027]	imrp	Curved	0.0	0.0	nan	Open	1.0	OneHanded	BackAndForth	0	Neutral	Neutral	Neutral	0	nan	0
[sail;D_01_074,percent;C_02_082,catapult;E_03_083]	imrp	Curved	0.0	0.0	0.0	Open	1.0	OneHanded	Curved	0	Neutral	Neutral	Neutral	0	nan	0
[sail;D_01_074,percent;C_02_082,erase_3;K_01_099]	imrp	Curved	0.0	0.0	0.0	Open	1.0	OneHanded	Other	0	Neutral	Neutral	Neutral	0	nan	0
[sail;D_01_074,percent;C_02_082,file_4;K_02_036]	imrp	Curved	0.0	0.0	0.0	Open	1.0	OneHanded	Z-shaped	0	Neutral	Neutral	Neutral	0	nan	0
[bite;K_02_045,percent;C_02_082]	im	Curved	0.0	0.0	0.0	Open	1.0	OneHanded	BackAndForth	0	Neutral	Neutral	Neutral	0	nan	0
[disney;D_03_035,fruit;C_02_083]	m	Curved	0.0	nan	nan	Open	1.0	OneHanded	nan	1	Head	Mouth	nan	1	nan	1
[disney;D_03_035,fruit;C_02_083]	i	Curved	0.0	nan	nan	Open	1.0	OneHanded	nan	1	Head	Chin	nan	1	nan	1
[cool_3;H_03_032,fruit;C_02_083]	i	Bent	0.0	nan	nan	Open	1.0	OneHanded	nan	1	Head	Mouth	nan	1	nan	1
[cool_3;H_03_032,fruit;C_02_083]	i	Curved	0.0	nan	nan	Open	1.0	OneHanded	nan	0	Head	Mouth	nan	1	nan	1
[strawberry_2;K_02_017,fruit;C_02_083]	i	Curved	0.0	nan	nan	Open	1.0	OneHanded	Curved	1	Head	Mouth	nan	1	nan	1
[strawberry_2;K_02_017,fruit;C_02_083]	i	Curved	0.0	nan	nan	Open	1.0	OneHanded	nan	1	Head	Mouth	HeadAway	1	nan	1
[cry_4;K_03_060,fruit;C_02_083]	i	Bent	0.0	nan	nan	Open	1.0	OneHanded	nan	1	Head	Mouth	nan	1	nan	1
[cry_4;K_03_060,fruit;C_02_083]	i	Curved	0.0	nan	nan	Open	1.0	OneHanded	nan	1	Head	Eye	nan	1	nan	1
[finally;D_01_012,accomplish;C_02_085]	i	FullyOpen	0.0	nan	nan	Closed	0.0	SymmetricalOrAlternating	Circular	1	Head	HeadAway	HeadAway	0	1	1
[finally;D_01_012,accomplish;C_02_085]	i	FullyOpen	0.0	nan	nan	Closed	0.0	SymmetricalOrAlternating	Straight	0	Head	HeadAway	HeadAway	0	1	1
[perfect;D_01_008,caption;C_02_086]	i	Curved	0.0	nan	nan	Open	1.0	SymmetricalOrAlternating	Other	1	Neutral	Neutral	Neutral	1	f	0
[perfect;D_01_008,caption;C_02_086]	i	Curved	0.0	nan	nan	Open	1.0	SymmetricalOrAlternating	Straight	0	Neutral	Neutral	Neutral	1	f	0
[free;G_01_027,caption;C_02_086]	i	Curved	0.0	nan	nan	Open	1.0	SymmetricalOrAlternating	Curved	1	Neutral	Neutral	Neutral	1	f	0
[free;G_01_027,caption;C_02_086]	i	Curved	0.0	nan	nan	Open	1.0	SymmetricalOrAlternating	Straight	0	Neutral	Neutral	Neutral	1	f	0
[caption;C_02_086,form;G_03_023]	i	Curved	0.0	nan	nan	Open	1.0	SymmetricalOrAlternating	BackAndForth	1	Neutral	Neutral	Neutral	1	f	0
[caption;C_02_086,form;G_03_023]	i	Curved	0.0	nan	nan	Open	1.0	SymmetricalOrAlternating	Straight	0	Neutral	Neutral	Neutral	1	f	0
[instead;H_01_079,caption;C_02_086]	i	Curved	0.0	nan	nan	Open	1.0	SymmetricalOrAlternating	Circular	1	Neutral	Neutral	Neutral	1	f	0
[instead;H_01_079,caption;C_02_086]	i	Curved	0.0	nan	nan	Open	1.0	SymmetricalOrAlternating	Straight	0	Neutral	Neutral	Neutral	1	f	0
[brick;H_02_085,caption;C_02_086]	i	Curved	1.0	nan	nan	Open	1.0	SymmetricalOrAlternating	Straight	1	Neutral	Neutral	Neutral	1	f	0
[brick;H_02_085,caption;C_02_086]	i	Curved	0.0	nan	nan	Open	1.0	SymmetricalOrAlternating	Straight	0	Neutral	Neutral	Neutral	1	f	0
[hang_clothes;K_02_069,caption;C_02_086]	i	Curved	0.0	nan	nan	Open	1.0	SymmetricalOrAlternating	Straight	0	Neutral	Neutral	Neutral	1	f	0
[hang_clothes;K_02_069,caption;C_02_086]	i	Curved	0.0	nan	nan	Open	1.0	SymmetricalOrAlternating	Straight	1	Neutral	Neutral	Neutral	0	f	0
[two_weeks;J_03_066,jump;C_02_089]	im	FullyOpen	1.0	1.0	0.0	Closed	0.0	AsymmetricalDifferentHandshape	Straight	0	Hand	Palm	HandAway	1	B	0
[curtsey_2;K_03_038,jump;C_02_089]	im	FullyOpen	1.0	1.0	0.0	Closed	0.0	AsymmetricalDifferentHandshape	nan	0	Hand	Palm	HandAway	1	B	0
[curtsey_2;K_03_038,jump;C_02_089]	im	FullyOpen	1.0	1.0	0.0	Closed	0.0	AsymmetricalDifferentHandshape	BackAndForth	0	Hand	Palm	nan	1	B	0
[red;C_02_090,suspect;C_03_012]	i	FullyOpen	1.0	nan	nan	Closed	0.0	OneHanded	nan	1	Head	Forehead	HeadAway	1	nan	0
[red;C_02_090,suspect;C_03_012]	i	FullyOpen	1.0	nan	nan	Closed	0.0	OneHanded	nan	1	Head	Mouth	nan	1	nan	0
[red;C_02_090,true_business;E_03_068]	i	FullyOpen	0.0	nan	nan	Closed	0.0	OneHanded	nan	1	Head	Mouth	HeadAway	1	nan	0
[red;C_02_090,true_business;E_03_068]	i	FullyOpen	1.0	nan	nan	Closed	0.0	OneHanded	nan	0	Head	Mouth	HeadAway	1	nan	0
[earth;C_03_002,meat_2;F_03_021]	m	Flat	0.0	nan	nan	Open	0.0	AsymmetricalDifferentHandshape	nan	1	Hand	PalmBack	nan	1	B	1
[earth;C_03_002,meat_2;F_03_021]	m	Curved	0.0	nan	nan	Open	0.0	AsymmetricalDifferentHandshape	nan	1	Hand	PalmBack	nan	1	B	0
[story_1;E_01_015,magnet;C_03_003]	m	Flat	1.0	nan	nan	Open	1.0	SymmetricalOrAlternating	Straight	1	Neutral	Neutral	Neutral	1	8	0
[story_1;E_01_015,magnet;C_03_003]	m	Flat	1.0	nan	nan	Open	1.0	SymmetricalOrAlternating	Straight	0	Neutral	Neutral	Neutral	1	8	1
[glue_2;F_01_096,magnet;C_03_003]	m	Flat	1.0	nan	nan	Open	1.0	SymmetricalOrAlternating	Straight	0	Neutral	Neutral	nan	1	8	0
[glue_2;F_01_096,magnet;C_03_003]	m	Flat	1.0	nan	nan	Open	1.0	SymmetricalOrAlternating	Straight	0	Neutral	Neutral	Neutral	0	8	0
[risk;F_02_026,magnet;C_03_003]	m	Curved	1.0	nan	nan	Open	1.0	SymmetricalOrAlternating	Straight	0	Neutral	Neutral	Neutral	1	8	0
[risk;F_02_026,magnet;C_03_003]	m	Flat	1.0	nan	nan	Open	1.0	SymmetricalOrAlternating	Straight	0	Neutral	Neutral	Neutral	1	1	0
[acquire;H_01_034,magnet;C_03_003]	m	Flat	1.0	nan	nan	Open	1.0	SymmetricalOrAlternating	Straight	1	Neutral	Neutral	Neutral	1	8	0
[acquire;H_01_034,magnet;C_03_003]	m	Flat	1.0	nan	nan	Open	1.0	SymmetricalOrAlternating	Straight	0	Neutral	Neutral	Neutral	0	8	0
[envelope_4;K_01_041,magnet;C_03_003]	i	Flat	1.0	nan	nan	Open	1.0	SymmetricalOrAlternating	Straight	0	Neutral	Neutral	Neutral	1	8	0
[envelope_4;K_01_041,magnet;C_03_003]	m	Flat	1.0	nan	nan	Open	1.0	SymmetricalOrAlternating	Straight	0	Neutral	Neutral	Neutral	1	g	0
[pay_off_bills;F_03_036,deep;C_03_006]	m	Flat	0.0	nan	nan	Closed	0.0	AsymmetricalDifferentHandshape	Straight	0	Hand	Palm	HandAway	1	B	0
[pay_off_bills;F_03_036,deep;C_03_006]	i	Flat	0.0	nan	nan	Open	0.0	AsymmetricalDifferentHandshape	Straight	0	Hand	Palm	HandAway	1	B	0
[plummet;G_03_028,deep;C_03_006]	i	FullyOpen	0.0	nan	nan	Closed	0.0	AsymmetricalDifferentHandshape	Straight	0	Hand	Palm	HandAway	1	B	0
[plummet;G_03_028,deep;C_03_006]	i	Flat	0.0	nan	nan	Closed	0.0	AsymmetricalDifferentHandshape	Curved	0	Hand	Palm	HandAway	1	B	0
[negative;J_01_008,deep;C_03_006]	i	Flat	0.0	nan	nan	Closed	0.0	AsymmetricalDifferentHandshape	Straight	1	Hand	Palm	HandAway	1	B	0
[negative;J_01_008,deep;C_03_006]	i	Flat	0.0	nan	nan	Closed	0.0	AsymmetricalDifferentHandshape	Straight	0	Hand	Palm	nan	1	B	0
[once;J_02_059,deep;C_03_006]	i	Flat	0.0	nan	nan	Closed	0.0	AsymmetricalDifferentHandshape	Curved	0	Hand	Palm	HandAway	1	B	0
[once;J_02_059,deep;C_03_006]	i	Flat	0.0	nan	nan	Closed	0.0	AsymmetricalDifferentHandshape	Straight	0	Hand	Palm	HandAway	1	B	1
[cut_1;E_02_046,fall_2;C_03_007]	im	FullyOpen	0.0	1.0	1.0	Closed	0.0	OneHanded	Curved	0	Neutral	Neutral	Neutral	0	nan	1
[fall_2;C_03_007,hop;E_03_025,transfer;J_03_028]	im	Curved	0.0	1.0	0.0	Closed	0.0	OneHanded	Curved	0	Neutral	Neutral	Neutral	0	nan	1
[distracted;F_02_098,fall_2;C_03_007]	im	FullyOpen	0.0	1.0	0.0	Closed	0.0	OneHanded	Circular	0	Neutral	Neutral	Neutral	0	nan	1
[distracted;F_02_098,fall_2;C_03_007]	im	FullyOpen	0.0	1.0	0.0	Closed	0.0	OneHanded	Curved	1	Neutral	Neutral	Neutral	0	nan	1
[rainbow;F_03_001,fall_2;C_03_007]	imrp	FullyOpen	0.0	1.0	0.0	Closed	0.0	OneHanded	Curved	0	Neutral	Neutral	Neutral	0	nan	1
[overwhelmed;G_03_064,harmonica;G_03_054,adult;C_03_008,falling_asleep;E_03_006]	imrp	Flat	0.0	0.0	0.0	Open	0.0	SymmetricalOrAlternating	Curved	1	Head	HeadAway	HeadAway	0	flat_b	0
[adult;C_03_008,falling_asleep;E_03_006]	imrp	Flat	0.0	0.0	0.0	Open	0.0	SymmetricalOrAlternating	Circular	1	Head	HeadAway	HeadAway	0	flat_b	1
[overwhelmed;G_03_064,adult;C_03_008,ceiling;J_01_091]	imrp	Flat	0.0	0.0	0.0	Open	0.0	SymmetricalOrAlternating	Circular	0	Head	HeadAway	HeadAway	0	flat_b	0
[indian;C_03_009,woman_2;K_01_101]	t	nan	nan	nan	nan	Open	nan	OneHanded	nan	0	Head	Chin	nan	1	nan	1
[indian;C_03_009,woman_2;K_01_101]	t	nan	nan	nan	nan	Open	nan	OneHanded	nan	0	Head	Forehead	nan	1	nan	0
[want;C_03_013,all_over_body;H_03_078]	imrp	FullyOpen	1.0	1.0	0.0	Open	0.0	SymmetricalOrAlternating	Straight	0	Neutral	Neutral	Neutral	1	5	0
[leave_alone;H_03_105,want;C_03_013,audience;F_01_072]	imrp	FullyOpen	1.0	1.0	0.0	Open	0.0	SymmetricalOrAlternating	BackAndForth	0	Neutral	Neutral	Neutral	0	5	0
[bone;C_03_015,topic;H_01_103]	im	Bent	0.0	1.0	0.0	Closed	0.0	SymmetricalOrAlternating	Curved	1	Neutral	Neutral	nan	1	bent_v	0
[strange;C_03_018,future;C_03_080]	imrp	Curved	0.0	0.0	0.0	Open	0.0	OneHanded	Curved	0	Head	Other	HeadAway	0	nan	0
[strange;C_03_018,helmet;D_02_034]	imrp	Curved	0.0	0.0	0.0	Open	0.0	SymmetricalOrAlternating	Curved	0	Head	HeadAway	HeadAway	0	nan	0
[strange;C_03_018,helmet;D_02_034]	imrp	Curved	0.0	0.0	0.0	Open	0.0	OneHanded	Curved	0	Head	HeadAway	HeadAway	0	c	0
[strange;C_03_018,god;D_02_068]	imrp	Curved	0.0	0.0	0.0	Closed	0.0	OneHanded	Curved	0	Head	HeadAway	HeadAway	0	nan	0
[strange;C_03_018,will;F_03_025]	imrp	Curved	0.0	0.0	0.0	Open	0.0	OneHanded	Curved	0	Head	CheekNose	HeadAway	0	nan	0
[strange;C_03_018,had_enough;H_01_090,smell_money;F_03_026]	imrp	Flat	0.0	0.0	0.0	Open	0.0	OneHanded	Curved	0	Head	HeadAway	HeadAway	0	nan	0
[fork;E_01_049,ticket;E_02_029,kneel;C_03_021]	im	Bent	0.0	1.0	0.0	Closed	0.0	AsymmetricalDifferentHandshape	Straight	1	Hand	Palm	nan	1	B	0
[ticket;E_02_029,kneel;C_03_021]	im	Bent	0.0	1.0	0.0	Closed	0.0	AsymmetricalDifferentHandshape	Straight	0	Hand	FingerUlnar	nan	1	B	0
[park;E_03_028,kneel;C_03_021]	im	Bent	0.0	1.0	0.0	Open	0.0	AsymmetricalDifferentHandshape	Straight	0	Hand	Palm	nan	1	B	0
[two_weeks;J_03_066,kneel;C_03_021]	im	Bent	0.0	1.0	0.0	Closed	0.0	AsymmetricalDifferentHandshape	Straight	0	Hand	Palm	HandAway	1	B	0
[stand_up;J_03_070,kneel;C_03_021]	im	Bent	0.0	1.0	0.0	Closed	0.0	AsymmetricalDifferentHandshape	Curved	0	Hand	Palm	nan	1	B	0
[fork_3;K_03_003,kneel;C_03_021]	im	Bent	0.0	1.0	0.0	Closed	0.0	AsymmetricalDifferentHandshape	nan	0	Hand	Palm	nan	1	B	0
[blank;H_02_006,pity;C_03_022]	m	Flat	0.0	nan	nan	Open	0.0	SymmetricalOrAlternating	Straight	0	Neutral	Neutral	Neutral	0	open_8	0
[blank;H_02_006,pity;C_03_022]	m	Flat	0.0	nan	nan	Open	0.0	SymmetricalOrAlternating	Straight	1	Neutral	Neutral	Neutral	1	open_8	0
[network;J_02_075,pity;C_03_022]	m	Flat	0.0	nan	nan	Open	0.0	SymmetricalOrAlternating	Circular	1	Neutral	Neutral	Neutral	0	open_8	0
[network;J_02_075,pity;C_03_022]	m	Flat	0.0	nan	nan	Open	0.0	SymmetricalOrAlternating	Straight	1	Neutral	Neutral	Neutral	1	open_8	0
[channel;C_03_023,young;D_03_013]	imrp	Curved	0.0	0.0	0.0	Open	0.0	OneHanded	nan	1	Neutral	Neutral	nan	0	nan	1
[channel;C_03_023,young;D_03_013]	imrp	Curved	0.0	1.0	0.0	Open	0.0	OneHanded	Curved	1	Neutral	Neutral	nan	0	nan	1
[channel;C_03_023,salt_shaker;E_02_100]	imrp	Curved	0.0	1.0	0.0	Open	0.0	OneHanded	Straight	1	Neutral	Neutral	nan	0	nan	1
[channel;C_03_023,salt_shaker;E_02_100]	imrp	Curved	0.0	1.0	0.0	Open	0.0	OneHanded	nan	1	Neutral	Neutral	nan	0	nan	0
[hawaii;J_03_054,oral;C_03_024,lipread;E_03_047]	im	FullyOpen	0.0	1.0	0.0	Closed	0.0	OneHanded	Circular	1	Head	HeadAway	HeadAway	0	nan	0
[oral;C_03_024,lipread;E_03_047]	im	Bent	0.0	1.0	0.0	Closed	0.0	OneHanded	Straight	1	Head	HeadAway	HeadAway	0	nan	0
[cool_1;F_01_014,dirty;C_03_026]	imrp	FullyOpen	1.0	1.0	0.0	Open	0.0	OneHanded	nan	1	Body	UnderChin	nan	1	nan	0
[cranky;H_02_104,dirty;C_03_026]	imrp	FullyOpen	1.0	1.0	0.0	Open	0.0	OneHanded	nan	1	Head	UnderChin	nan	0	nan	0
[dart;C_03_029,forfeit;D_02_038]	i	Curved	0.0	nan	nan	Open	1.0	OneHanded	Straight	0	Neutral	Neutral	Neutral	0	nan	0
[dart;C_03_029,forfeit;D_02_038]	i	Curved	1.0	nan	nan	Open	1.0	OneHanded	Curved	0	Neutral	Neutral	Neutral	0	nan	0
[dart;C_03_029,west;D_03_053]	p	Curved	1.0	nan	nan	Open	1.0	OneHanded	Straight	0	Neutral	Neutral	Neutral	0	nan	0
[dart;C_03_029,west;D_03_053]	i	Curved	0.0	nan	nan	Open	1.0	OneHanded	Straight	0	Neutral	Neutral	Neutral	0	nan	0
[dart;C_03_029,flip_switch;E_01_066]	i	Bent	1.0	nan	nan	Open	1.0	OneHanded	Straight	0	Neutral	Neutral	Neutral	0	nan	0
[dart;C_03_029,flip_switch;E_01_066]	i	Curved	0.0	nan	nan	Open	1.0	OneHanded	Straight	0	Neutral	Neutral	Neutral	0	nan	0
[dart;C_03_029,wow;F_01_002]	m	Curved	1.0	nan	nan	Open	1.0	OneHanded	Straight	0	Neutral	Neutral	Neutral	0	nan	0
[dart;C_03_029,wow;F_01_002]	i	Curved	1.0	nan	nan	Open	1.0	OneHanded	Straight	0	Neutral	Neutral	nan	0	nan	0
[dart;C_03_029,damn;F_01_098]	m	Curved	1.0	nan	nan	Open	1.0	OneHanded	Straight	0	Neutral	Neutral	Neutral	0	nan	0
[dart;C_03_029,damn;F_01_098]	i	Curved	0.0	nan	nan	Open	1.0	OneHanded	Straight	0	Neutral	Neutral	Neutral	0	nan	0
[dart;C_03_029,drip;F_02_102]	i	Bent	1.0	nan	nan	Open	1.0	OneHanded	Straight	0	Neutral	Neutral	Neutral	0	nan	0
[dart;C_03_029,drip;F_02_102]	i	Curved	1.0	nan	nan	Open	1.0	OneHanded	nan	0	Neutral	Neutral	Neutral	0	nan	0
[dart;C_03_029,tty;G_01_035]	i	Bent	1.0	nan	nan	Open	1.0	OneHanded	Straight	0	Neutral	Neutral	Neutral	0	nan	0
[dart;C_03_029,tty;G_01_035]	i	Curved	nan	nan	nan	Open	1.0	OneHanded	Straight	0	Neutral	Neutral	Neutral	0	nan	0
[dart;C_03_029,waterdrop;H_01_019]	i	FullyClosed	1.0	nan	nan	Open	1.0	OneHanded	Straight	0	Neutral	Neutral	Neutral	0	nan	0
[dart;C_03_029,waterdrop;H_01_019]	i	Curved	1.0	nan	nan	Open	1.0	OneHanded	Straight	0	Neutral	Neutral	nan	0	nan	0
[dart;C_03_029,feedback;J_01_002]	i	Curved	1.0	nan	nan	Open	1.0	SymmetricalOrAlternating	Straight	0	Neutral	Neutral	Neutral	0	nan	0
[dart;C_03_029,feedback;J_01_002]	i	Curved	1.0	nan	nan	Open	1.0	OneHanded	Straight	0	Neutral	Neutral	Neutral	0	f	0
[easy;D_01_070,wood;C_03_031,near;G_01_014]	imrp	FullyOpen	0.0	0.0	0.0	Open	0.0	AsymmetricalSameHandshape	Straight	1	Hand	FingerBack	PalmBack	1	open_b	0
[wood;C_03_031,on;E_03_004]	imrp	FullyOpen	0.0	0.0	0.0	Open	0.0	AsymmetricalSameHandshape	Straight	0	Hand	PalmBack	PalmBack	1	open_b	0
[wood;C_03_031,edge;E_03_099]	imrp	FullyOpen	0.0	0.0	0.0	Open	0.0	AsymmetricalSameHandshape	Straight	1	Hand	FingerTip	PalmBack	1	open_b	0
[jewish;C_03_032,garlic;G_02_028]	imrp	Flat	1.0	0.0	1.0	Open	1.0	OneHanded	Straight	1	Head	Chin	HeadAway	1	nan	0
[jewish;C_03_032,garlic;G_02_028]	imrp	Flat	1.0	0.0	0.0	Open	0.0	OneHanded	Straight	1	Head	Chin	HeadAway	1	nan	0
[secret;C_03_076,canada;C_03_034]	t	nan	nan	nan	nan	Open	nan	OneHanded	Straight	1	Head	Clavicle	nan	1	nan	0
[secret;C_03_076,canada;C_03_034]	t	nan	nan	nan	nan	Open	nan	OneHanded	Straight	1	Body	Chin	nan	1	nan	0
[assembly;J_03_096,canada;C_03_034]	t	nan	nan	nan	nan	Open	nan	OneHanded	Straight	0	Body	Clavicle	nan	1	nan	0
[assembly;J_03_096,canada;C_03_034]	t	nan	nan	nan	nan	Open	nan	OneHanded	Straight	1	Body	Clavicle	Clavicle	1	nan	0
[dig_up;G_02_019,sports;C_03_035]	t	nan	nan	nan	nan	Open	nan	SymmetricalOrAlternating	Curved	1	Neutral	Neutral	nan	0	a	1
[dig_up;G_02_019,sports;C_03_035]	t	nan	nan	nan	nan	Open	nan	SymmetricalOrAlternating	nan	1	Neutral	Neutral	Neutral	0	a	1
[cover_up;C_03_038,budget;E_01_099,spread_3;K_01_083]	imrp	FullyOpen	0.0	0.0	0.0	Open	0.0	AsymmetricalSameHandshape	Other	0	Hand	FingerFront	Palm	1	open_b	0
[cover_up;C_03_038,slice_3;K_02_057,next;E_03_080]	imrp	FullyOpen	0.0	0.0	0.0	Open	0.0	AsymmetricalSameHandshape	Curved	0	Hand	FingerTip	Palm	1	open_b	0
[wash_hands;F_01_056,cover_up;C_03_038,spread_3;K_01_083]	imrp	FullyOpen	0.0	0.0	0.0	Open	0.0	AsymmetricalSameHandshape	Circular	0	Hand	FingerFront	Palm	1	open_b	0
[wash_hands;F_01_056,cover_up;C_03_038,operate_machine;G_02_026]	imrp	FullyOpen	0.0	0.0	0.0	Open	0.0	AsymmetricalSameHandshape	Curved	1	Hand	FingerFront	Palm	1	open_b	0
[cover_up;C_03_038,from_then_on;H_02_040,slice_3;K_02_057]	imrp	FullyOpen	0.0	0.0	0.0	Open	0.0	AsymmetricalSameHandshape	Curved	0	Hand	FingerBack	Palm	1	open_b	0
[time_progress;H_02_061,cover_up;C_03_038]	imrp	FullyOpen	0.0	0.0	0.0	Open	0.0	AsymmetricalSameHandshape	Curved	0	Hand	FingerFront	FingerFront	1	open_b	0
[technology;E_03_017,medicine;C_03_040]	m	Flat	0.0	nan	nan	Open	0.0	AsymmetricalDifferentHandshape	Straight	1	Hand	FingerUlnar	nan	1	B	0
[technology;E_03_017,medicine;C_03_040]	m	Flat	0.0	nan	nan	Open	0.0	AsymmetricalDifferentHandshape	Straight	1	Hand	Palm	nan	1	S	0
[medicine;C_03_040,meat_2;F_03_021]	m	Flat	0.0	nan	nan	Open	0.0	AsymmetricalDifferentHandshape	nan	1	Hand	Palm	nan	1	B	0
[medicine;C_03_040,meat_2;F_03_021]	m	Flat	0.0	nan	nan	Open	0.0	AsymmetricalDifferentHandshape	Straight	1	Hand	PalmBack	nan	1	B	0
[medicine;C_03_040,pay_off_bills;F_03_036]	m	Flat	0.0	nan	nan	Open	0.0	AsymmetricalDifferentHandshape	Straight	0	Hand	Palm	nan	1	B	0
[medicine;C_03_040,pay_off_bills;F_03_036]	m	Flat	0.0	nan	nan	Open	0.0	AsymmetricalDifferentHandshape	Straight	1	Hand	Palm	HandAway	1	B	0
[medicine;C_03_040,negative;J_01_008]	i	Flat	0.0	nan	nan	Open	0.0	AsymmetricalDifferentHandshape	Straight	1	Hand	Palm	nan	1	B	0
[medicine;C_03_040,negative;J_01_008]	m	Flat	0.0	nan	nan	Closed	0.0	AsymmetricalDifferentHandshape	Straight	1	Hand	Palm	nan	1	B	0
[medicine;C_03_040,tablet;K_02_126]	m	Flat	0.0	nan	nan	Open	0.0	AsymmetricalDifferentHandshape	Curved	1	Hand	Palm	nan	1	B	0
[medicine;C_03_040,tablet;K_02_126]	m	Flat	0.0	nan	nan	Open	0.0	AsymmetricalDifferentHandshape	Straight	1	Hand	Palm	HandAway	1	B	0
[dog;J_02_068,no;C_03_041]	mrp	Flat	nan	0.0	nan	Open	1.0	OneHanded	nan	1	Neutral	Neutral	nan	0	nan	0
[dog;J_02_068,no;C_03_041]	im	Stacked	nan	0.0	nan	Open	1.0	OneHanded	nan	1	Neutral	Neutral	nan	0	nan	0
[operate_machine;G_02_026,laptop;C_03_042]	imrp	FullyOpen	0.0	0.0	0.0	Open	0.0	AsymmetricalSameHandshape	Curved	1	Hand	FingerFront	HandAway	1	open_b	1
[laptop;C_03_042,minimum;J_03_077]	imrp	FullyOpen	0.0	0.0	0.0	Open	0.0	AsymmetricalSameHandshape	Curved	1	Hand	FingerBack	HandAway	1	open_b	1
[arm;C_03_043,decline;F_01_001]	imrp	FullyOpen	0.0	0.0	0.0	Open	0.0	OneHanded	Straight	0	Arm	UpperArm	ForearmBack	1	nan	0
[arm;C_03_043,decline;F_01_001]	imrp	Curved	0.0	0.0	0.0	Open	0.0	OneHanded	Z-shaped	0	Arm	UpperArm	ForearmBack	1	nan	0
[arm;C_03_043,arm_3;K_02_002]	imrp	Curved	0.0	0.0	0.0	Open	0.0	OneHanded	Straight	0	Arm	ForearmUlnar	ForearmBack	1	nan	0
[arm;C_03_043,arm_3;K_02_002]	imrp	Curved	0.0	0.0	0.0	Open	0.0	OneHanded	Straight	0	Arm	UpperArm	ElbowBack	1	nan	0
[sure;C_03_044,penny;D_01_049]	i	Flat	0.0	nan	nan	Closed	0.0	OneHanded	Straight	0	Head	Mouth	HeadAway	1	nan	0
[sure;C_03_044,penny;D_01_049]	i	FullyOpen	0.0	nan	nan	Closed	0.0	OneHanded	Straight	0	Head	Forehead	HeadAway	1	nan	0
[idea;D_01_085,sure;C_03_044]	p	FullyOpen	0.0	nan	nan	Closed	0.0	OneHanded	Straight	0	Head	Mouth	HeadAway	1	nan	0
[idea;D_01_085,sure;C_03_044]	i	FullyOpen	0.0	nan	nan	Closed	0.0	OneHanded	Straight	0	Head	Forehead	HeadAway	1	nan	0
[deaf;E_03_098,sure;C_03_044]	i	FullyOpen	0.0	nan	nan	Closed	0.0	OneHanded	Straight	0	Head	Other	HeadAway	1	nan	0
[deaf;E_03_098,sure;C_03_044]	i	FullyOpen	0.0	nan	nan	Closed	0.0	OneHanded	Straight	0	Head	Mouth	nan	1	nan	0
[suck;F_01_012,sure;C_03_044]	i	FullyOpen	0.0	nan	nan	Closed	0.0	OneHanded	Straight	0	Head	HeadAway	HeadAway	1	nan	0
[suck;F_01_012,sure;C_03_044]	i	FullyOpen	0.0	nan	nan	Closed	0.0	OneHanded	Straight	0	Head	Mouth	HeadAway	0	nan	0
[disappoint;G_03_018,sure;C_03_044]	i	FullyOpen	0.0	nan	nan	Closed	0.0	OneHanded	Straight	0	Head	Chin	HeadAway	1	nan	0
[disappoint;G_03_018,sure;C_03_044]	i	FullyOpen	0.0	nan	nan	Closed	0.0	OneHanded	Straight	0	Head	Mouth	nan	1	nan	0
[sure;C_03_044,fake;G_03_080]	i	FullyOpen	0.0	nan	nan	Closed	0.0	OneHanded	Curved	0	Head	Mouth	HeadAway	1	nan	0
[sure;C_03_044,fake;G_03_080]	i	FullyOpen	0.0	nan	nan	Closed	0.0	OneHanded	Straight	0	Head	CheekNose	HeadAway	1	nan	0
[sure;C_03_044,addict;H_02_073]	i	Bent	0.0	nan	nan	Closed	0.0	OneHanded	Straight	0	Head	Mouth	HeadAway	1	nan	0
[sure;C_03_044,addict;H_02_073]	i	FullyOpen	0.0	nan	nan	Closed	0.0	OneHanded	Straight	0	Head	Mouth	nan	1	nan	0
[sure;C_03_044,foul;J_01_049]	i	FullyOpen	0.0	nan	nan	Closed	0.0	OneHanded	Straight	1	Head	Mouth	HeadAway	1	nan	0
[sure;C_03_044,foul;J_01_049]	i	FullyOpen	0.0	nan	nan	Closed	0.0	OneHanded	Straight	0	Head	Other	HeadAway	1	nan	0
[yucky;E_01_011,download;C_03_046]	m	Curved	1.0	nan	nan	Open	1.0	SymmetricalOrAlternating	Straight	0	Neutral	Neutral	Neutral	0	1	0
[yucky;E_01_011,download;C_03_046]	m	Curved	nan	nan	nan	Open	1.0	SymmetricalOrAlternating	Curved	0	Neutral	Neutral	Neutral	0	1	0
[risk;F_02_026,download;C_03_046]	m	Curved	1.0	nan	nan	Open	1.0	SymmetricalOrAlternating	Straight	0	Neutral	Neutral	Neutral	0	1	0
[risk;F_02_026,download;C_03_046]	m	Curved	nan	nan	nan	Open	1.0	SymmetricalOrAlternating	Straight	0	Neutral	Neutral	Neutral	1	1	0
[marionette;F_03_073,download;C_03_046]	m	Curved	0.0	nan	nan	Open	1.0	SymmetricalOrAlternating	Straight	0	Neutral	Neutral	Neutral	0	1	0
[marionette;F_03_073,download;C_03_046]	m	Curved	nan	nan	nan	Open	1.0	SymmetricalOrAlternating	Straight	1	Neutral	Neutral	Neutral	0	1	0
[meditate;J_01_037,download;C_03_046]	m	Curved	0.0	nan	nan	Open	1.0	SymmetricalOrAlternating	Straight	0	Neutral	Neutral	Neutral	0	1	0
[meditate;J_01_037,download;C_03_046]	m	Curved	nan	nan	nan	Open	1.0	SymmetricalOrAlternating	Straight	0	Neutral	Neutral	nan	0	1	0
[lecture;C_03_048,child;F_03_101]	imrp	Flat	0.0	0.0	0.0	Open	0.0	OneHanded	Curved	1	Neutral	Neutral	Neutral	0	nan	0
[honk;H_01_074,lecture;C_03_048]	imrp	Bent	0.0	0.0	0.0	Open	0.0	OneHanded	Curved	1	Neutral	Neutral	Neutral	0	nan	0
[lecture;C_03_048,goody_goody_shoe_opposite;J_01_072]	imp	FullyOpen	0.0	0.0	0.0	Open	0.0	OneHanded	Curved	1	Neutral	Neutral	Neutral	0	nan	0
[lecture;C_03_048,boston;J_03_001]	imrp	FullyOpen	0.0	0.0	0.0	Closed	0.0	OneHanded	Curved	1	Neutral	Neutral	Neutral	0	nan	0
[erase_5;K_03_095,lecture;C_03_048,noon;G_02_014]	imrp	FullyOpen	0.0	0.0	0.0	Open	0.0	OneHanded	Other	1	Neutral	Neutral	Neutral	0	nan	0
[wrong;C_03_050,bull;E_01_098]	p	FullyOpen	0.0	nan	nan	Open	0.0	OneHanded	Straight	1	Head	Chin	nan	1	nan	0
[wrong;C_03_050,bull;E_01_098]	p	FullyOpen	0.0	nan	nan	Open	0.0	OneHanded	Straight	0	Head	Forehead	nan	1	nan	0
[wrong;C_03_050,forever_2;E_02_025]	p	FullyOpen	0.0	nan	nan	Open	0.0	OneHanded	Straight	0	Head	Forehead	nan	1	nan	0
[wrong;C_03_050,forever_2;E_02_025]	p	FullyOpen	0.0	nan	nan	Open	0.0	OneHanded	Straight	0	Head	Chin	HeadAway	1	nan	0
[wrong;C_03_050,water_ski;F_03_022]	p	Curved	0.0	nan	nan	Open	0.0	OneHanded	Straight	0	Head	Chin	nan	1	nan	0
[wrong;C_03_050,water_ski;F_03_022]	p	FullyOpen	0.0	nan	nan	Open	1.0	OneHanded	Straight	0	Head	Chin	nan	1	nan	0
[disappoint;G_03_018,wrong;C_03_050]	i	FullyOpen	0.0	nan	nan	Open	0.0	OneHanded	Straight	0	Head	Chin	nan	1	nan	0
[disappoint;G_03_018,wrong;C_03_050]	p	FullyOpen	0.0	nan	nan	Closed	0.0	OneHanded	Straight	0	Head	Chin	nan	1	nan	0
[lesbian;H_01_057,wrong;C_03_050]	i	FullyOpen	0.0	nan	nan	Open	0.0	OneHanded	Straight	0	Head	Chin	nan	1	nan	0
[lesbian;H_01_057,wrong;C_03_050]	p	FullyOpen	0.0	nan	nan	Open	0.0	OneHanded	Straight	1	Head	Chin	nan	1	nan	0
[jealous;C_03_051,juice_2;G_03_035]	p	FullyOpen	0.0	nan	nan	Closed	0.0	OneHanded	Curved	0	Head	Mouth	HeadAway	1	nan	1
[jealous;C_03_051,juice_2;G_03_035]	p	Flat	0.0	nan	nan	Closed	0.0	OneHanded	Curved	0	Head	Mouth	HeadAway	0	nan	1
[drop;C_03_052,juggle;D_01_037]	imrp	FullyClosed	1.0	nan	1.0	Closed	1.0	SymmetricalOrAlternating	Circular	0	Neutral	Neutral	Neutral	0	s	0
[drop;C_03_052,juggle;D_01_037]	imrp	FullyClosed	1.0	nan	1.0	Closed	1.0	SymmetricalOrAlternating	Straight	1	Neutral	Neutral	Neutral	0	s	0
[drop;C_03_052,can;D_03_027]	imrp	FullyClosed	0.0	nan	1.0	Closed	1.0	SymmetricalOrAlternating	Straight	0	Neutral	Neutral	Neutral	0	s	0
[drop;C_03_052,can;D_03_027]	imrp	FullyClosed	1.0	nan	0.0	Closed	1.0	SymmetricalOrAlternating	Straight	0	Neutral	Neutral	Neutral	0	s	0
[drop;C_03_052,throw_away;E_02_070]	imrp	FullyClosed	1.0	nan	1.0	Closed	1.0	OneHanded	Straight	0	Neutral	Neutral	Neutral	0	s	0
[drop;C_03_052,throw_away;E_02_070]	imrp	FullyClosed	1.0	nan	1.0	Closed	1.0	SymmetricalOrAlternating	Straight	0	Neutral	Neutral	Neutral	0	nan	0
[drop;C_03_052,toss_out;H_02_037]	imrp	FullyClosed	1.0	nan	0.0	Closed	1.0	SymmetricalOrAlternating	Straight	0	Neutral	Neutral	Neutral	0	s	0
[drop;C_03_052,toss_out;H_02_037]	imrp	FullyClosed	1.0	nan	1.0	Closed	1.0	SymmetricalOrAlternating	BackAndForth	0	Neutral	Neutral	Neutral	0	s	0
[drop;C_03_052,articulate_sign;J_01_014]	imrp	FullyClosed	1.0	nan	1.0	Closed	1.0	SymmetricalOrAlternating	Curved	0	Neutral	Neutral	Neutral	0	s	0
[drop;C_03_052,articulate_sign;J_01_014]	imrp	FullyClosed	1.0	nan	1.0	Closed	1.0	SymmetricalOrAlternating	Straight	1	Neutral	Neutral	Neutral	0	s	0
[drop;C_03_052,pop_2;K_01_049]	imrp	FullyClosed	1.0	nan	1.0	Closed	1.0	SymmetricalOrAlternating	BackAndForth	0	Neutral	Neutral	Neutral	0	s	0
[drop;C_03_052,pop_2;K_01_049]	imrp	FullyClosed	1.0	nan	1.0	Closed	1.0	SymmetricalOrAlternating	Straight	0	Neutral	Neutral	Neutral	1	s	0
[think;C_03_053,sshh;E_02_016]	i	FullyOpen	0.0	nan	nan	Closed	0.0	OneHanded	Straight	0	Head	Forehead	nan	1	nan	0
[think;C_03_053,sshh;E_02_016]	i	Flat	0.0	nan	nan	Closed	0.0	OneHanded	Straight	0	Head	Mouth	nan	1	nan	0
[think;C_03_053,deaf;E_03_098]	i	FullyOpen	0.0	nan	nan	Closed	0.0	OneHanded	Straight	0	Head	Forehead	nan	1	nan	0
[think;C_03_053,deaf;E_03_098]	i	Flat	0.0	nan	nan	Closed	0.0	OneHanded	Straight	0	Head	Other	nan	1	nan	0
[think;C_03_053,chin_2;F_02_070]	i	Flat	0.0	nan	nan	Closed	0.0	OneHanded	nan	0	Head	Forehead	nan	1	nan	0
[think;C_03_053,chin_2;F_02_070]	i	Flat	0.0	nan	nan	Closed	0.0	OneHanded	Straight	0	Head	Chin	nan	1	nan	0
[think;C_03_053,disappoint;G_03_018]	i	FullyOpen	0.0	nan	nan	Closed	0.0	OneHanded	Straight	0	Head	Forehead	nan	1	nan	0
[think;C_03_053,disappoint;G_03_018]	i	Flat	0.0	nan	nan	Closed	0.0	OneHanded	Straight	0	Head	Chin	nan	1	nan	0
[think;C_03_053,addict;H_02_073]	i	Bent	0.0	nan	nan	Closed	0.0	OneHanded	Straight	0	Head	Forehead	nan	1	nan	0
[think;C_03_053,addict;H_02_073]	i	Flat	0.0	nan	nan	Closed	0.0	OneHanded	Straight	0	Head	Mouth	nan	1	nan	0
[think;C_03_053,intelligent;H_02_080]	i	FullyOpen	0.0	nan	nan	Closed	0.0	OneHanded	Straight	0	Head	Forehead	nan	1	nan	0
[think;C_03_053,intelligent;H_02_080]	i	Flat	0.0	nan	nan	Closed	0.0	OneHanded	Straight	0	Head	Forehead	HeadAway	1	nan	0
[think;C_03_053,sneeze_2;K_02_023]	i	Flat	0.0	nan	nan	Closed	0.0	OneHanded	nan	0	Head	Forehead	nan	1	nan	0
[think;C_03_053,sneeze_2;K_02_023]	i	Flat	0.0	nan	nan	Closed	0.0	OneHanded	Straight	0	Head	UpperLip	nan	1	nan	0
[think;C_03_053,blackbird;K_03_124]	i	Flat	0.0	nan	nan	Closed	0.0	OneHanded	Straight	0	Head	Forehead	HeadAway	1	nan	0
[think;C_03_053,blackbird;K_03_124]	i	Flat	0.0	nan	nan	Closed	0.0	OneHanded	Straight	0	Head	Forehead	nan	1	nan	1
[stomach;C_03_054,muscle;G_01_095]	imrp	Flat	0.0	0.0	0.0	Open	0.0	OneHanded	Straight	1	Arm	TorsoBottom	nan	1	nan	0
[stomach;C_03_054,dog_2;K_01_055,baby_2;K_01_042]	imrp	FullyOpen	0.0	0.0	0.0	Open	0.0	OneHanded	Straight	1	Body	TorsoBottom	nan	1	nan	0
[stomach;C_03_054,policeman_2;K_03_104]	imrp	Curved	0.0	0.0	0.0	Open	0.0	OneHanded	Straight	1	Body	TorsoBottom	nan	1	nan	0
[crash;J_02_017,earn;C_03_055]	imrp	Curved	1.0	1.0	1.0	Open	1.0	AsymmetricalDifferentHandshape	Straight	0	Hand	FingerFront	Palm	1	B	0
[crash;J_02_017,earn;C_03_055]	imrp	Curved	1.0	1.0	1.0	Open	1.0	AsymmetricalDifferentHandshape	Curved	0	Hand	HandAway	Palm	1	B	0
[go;C_03_056,meet;D_02_018]	i	FullyOpen	0.0	nan	nan	Closed	0.0	SymmetricalOrAlternating	Straight	0	Neutral	Neutral	Neutral	0	1	0
[go;C_03_056,meet;D_02_018]	i	FullyOpen	0.0	nan	nan	Closed	0.0	SymmetricalOrAlternating	Curved	0	Neutral	Neutral	Neutral	1	1	0
[hurt;E_01_002,go;C_03_056]	i	FullyOpen	0.0	nan	nan	Closed	0.0	SymmetricalOrAlternating	Circular	0	Neutral	Neutral	Neutral	0	1	0
[hurt;E_01_002,go;C_03_056]	i	FullyOpen	0.0	nan	nan	Closed	0.0	SymmetricalOrAlternating	Curved	1	Neutral	Neutral	Neutral	0	1	0
[gift;E_01_055,go;C_03_056]	i	Bent	0.0	nan	nan	Closed	0.0	SymmetricalOrAlternating	Curved	0	Neutral	Neutral	Neutral	0	1	0
[gift;E_01_055,go;C_03_056]	i	FullyOpen	0.0	nan	nan	Closed	0.0	SymmetricalOrAlternating	Curved	0	Neutral	Neutral	Neutral	0	bent_1	0
[parallel;H_03_067,go;C_03_056]	i	FullyOpen	0.0	nan	nan	Closed	0.0	AsymmetricalSameHandshape	Curved	0	Neutral	Neutral	Neutral	0	1	0
[parallel;H_03_067,go;C_03_056]	i	FullyOpen	0.0	nan	nan	Closed	0.0	SymmetricalOrAlternating	Curved	0	Neutral	Neutral	Neutral	0	1	1
[triangle;J_02_080,go;C_03_056]	i	FullyOpen	0.0	nan	nan	Closed	0.0	SymmetricalOrAlternating	BackAndForth	0	Neutral	Neutral	Neutral	0	1	0
[triangle;J_02_080,go;C_03_056]	i	FullyOpen	0.0	nan	nan	Closed	0.0	SymmetricalOrAlternating	Curved	0	Neutral	Neutral	Neutral	1	1	0
[conduct_1;K_01_060,go;C_03_056]	i	FullyOpen	0.0	nan	nan	Closed	0.0	SymmetricalOrAlternating	Curved	1	Neutral	Neutral	Neutral	0	1	0
[conduct_1;K_01_060,go;C_03_056]	i	FullyOpen	0.0	nan	nan	Closed	0.0	SymmetricalOrAlternating	Curved	0	Neutral	Neutral	Neutral	0	1	1
[now;C_03_062,that;C_03_059]	p	FullyOpen	0.0	nan	nan	Open	0.0	SymmetricalOrAlternating	Straight	0	Neutral	Neutral	Neutral	0	nan	0
[now;C_03_062,that;C_03_059]	p	FullyOpen	0.0	nan	nan	Open	0.0	OneHanded	Straight	0	Neutral	Neutral	Neutral	0	y	0
[that;C_03_059,yeah;D_01_058]	p	FullyOpen	0.0	nan	nan	Open	0.0	OneHanded	Straight	1	Neutral	Neutral	Neutral	0	nan	0
[that;C_03_059,yeah;D_01_058]	p	FullyOpen	0.0	nan	nan	Open	0.0	OneHanded	Straight	0	Neutral	Neutral	nan	0	nan	0
[that;C_03_059,insurance;D_02_030]	p	FullyOpen	0.0	nan	nan	Closed	0.0	OneHanded	Straight	0	Neutral	Neutral	Neutral	0	nan	0
[that;C_03_059,insurance;D_02_030]	p	FullyOpen	0.0	nan	nan	Open	0.0	OneHanded	Straight	1	Neutral	Neutral	Neutral	0	nan	0
[west;D_03_053,that;C_03_059]	p	Curved	0.0	nan	nan	Open	0.0	OneHanded	Straight	0	Neutral	Neutral	Neutral	0	nan	0
[west;D_03_053,that;C_03_059]	p	FullyOpen	0.0	nan	nan	Open	1.0	OneHanded	Straight	0	Neutral	Neutral	Neutral	0	nan	0
[that;C_03_059,airplane;D_03_068]	ip	FullyOpen	0.0	nan	nan	Open	0.0	OneHanded	Straight	0	Neutral	Neutral	Neutral	0	nan	0
[that;C_03_059,airplane;D_03_068]	p	FullyOpen	0.0	nan	nan	Open	0.0	OneHanded	Straight	1	Neutral	Neutral	Neutral	0	nan	0
[that;C_03_059,up;E_01_069]	i	FullyOpen	0.0	nan	nan	Open	0.0	OneHanded	Straight	0	Neutral	Neutral	Neutral	0	nan	0
[that;C_03_059,up;E_01_069]	p	FullyOpen	0.0	nan	nan	Closed	0.0	OneHanded	Straight	0	Neutral	Neutral	Neutral	0	nan	0
[that;C_03_059,pour;F_02_063]	p	Curved	0.0	nan	nan	Open	0.0	OneHanded	Straight	0	Neutral	Neutral	Neutral	0	nan	0
[that;C_03_059,pour;F_02_063]	p	FullyOpen	0.0	nan	nan	Open	0.0	OneHanded	Curved	0	Neutral	Neutral	Neutral	0	nan	0
[helicopter;D_02_042,fan;F_03_055,candle;C_03_060]	imrp	FullyOpen	0.0	1.0	0.0	Open	0.0	AsymmetricalDifferentHandshape	nan	1	Hand	FingerTip	nan	1	1	0
[helicopter;D_02_042,candle;C_03_060]	imrp	FullyOpen	1.0	1.0	0.0	Open	0.0	AsymmetricalDifferentHandshape	Curved	1	Hand	FingerTip	nan	1	1	0
[pet;F_01_063,candle;C_03_060]	imrp	FullyOpen	1.0	0.0	0.0	Open	0.0	AsymmetricalDifferentHandshape	nan	1	Hand	FingerTip	nan	1	1	0
[pet;F_01_063,candle;C_03_060]	imrp	FullyOpen	1.0	1.0	0.0	Open	0.0	AsymmetricalDifferentHandshape	nan	1	Hand	FingerRadial	nan	1	1	0
[beg;F_02_037,candle;C_03_060]	imrp	Flat	1.0	1.0	0.0	Open	0.0	AsymmetricalDifferentHandshape	nan	1	Hand	FingerTip	nan	1	1	0
[beg;F_02_037,candle;C_03_060]	imrp	FullyOpen	1.0	1.0	0.0	Open	0.0	AsymmetricalDifferentHandshape	nan	1	Hand	FingerBack	nan	1	1	0
[fan;F_03_055,candle;C_03_060]	imrp	FullyOpen	1.0	1.0	0.0	Open	0.0	AsymmetricalDifferentHandshape	nan	1	Hand	FingerTip	nan	1	1	1
[now;C_03_062,trophy;D_02_086]	p	FullyOpen	0.0	nan	nan	Open	0.0	SymmetricalOrAlternating	Straight	1	Neutral	Neutral	Neutral	0	y	0
[now;C_03_062,trophy;D_02_086]	p	FullyOpen	0.0	nan	nan	Open	0.0	SymmetricalOrAlternating	Straight	0	Neutral	Neutral	Neutral	1	y	0
[now;C_03_062,still;G_02_085]	p	FullyOpen	0.0	nan	nan	Open	0.0	SymmetricalOrAlternating	Curved	0	Neutral	Neutral	Neutral	0	y	0
[now;C_03_062,still;G_02_085]	p	FullyOpen	0.0	nan	nan	Open	0.0	SymmetricalOrAlternating	Straight	0	Neutral	Neutral	Neutral	0	y	1
[appear;C_03_064,escape;G_01_012]	i	FullyOpen	0.0	nan	nan	Closed	0.0	AsymmetricalDifferentHandshape	Straight	0	Hand	Other	Other	1	5	0
[appear;C_03_064,escape;G_01_012]	i	FullyOpen	0.0	nan	nan	Closed	0.0	AsymmetricalDifferentHandshape	Straight	0	Hand	HandAway	HandAway	1	5	0
[nurse;C_03_065,hamster;E_03_073]	im	FullyOpen	0.0	0.0	0.0	Closed	0.0	OneHanded	Straight	1	Head	WristFront	nan	1	nan	0
[nurse;C_03_065,hamster;E_03_073]	im	FullyOpen	0.0	0.0	0.0	Closed	0.0	OneHanded	Straight	1	Arm	CheekNose	nan	1	nan	0
[frog;D_03_059,sneeze;C_03_066]	im	FullyClosed	1.0	nan	1.0	Closed	1.0	OneHanded	Straight	1	Head	UpperLip	HeadAway	1	nan	0
[frog;D_03_059,sneeze;C_03_066]	im	FullyClosed	1.0	nan	1.0	Closed	1.0	OneHanded	Straight	0	Head	UnderChin	HeadAway	1	nan	0
[thirsty;C_03_071,neck;F_02_081]	i	Flat	0.0	nan	nan	Open	0.0	OneHanded	Straight	0	Body	Neck	Neck	1	nan	0
[thirsty;C_03_071,neck;F_02_081]	i	Flat	0.0	nan	nan	Closed	0.0	OneHanded	Straight	1	Body	Neck	Neck	1	nan	0
[tomorrow;F_02_040,girl;C_03_073]	t	nan	nan	nan	nan	Open	nan	OneHanded	Curved	0	Head	CheekNose	HeadAway	0	nan	1
[tomorrow;F_02_040,girl;C_03_073]	t	nan	nan	nan	nan	Open	nan	OneHanded	Curved	0	Head	CheekNose	HeadAway	1	nan	0
[catapult;E_03_083,come;C_03_074]	imrp	Curved	1.0	0.0	0.0	Open	0.0	OneHanded	Curved	0	Neutral	Neutral	Neutral	0	nan	0
[away;F_02_071,come;C_03_074]	imrp	Flat	1.0	0.0	0.0	Open	0.0	OneHanded	Curved	0	Neutral	Neutral	Neutral	0	nan	0
[away;F_02_071,come;C_03_074,knock_off;H_03_035]	imrp	FullyOpen	1.0	0.0	0.0	Open	0.0	OneHanded	Curved	0	Neutral	Neutral	Neutral	0	nan	1
[all_way;H_01_084,come;C_03_074]	imrp	FullyOpen	1.0	1.0	0.0	Open	0.0	OneHanded	Curved	0	Neutral	Neutral	Neutral	0	nan	0
[goody_goody_shoe_opposite;J_01_072,come;C_03_074]	imp	FullyOpen	1.0	0.0	0.0	Open	0.0	OneHanded	Curved	0	Neutral	Neutral	Neutral	0	nan	0
[erase_5;K_03_095,come;C_03_074]	imrp	FullyOpen	1.0	0.0	0.0	Open	0.0	OneHanded	Other	0	Neutral	Neutral	Neutral	0	nan	0
[coins;D_01_018,shop_1;C_03_075]	imrp	Flat	0.0	0.0	0.0	Open	1.0	AsymmetricalDifferentHandshape	Straight	0	Hand	Palm	HandAway	1	B	0
[coins;D_01_018,shop_1;C_03_075]	imrp	Flat	0.0	0.0	0.0	Open	1.0	AsymmetricalDifferentHandshape	Z-shaped	0	Hand	Palm	nan	1	B	0
[often;J_02_106,shop_1;C_03_075]	imrp	Flat	0.0	0.0	0.0	Open	0.0	AsymmetricalDifferentHandshape	Z-shaped	0	Hand	Palm	HandAway	1	B	0
[often;J_02_106,shop_1;C_03_075]	imrp	Flat	0.0	0.0	0.0	Open	1.0	AsymmetricalDifferentHandshape	Z-shaped	0	Hand	Palm	FingerFront	1	B	0
[secret;C_03_076,nut;D_02_073]	t	nan	nan	nan	nan	Open	nan	OneHanded	Straight	1	Head	Mouth	nan	1	nan	0
[secret;C_03_076,nut;D_02_073]	t	nan	nan	nan	nan	Open	nan	OneHanded	Straight	1	Head	Chin	HeadAway	1	nan	0
[secret;C_03_076,myself;D_03_024]	t	nan	nan	nan	nan	Open	nan	OneHanded	Straight	1	Body	Chin	nan	1	nan	0
[secret;C_03_076,myself;D_03_024]	t	nan	nan	nan	nan	Open	nan	OneHanded	Straight	1	Head	TorsoTop	nan	1	nan	0
[secret;C_03_076,everyday;E_01_084]	t	nan	nan	nan	nan	Open	nan	OneHanded	Straight	1	Head	CheekNose	nan	1	nan	0
[secret;C_03_076,everyday;E_01_084]	t	nan	nan	nan	nan	Open	nan	OneHanded	Straight	1	Head	Chin	HeadAway	1	nan	0
[secret;C_03_076,confidential;G_02_022]	t	nan	nan	nan	nan	Open	nan	OneHanded	Straight	1	Head	Mouth	nan	1	nan	0
[secret;C_03_076,confidential;G_02_022]	t	nan	nan	nan	nan	Open	nan	OneHanded	Straight	1	Head	Chin	Mouth	1	nan	0
[secret;C_03_076,woman_2;K_01_101]	t	nan	nan	nan	nan	Open	nan	OneHanded	nan	1	Head	Chin	nan	1	nan	0
[secret;C_03_076,woman_2;K_01_101]	t	nan	nan	nan	nan	Open	nan	OneHanded	Straight	0	Head	Chin	nan	1	nan	0
[long_ago;J_01_026,happy;C_03_078]	imrp	FullyOpen	0.0	0.0	0.0	Open	0.0	OneHanded	Curved	1	Body	BodyAway	BodyAway	1	nan	0
[happy;C_03_078,admit;J_02_062]	imrp	FullyOpen	0.0	0.0	0.0	Open	0.0	OneHanded	Curved	0	Body	TorsoTop	BodyAway	1	nan	0
[happy;C_03_078,admit;J_02_062]	imrp	FullyOpen	0.0	0.0	0.0	Open	0.0	OneHanded	Curved	1	Body	TorsoMid	BodyAway	1	nan	0
[happy;C_03_078,baby_2;K_01_042]	imrp	FullyOpen	0.0	0.0	0.0	Open	0.0	OneHanded	Straight	1	Body	TorsoTop	BodyAway	1	nan	0
[happy;C_03_078,baby_2;K_01_042]	imrp	FullyOpen	0.0	0.0	0.0	Open	0.0	OneHanded	Curved	1	Body	TorsoTop	nan	1	nan	0
[god;D_02_068,future;C_03_080]	imrp	FullyOpen	0.0	0.0	0.0	Closed	0.0	OneHanded	Curved	0	Head	Other	HeadAway	0	nan	0
[smell;E_02_049,future;C_03_080]	imrp	FullyOpen	0.0	0.0	0.0	Open	0.0	OneHanded	Curved	1	Head	Other	HeadAway	0	nan	0
[thank_you;H_02_053,will;F_03_025,smell_money;F_03_026,future;C_03_080]	imrp	FullyOpen	0.0	0.0	0.0	Open	0.0	OneHanded	Curved	0	Head	Mouth	HeadAway	0	nan	0
[thank_you;H_02_053,future;C_03_080]	imrp	FullyOpen	0.0	0.0	0.0	Open	0.0	OneHanded	Curved	0	Head	Other	HeadAway	1	nan	0
[will_go;J_01_095,future;C_03_080]	imrp	FullyOpen	0.0	0.0	0.0	Open	0.0	OneHanded	Straight	0	Head	Other	HeadAway	0	nan	0
[hit_1;F_02_005,throw;C_03_081]	imrp	FullyClosed	1.0	nan	0.0	Closed	1.0	OneHanded	Curved	0	Neutral	Neutral	Neutral	0	nan	0
[hit_1;F_02_005,throw;C_03_081]	im	FullyClosed	0.0	nan	0.0	Closed	1.0	OneHanded	Curved	0	Neutral	Neutral	Neutral	0	nan	0
[toss;J_03_009,throw;C_03_081]	imrp	FullyClosed	1.0	nan	0.0	Closed	1.0	OneHanded	Curved	0	Neutral	Neutral	Neutral	0	nan	0
[toss;J_03_009,throw;C_03_081]	im	FullyClosed	1.0	nan	1.0	Closed	1.0	OneHanded	Curved	0	Neutral	Neutral	Neutral	0	nan	0
[later;D_01_077,scroll_down;C_03_084]	i	FullyOpen	0.0	nan	nan	Closed	0.0	OneHanded	Straight	0	Neutral	Neutral	Neutral	0	nan	0
[later;D_01_077,scroll_down;C_03_084]	i	Bent	0.0	nan	nan	Open	0.0	OneHanded	Straight	0	Neutral	Neutral	Neutral	0	nan	0
[scroll_down;C_03_084,there;D_02_060]	i	FullyOpen	0.0	nan	nan	Closed	0.0	OneHanded	Straight	0	Neutral	Neutral	Neutral	0	nan	0
[scroll_down;C_03_084,there;D_02_060]	i	Bent	0.0	nan	nan	Closed	0.0	OneHanded	Straight	0	Neutral	Neutral	nan	0	nan	0
[flip_switch;E_01_066,scroll_down;C_03_084]	i	Bent	0.0	nan	nan	Open	0.0	OneHanded	Straight	0	Neutral	Neutral	Neutral	0	nan	0
[flip_switch;E_01_066,scroll_down;C_03_084]	i	Bent	0.0	nan	nan	Closed	1.0	OneHanded	Straight	0	Neutral	Neutral	Neutral	0	nan	0
[hose;E_02_054,scroll_down;C_03_084]	i	Bent	0.0	nan	nan	Open	0.0	OneHanded	Straight	0	Neutral	Neutral	Neutral	0	nan	0
[hose;E_02_054,scroll_down;C_03_084]	i	Bent	0.0	nan	nan	Closed	0.0	OneHanded	Straight	1	Neutral	Neutral	Neutral	0	nan	0
[half;F_03_040,scroll_down;C_03_084]	i	FullyOpen	0.0	nan	nan	Closed	0.0	OneHanded	Straight	0	Neutral	Neutral	Neutral	0	nan	0
[half;F_03_040,scroll_down;C_03_084]	i	Bent	nan	nan	nan	Closed	0.0	OneHanded	Straight	0	Neutral	Neutral	Neutral	0	nan	0
[tiny;K_03_019,scroll_down;C_03_084]	i	Bent	0.0	nan	nan	Open	0.0	OneHanded	Straight	0	Neutral	Neutral	Neutral	0	nan	0
[tiny;K_03_019,scroll_down;C_03_084]	i	Bent	0.0	nan	nan	Closed	0.0	OneHanded	Straight	0	Neutral	Neutral	nan	0	nan	0
[beard;C_03_085,shame;D_03_008]	imrp	Curved	1.0	0.0	0.0	Open	0.0	SymmetricalOrAlternating	Curved	0	Head	HeadAway	HeadAway	1	c	0
[beard;C_03_085,shame;D_03_008]	imrp	Curved	0.0	0.0	0.0	Open	0.0	SymmetricalOrAlternating	Curved	0	Head	UnderChin	HeadAway	1	c	0
[peekaboo;E_02_026,beard;C_03_085]	imrp	Curved	0.0	0.0	0.0	Open	0.0	SymmetricalOrAlternating	Curved	1	Head	HeadAway	HeadAway	1	c	0
[peekaboo;E_02_026,beard;C_03_085]	imrp	Curved	0.0	0.0	0.0	Open	0.0	SymmetricalOrAlternating	Curved	0	Head	HeadAway	HeadAway	1	c	1
[relax;D_03_081,prayer;C_03_090]	imrp	FullyOpen	0.0	0.0	0.0	Open	0.0	SymmetricalOrAlternating	Straight	1	Body	Neutral	nan	1	open_b	0
[relax;D_03_081,prayer;C_03_090]	imrp	FullyOpen	0.0	0.0	0.0	Open	0.0	SymmetricalOrAlternating	Straight	1	Neutral	TorsoTop	nan	1	open_b	0
[pillow_3;K_02_049,prayer;C_03_090]	imrp	FullyOpen	0.0	0.0	0.0	Open	0.0	SymmetricalOrAlternating	Straight	1	Head	Neutral	nan	1	open_b	0
[pillow_3;K_02_049,prayer;C_03_090]	imrp	FullyOpen	0.0	0.0	0.0	Open	0.0	SymmetricalOrAlternating	Straight	1	Neutral	Other	nan	1	open_b	0
[carrot_3;K_03_075,old;D_01_007,oldest;H_03_024]	imrp	Curved	1.0	0.0	0.0	Open	1.0	OneHanded	Straight	0	Head	Chin	HeadAway	1	nan	0
[chew_2_mouth;K_01_100,old;D_01_007]	imrp	Curved	1.0	0.0	0.0	Open	1.0	OneHanded	Circular	0	Head	Chin	HeadAway	0	nan	0
[carrot_3;K_03_075,old;D_01_007]	imrp	Curved	1.0	0.0	0.0	Open	1.0	OneHanded	Straight	0	Head	Mouth	HeadAway	0	nan	0
[brick;H_02_085,perfect;D_01_008]	i	Curved	1.0	nan	nan	Open	1.0	SymmetricalOrAlternating	Other	0	Neutral	Neutral	Neutral	1	f	0
[brick;H_02_085,perfect;D_01_008]	i	Curved	0.0	nan	nan	Open	1.0	SymmetricalOrAlternating	Straight	0	Neutral	Neutral	Neutral	1	f	0
[hang_clothes;K_02_069,perfect;D_01_008]	i	Curved	0.0	nan	nan	Open	1.0	SymmetricalOrAlternating	Straight	0	Neutral	Neutral	Neutral	1	f	0
[hang_clothes;K_02_069,perfect;D_01_008]	i	Curved	0.0	nan	nan	Open	1.0	SymmetricalOrAlternating	Other	0	Neutral	Neutral	Neutral	0	f	0
[perfect;D_01_008,tie_up_1;K_03_035]	i	Bent	0.0	nan	nan	Open	1.0	SymmetricalOrAlternating	Other	0	Neutral	Neutral	Neutral	1	f	0
[perfect;D_01_008,tie_up_1;K_03_035]	i	Curved	0.0	nan	nan	Open	1.0	SymmetricalOrAlternating	Other	0	Neutral	Neutral	Neutral	1	baby_o	0
[audience;F_01_072,well;D_01_009]	imrp	FullyOpen	1.0	1.0	0.0	Open	0.0	SymmetricalOrAlternating	Curved	0	Neutral	Neutral	nan	0	5	0
[busted;G_01_022,well;D_01_009]	imrp	FullyOpen	0.0	1.0	0.0	Open	0.0	SymmetricalOrAlternating	Curved	0	Neutral	Neutral	nan	1	5	0
[leave_alone;H_03_105,well;D_01_009]	imrp	FullyOpen	0.0	1.0	0.0	Open	0.0	SymmetricalOrAlternating	BackAndForth	0	Neutral	Neutral	nan	0	5	0
[stop;D_01_010,sweep;D_01_086]	imrp	FullyOpen	0.0	0.0	0.0	Open	0.0	AsymmetricalSameHandshape	BackAndForth	1	Hand	Palm	HandAway	1	open_b	0
[stop;D_01_010,end;E_01_074,next;E_03_080]	imrp	FullyOpen	0.0	0.0	0.0	Open	0.0	AsymmetricalSameHandshape	BackAndForth	0	Hand	FingerTip	HandAway	1	open_b	0
[stop;D_01_010,window_open;E_02_075]	imrp	FullyOpen	0.0	0.0	0.0	Open	0.0	AsymmetricalSameHandshape	BackAndForth	0	Hand	FingerRadial	HandAway	1	open_b	0
[stop;D_01_010,time_progress;H_02_061,nice;G_03_059]	imrp	FullyOpen	0.0	0.0	0.0	Open	0.0	AsymmetricalSameHandshape	BackAndForth	0	Hand	Palm	FingerFront	1	open_b	0
[stop;D_01_010,from_then_on;H_02_040]	imrp	FullyOpen	0.0	0.0	0.0	Open	0.0	AsymmetricalSameHandshape	BackAndForth	0	Hand	FingerBack	HandAway	1	open_b	0
[stop;D_01_010,against;H_03_003]	imrp	FullyOpen	0.0	0.0	0.0	Open	0.0	AsymmetricalSameHandshape	BackAndForth	0	Hand	Palm	nan	1	open_b	0
[stop;D_01_010,take_off;H_03_050]	imrp	FullyOpen	1.0	0.0	0.0	Open	0.0	AsymmetricalSameHandshape	BackAndForth	0	Hand	Palm	HandAway	1	open_b	0
[model_2;J_02_005,coins;D_01_018]	imrp	Flat	0.0	0.0	0.0	Closed	1.0	AsymmetricalDifferentHandshape	Straight	0	Hand	Palm	nan	1	B	0
[yeah;D_01_058,yellow;D_01_020]	p	FullyOpen	0.0	nan	nan	Open	0.0	OneHanded	Straight	1	Neutral	Neutral	nan	0	nan	1
[yeah;D_01_058,yellow;D_01_020]	p	FullyOpen	0.0	nan	nan	Open	0.0	OneHanded	nan	1	Neutral	Neutral	nan	0	nan	0
[juice_1;G_03_022,yellow;D_01_020]	p	FullyOpen	0.0	nan	nan	Closed	0.0	OneHanded	nan	1	Neutral	Neutral	nan	0	nan	1
[juice_1;G_03_022,yellow;D_01_020]	p	FullyOpen	0.0	nan	nan	Open	0.0	OneHanded	Curved	1	Neutral	Neutral	nan	0	nan	1
[turn;J_01_065,yellow;D_01_020]	i	FullyOpen	0.0	nan	nan	Open	0.0	OneHanded	nan	1	Neutral	Neutral	nan	0	nan	1
[turn;J_01_065,yellow;D_01_020]	p	FullyOpen	0.0	nan	nan	Open	0.0	OneHanded	Curved	1	Neutral	Neutral	nan	0	nan	1
[iron_2;K_02_106,yellow;D_01_020]	p	FullyOpen	0.0	nan	nan	Open	0.0	OneHanded	Curved	1	Neutral	Neutral	nan	0	nan	1
[iron_2;K_02_106,yellow;D_01_020]	p	FullyOpen	0.0	nan	nan	Open	0.0	OneHanded	nan	1	Neutral	Neutral	Neutral	0	nan	1
[trim_2;K_01_062,use;D_03_043,temporary;G_03_067,name;D_01_021,sharpen_2;K_03_097]	im	FullyOpen	0.0	0.0	0.0	Closed	0.0	DominanceViolation	Straight	1	Hand	FingerRadial	HandAway	1	DominanceConditionViolation	0
[name;D_01_021,pair;H_03_031]	im	FullyOpen	0.0	1.0	0.0	Closed	0.0	DominanceViolation	Straight	1	Hand	FingerRadial	nan	1	DominanceConditionViolation	0
[call_2;J_02_048,locker;K_01_126,name;D_01_021]	im	FullyOpen	0.0	0.0	0.0	Closed	0.0	DominanceViolation	Straight	0	Hand	FingerRadial	nan	1	DominanceConditionViolation	0
[call_2;J_02_048,name;D_01_021]	im	FullyOpen	0.0	0.0	0.0	Closed	0.0	DominanceViolation	Straight	1	Hand	FingerRadial	nan	0	DominanceConditionViolation	0
[weigh;D_03_077,trim_2;K_01_062,name;D_01_021]	im	FullyOpen	0.0	0.0	0.0	Closed	0.0	DominanceViolation	Z-shaped	1	Hand	FingerRadial	nan	1	DominanceConditionViolation	0
[knife_2;K_03_043,temporary;G_03_067,name;D_01_021]	im	FullyOpen	0.0	0.0	0.0	Closed	0.0	DominanceViolation	Straight	1	Hand	FingerRadial	FingerBack	1	DominanceConditionViolation	0
[sharpen_2;K_03_097,name;D_01_021]	im	FullyOpen	0.0	0.0	0.0	Closed	0.0	DominanceViolation	Straight	1	Hand	FingerRadial	nan	1	DominanceConditionViolation	1
[business;D_01_022,shark_2;E_02_071,busy;E_02_040]	imrp	FullyOpen	0.0	0.0	0.0	Closed	0.0	AsymmetricalSameHandshape	Straight	0	Hand	FingerRadial	FingerRadial	1	closed_b	0
[business;D_01_022,busy;E_02_040]	imrp	FullyOpen	0.0	0.0	0.0	Closed	0.0	AsymmetricalSameHandshape	BackAndForth	1	Hand	FingerRadial	FingerRadial	1	closed_b	0
[business;D_01_022,shark_2;E_02_071]	imrp	FullyOpen	0.0	0.0	0.0	Closed	0.0	AsymmetricalSameHandshape	BackAndForth	0	Hand	FingerRadial	nan	1	closed_b	0
[business;D_01_022,cross_2;H_01_007]	imrp	FullyOpen	0.0	0.0	0.0	Closed	0.0	AsymmetricalSameHandshape	Curved	0	Hand	FingerRadial	FingerRadial	1	closed_b	0
[business;D_01_022,cross_2;H_01_007]	imrp	FullyOpen	0.0	0.0	0.0	Closed	0.0	AsymmetricalSameHandshape	BackAndForth	0	Hand	FingerRadial	HandAway	1	closed_b	0
[woman_2;K_01_101,yesterday;D_01_024]	t	nan	nan	nan	nan	Open	nan	OneHanded	nan	0	Head	Chin	CheekNose	1	nan	0
[woman_2;K_01_101,yesterday;D_01_024]	t	nan	nan	nan	nan	Open	nan	OneHanded	Curved	0	Head	Chin	nan	1	nan	0
[saturday;D_01_028,bicycle;D_02_026]	imrp	FullyClosed	0.0	nan	0.0	Closed	1.0	SymmetricalOrAlternating	Circular	1	Neutral	Neutral	Neutral	0	nan	0
[saturday;D_01_028,bicycle;D_02_026]	imrp	FullyClosed	0.0	nan	0.0	Closed	1.0	OneHanded	Circular	1	Neutral	Neutral	Neutral	0	s	0
[dice;D_02_036,saturday;D_01_028]	imrp	FullyClosed	1.0	nan	0.0	Closed	1.0	OneHanded	Circular	1	Neutral	Neutral	Neutral	0	nan	0
[dice;D_02_036,saturday;D_01_028]	imrp	FullyClosed	0.0	nan	0.0	Closed	1.0	OneHanded	Straight	1	Neutral	Neutral	Neutral	0	nan	0
[saturday;D_01_028,hit_1;F_02_005]	imrp	FullyClosed	0.0	nan	0.0	Closed	1.0	OneHanded	Curved	1	Neutral	Neutral	Neutral	0	nan	0
[saturday;D_01_028,hit_1;F_02_005]	imrp	FullyClosed	0.0	nan	0.0	Closed	1.0	OneHanded	Circular	0	Neutral	Neutral	Neutral	0	nan	0
[saturday;D_01_028,yes;G_03_074]	imrp	FullyClosed	0.0	nan	0.0	Closed	1.0	OneHanded	Straight	1	Neutral	Neutral	Neutral	0	nan	0
[saturday;D_01_028,yes;G_03_074]	imrp	FullyClosed	0.0	nan	0.0	Closed	1.0	OneHanded	Circular	1	Neutral	Neutral	nan	0	nan	0
[gossip;D_01_029,picnic;E_03_040]	i	Flat	1.0	nan	nan	Open	1.0	SymmetricalOrAlternating	Straight	1	Head	Mouth	HeadAway	0	g	0
[gossip;D_01_029,picnic;E_03_040]	i	Flat	1.0	nan	nan	Open	1.0	SymmetricalOrAlternating	Circular	1	Head	Mouth	HeadAway	1	g	0
[small;D_01_030,heavy;F_01_085]	imrp	Curved	0.0	1.0	0.0	Open	0.0	SymmetricalOrAlternating	Straight	1	Neutral	Neutral	Neutral	0	c	0
[small;D_01_030,heavy;F_01_085]	imrp	Curved	0.0	0.0	0.0	Open	0.0	SymmetricalOrAlternating	Straight	1	Neutral	Neutral	Neutral	0	curved_5	0
[small;D_01_030,give_up;H_03_028]	imrp	Curved	1.0	0.0	0.0	Open	0.0	SymmetricalOrAlternating	Straight	1	Neutral	Neutral	Neutral	0	c	0
[small;D_01_030,greet_2;K_02_095]	imrp	Curved	0.0	0.0	0.0	Open	0.0	OneHanded	Straight	1	Neutral	Neutral	Neutral	0	c	0
[small;D_01_030,greet_2;K_02_095]	imrp	Curved	0.0	0.0	0.0	Open	0.0	SymmetricalOrAlternating	Straight	1	Neutral	Neutral	Neutral	0	nan	0
[cake;D_01_033,rake;D_03_021]	imrp	Curved	0.0	1.0	0.0	Open	0.0	AsymmetricalDifferentHandshape	Straight	1	Hand	Palm	HandAway	1	B	0
[cake;D_01_033,invest;F_03_045,sink;E_02_042]	im	Curved	0.0	1.0	0.0	Open	0.0	AsymmetricalDifferentHandshape	Straight	0	Hand	Palm	HandAway	1	B	0
[cake;D_01_033,sink;E_02_042]	imrp	FullyOpen	0.0	1.0	0.0	Open	0.0	AsymmetricalDifferentHandshape	Straight	0	Hand	Palm	HandAway	1	B	0
[cake;D_01_033,drown_5;K_01_045]	imrp	Curved	0.0	1.0	0.0	Open	0.0	AsymmetricalDifferentHandshape	Straight	0	Hand	FingerRadial	HandAway	1	B	0
[cake;D_01_033,drown_5;K_01_045]	imrp	Curved	0.0	1.0	0.0	Open	0.0	AsymmetricalDifferentHandshape	Straight	0	Hand	Palm	HandAway	1	5	0
[disappear;D_01_036,drown_4;K_03_077]	i	FullyOpen	0.0	nan	nan	Closed	0.0	AsymmetricalDifferentHandshape	Straight	0	Hand	Other	HandAway	1	5	0
[disappear;D_01_036,drown_4;K_03_077]	i	FullyOpen	1.0	nan	nan	Closed	0.0	AsymmetricalDifferentHandshape	Z-shaped	0	Hand	Other	HandAway	1	5	0
[bicycle;D_02_026,juggle;D_01_037]	imrp	FullyClosed	0.0	nan	1.0	Closed	1.0	SymmetricalOrAlternating	Circular	1	Neutral	Neutral	Neutral	0	s	0
[bicycle;D_02_026,juggle;D_01_037]	imrp	FullyClosed	1.0	nan	0.0	Closed	1.0	SymmetricalOrAlternating	Circular	1	Neutral	Neutral	Neutral	0	s	0
[many;D_03_065,juggle;D_01_037]	imrp	FullyClosed	1.0	nan	1.0	Closed	1.0	SymmetricalOrAlternating	nan	1	Neutral	Neutral	Neutral	0	s	0
[many;D_03_065,juggle;D_01_037]	imrp	FullyClosed	1.0	nan	1.0	Closed	1.0	SymmetricalOrAlternating	Circular	1	Neutral	Neutral	nan	0	s	0
[signing_fluently;F_03_069,juggle;D_01_037]	imrp	FullyClosed	1.0	nan	1.0	Closed	1.0	SymmetricalOrAlternating	nan	1	Neutral	Neutral	Neutral	0	s	0
[signing_fluently;F_03_069,juggle;D_01_037]	imrp	FullyClosed	1.0	nan	1.0	Closed	1.0	SymmetricalOrAlternating	Circular	0	Neutral	Neutral	Neutral	0	s	0
[long_line;D_01_038,wall;E_01_089]	imrp	FullyOpen	0.0	0.0	0.0	Closed	0.0	SymmetricalOrAlternating	Straight	0	Neutral	Neutral	Neutral	1	4	0
[long_line;D_01_038,wall;E_01_089]	imrp	FullyOpen	0.0	1.0	0.0	Closed	0.0	SymmetricalOrAlternating	Straight	0	Neutral	Neutral	Neutral	1	closed_b	0
[long_line;D_01_038,worse;H_01_011]	im	FullyOpen	0.0	1.0	0.0	Closed	0.0	SymmetricalOrAlternating	Straight	0	Neutral	Neutral	Neutral	1	4	0
[long_line;D_01_038,worse;H_01_011]	imrp	FullyOpen	0.0	1.0	0.0	Closed	0.0	SymmetricalOrAlternating	Straight	0	Neutral	Neutral	Neutral	1	v	0
[long_line;D_01_038,weave;H_02_081]	imrp	FullyOpen	1.0	1.0	0.0	Closed	0.0	SymmetricalOrAlternating	Straight	0	Neutral	Neutral	Neutral	1	4	0
[long_line;D_01_038,all_over_body;H_03_078]	imrp	FullyOpen	0.0	1.0	0.0	Open	0.0	SymmetricalOrAlternating	Straight	0	Neutral	Neutral	Neutral	1	4	0
[long_line;D_01_038,all_over_body;H_03_078]	imrp	FullyOpen	0.0	1.0	0.0	Closed	0.0	SymmetricalOrAlternating	Straight	0	Neutral	Neutral	Neutral	1	5	0
[teeth;D_01_040,toothbrush;D_03_073]	i	Flat	0.0	nan	nan	Closed	0.0	OneHanded	Curved	1	Head	HeadAway	HeadAway	0	nan	0
[teeth;D_01_040,toothbrush;D_03_073]	i	Bent	0.0	nan	nan	Closed	0.0	OneHanded	Straight	1	Head	HeadAway	HeadAway	0	nan	0
[scar_memory;F_03_089,teeth;D_01_040]	i	Bent	0.0	nan	nan	Closed	0.0	OneHanded	Straight	1	Head	HeadAway	HeadAway	0	nan	0
[scar_memory;F_03_089,teeth;D_01_040]	i	Bent	0.0	nan	nan	Closed	0.0	OneHanded	Curved	0	Head	HeadAway	HeadAway	0	nan	0
[hatbrim;J_03_106,teeth;D_01_040]	i	Bent	0.0	nan	nan	Open	0.0	OneHanded	Curved	1	Head	HeadAway	HeadAway	0	nan	0
[hatbrim;J_03_106,teeth;D_01_040]	i	Bent	0.0	nan	nan	Closed	1.0	OneHanded	Curved	1	Head	HeadAway	HeadAway	0	nan	0
[list;D_01_041,take_notes;F_03_094]	imrp	Curved	0.0	0.0	0.0	Open	0.0	AsymmetricalDifferentHandshape	Z-shaped	0	Hand	FingerFront	Palm	1	B	0
[list;D_01_041,take_notes;F_03_094]	imrp	Flat	0.0	0.0	0.0	Open	1.0	AsymmetricalDifferentHandshape	Z-shaped	0	Hand	FingerFront	Palm	1	B	0
[often;J_02_106,list;D_01_041]	imrp	Flat	0.0	0.0	0.0	Open	0.0	AsymmetricalDifferentHandshape	Z-shaped	0	Hand	Palm	Palm	1	B	0
[often;J_02_106,list;D_01_041]	imrp	Flat	0.0	0.0	0.0	Open	0.0	AsymmetricalDifferentHandshape	Z-shaped	0	Hand	FingerFront	FingerFront	1	B	0
[help;D_01_042,yourself;E_02_081]	t	nan	nan	nan	nan	Open	nan	AsymmetricalDifferentHandshape	Straight	1	Hand	FingerRadial	nan	1	B	0
[help;D_01_042,yourself;E_02_081]	t	nan	nan	nan	nan	Open	nan	AsymmetricalDifferentHandshape	Straight	1	Hand	Palm	nan	1	1	0
[sculpture;E_03_045,help;D_01_042]	t	nan	nan	nan	nan	Open	nan	AsymmetricalDifferentHandshape	Curved	1	Hand	Palm	nan	1	B	0
[sculpture;E_03_045,help;D_01_042]	t	nan	nan	nan	nan	Open	nan	AsymmetricalDifferentHandshape	Straight	1	Hand	Palm	HandAway	1	B	0
[wash_dishes;F_01_070,help;D_01_042]	t	nan	nan	nan	nan	Open	nan	AsymmetricalDifferentHandshape	Circular	1	Hand	Palm	nan	1	B	0
[wash_dishes;F_01_070,help;D_01_042]	t	nan	nan	nan	nan	Open	nan	AsymmetricalDifferentHandshape	Straight	1	Hand	Palm	Palm	1	B	0
[help;D_01_042,commute;H_02_044]	t	nan	nan	nan	nan	Open	nan	AsymmetricalDifferentHandshape	Straight	1	Hand	PalmBack	nan	1	B	0
[help;D_01_042,commute;H_02_044]	t	nan	nan	nan	nan	Open	nan	AsymmetricalDifferentHandshape	Straight	1	Hand	Palm	HandAway	1	B	0
[surgery;H_03_046,help;D_01_042]	t	nan	nan	nan	nan	Open	nan	AsymmetricalDifferentHandshape	Straight	0	Hand	Palm	nan	1	B	0
[surgery;H_03_046,help;D_01_042]	t	nan	nan	nan	nan	Open	nan	AsymmetricalDifferentHandshape	Straight	1	Hand	Palm	Heel	1	B	0
[cancer;G_03_056,chicago;D_01_043]	imrp	Curved	nan	0.0	0.0	Open	0.0	OneHanded	BackAndForth	0	Neutral	Neutral	Neutral	0	nan	0
[throw_2;K_01_068,chicago;D_01_043]	imrp	Curved	0.0	1.0	0.0	Open	0.0	OneHanded	BackAndForth	0	Neutral	Neutral	Neutral	0	nan	0
[chicago;D_01_043,pour_2;K_01_094]	imrp	Curved	0.0	0.0	0.0	Open	0.0	OneHanded	BackAndForth	0	Neutral	Neutral	Neutral	0	nan	1
[chicago;D_01_043,greet_2;K_02_095]	imrp	Curved	0.0	0.0	0.0	Open	0.0	OneHanded	BackAndForth	1	Neutral	Neutral	Neutral	0	nan	0
[afternoon;J_01_040,not_yet;D_01_044]	imrp	FullyOpen	0.0	0.0	0.0	Open	0.0	OneHanded	nan	1	Neutral	Neutral	nan	0	nan	0
[afternoon;J_01_040,not_yet;D_01_044]	imrp	FullyOpen	1.0	0.0	0.0	Closed	0.0	OneHanded	nan	1	Neutral	Neutral	nan	0	nan	0
[skateboarding_3;K_02_110,not_yet;D_01_044]	imrp	FullyOpen	1.0	0.0	0.0	Open	0.0	AsymmetricalDifferentHandshape	nan	1	Neutral	Neutral	nan	0	nan	0
[skateboarding_3;K_02_110,not_yet;D_01_044]	imrp	FullyOpen	1.0	0.0	0.0	Open	0.0	OneHanded	nan	1	Neutral	Neutral	nan	0	B	0
[canoe;D_01_045,break;D_01_069]	imrp	FullyClosed	0.0	nan	0.0	Closed	1.0	SymmetricalOrAlternating	Curved	0	Neutral	Neutral	Neutral	1	s	0
[canoe;D_01_045,break;D_01_069]	imrp	FullyClosed	0.0	nan	0.0	Closed	1.0	SymmetricalOrAlternating	Curved	0	Neutral	Neutral	Neutral	0	s	1
[canoe;D_01_045,bicycle;D_02_026]	imrp	FullyClosed	0.0	nan	0.0	Closed	1.0	SymmetricalOrAlternating	Circular	0	Neutral	Neutral	Neutral	0	s	0
[canoe;D_01_045,bicycle;D_02_026]	imrp	FullyClosed	0.0	nan	0.0	Closed	1.0	SymmetricalOrAlternating	Curved	1	Neutral	Neutral	Neutral	0	s	0
[slave;E_03_094,canoe;D_01_045]	imrp	FullyClosed	0.0	nan	0.0	Closed	1.0	SymmetricalOrAlternating	Curved	1	Neutral	Neutral	Neutral	0	s	0
[slave;E_03_094,canoe;D_01_045]	imrp	FullyClosed	0.0	nan	0.0	Closed	1.0	SymmetricalOrAlternating	Curved	0	Neutral	Neutral	Neutral	1	s	0
[canoe;D_01_045,hit_1;F_02_005]	imrp	FullyClosed	0.0	nan	0.0	Closed	1.0	OneHanded	Curved	0	Neutral	Neutral	Neutral	0	s	0
[canoe;D_01_045,hit_1;F_02_005]	imrp	FullyClosed	0.0	nan	0.0	Closed	1.0	SymmetricalOrAlternating	Curved	0	Neutral	Neutral	Neutral	0	nan	0
[support_2;F_03_066,canoe;D_01_045]	imrp	FullyClosed	0.0	nan	0.0	Closed	1.0	SymmetricalOrAlternating	Straight	0	Neutral	Neutral	Neutral	0	s	0
[support_2;F_03_066,canoe;D_01_045]	imrp	FullyClosed	0.0	nan	0.0	Closed	1.0	SymmetricalOrAlternating	Curved	0	Neutral	Neutral	Neutral	1	s	0
[canoe;D_01_045,structure;H_01_035]	imrp	FullyClosed	0.0	nan	0.0	Closed	1.0	SymmetricalOrAlternating	Other	0	Neutral	Neutral	Neutral	0	s	0
[canoe;D_01_045,structure;H_01_035]	imrp	FullyClosed	0.0	nan	0.0	Closed	1.0	SymmetricalOrAlternating	Curved	0	Neutral	Neutral	Neutral	1	s	0
[canoe;D_01_045,system;H_01_061]	imrp	FullyClosed	0.0	nan	0.0	Closed	1.0	SymmetricalOrAlternating	BackAndForth	0	Neutral	Neutral	Neutral	0	s	0
[canoe;D_01_045,system;H_01_061]	imrp	FullyClosed	0.0	nan	0.0	Closed	1.0	SymmetricalOrAlternating	Curved	0	Neutral	Neutral	Neutral	1	s	0
[canoe;D_01_045,toss_out;H_02_037]	imrp	FullyClosed	1.0	nan	0.0	Closed	1.0	SymmetricalOrAlternating	Curved	0	Neutral	Neutral	Neutral	0	s	0
[canoe;D_01_045,toss_out;H_02_037]	imrp	FullyClosed	0.0	nan	0.0	Closed	1.0	SymmetricalOrAlternating	BackAndForth	0	Neutral	Neutral	Neutral	0	s	0
[ski-ca;K_03_033,canoe;D_01_045]	imrp	FullyClosed	0.0	nan	nan	Closed	1.0	SymmetricalOrAlternating	Curved	0	Neutral	Neutral	Neutral	0	s	0
[ski-ca;K_03_033,canoe;D_01_045]	imrp	FullyClosed	0.0	nan	0.0	Closed	1.0	SymmetricalOrAlternating	Curved	1	Neutral	Neutral	Neutral	0	s	0
[japan;D_01_046,fashion;J_01_010]	i	Flat	1.0	nan	nan	Open	1.0	SymmetricalOrAlternating	Curved	1	Neutral	Neutral	Neutral	1	g	0
[japan;D_01_046,fashion;J_01_010]	i	Flat	1.0	nan	nan	Open	1.0	SymmetricalOrAlternating	Straight	1	Neutral	Neutral	Neutral	0	g	0
[thanksgiving;D_01_047,kiss_2;E_03_088]	imrp	Flat	0.0	0.0	0.0	Open	0.0	OneHanded	nan	0	Head	Mouth	nan	1	nan	0
[thanksgiving;D_01_047,kiss_2;E_03_088]	im	Flat	0.0	0.0	0.0	Open	1.0	OneHanded	nan	0	Head	Mouth	nan	1	nan	0
[wash_hands;F_01_056,paint;D_01_048]	imrp	FullyOpen	0.0	0.0	0.0	Open	0.0	AsymmetricalSameHandshape	Straight	1	Hand	FingerFront	Palm	1	open_b	0
[wash_hands;F_01_056,paint;D_01_048]	imrp	FullyOpen	1.0	0.0	0.0	Open	0.0	AsymmetricalSameHandshape	Circular	1	Hand	FingerFront	Palm	1	open_b	0
[idea;D_01_085,penny;D_01_049]	p	Flat	0.0	nan	nan	Closed	0.0	OneHanded	Straight	0	Head	Forehead	HeadAway	1	nan	0
[idea;D_01_085,penny;D_01_049]	i	FullyOpen	0.0	nan	nan	Closed	0.0	OneHanded	Straight	0	Head	Forehead	HeadAway	1	nan	0
[red_faced;F_03_030,penny;D_01_049]	i	FullyOpen	0.0	nan	nan	Closed	0.0	OneHanded	Straight	0	Head	Forehead	HeadAway	1	nan	0
[red_faced;F_03_030,penny;D_01_049]	i	Flat	0.0	nan	nan	Closed	0.0	OneHanded	Straight	0	Head	Chin	HeadAway	1	nan	0
[all_over_body;H_03_078,match;D_01_050]	imrp	FullyOpen	0.0	1.0	0.0	Open	0.0	SymmetricalOrAlternating	Straight	0	Neutral	Neutral	Neutral	1	spread_open_e	0
[all_over_body;H_03_078,match;D_01_050]	imrp	Bent	0.0	1.0	0.0	Open	0.0	SymmetricalOrAlternating	Straight	0	Neutral	Neutral	Neutral	1	5	0
[highlighter;G_01_020,write;D_01_051]	i	Bent	0.0	nan	nan	Open	1.0	AsymmetricalDifferentHandshape	Straight	0	Hand	Palm	HandAway	1	B	0
[highlighter;G_01_020,write;D_01_051]	i	Bent	0.0	nan	nan	Open	1.0	AsymmetricalDifferentHandshape	Straight	1	Hand	Palm	FingerFront	1	B	0
[score;H_01_060,write;D_01_051]	i	Curved	0.0	nan	nan	Open	1.0	AsymmetricalDifferentHandshape	Straight	1	Hand	Palm	HandAway	1	B	0
[score;H_01_060,write;D_01_051]	i	Bent	0.0	nan	nan	Open	1.0	AsymmetricalDifferentHandshape	Straight	0	Hand	Palm	HandAway	1	B	0
[get_information_out_of;E_01_057,corkscrew;D_01_053]	imrp	FullyClosed	0.0	nan	0.0	Closed	1.0	AsymmetricalSameHandshape	Circular	1	Hand	FingerRadial	HandAway	0	s	1
[get_information_out_of;E_01_057,corkscrew;D_01_053]	imrp	FullyClosed	0.0	nan	0.0	Closed	1.0	AsymmetricalSameHandshape	Straight	1	Hand	HandAway	HandAway	0	s	1
[heart_touch;E_03_097,birthday;D_01_054]	m	Flat	0.0	nan	nan	Open	0.0	OneHanded	nan	0	Body	Chin	nan	1	nan	0
[heart_touch;E_03_097,birthday;D_01_054]	m	Flat	0.0	nan	nan	Open	0.0	OneHanded	nan	0	Head	TorsoTop	nan	1	nan	0
[birthday;D_01_054,chin_2;F_02_070]	i	Flat	0.0	nan	nan	Open	0.0	OneHanded	nan	0	Head	Chin	nan	1	nan	0
[birthday;D_01_054,chin_2;F_02_070]	m	Flat	0.0	nan	nan	Closed	0.0	OneHanded	nan	0	Head	Chin	nan	1	nan	0
[stink;H_01_064,birthday;D_01_054]	i	Flat	0.0	nan	nan	Open	0.0	OneHanded	nan	0	Head	Chin	nan	1	nan	0
[stink;H_01_064,birthday;D_01_054]	m	Flat	0.0	nan	nan	Open	0.0	OneHanded	nan	0	Head	CheekNose	nan	1	nan	0
[california;H_02_038,birthday;D_01_054]	ip	Flat	0.0	nan	nan	Open	0.0	OneHanded	nan	0	Head	Chin	nan	1	nan	0
[california;H_02_038,birthday;D_01_054]	m	Flat	0.0	nan	nan	Open	0.0	OneHanded	nan	0	Head	Other	nan	1	nan	0
[birthday;D_01_054,model_1;H_02_089]	m	Flat	0.0	nan	nan	Open	0.0	OneHanded	nan	0	Body	Chin	nan	1	nan	0
[birthday;D_01_054,model_1;H_02_089]	m	Flat	0.0	nan	nan	Open	0.0	OneHanded	nan	0	Head	Shoulder	nan	1	nan	0
[handsome_4;J_03_018,birthday;D_01_054]	m	Flat	0.0	nan	nan	Open	0.0	OneHanded	Curved	0	Head	Chin	nan	1	nan	0
[handsome_4;J_03_018,birthday;D_01_054]	m	Flat	0.0	nan	nan	Open	0.0	OneHanded	nan	0	Head	Chin	Forehead	1	nan	0
[boat;D_01_055,request;E_01_024]	imrp	FullyOpen	0.0	0.0	0.0	Open	0.0	SymmetricalOrAlternating	Curved	0	Neutral	Neutral	nan	1	open_b	0
[yeah;D_01_058,insurance;D_02_030]	p	FullyOpen	0.0	nan	nan	Closed	0.0	OneHanded	Straight	1	Neutral	Neutral	nan	0	nan	0
[yeah;D_01_058,insurance;D_02_030]	p	FullyOpen	0.0	nan	nan	Open	0.0	OneHanded	Straight	1	Neutral	Neutral	Neutral	0	nan	0
[airplane;D_03_068,yeah;D_01_058]	ip	FullyOpen	0.0	nan	nan	Open	0.0	OneHanded	Straight	1	Neutral	Neutral	nan	0	nan	0
[airplane;D_03_068,yeah;D_01_058]	p	FullyOpen	0.0	nan	nan	Open	0.0	OneHanded	Straight	1	Neutral	Neutral	Neutral	0	nan	0
[yeah;D_01_058,pitcher;G_01_028]	p	FullyOpen	0.0	nan	nan	Open	0.0	OneHanded	Curved	1	Neutral	Neutral	nan	0	nan	0
[yeah;D_01_058,pitcher;G_01_028]	p	FullyOpen	0.0	nan	nan	Open	0.0	OneHanded	Straight	1	Neutral	Neutral	nan	0	nan	1
[promote;D_01_061,category;E_01_034]	imrp	Curved	0.0	0.0	0.0	Open	0.0	SymmetricalOrAlternating	Curved	0	Neutral	Neutral	Neutral	0	flat_b	0
[promote;D_01_061,category;E_01_034]	imrp	Flat	0.0	0.0	0.0	Open	0.0	SymmetricalOrAlternating	Curved	0	Neutral	Neutral	Neutral	0	c	0
[promote;D_01_061,step;E_01_070]	imrp	Flat	0.0	0.0	0.0	Closed	0.0	SymmetricalOrAlternating	Curved	0	Neutral	Neutral	Neutral	0	flat_b	0
[promote;D_01_061,step;E_01_070]	imrp	Flat	0.0	0.0	0.0	Open	0.0	AsymmetricalSameHandshape	Curved	0	Neutral	Neutral	Neutral	0	flat_b	0
[promote;D_01_061,lift;G_02_082]	imrp	FullyOpen	0.0	0.0	0.0	Open	0.0	SymmetricalOrAlternating	Curved	0	Neutral	Neutral	Neutral	0	flat_b	0
[promote;D_01_061,lift;G_02_082]	imrp	Flat	0.0	0.0	0.0	Open	0.0	SymmetricalOrAlternating	Curved	0	Neutral	Neutral	Neutral	0	open_b	0
[promote;D_01_061,wrap_up_2;K_02_062,go_ahead;J_01_041]	imrp	Flat	0.0	0.0	0.0	Open	0.0	SymmetricalOrAlternating	Circular	0	Neutral	Neutral	Neutral	0	flat_b	0
[sculpture;E_03_045,iron;D_01_063]	t	nan	nan	nan	nan	Open	nan	AsymmetricalDifferentHandshape	Curved	1	Hand	Palm	FingerFront	1	B	0
[sculpture;E_03_045,iron;D_01_063]	t	nan	nan	nan	nan	Open	nan	AsymmetricalDifferentHandshape	Straight	1	Hand	Palm	HandAway	1	B	0
[wash_dishes;F_01_070,iron;D_01_063]	t	nan	nan	nan	nan	Open	nan	AsymmetricalDifferentHandshape	Circular	1	Hand	Palm	FingerFront	1	B	0
[wash_dishes;F_01_070,iron;D_01_063]	t	nan	nan	nan	nan	Open	nan	AsymmetricalDifferentHandshape	Straight	1	Hand	Palm	Palm	1	B	0
[iron;D_01_063,commute;H_02_044]	t	nan	nan	nan	nan	Open	nan	AsymmetricalDifferentHandshape	Straight	1	Hand	PalmBack	FingerFront	1	B	0
[iron;D_01_063,commute;H_02_044]	t	nan	nan	nan	nan	Open	nan	AsymmetricalDifferentHandshape	Straight	1	Hand	Palm	HandAway	1	B	0
[surgery;H_03_046,iron;D_01_063]	t	nan	nan	nan	nan	Open	nan	AsymmetricalDifferentHandshape	Straight	0	Hand	Palm	FingerFront	1	B	0
[surgery;H_03_046,iron;D_01_063]	t	nan	nan	nan	nan	Open	nan	AsymmetricalDifferentHandshape	Straight	1	Hand	Palm	Heel	1	B	0
[lead;J_01_046,iron;D_01_063]	t	nan	nan	nan	nan	Open	nan	AsymmetricalDifferentHandshape	Straight	1	Hand	FingerTip	FingerFront	1	B	0
[lead;J_01_046,iron;D_01_063]	t	nan	nan	nan	nan	Open	nan	AsymmetricalDifferentHandshape	Straight	1	Hand	Palm	nan	1	B	0
[out;E_02_066,in;E_03_062,copy;D_01_064]	imrp	Flat	0.0	1.0	1.0	Open	1.0	AsymmetricalDifferentHandshape	Straight	0	Hand	Palm	HandAway	1	C	0
[in;E_03_062,copy;D_01_064]	imrp	Flat	0.0	1.0	1.0	Open	1.0	AsymmetricalDifferentHandshape	Straight	0	Hand	Palm	nan	1	B	0
[run_out_of;G_01_077,copy;D_01_064]	imrp	Flat	0.0	0.0	1.0	Open	1.0	AsymmetricalDifferentHandshape	Straight	0	Hand	Palm	HandAway	1	B	0
[slave;E_03_094,break;D_01_069]	imrp	FullyClosed	0.0	nan	0.0	Closed	1.0	SymmetricalOrAlternating	Curved	1	Neutral	Neutral	Neutral	1	s	1
[slave;E_03_094,break;D_01_069]	imrp	FullyClosed	0.0	nan	0.0	Closed	1.0	SymmetricalOrAlternating	Curved	0	Neutral	Neutral	Neutral	1	s	0
[support_2;F_03_066,break;D_01_069]	imrp	FullyClosed	0.0	nan	0.0	Closed	1.0	SymmetricalOrAlternating	Straight	0	Neutral	Neutral	Neutral	1	s	1
[support_2;F_03_066,break;D_01_069]	imrp	FullyClosed	0.0	nan	0.0	Closed	1.0	SymmetricalOrAlternating	Curved	0	Neutral	Neutral	Neutral	1	s	0
[structure;H_01_035,break;D_01_069]	imrp	FullyClosed	0.0	nan	0.0	Closed	1.0	SymmetricalOrAlternating	Other	0	Neutral	Neutral	Neutral	1	s	1
[structure;H_01_035,break;D_01_069]	imrp	FullyClosed	0.0	nan	0.0	Closed	1.0	SymmetricalOrAlternating	Curved	0	Neutral	Neutral	Neutral	1	s	0
[system;H_01_061,break;D_01_069]	imrp	FullyClosed	0.0	nan	0.0	Closed	1.0	SymmetricalOrAlternating	BackAndForth	0	Neutral	Neutral	Neutral	1	s	1
[system;H_01_061,break;D_01_069]	imrp	FullyClosed	0.0	nan	0.0	Closed	1.0	SymmetricalOrAlternating	Curved	0	Neutral	Neutral	Neutral	1	s	0
[easy;D_01_070,window_open;E_02_075,from_then_on;H_02_040,end;E_01_074]	imrp	FullyOpen	0.0	0.0	0.0	Open	0.0	AsymmetricalSameHandshape	Straight	0	Hand	FingerBack	HandAway	1	open_b	0
[easy;D_01_070,easy_to_do;G_02_073]	imrp	FullyOpen	1.0	0.0	0.0	Open	0.0	AsymmetricalSameHandshape	Straight	1	Hand	FingerBack	HandAway	1	open_b	0
[easy;D_01_070,easy_to_do;G_02_073,minimum;J_03_077]	imrp	FullyOpen	0.0	0.0	0.0	Open	0.0	AsymmetricalSameHandshape	nan	1	Hand	FingerBack	HandAway	1	open_b	0
[produce_sign;J_03_051,lobster;D_01_072]	imrp	Curved	1.0	1.0	0.0	Open	1.0	SymmetricalOrAlternating	nan	1	Neutral	Neutral	nan	0	o	0
[produce_sign;J_03_051,lobster;D_01_072]	imrp	Curved	1.0	0.0	0.0	Open	1.0	SymmetricalOrAlternating	nan	1	Neutral	Neutral	nan	0	curved_5	0
[sail;D_01_074,east;D_03_082]	imrp	Bent	0.0	0.0	0.0	Open	1.0	OneHanded	Straight	0	Neutral	Neutral	Neutral	0	nan	0
[sail;D_01_074,east;D_03_082]	imrp	Curved	0.0	0.0	0.0	Closed	1.0	OneHanded	Straight	0	Neutral	Neutral	Neutral	0	nan	0
[sail;D_01_074,sow;H_01_075,send;E_02_009]	imrp	Curved	1.0	0.0	0.0	Open	1.0	OneHanded	Straight	0	Neutral	Neutral	Neutral	0	nan	0
[sail;D_01_074,send;E_02_009]	imrp	Curved	0.0	0.0	1.0	Open	1.0	OneHanded	Straight	0	Neutral	Neutral	Neutral	0	nan	0
[sail;D_01_074,his;F_02_058]	imrp	FullyOpen	0.0	0.0	0.0	Open	1.0	OneHanded	Straight	0	Neutral	Neutral	Neutral	0	nan	0
[sail;D_01_074,ok;F_03_080]	imrp	Curved	nan	0.0	0.0	Open	1.0	OneHanded	Straight	0	Neutral	Neutral	Neutral	0	nan	0
[sail;D_01_074,ok;F_03_080]	imrp	Curved	0.0	0.0	nan	Open	1.0	OneHanded	Straight	0	Neutral	Neutral	Neutral	0	nan	0
[cancer;G_03_056,sail;D_01_074]	imrp	Curved	nan	0.0	0.0	Open	1.0	OneHanded	Straight	0	Neutral	Neutral	Neutral	0	nan	0
[introduce;D_01_076,swim;E_03_053]	imrp	Flat	0.0	0.0	0.0	Open	0.0	SymmetricalOrAlternating	Curved	1	Neutral	Neutral	Neutral	0	flat_b	1
[limited;G_01_003,introduce;D_01_076,go_ahead;J_01_041]	imrp	Flat	0.0	0.0	0.0	Open	0.0	SymmetricalOrAlternating	Straight	0	Neutral	Neutral	Neutral	0	flat_b	1
[limited;G_01_003,introduce;D_01_076]	imrp	Flat	0.0	0.0	0.0	Open	0.0	SymmetricalOrAlternating	Curved	0	Neutral	Neutral	nan	0	flat_b	1
[bury;K_01_081,introduce;D_01_076]	imrp	Flat	1.0	0.0	0.0	Open	0.0	SymmetricalOrAlternating	Curved	0	Neutral	Neutral	Neutral	0	flat_b	1
[introduce;D_01_076,castle_4;K_03_110]	imrp	Flat	0.0	0.0	0.0	Open	0.0	SymmetricalOrAlternating	Curved	0	Neutral	Neutral	Neutral	1	flat_b	1
[later;D_01_077,there;D_02_060]	i	FullyOpen	0.0	nan	nan	Closed	0.0	OneHanded	Straight	0	Neutral	Neutral	Neutral	0	nan	0
[later;D_01_077,there;D_02_060]	i	FullyOpen	0.0	nan	nan	Open	0.0	OneHanded	Straight	0	Neutral	Neutral	nan	0	nan	0
[later;D_01_077,italy;D_02_074]	i	Curved	0.0	nan	nan	Open	0.0	OneHanded	Straight	0	Neutral	Neutral	Neutral	0	nan	0
[later;D_01_077,italy;D_02_074]	i	FullyOpen	0.0	nan	nan	Open	0.0	OneHanded	Z-shaped	0	Neutral	Neutral	Neutral	0	nan	0
[later;D_01_077,airplane;D_03_068]	ip	FullyOpen	0.0	nan	nan	Open	0.0	OneHanded	Straight	0	Neutral	Neutral	Neutral	0	nan	0
[later;D_01_077,airplane;D_03_068]	i	FullyOpen	0.0	nan	nan	Open	0.0	OneHanded	Straight	1	Neutral	Neutral	Neutral	0	nan	0
[later;D_01_077,flip_switch;E_01_066]	i	Bent	0.0	nan	nan	Open	0.0	OneHanded	Straight	0	Neutral	Neutral	Neutral	0	nan	0
[later;D_01_077,flip_switch;E_01_066]	i	FullyOpen	0.0	nan	nan	Open	1.0	OneHanded	Straight	0	Neutral	Neutral	Neutral	0	nan	0
[later;D_01_077,hose;E_02_054]	i	Bent	0.0	nan	nan	Open	0.0	OneHanded	Straight	0	Neutral	Neutral	Neutral	0	nan	0
[later;D_01_077,hose;E_02_054]	i	FullyOpen	0.0	nan	nan	Open	0.0	OneHanded	Straight	1	Neutral	Neutral	Neutral	0	nan	0
[later;D_01_077,half;F_03_040]	i	FullyOpen	nan	nan	nan	Open	0.0	OneHanded	Straight	0	Neutral	Neutral	Neutral	0	nan	0
[later;D_01_077,half;F_03_040]	i	FullyOpen	0.0	nan	nan	Closed	0.0	OneHanded	Straight	0	Neutral	Neutral	Neutral	0	nan	0
[later;D_01_077,quarter;H_02_049]	i	Flat	0.0	nan	nan	Open	0.0	OneHanded	Straight	0	Neutral	Neutral	Neutral	0	nan	0
[later;D_01_077,quarter;H_02_049]	i	FullyOpen	0.0	nan	nan	Open	0.0	OneHanded	Straight	1	Neutral	Neutral	Neutral	0	nan	0
[instagram;H_03_083,later;D_01_077]	i	Curved	0.0	nan	nan	Open	0.0	OneHanded	Straight	0	Neutral	Neutral	Neutral	0	nan	0
[instagram;H_03_083,later;D_01_077]	i	FullyOpen	0.0	nan	nan	Open	0.0	OneHanded	Straight	1	Neutral	Neutral	Neutral	0	nan	0
[later;D_01_077,gun_3;K_01_069]	i	FullyOpen	0.0	nan	nan	Open	0.0	OneHanded	Curved	0	Neutral	Neutral	Neutral	0	nan	0
[later;D_01_077,gun_3;K_01_069]	i	FullyOpen	0.0	nan	nan	Open	0.0	OneHanded	Straight	0	Neutral	Neutral	nan	0	nan	0
[later;D_01_077,point_index;K_02_083]	i	Flat	0.0	nan	nan	Open	0.0	OneHanded	Straight	0	Neutral	Neutral	Neutral	0	nan	0
[later;D_01_077,point_index;K_02_083]	i	FullyOpen	0.0	nan	nan	Closed	0.0	OneHanded	Straight	0	Neutral	Neutral	Neutral	0	nan	0
[later;D_01_077,tiny;K_03_019]	i	Bent	0.0	nan	nan	Open	0.0	OneHanded	Straight	0	Neutral	Neutral	Neutral	0	nan	0
[later;D_01_077,tiny;K_03_019]	i	FullyOpen	0.0	nan	nan	Open	0.0	OneHanded	Straight	0	Neutral	Neutral	nan	0	nan	0
[later;D_01_077,cross_3;K_03_028]	i	Curved	0.0	nan	nan	Open	0.0	OneHanded	Straight	0	Neutral	Neutral	Neutral	0	nan	0
[later;D_01_077,cross_3;K_03_028]	i	FullyOpen	0.0	nan	nan	Open	0.0	OneHanded	X-shaped	0	Neutral	Neutral	Neutral	0	nan	0
[duck;D_01_079,tongue;G_03_057]	im	Flat	1.0	0.0	0.0	Closed	1.0	OneHanded	nan	1	Head	Mouth	nan	1	nan	0
[duck;D_01_079,tongue;G_03_057]	im	Flat	1.0	0.0	0.0	Open	0.0	OneHanded	nan	1	Head	Mouth	nan	1	nan	0
[duck;D_01_079,talk_2;H_01_023]	im	Flat	1.0	0.0	0.0	Open	1.0	OneHanded	nan	1	Head	Mouth	nan	0	nan	0
[learn_lesson;E_02_041,husband;D_01_082]	imrp	Curved	0.0	0.0	0.0	Open	1.0	OneHanded	nan	0	Head	Forehead	nan	1	nan	0
[goatee;G_01_074,learn_lesson;E_02_041,husband;D_01_082,hear_2;J_02_006]	imrp	Curved	0.0	0.0	0.0	Open	0.0	OneHanded	Straight	0	Head	Forehead	nan	1	nan	0
[enough;D_01_084,window_open;E_02_075]	imrp	FullyOpen	0.0	0.0	0.0	Open	0.0	AsymmetricalSameHandshape	Straight	0	Hand	FingerRadial	HandAway	1	S	0
[enough;D_01_084,window_open;E_02_075]	imrp	FullyOpen	0.0	0.0	0.0	Open	0.0	AsymmetricalDifferentHandshape	Straight	0	Hand	FingerRadial	HandAway	1	open_b	0
[enough;D_01_084,get_through;F_03_047]	imrp	FullyOpen	0.0	0.0	0.0	Open	0.0	AsymmetricalDifferentHandshape	Straight	0	Hand	FingerFront	HandAway	1	S	0
[enough;D_01_084,get_through;F_03_047]	imrp	FullyOpen	0.0	0.0	0.0	Open	0.0	AsymmetricalDifferentHandshape	Straight	0	Hand	FingerRadial	HandAway	1	5	0
[red_faced;F_03_030,idea;D_01_085]	i	FullyOpen	0.0	nan	nan	Closed	0.0	OneHanded	Straight	0	Head	Forehead	HeadAway	1	nan	0
[red_faced;F_03_030,idea;D_01_085]	p	FullyOpen	0.0	nan	nan	Closed	0.0	OneHanded	Straight	0	Head	Chin	HeadAway	1	nan	0
[operate_machine;G_02_026,minimum;J_03_077,sweep;D_01_086,next;E_03_080]	imrp	FullyOpen	0.0	0.0	0.0	Open	0.0	AsymmetricalSameHandshape	Curved	1	Hand	FingerTip	HandAway	1	open_b	0
[chop;F_02_099,sweep;D_01_086]	imrp	FullyOpen	0.0	0.0	0.0	Open	0.0	AsymmetricalSameHandshape	Other	1	Hand	Palm	HandAway	1	open_b	0
[chop;F_02_099,sweep;D_01_086]	imrp	FullyOpen	0.0	0.0	0.0	Open	0.0	AsymmetricalSameHandshape	Curved	1	Hand	Palm	Palm	1	open_b	0
[time_progress;H_02_061,sweep;D_01_086]	imrp	FullyOpen	0.0	0.0	0.0	Open	0.0	AsymmetricalSameHandshape	Curved	1	Hand	Palm	FingerFront	1	open_b	0
[sweep;D_01_086,take_off;H_03_050]	imrp	FullyOpen	1.0	0.0	0.0	Open	0.0	AsymmetricalSameHandshape	Curved	1	Hand	Palm	HandAway	1	open_b	0
[wrap_up_2;K_02_062,here;D_01_089]	imrp	Flat	0.0	0.0	0.0	Open	0.0	SymmetricalOrAlternating	Circular	1	Neutral	Neutral	Neutral	0	open_b	0
[wrap_up_2;K_02_062,here;D_01_089]	imrp	FullyOpen	0.0	0.0	0.0	Open	0.0	SymmetricalOrAlternating	Circular	1	Neutral	Neutral	Neutral	0	flat_b	0
[contact;D_03_022,pity;D_01_090]	m	Flat	0.0	nan	nan	Open	0.0	SymmetricalOrAlternating	Straight	1	Neutral	Neutral	Neutral	0	open_8	0
[contact;D_03_022,pity;D_01_090]	m	Flat	0.0	nan	nan	Open	0.0	SymmetricalOrAlternating	Curved	1	Neutral	Neutral	Neutral	1	open_8	0
[network;J_02_075,pity;D_01_090]	m	Flat	0.0	nan	nan	Open	0.0	SymmetricalOrAlternating	Circular	1	Neutral	Neutral	Neutral	0	open_8	0
[network;J_02_075,pity;D_01_090]	m	Flat	0.0	nan	nan	Open	0.0	SymmetricalOrAlternating	Curved	1	Neutral	Neutral	Neutral	1	open_8	0
[early;G_01_018,shiny;D_01_091]	m	Flat	0.0	nan	nan	Open	0.0	AsymmetricalDifferentHandshape	Straight	0	Hand	PalmBack	HandAway	1	B	1
[early;G_01_018,shiny;D_01_091]	m	Flat	0.0	nan	nan	Open	0.0	AsymmetricalDifferentHandshape	Straight	0	Hand	PalmBack	HandAway	1	C	0
[naked;H_01_087,shiny;D_01_091]	m	Flat	0.0	nan	nan	Open	0.0	AsymmetricalDifferentHandshape	Curved	0	Hand	PalmBack	HandAway	1	C	1
[naked;H_01_087,shiny;D_01_091]	m	Flat	0.0	nan	nan	Open	0.0	AsymmetricalDifferentHandshape	Straight	0	Hand	PalmBack	HandAway	1	C	0
[cloud;D_01_092,cloud_3;K_02_071]	imrp	Curved	0.0	1.0	0.0	Open	0.0	SymmetricalOrAlternating	Circular	1	Neutral	Neutral	Neutral	0	curved_5	1
[february;D_01_093,w.h.a.t;G_02_089]	p	Curved	nan	nan	nan	Open	1.0	OneHanded	nan	0	Neutral	Neutral	nan	0	nan	0
[february;D_01_093,w.h.a.t;G_02_089]	i	Curved	nan	nan	nan	Open	1.0	OneHanded	nan	0	Neutral	Neutral	nan	0	nan	1
[february;D_01_093,peg_2;K_03_083]	i	Flat	nan	nan	nan	Open	1.0	OneHanded	nan	0	Neutral	Neutral	nan	0	nan	0
[february;D_01_093,peg_2;K_03_083]	i	Curved	1.0	nan	nan	Open	1.0	OneHanded	nan	0	Neutral	Neutral	nan	0	nan	0
[loud;D_02_007,hear_1;E_01_097]	i	FullyOpen	0.0	nan	nan	Closed	0.0	OneHanded	nan	0	Head	Other	nan	1	1	0
[loud;D_02_007,hear_1;E_01_097]	i	FullyOpen	0.0	nan	nan	Closed	0.0	SymmetricalOrAlternating	nan	0	Head	Other	nan	1	nan	0
[skin;F_01_091,gold;D_02_009]	i	FullyOpen	0.0	nan	nan	Open	0.0	OneHanded	nan	0	Head	CheekNose	nan	1	nan	0
[skin;F_01_091,gold;D_02_009]	ip	Bent	0.0	nan	nan	Open	0.0	OneHanded	nan	0	Head	CheekNose	nan	1	nan	0
[stink;H_01_064,gold;D_02_009]	i	FullyOpen	0.0	nan	nan	Open	0.0	OneHanded	nan	0	Head	CheekNose	nan	1	nan	0
[stink;H_01_064,gold;D_02_009]	ip	Flat	0.0	nan	nan	Open	0.0	OneHanded	nan	0	Head	CheekNose	nan	1	nan	0
[california;H_02_038,gold;D_02_009]	ip	Flat	0.0	nan	nan	Open	0.0	OneHanded	nan	0	Head	CheekNose	nan	1	nan	0
[california;H_02_038,gold;D_02_009]	ip	FullyOpen	0.0	nan	nan	Open	0.0	OneHanded	nan	0	Head	Other	nan	1	nan	0
[specialist;H_01_038,thermometer;D_02_012]	i	FullyOpen	0.0	nan	nan	Closed	0.0	AsymmetricalSameHandshape	Straight	0	Hand	FingerRadial	FingerRadial	1	1	0
[specialist;H_01_038,thermometer;D_02_012]	i	FullyOpen	0.0	nan	nan	Closed	0.0	AsymmetricalSameHandshape	Straight	1	Hand	FingerRadial	HandAway	1	1	0
[thermometer;D_02_012,peel_1;H_03_052]	i	Bent	0.0	nan	nan	Closed	0.0	AsymmetricalSameHandshape	Straight	1	Hand	FingerRadial	FingerRadial	1	1	0
[thermometer;D_02_012,peel_1;H_03_052]	i	FullyOpen	0.0	nan	nan	Closed	0.0	AsymmetricalDifferentHandshape	Straight	1	Hand	FingerRadial	FingerRadial	1	1	0
[regular;J_01_067,thermometer;D_02_012]	i	FullyOpen	0.0	nan	nan	Closed	0.0	AsymmetricalSameHandshape	Curved	1	Hand	FingerRadial	FingerRadial	1	1	0
[regular;J_01_067,thermometer;D_02_012]	i	FullyOpen	0.0	nan	nan	Closed	0.0	AsymmetricalSameHandshape	Straight	1	Hand	FingerRadial	HandAway	1	1	0
[plus;J_03_045,thermometer;D_02_012]	i	FullyOpen	0.0	nan	nan	Closed	0.0	AsymmetricalSameHandshape	Straight	0	Hand	FingerRadial	FingerRadial	1	1	0
[plus;J_03_045,thermometer;D_02_012]	i	FullyOpen	0.0	nan	nan	Closed	0.0	AsymmetricalSameHandshape	Straight	1	Hand	FingerRadial	nan	1	1	0
[thermometer;D_02_012,banana_3;K_03_014]	i	FullyOpen	0.0	nan	nan	Closed	0.0	AsymmetricalSameHandshape	BackAndForth	1	Hand	FingerRadial	FingerRadial	1	1	0
[thermometer;D_02_012,banana_3;K_03_014]	i	FullyOpen	0.0	nan	nan	Closed	0.0	AsymmetricalSameHandshape	Straight	0	Hand	FingerRadial	FingerRadial	1	1	0
[forgetful;D_02_017,smell;E_02_049]	imrp	FullyOpen	1.0	0.0	0.0	Open	0.0	OneHanded	Curved	1	Head	HeadAway	HeadAway	0	nan	0
[sign_language;D_02_031,meet;D_02_018]	i	FullyOpen	0.0	nan	nan	Closed	0.0	SymmetricalOrAlternating	Circular	0	Neutral	Neutral	Neutral	1	1	0
[sign_language;D_02_031,meet;D_02_018]	i	FullyOpen	0.0	nan	nan	Closed	0.0	SymmetricalOrAlternating	Straight	0	Neutral	Neutral	Neutral	0	1	0
[back_up;G_01_102,meet;D_02_018]	i	FullyOpen	0.0	nan	nan	Closed	0.0	SymmetricalOrAlternating	Other	0	Neutral	Neutral	Neutral	1	1	0
[back_up;G_01_102,meet;D_02_018]	i	FullyOpen	0.0	nan	nan	Closed	0.0	SymmetricalOrAlternating	Straight	0	Neutral	Neutral	Neutral	0	1	0
[suspend;H_01_016,meet;D_02_018]	i	Bent	0.0	nan	nan	Closed	0.0	SymmetricalOrAlternating	Straight	0	Neutral	Neutral	Neutral	1	1	0
[suspend;H_01_016,meet;D_02_018]	i	FullyOpen	0.0	nan	nan	Closed	0.0	SymmetricalOrAlternating	Straight	0	Neutral	Neutral	Neutral	1	bent_1	0
[square;J_01_060,meet;D_02_018]	i	FullyOpen	1.0	nan	nan	Closed	0.0	SymmetricalOrAlternating	Straight	0	Neutral	Neutral	Neutral	1	1	0
[square;J_01_060,meet;D_02_018]	i	FullyOpen	0.0	nan	nan	Closed	0.0	SymmetricalOrAlternating	Other	0	Neutral	Neutral	Neutral	1	1	0
[sushi;D_03_092,fork_4;K_01_027,screwdriver;D_02_023]	im	FullyOpen	0.0	0.0	0.0	Closed	0.0	AsymmetricalDifferentHandshape	Straight	1	Hand	Palm	nan	1	B	1
[sushi;D_03_092,screwdriver;D_02_023]	im	FullyOpen	0.0	0.0	0.0	Closed	0.0	AsymmetricalDifferentHandshape	nan	1	Hand	Palm	nan	1	B	0
[signature;F_01_069,screwdriver;D_02_023]	im	FullyOpen	0.0	0.0	0.0	Closed	0.0	AsymmetricalDifferentHandshape	Curved	1	Hand	Palm	nan	1	B	1
[signature;F_01_069,screwdriver;D_02_023]	im	FullyOpen	0.0	0.0	0.0	Closed	0.0	AsymmetricalDifferentHandshape	nan	0	Hand	Palm	nan	1	B	1
[fork_4;K_01_027,screwdriver;D_02_023]	im	FullyOpen	0.0	1.0	0.0	Closed	0.0	AsymmetricalDifferentHandshape	nan	1	Hand	Palm	nan	1	B	1
[alone;D_02_024,up;E_01_069]	i	FullyOpen	0.0	nan	nan	Closed	0.0	OneHanded	Straight	0	Neutral	Neutral	Neutral	0	nan	1
[alone;D_02_024,up;E_01_069]	i	FullyOpen	0.0	nan	nan	Closed	0.0	OneHanded	Circular	0	Neutral	Neutral	Neutral	0	nan	0
[isolated;F_02_033,alone;D_02_024]	i	FullyOpen	0.0	nan	nan	Closed	0.0	OneHanded	Circular	1	Neutral	Neutral	Neutral	0	nan	1
[isolated;F_02_033,alone;D_02_024]	i	FullyOpen	0.0	nan	nan	Closed	0.0	OneHanded	Circular	0	Neutral	Neutral	Neutral	0	nan	0
[lighter;D_02_025,knock;F_01_042]	t	nan	nan	nan	nan	Open	nan	OneHanded	nan	1	Neutral	Neutral	nan	0	nan	0
[lighter;D_02_025,knock;F_01_042]	t	nan	1.0	nan	nan	Open	nan	OneHanded	nan	1	Neutral	Neutral	Neutral	0	nan	0
[lighter;D_02_025,stopwatch;F_01_067]	t	nan	1.0	nan	nan	Open	nan	OneHanded	Straight	1	Neutral	Neutral	nan	0	nan	0
[lighter;D_02_025,stopwatch;F_01_067]	t	nan	1.0	nan	nan	Open	nan	OneHanded	nan	1	Neutral	Neutral	Neutral	0	nan	0
[lighter;D_02_025,athlete;J_03_068]	t	nan	nan	nan	nan	Open	nan	OneHanded	nan	1	Neutral	Neutral	nan	0	nan	0
[lighter;D_02_025,athlete;J_03_068]	t	nan	1.0	nan	nan	Open	nan	OneHanded	Straight	1	Neutral	Neutral	nan	0	nan	0
[can;D_03_027,bicycle;D_02_026]	imrp	FullyClosed	0.0	nan	0.0	Closed	1.0	SymmetricalOrAlternating	Straight	1	Neutral	Neutral	Neutral	0	s	0
[can;D_03_027,bicycle;D_02_026]	imrp	FullyClosed	0.0	nan	0.0	Closed	1.0	SymmetricalOrAlternating	Circular	0	Neutral	Neutral	Neutral	0	s	0
[winter;E_03_022,bicycle;D_02_026]	imrp	FullyClosed	0.0	nan	0.0	Closed	1.0	SymmetricalOrAlternating	Straight	1	Neutral	Neutral	Neutral	0	s	0
[winter;E_03_022,bicycle;D_02_026]	imrp	FullyClosed	0.0	nan	0.0	Closed	1.0	SymmetricalOrAlternating	Circular	1	Neutral	Neutral	nan	0	s	0
[slave;E_03_094,bicycle;D_02_026]	imrp	FullyClosed	0.0	nan	0.0	Closed	1.0	SymmetricalOrAlternating	Curved	1	Neutral	Neutral	Neutral	0	s	0
[slave;E_03_094,bicycle;D_02_026]	imrp	FullyClosed	0.0	nan	0.0	Closed	1.0	SymmetricalOrAlternating	Circular	1	Neutral	Neutral	Neutral	1	s	0
[bicycle;D_02_026,accordion;F_02_048]	imrp	FullyClosed	0.0	nan	nan	Closed	1.0	SymmetricalOrAlternating	Circular	1	Neutral	Neutral	Neutral	0	s	0
[bicycle;D_02_026,accordion;F_02_048]	imrp	FullyClosed	0.0	nan	0.0	Closed	1.0	SymmetricalOrAlternating	Straight	1	Neutral	Neutral	Neutral	0	s	0
[cheerleader;H_02_045,bicycle;D_02_026]	imrp	FullyClosed	0.0	nan	0.0	Closed	1.0	SymmetricalOrAlternating	Z-shaped	1	Neutral	Neutral	Neutral	0	s	0
[cheerleader;H_02_045,bicycle;D_02_026]	imrp	FullyClosed	0.0	nan	0.0	Closed	1.0	SymmetricalOrAlternating	Circular	0	Neutral	Neutral	Neutral	0	s	0
[pop_4;K_03_031,bicycle;D_02_026]	imrp	FullyClosed	0.0	nan	0.0	Closed	1.0	SymmetricalOrAlternating	BackAndForth	1	Neutral	Neutral	Neutral	0	s	0
[pop_4;K_03_031,bicycle;D_02_026]	imrp	FullyClosed	0.0	nan	0.0	Closed	1.0	SymmetricalOrAlternating	Circular	0	Neutral	Neutral	Neutral	0	s	0
[ski-ca;K_03_033,bicycle;D_02_026]	imrp	FullyClosed	0.0	nan	nan	Closed	1.0	SymmetricalOrAlternating	Circular	1	Neutral	Neutral	Neutral	0	s	0
[ski-ca;K_03_033,bicycle;D_02_026]	imrp	FullyClosed	0.0	nan	0.0	Closed	1.0	SymmetricalOrAlternating	Curved	1	Neutral	Neutral	Neutral	0	s	0
[gift;E_01_055,ski;D_02_027]	i	Bent	0.0	nan	nan	Closed	0.0	SymmetricalOrAlternating	Curved	1	Neutral	Neutral	Neutral	0	bent_1	0
[gift;E_01_055,ski;D_02_027]	i	Bent	0.0	nan	nan	Closed	0.0	SymmetricalOrAlternating	Straight	0	Neutral	Neutral	Neutral	0	bent_1	0
[edit;F_01_068,ski;D_02_027]	i	Bent	0.0	nan	nan	Closed	0.0	SymmetricalOrAlternating	Straight	0	Neutral	Neutral	Neutral	0	bent_1	0
[edit;F_01_068,ski;D_02_027]	i	Bent	0.0	nan	nan	Closed	0.0	SymmetricalOrAlternating	Straight	1	Neutral	Neutral	Neutral	0	bent_1	1
[ski;D_02_027,should;G_02_079]	i	Bent	0.0	nan	nan	Closed	0.0	OneHanded	Straight	1	Neutral	Neutral	Neutral	0	bent_1	0
[ski;D_02_027,should;G_02_079]	i	Bent	0.0	nan	nan	Closed	0.0	SymmetricalOrAlternating	Straight	1	Neutral	Neutral	Neutral	0	nan	0
[suspend;H_01_016,ski;D_02_027]	i	Bent	0.0	nan	nan	Closed	0.0	SymmetricalOrAlternating	Straight	0	Neutral	Neutral	Neutral	0	bent_1	0
[suspend;H_01_016,ski;D_02_027]	i	Bent	0.0	nan	nan	Closed	0.0	SymmetricalOrAlternating	Straight	1	Neutral	Neutral	Neutral	1	bent_1	0
[airplane;D_03_068,insurance;D_02_030]	ip	FullyOpen	0.0	nan	nan	Closed	0.0	OneHanded	Straight	1	Neutral	Neutral	Neutral	0	nan	0
[airplane;D_03_068,insurance;D_02_030]	p	FullyOpen	0.0	nan	nan	Open	0.0	OneHanded	Straight	1	Neutral	Neutral	Neutral	0	nan	0
[insurance;D_02_030,up;E_01_069]	i	FullyOpen	0.0	nan	nan	Closed	0.0	OneHanded	Straight	1	Neutral	Neutral	Neutral	0	nan	0
[insurance;D_02_030,up;E_01_069]	p	FullyOpen	0.0	nan	nan	Closed	0.0	OneHanded	Straight	0	Neutral	Neutral	Neutral	0	nan	0
[isolated;F_02_033,insurance;D_02_030]	i	FullyOpen	0.0	nan	nan	Closed	0.0	OneHanded	Straight	1	Neutral	Neutral	Neutral	0	nan	0
[isolated;F_02_033,insurance;D_02_030]	p	FullyOpen	0.0	nan	nan	Closed	0.0	OneHanded	Circular	1	Neutral	Neutral	Neutral	0	nan	0
[insurance;D_02_030,should;G_02_079]	i	FullyOpen	0.0	nan	nan	Closed	0.0	OneHanded	Straight	1	Neutral	Neutral	Neutral	0	nan	0
[insurance;D_02_030,should;G_02_079]	p	Bent	0.0	nan	nan	Closed	0.0	OneHanded	Straight	1	Neutral	Neutral	Neutral	0	nan	0
[but;D_03_030,sign_language;D_02_031]	i	FullyOpen	0.0	nan	nan	Closed	0.0	SymmetricalOrAlternating	Curved	0	Neutral	Neutral	Neutral	0	1	0
[but;D_03_030,sign_language;D_02_031]	i	FullyOpen	0.0	nan	nan	Closed	0.0	SymmetricalOrAlternating	Circular	0	Neutral	Neutral	Neutral	1	1	0
[sign_language;D_02_031,roll;E_03_011]	i	FullyOpen	0.0	nan	nan	Closed	0.0	SymmetricalOrAlternating	Circular	1	Neutral	Neutral	Neutral	0	1	0
[sign_language;D_02_031,roll;E_03_011]	i	FullyOpen	0.0	nan	nan	Closed	0.0	SymmetricalOrAlternating	Circular	0	Neutral	Neutral	Neutral	0	1	1
[argue;F_03_072,sign_language;D_02_031]	i	FullyOpen	0.0	nan	nan	Closed	0.0	SymmetricalOrAlternating	Curved	0	Neutral	Neutral	Neutral	0	1	0
[argue;F_03_072,sign_language;D_02_031]	i	FullyOpen	0.0	nan	nan	Closed	0.0	SymmetricalOrAlternating	Circular	1	Neutral	Neutral	Neutral	0	1	0
[triangle;J_02_080,sign_language;D_02_031]	i	FullyOpen	0.0	nan	nan	Closed	0.0	SymmetricalOrAlternating	BackAndForth	0	Neutral	Neutral	Neutral	0	1	0
[triangle;J_02_080,sign_language;D_02_031]	i	FullyOpen	0.0	nan	nan	Closed	0.0	SymmetricalOrAlternating	Circular	0	Neutral	Neutral	Neutral	1	1	0
[bus;E_01_004,bank;D_02_032]	imrp	FullyOpen	nan	0.0	nan	Closed	0.0	OneHanded	nan	0	Neutral	Neutral	Neutral	0	nan	0
[bus;E_01_004,bank;D_02_032]	imrp	FullyOpen	nan	0.0	nan	Closed	0.0	OneHanded	BackAndForth	0	Neutral	Neutral	nan	0	nan	0
[hard_of_hearing;J_01_050,bank;D_02_032]	im	FullyOpen	nan	0.0	nan	Closed	0.0	OneHanded	BackAndForth	0	Neutral	Neutral	Neutral	0	nan	0
[hard_of_hearing;J_01_050,bank;D_02_032]	imrp	FullyOpen	nan	0.0	nan	Closed	0.0	OneHanded	Curved	0	Neutral	Neutral	Neutral	0	nan	0
[helmet;D_02_034,halloween;G_03_011]	imrp	Curved	0.0	0.0	0.0	Open	0.0	SymmetricalOrAlternating	Curved	0	Head	HeadAway	HeadAway	0	c	1
[overwhelmed;G_03_064,helmet;D_02_034]	imrp	Flat	0.0	0.0	0.0	Open	0.0	SymmetricalOrAlternating	Curved	0	Head	HeadAway	HeadAway	0	c	0
[overwhelmed;G_03_064,helmet;D_02_034]	imrp	Curved	0.0	0.0	0.0	Open	0.0	SymmetricalOrAlternating	Curved	0	Head	HeadAway	HeadAway	0	flat_b	0
[dark;J_03_094,helmet;D_02_034]	imrp	FullyOpen	0.0	0.0	0.0	Open	0.0	SymmetricalOrAlternating	Curved	0	Head	HeadAway	HeadAway	0	c	0
[dark;J_03_094,helmet;D_02_034]	imrp	Curved	0.0	0.0	0.0	Open	0.0	SymmetricalOrAlternating	Curved	0	Head	HeadAway	HeadAway	0	open_b	0
[confident;D_02_035,hold;F_02_080]	imrp	Curved	1.0	1.0	1.0	Open	1.0	SymmetricalOrAlternating	nan	0	Neutral	Neutral	Neutral	0	curved_5	0
[confident;D_02_035,dresser;F_03_075]	imrp	Curved	1.0	1.0	1.0	Open	1.0	SymmetricalOrAlternating	Z-shaped	0	Neutral	Neutral	Neutral	0	curved_5	0
[confident;D_02_035,take;G_01_093]	imrp	Curved	1.0	1.0	1.0	Open	1.0	OneHanded	Straight	0	Neutral	Neutral	Neutral	0	curved_5	0
[confident;D_02_035,take;G_01_093]	imrp	Curved	1.0	1.0	1.0	Open	1.0	SymmetricalOrAlternating	Straight	0	Neutral	Neutral	Neutral	0	nan	0
[confident;D_02_035,adopt;J_03_014]	imrp	Flat	1.0	1.0	1.0	Open	1.0	SymmetricalOrAlternating	Straight	0	Neutral	Neutral	Neutral	0	curved_5	0
[confident;D_02_035,adopt;J_03_014]	imrp	Curved	1.0	1.0	1.0	Open	1.0	SymmetricalOrAlternating	Straight	0	Neutral	Neutral	Neutral	0	flatspread_5	0
[dice;D_02_036,throw_away;E_02_070]	imrp	FullyClosed	1.0	nan	1.0	Closed	1.0	OneHanded	Straight	1	Neutral	Neutral	Neutral	0	nan	0
[dice;D_02_036,throw_away;E_02_070]	imrp	FullyClosed	1.0	nan	0.0	Closed	1.0	OneHanded	Straight	0	Neutral	Neutral	Neutral	0	nan	0
[dice;D_02_036,yes;G_03_074]	imrp	FullyClosed	0.0	nan	0.0	Closed	1.0	OneHanded	Straight	1	Neutral	Neutral	Neutral	0	nan	0
[dice;D_02_036,yes;G_03_074]	imrp	FullyClosed	1.0	nan	0.0	Closed	1.0	OneHanded	Straight	1	Neutral	Neutral	nan	0	nan	0
[wise;G_02_023,metal;D_02_037]	i	Bent	0.0	nan	nan	Closed	0.0	OneHanded	Straight	1	Head	HeadAway	HeadAway	1	nan	0
[wise;G_02_023,metal;D_02_037]	i	Bent	0.0	nan	nan	Closed	0.0	OneHanded	Straight	1	Head	UnderChin	HeadAway	0	nan	0
[foul;J_01_049,metal;D_02_037]	i	FullyOpen	0.0	nan	nan	Closed	0.0	OneHanded	Straight	1	Head	UnderChin	HeadAway	1	nan	0
[foul;J_01_049,metal;D_02_037]	i	Bent	0.0	nan	nan	Closed	0.0	OneHanded	Straight	1	Head	Other	HeadAway	1	nan	0
[metal;D_02_037,toy_2;J_01_056]	i	Curved	0.0	nan	nan	Closed	0.0	OneHanded	Straight	1	Head	UnderChin	HeadAway	1	nan	0
[metal;D_02_037,toy_2;J_01_056]	i	Bent	0.0	nan	nan	Closed	0.0	OneHanded	Straight	1	Head	Chin	HeadAway	1	nan	0
[recent;J_02_056,metal;D_02_037]	i	Bent	0.0	nan	nan	Closed	0.0	OneHanded	Straight	1	Head	CheekNose	HeadAway	1	nan	0
[recent;J_02_056,metal;D_02_037]	i	Bent	0.0	nan	nan	Closed	0.0	OneHanded	Straight	1	Head	UnderChin	nan	1	nan	0
[forfeit;D_02_038,italy;D_02_074]	i	Curved	0.0	nan	nan	Open	0.0	OneHanded	Curved	0	Neutral	Neutral	Neutral	0	nan	0
[forfeit;D_02_038,italy;D_02_074]	i	Curved	0.0	nan	nan	Open	1.0	OneHanded	Z-shaped	0	Neutral	Neutral	Neutral	0	nan	0
[west;D_03_053,forfeit;D_02_038]	p	Curved	0.0	nan	nan	Open	1.0	OneHanded	Curved	0	Neutral	Neutral	Neutral	0	nan	0
[west;D_03_053,forfeit;D_02_038]	i	Curved	0.0	nan	nan	Open	1.0	OneHanded	Straight	0	Neutral	Neutral	Neutral	0	nan	0
[forfeit;D_02_038,vacuum;D_03_084]	i	Bent	0.0	nan	nan	Open	1.0	OneHanded	Curved	0	Neutral	Neutral	Neutral	0	nan	0
[forfeit;D_02_038,vacuum;D_03_084]	i	Curved	0.0	nan	nan	Open	1.0	OneHanded	Z-shaped	0	Neutral	Neutral	Neutral	0	nan	0
[forfeit;D_02_038,flip_switch;E_01_066]	i	Bent	0.0	nan	nan	Open	1.0	OneHanded	Curved	0	Neutral	Neutral	Neutral	0	nan	0
[forfeit;D_02_038,flip_switch;E_01_066]	i	Curved	0.0	nan	nan	Open	1.0	OneHanded	Straight	0	Neutral	Neutral	Neutral	0	nan	0
[forfeit;D_02_038,damn;F_01_098]	m	Curved	0.0	nan	nan	Open	1.0	OneHanded	Curved	0	Neutral	Neutral	Neutral	0	nan	0
[forfeit;D_02_038,damn;F_01_098]	i	Curved	0.0	nan	nan	Open	1.0	OneHanded	Straight	0	Neutral	Neutral	Neutral	0	nan	0
[forfeit;D_02_038,pour;F_02_063]	p	Curved	0.0	nan	nan	Open	1.0	OneHanded	Curved	0	Neutral	Neutral	Neutral	0	nan	0
[forfeit;D_02_038,pour;F_02_063]	i	Curved	0.0	nan	nan	Open	0.0	OneHanded	Curved	0	Neutral	Neutral	Neutral	0	nan	0
[forfeit;D_02_038,postpone;H_01_012]	i	Curved	0.0	nan	nan	Open	1.0	DominanceViolation	Curved	0	Neutral	Neutral	Neutral	0	nan	0
[forfeit;D_02_038,postpone;H_01_012]	i	Curved	0.0	nan	nan	Open	1.0	OneHanded	Curved	0	Neutral	Neutral	Neutral	0	DominanceConditionViolation	0
[forfeit;D_02_038,cross_3;K_03_028]	i	Curved	0.0	nan	nan	Open	0.0	OneHanded	Curved	0	Neutral	Neutral	Neutral	0	nan	0
[forfeit;D_02_038,cross_3;K_03_028]	i	Curved	0.0	nan	nan	Open	1.0	OneHanded	X-shaped	0	Neutral	Neutral	Neutral	0	nan	0
[forfeit;D_02_038,dinosaur_2;K_03_047]	m	Curved	0.0	nan	nan	Open	1.0	OneHanded	Curved	0	Neutral	Neutral	Neutral	0	nan	0
[forfeit;D_02_038,dinosaur_2;K_03_047]	i	Curved	0.0	nan	nan	Open	1.0	OneHanded	Z-shaped	0	Neutral	Neutral	Neutral	0	nan	0
[forfeit;D_02_038,conduct_3;K_03_057]	i	Curved	0.0	nan	nan	Open	1.0	OneHanded	Curved	1	Neutral	Neutral	Neutral	0	nan	0
[forfeit;D_02_038,conduct_3;K_03_057]	i	Curved	0.0	nan	nan	Open	1.0	OneHanded	Curved	0	Neutral	Neutral	Neutral	0	nan	1
[cocacola;D_02_040,inject;D_03_009]	t	nan	1.0	nan	nan	Open	nan	OneHanded	Straight	1	Arm	UpperArm	nan	1	nan	0
[cocacola;D_02_040,inject;D_03_009]	t	nan	1.0	nan	nan	Open	nan	OneHanded	nan	0	Arm	UpperArm	nan	1	nan	0
[meat_2;F_03_021,steak;D_02_041]	m	Flat	0.0	nan	nan	Open	0.0	AsymmetricalDifferentHandshape	nan	0	Hand	PalmBack	nan	1	B	0
[meat_2;F_03_021,steak;D_02_041]	i	Flat	0.0	nan	nan	Open	0.0	AsymmetricalDifferentHandshape	nan	1	Hand	PalmBack	nan	1	B	0
[helicopter;D_02_042,mushroom;E_02_089]	imrp	Curved	0.0	1.0	0.0	Open	0.0	AsymmetricalDifferentHandshape	Curved	1	Hand	FingerTip	nan	1	1	0
[helicopter;D_02_042,popular;J_01_016,mushroom;E_02_089]	imrp	FullyOpen	0.0	1.0	0.0	Open	0.0	AsymmetricalDifferentHandshape	Straight	1	Hand	FingerTip	nan	1	1	0
[helicopter;D_02_042,fan;F_03_055]	imrp	FullyOpen	0.0	1.0	0.0	Open	0.0	AsymmetricalDifferentHandshape	Curved	1	Hand	FingerTip	nan	1	1	1
[helicopter;D_02_042,popular;J_01_016]	imrp	FullyOpen	0.0	1.0	0.0	Open	0.0	AsymmetricalDifferentHandshape	Curved	1	Hand	FingerRadial	nan	1	1	0
[drill;D_02_044,flipflops;F_03_077]	i	FullyOpen	0.0	nan	nan	Closed	0.0	AsymmetricalDifferentHandshape	Straight	0	Hand	Other	nan	1	5	0
[drill;D_02_044,flipflops;F_03_077]	i	FullyOpen	0.0	nan	nan	Open	0.0	AsymmetricalDifferentHandshape	Straight	1	Hand	Other	nan	1	5	0
[drill;D_02_044,escape;G_01_012]	i	FullyOpen	0.0	nan	nan	Closed	0.0	AsymmetricalDifferentHandshape	Straight	0	Hand	Other	nan	1	5	0
[drill;D_02_044,escape;G_01_012]	i	FullyOpen	0.0	nan	nan	Open	0.0	AsymmetricalDifferentHandshape	Straight	0	Hand	Other	HandAway	1	5	0
[restaurant;D_02_045,curl;J_01_052]	im	Crossed	0.0	0.0	0.0	Closed	0.0	OneHanded	Z-shaped	0	Head	HeadTop	Mouth	1	nan	0
[restaurant;D_02_045,curl;J_01_052]	im	Crossed	0.0	0.0	0.0	Closed	0.0	OneHanded	Z-shaped	0	Head	Mouth	HeadTop	1	nan	0
[tube_top;E_01_067,tired;D_02_050]	imrp	Curved	0.0	0.0	0.0	Open	0.0	SymmetricalOrAlternating	Curved	0	Body	TorsoMid	nan	1	c	0
[tube_top;E_01_067,tired;D_02_050]	imrp	Curved	0.0	0.0	0.0	Open	0.0	SymmetricalOrAlternating	Curved	0	Body	Clavicle	TorsoMid	1	c	0
[tired;D_02_050,vest;J_03_050]	imrp	Curved	0.0	0.0	0.0	Open	0.0	SymmetricalOrAlternating	Curved	0	Body	TorsoTop	nan	1	c	0
[tired;D_02_050,vest;J_03_050]	imrp	Curved	0.0	0.0	0.0	Open	0.0	SymmetricalOrAlternating	Curved	0	Body	Clavicle	TorsoBottom	1	c	0
[impact;D_02_051,charge_card;E_02_056]	imrp	FullyClosed	0.0	nan	0.0	Closed	1.0	AsymmetricalDifferentHandshape	BackAndForth	0	Hand	Palm	HandAway	1	1	0
[impact;D_02_051,charge_card;E_02_056]	imrp	FullyClosed	0.0	nan	0.0	Closed	1.0	AsymmetricalDifferentHandshape	BackAndForth	0	Hand	FingerRadial	HandAway	1	B	0
[situation;H_03_066,impact;D_02_051]	imrp	FullyClosed	0.0	nan	0.0	Closed	1.0	AsymmetricalDifferentHandshape	Curved	0	Hand	FingerRadial	HandAway	1	1	0
[situation;H_03_066,impact;D_02_051]	imrp	FullyClosed	0.0	nan	0.0	Closed	1.0	AsymmetricalDifferentHandshape	BackAndForth	0	Hand	FingerRadial	HandAway	1	1	1
[devour;K_01_047,teach;D_02_052]	imrp	Curved	0.0	0.0	0.0	Open	1.0	SymmetricalOrAlternating	Circular	1	Head	Forehead	HeadAway	0	o	0
[devour;K_01_047,teach;D_02_052]	imrp	Curved	0.0	0.0	0.0	Open	1.0	SymmetricalOrAlternating	Straight	1	Head	HeadAway	HeadAway	0	o	0
[newspaper;D_02_053,grade;F_02_076]	i	Flat	0.0	nan	nan	Open	1.0	AsymmetricalDifferentHandshape	Straight	1	Hand	Palm	nan	1	B	0
[newspaper;D_02_053,grade;F_02_076]	i	Flat	1.0	nan	nan	Open	0.0	AsymmetricalDifferentHandshape	Straight	1	Hand	Palm	nan	1	B	0
[newspaper;D_02_053,therapy;H_03_088]	i	Bent	1.0	nan	nan	Open	1.0	AsymmetricalDifferentHandshape	Straight	1	Hand	Palm	nan	1	B	0
[newspaper;D_02_053,therapy;H_03_088]	i	Flat	0.0	nan	nan	Open	1.0	AsymmetricalDifferentHandshape	Straight	1	Hand	Palm	nan	1	B	0
[newspaper;D_02_053,magnet_2;K_03_066]	m	Flat	1.0	nan	nan	Open	1.0	AsymmetricalDifferentHandshape	Straight	1	Hand	Palm	nan	1	B	0
[newspaper;D_02_053,magnet_2;K_03_066]	i	Flat	1.0	nan	nan	Open	1.0	AsymmetricalDifferentHandshape	Straight	0	Hand	Palm	nan	1	B	0
[hear_1;E_01_097,think_over;D_02_054]	i	FullyOpen	0.0	nan	nan	Closed	0.0	OneHanded	nan	0	Head	Other	nan	0	nan	0
[hear_1;E_01_097,think_over;D_02_054]	i	FullyOpen	0.0	nan	nan	Closed	0.0	OneHanded	nan	0	Head	Forehead	nan	1	nan	0
[think_over;D_02_054,spot_something;G_01_002]	i	FullyOpen	0.0	nan	nan	Closed	0.0	OneHanded	nan	0	Head	Eye	nan	0	nan	0
[think_over;D_02_054,spot_something;G_01_002]	i	FullyOpen	0.0	nan	nan	Closed	0.0	OneHanded	nan	0	Head	Forehead	nan	1	nan	0
[miss;G_02_049,think_over;D_02_054]	i	FullyOpen	0.0	nan	nan	Closed	0.0	OneHanded	nan	0	Head	Chin	nan	0	nan	0
[miss;G_02_049,think_over;D_02_054]	i	FullyOpen	0.0	nan	nan	Closed	0.0	OneHanded	nan	0	Head	Forehead	nan	1	nan	0
[think_over;D_02_054,blow_candle_2;K_02_022]	i	FullyOpen	0.0	nan	nan	Closed	0.0	OneHanded	nan	0	Neutral	Forehead	nan	0	nan	0
[think_over;D_02_054,blow_candle_2;K_02_022]	i	FullyOpen	0.0	nan	nan	Closed	0.0	OneHanded	nan	0	Head	Neutral	nan	0	nan	0
[hello;D_02_055,brown;D_03_045]	imrp	FullyOpen	0.0	0.0	0.0	Closed	0.0	OneHanded	Straight	0	Head	Forehead	Chin	1	nan	0
[hello;D_02_055,nonsense;G_03_071]	imrp	FullyOpen	0.0	0.0	0.0	Closed	0.0	OneHanded	Curved	0	Head	Forehead	HeadAway	1	nan	0
[hello;D_02_055,hospital;J_02_022]	im	FullyOpen	0.0	0.0	0.0	Closed	0.0	OneHanded	Straight	0	Head	Forehead	HeadAway	1	nan	0
[hello;D_02_055,hospital;J_02_022]	imrp	FullyOpen	0.0	0.0	0.0	Closed	0.0	OneHanded	Straight	0	Head	Forehead	Forehead	1	nan	0
[not;E_01_100,patient_2;D_02_056]	t	nan	nan	nan	nan	Open	nan	OneHanded	Straight	0	Head	UnderChin	Chin	1	nan	0
[not;E_01_100,patient_2;D_02_056]	t	nan	nan	nan	nan	Open	nan	OneHanded	Straight	0	Head	UpperLip	HeadAway	1	nan	0
[peanut_butter;E_02_077,patient_2;D_02_056]	t	nan	nan	nan	nan	Open	nan	OneHanded	Straight	0	Head	Mouth	Chin	1	nan	0
[peanut_butter;E_02_077,patient_2;D_02_056]	t	nan	nan	nan	nan	Open	nan	OneHanded	Straight	0	Head	UpperLip	HeadAway	1	nan	0
[arizona;J_03_022,patient_2;D_02_056]	t	nan	nan	nan	nan	Open	nan	OneHanded	Curved	0	Head	UpperLip	Chin	1	nan	0
[arizona;J_03_022,patient_2;D_02_056]	t	nan	nan	nan	nan	Open	nan	OneHanded	Straight	0	Head	Chin	Chin	1	nan	0
[walk;D_02_057,melt;F_01_050]	imrp	FullyOpen	1.0	0.0	0.0	Open	1.0	SymmetricalOrAlternating	Curved	1	Neutral	Neutral	Neutral	0	open_b	0
[walk;D_02_057,wallet;F_01_081]	imrp	FullyOpen	1.0	0.0	0.0	Open	0.0	SymmetricalOrAlternating	Curved	1	Neutral	Neutral	Neutral	1	open_b	0
[walk;D_02_057,fold;F_02_019]	imrp	FullyOpen	1.0	0.0	0.0	Open	0.0	SymmetricalOrAlternating	Curved	1	Neutral	Neutral	Neutral	0	open_b	1
[downsize;D_02_058,vagina;F_02_065]	i	FullyOpen	0.0	nan	nan	Open	0.0	SymmetricalOrAlternating	Straight	1	Neutral	Neutral	Neutral	1	l	1
[downsize;D_02_058,vagina;F_02_065]	i	FullyOpen	0.0	nan	nan	Open	0.0	SymmetricalOrAlternating	Straight	1	Neutral	Neutral	Neutral	0	l	0
[downsize;D_02_058,pizza_1;G_01_013]	i	FullyOpen	0.0	nan	nan	Open	0.0	SymmetricalOrAlternating	nan	1	Neutral	Neutral	Neutral	0	l	1
[downsize;D_02_058,pizza_1;G_01_013]	i	FullyOpen	0.0	nan	nan	Open	0.0	SymmetricalOrAlternating	Straight	1	Neutral	Neutral	nan	0	l	1
[pay;F_01_082,metaphor;D_02_059]	i	FullyOpen	0.0	nan	nan	Closed	0.0	AsymmetricalDifferentHandshape	Curved	0	Hand	Palm	PalmBack	1	B	1
[pay;F_01_082,metaphor;D_02_059]	i	Bent	0.0	nan	nan	Closed	0.0	AsymmetricalDifferentHandshape	Curved	0	Hand	Palm	HandAway	1	B	1
[lock_2;H_02_017,metaphor;D_02_059]	i	Bent	0.0	nan	nan	Closed	0.0	AsymmetricalDifferentHandshape	nan	0	Hand	Palm	PalmBack	1	B	1
[lock_2;H_02_017,metaphor;D_02_059]	i	Bent	0.0	nan	nan	Closed	0.0	AsymmetricalDifferentHandshape	Curved	0	Hand	Palm	nan	1	B	1
[once;J_02_059,metaphor;D_02_059]	i	Flat	0.0	nan	nan	Closed	0.0	AsymmetricalDifferentHandshape	Curved	0	Hand	Palm	PalmBack	1	B	1
[once;J_02_059,metaphor;D_02_059]	i	Bent	0.0	nan	nan	Closed	0.0	AsymmetricalDifferentHandshape	Curved	0	Hand	Palm	HandAway	1	B	1
[half;F_03_040,there;D_02_060]	i	FullyOpen	nan	nan	nan	Closed	0.0	OneHanded	Straight	0	Neutral	Neutral	nan	0	nan	0
[half;F_03_040,there;D_02_060]	i	FullyOpen	0.0	nan	nan	Closed	0.0	OneHanded	Straight	0	Neutral	Neutral	Neutral	0	nan	0
[gun_3;K_01_069,there;D_02_060]	i	FullyOpen	0.0	nan	nan	Open	0.0	OneHanded	Straight	0	Neutral	Neutral	nan	0	nan	0
[gun_3;K_01_069,there;D_02_060]	i	FullyOpen	0.0	nan	nan	Closed	0.0	OneHanded	Curved	0	Neutral	Neutral	nan	0	nan	0
[point_index;K_02_083,there;D_02_060]	i	Flat	0.0	nan	nan	Closed	0.0	OneHanded	Straight	0	Neutral	Neutral	nan	0	nan	0
[point_index;K_02_083,there;D_02_060]	i	FullyOpen	0.0	nan	nan	Closed	0.0	OneHanded	Straight	0	Neutral	Neutral	Neutral	0	nan	0
[tiny;K_03_019,there;D_02_060]	i	Bent	0.0	nan	nan	Closed	0.0	OneHanded	Straight	0	Neutral	Neutral	nan	0	nan	0
[tiny;K_03_019,there;D_02_060]	i	FullyOpen	0.0	nan	nan	Open	0.0	OneHanded	Straight	0	Neutral	Neutral	nan	0	nan	0
[decide;D_03_057,pull;D_02_062]	i	FullyOpen	0.0	nan	nan	Open	1.0	SymmetricalOrAlternating	Straight	0	Neutral	Neutral	Neutral	0	baby_o	0
[decide;D_03_057,pull;D_02_062]	i	Bent	0.0	nan	nan	Open	1.0	SymmetricalOrAlternating	Straight	0	Neutral	Neutral	Neutral	0	l	0
[flip_switch;E_01_066,pull;D_02_062]	i	Bent	0.0	nan	nan	Open	1.0	OneHanded	Straight	0	Neutral	Neutral	Neutral	0	baby_o	0
[flip_switch;E_01_066,pull;D_02_062]	i	Bent	0.0	nan	nan	Open	1.0	SymmetricalOrAlternating	Straight	0	Neutral	Neutral	Neutral	0	nan	0
[pizza_cutter;E_02_084,pull;D_02_062]	i	Bent	0.0	nan	nan	Open	0.0	SymmetricalOrAlternating	Straight	0	Neutral	Neutral	Neutral	0	baby_o	0
[pizza_cutter;E_02_084,pull;D_02_062]	i	Bent	0.0	nan	nan	Open	1.0	SymmetricalOrAlternating	Straight	0	Neutral	Neutral	Neutral	0	bent_l	0
[jump_rope;G_01_019,pull;D_02_062]	i	Bent	0.0	nan	nan	Open	1.0	SymmetricalOrAlternating	Circular	0	Neutral	Neutral	Neutral	0	baby_o	0
[jump_rope;G_01_019,pull;D_02_062]	i	Bent	0.0	nan	nan	Open	1.0	SymmetricalOrAlternating	Straight	1	Neutral	Neutral	Neutral	0	baby_o	0
[pull;D_02_062,edit;G_02_057]	i	Bent	0.0	nan	nan	Open	1.0	SymmetricalOrAlternating	Straight	0	Neutral	Neutral	Neutral	1	baby_o	0
[pull;D_02_062,edit;G_02_057]	i	Bent	0.0	nan	nan	Open	1.0	SymmetricalOrAlternating	Straight	0	Neutral	Neutral	Neutral	0	baby_o	1
[deal_cards;J_02_074,pull;D_02_062]	i	Bent	0.0	nan	nan	Open	1.0	SymmetricalOrAlternating	Curved	0	Neutral	Neutral	Neutral	0	baby_o	0
[deal_cards;J_02_074,pull;D_02_062]	i	Bent	0.0	nan	nan	Open	1.0	SymmetricalOrAlternating	Straight	0	Neutral	Neutral	Neutral	1	baby_o	0
[vlog;J_03_027,pull;D_02_062]	i	Bent	1.0	nan	nan	Open	1.0	SymmetricalOrAlternating	Straight	0	Neutral	Neutral	Neutral	0	baby_o	0
[vlog;J_03_027,pull;D_02_062]	i	Bent	0.0	nan	nan	Open	1.0	SymmetricalOrAlternating	Straight	0	Neutral	Neutral	Neutral	1	baby_o	0
[hang_clothes;K_02_069,pull;D_02_062]	i	Curved	0.0	nan	nan	Open	1.0	SymmetricalOrAlternating	Straight	0	Neutral	Neutral	Neutral	0	baby_o	0
[hang_clothes;K_02_069,pull;D_02_062]	i	Bent	0.0	nan	nan	Open	1.0	SymmetricalOrAlternating	Straight	0	Neutral	Neutral	Neutral	0	f	0
[pull;D_02_062,tie_up_1;K_03_035]	i	Bent	0.0	nan	nan	Open	1.0	SymmetricalOrAlternating	Other	0	Neutral	Neutral	Neutral	0	baby_o	0
[pull;D_02_062,tie_up_1;K_03_035]	i	Bent	0.0	nan	nan	Open	1.0	SymmetricalOrAlternating	Straight	0	Neutral	Neutral	Neutral	1	baby_o	0
[soccer_2;F_03_032,bottle;D_02_064]	mr	Curved	1.0	0.0	0.0	Open	1.0	AsymmetricalDifferentHandshape	Straight	0	Hand	Palm	HandAway	1	B	0
[soccer_2;F_03_032,bottle;D_02_064]	imrp	Curved	1.0	0.0	0.0	Open	1.0	AsymmetricalDifferentHandshape	Curved	0	Hand	Palm	HandAway	1	B	0
[run_out_of;G_01_077,bottle;D_02_064]	imrp	Flat	1.0	0.0	0.0	Open	1.0	AsymmetricalDifferentHandshape	Straight	0	Hand	Palm	HandAway	1	B	0
[bottle;D_02_064,document;H_01_097]	imrp	Curved	0.0	0.0	0.0	Open	1.0	AsymmetricalDifferentHandshape	Straight	0	Hand	Palm	HandAway	1	B	0
[bottle;D_02_064,document;H_01_097]	imrp	Curved	1.0	0.0	0.0	Open	1.0	AsymmetricalDifferentHandshape	Straight	0	Hand	Palm	nan	1	B	0
[smell;E_02_049,god;D_02_068]	imrp	FullyOpen	0.0	0.0	0.0	Closed	0.0	OneHanded	Curved	1	Head	HeadAway	HeadAway	0	nan	0
[will;F_03_025,god;D_02_068]	imrp	FullyOpen	0.0	0.0	0.0	Closed	0.0	OneHanded	Curved	0	Head	CheekNose	HeadAway	0	nan	0
[eagle;D_03_066,ear;D_02_071]	i	Bent	0.0	nan	nan	Open	0.0	OneHanded	Straight	1	Head	Other	nan	1	nan	0
[eagle;D_03_066,ear;D_02_071]	i	Bent	0.0	nan	nan	Open	1.0	OneHanded	Straight	1	Head	CheekNose	nan	1	nan	0
[soon_1;G_01_004,ear;D_02_071]	i	Curved	0.0	nan	nan	Open	1.0	OneHanded	Straight	1	Head	Other	nan	1	nan	0
[soon_1;G_01_004,ear;D_02_071]	i	Bent	0.0	nan	nan	Open	1.0	OneHanded	Straight	1	Head	Chin	nan	1	nan	0
[ear;D_02_071,magnify_1;G_01_073]	i	Bent	0.0	nan	nan	Open	1.0	OneHanded	Straight	1	Head	Eye	nan	1	nan	0
[ear;D_02_071,magnify_1;G_01_073]	i	Bent	0.0	nan	nan	Open	1.0	OneHanded	Straight	1	Head	Other	HeadAway	1	nan	0
[ear;D_02_071,soon_3;H_03_023]	i	Curved	0.0	nan	nan	Open	1.0	OneHanded	Straight	1	Head	Other	nan	1	nan	0
[ear;D_02_071,soon_3;H_03_023]	i	Bent	0.0	nan	nan	Open	1.0	OneHanded	Straight	1	Head	CheekNose	nan	1	nan	0
[theory;J_03_042,ear;D_02_071]	i	Bent	0.0	nan	nan	Open	1.0	OneHanded	Straight	1	Head	Forehead	nan	1	nan	0
[theory;J_03_042,ear;D_02_071]	i	Bent	0.0	nan	nan	Open	1.0	OneHanded	Straight	1	Head	Other	HeadAway	1	nan	0
[ear;D_02_071,pipe_2;K_02_018]	i	Bent	0.0	nan	nan	Open	0.0	OneHanded	Straight	1	Head	Other	nan	1	nan	0
[ear;D_02_071,pipe_2;K_02_018]	i	Bent	0.0	nan	nan	Open	1.0	OneHanded	Straight	1	Head	Mouth	nan	1	nan	0
[antlers;F_01_027,vomit;D_02_072]	imrp	FullyOpen	0.0	1.0	0.0	Open	0.0	SymmetricalOrAlternating	Curved	0	Head	Forehead	HeadAway	0	5	0
[antlers;F_01_027,vomit;D_02_072,hate;F_02_078]	imrp	FullyOpen	0.0	1.0	0.0	Open	0.0	SymmetricalOrAlternating	Curved	0	Head	UnderChin	HeadAway	1	5	0
[hate;F_02_078,vomit;D_02_072]	imrp	FullyOpen	0.0	1.0	0.0	Open	0.0	SymmetricalOrAlternating	Curved	0	Head	Chin	HeadAway	0	5	0
[nut;D_02_073,not;E_01_100]	t	nan	nan	nan	nan	Open	nan	OneHanded	Straight	0	Head	Mouth	HeadAway	1	nan	0
[nut;D_02_073,not;E_01_100]	t	nan	nan	nan	nan	Open	nan	OneHanded	Straight	1	Head	UnderChin	HeadAway	1	nan	0
[vacuum;D_03_084,italy;D_02_074]	i	Bent	0.0	nan	nan	Open	0.0	OneHanded	Z-shaped	0	Neutral	Neutral	Neutral	0	nan	0
[vacuum;D_03_084,italy;D_02_074]	i	Curved	0.0	nan	nan	Open	1.0	OneHanded	Z-shaped	0	Neutral	Neutral	Neutral	0	nan	0
[pour;F_02_063,italy;D_02_074]	p	Curved	0.0	nan	nan	Open	0.0	OneHanded	Z-shaped	0	Neutral	Neutral	Neutral	0	nan	0
[pour;F_02_063,italy;D_02_074]	i	Curved	0.0	nan	nan	Open	0.0	OneHanded	Curved	0	Neutral	Neutral	Neutral	0	nan	0
[instagram;H_03_083,italy;D_02_074]	i	Curved	0.0	nan	nan	Open	0.0	OneHanded	Straight	0	Neutral	Neutral	Neutral	0	nan	0
[instagram;H_03_083,italy;D_02_074]	i	Curved	0.0	nan	nan	Open	0.0	OneHanded	Z-shaped	1	Neutral	Neutral	Neutral	0	nan	0
[flashlight_4;K_02_092,italy;D_02_074]	imrp	Curved	0.0	nan	nan	Open	0.0	OneHanded	Z-shaped	0	Neutral	Neutral	Neutral	0	nan	0
[flashlight_4;K_02_092,italy;D_02_074]	i	Stacked	0.0	nan	nan	Open	0.0	OneHanded	Z-shaped	0	Neutral	Neutral	Neutral	0	nan	0
[italy;D_02_074,dinosaur_2;K_03_047]	m	Curved	0.0	nan	nan	Open	0.0	OneHanded	Z-shaped	0	Neutral	Neutral	Neutral	0	nan	0
[italy;D_02_074,dinosaur_2;K_03_047]	i	Curved	0.0	nan	nan	Open	1.0	OneHanded	Z-shaped	0	Neutral	Neutral	Neutral	0	nan	0
[sshh;E_02_016,clock;D_02_076]	i	FullyOpen	0.0	nan	nan	Closed	0.0	OneHanded	Straight	0	Head	WristBack	nan	1	nan	0
[sshh;E_02_016,clock;D_02_076]	i	FullyOpen	0.0	nan	nan	Closed	0.0	OneHanded	Straight	0	Arm	Mouth	nan	1	nan	0
[clock;D_02_076,deaf;E_03_098]	i	FullyOpen	0.0	nan	nan	Closed	0.0	OneHanded	Straight	0	Head	WristBack	nan	1	nan	0
[clock;D_02_076,deaf;E_03_098]	i	FullyOpen	0.0	nan	nan	Closed	0.0	OneHanded	Straight	0	Arm	Other	nan	1	nan	0
[cannon;G_02_037,clock;D_02_076]	i	FullyOpen	0.0	nan	nan	Closed	0.0	OneHanded	Straight	1	Arm	WristBack	nan	1	nan	0
[cannon;G_02_037,clock;D_02_076]	i	FullyOpen	0.0	nan	nan	Closed	0.0	OneHanded	Straight	0	Arm	WristBack	ArmAway	1	nan	0
[clock;D_02_076,disappoint;G_03_018]	i	FullyOpen	0.0	nan	nan	Closed	0.0	OneHanded	Straight	0	Head	WristBack	nan	1	nan	0
[clock;D_02_076,disappoint;G_03_018]	i	FullyOpen	0.0	nan	nan	Closed	0.0	OneHanded	Straight	0	Arm	Chin	nan	1	nan	0
[push;D_02_077,your;F_01_052]	imrp	FullyOpen	0.0	1.0	0.0	Open	0.0	OneHanded	Straight	0	Neutral	Neutral	Neutral	0	5	0
[push;D_02_077,your;F_01_052]	imrp	FullyOpen	0.0	1.0	0.0	Open	0.0	SymmetricalOrAlternating	Straight	0	Neutral	Neutral	Neutral	0	nan	0
[push;D_02_077,plow;H_02_058]	imrp	Curved	0.0	1.0	0.0	Open	0.0	SymmetricalOrAlternating	Straight	0	Neutral	Neutral	Neutral	0	5	0
[push;D_02_077,plow;H_02_058]	imrp	FullyOpen	0.0	1.0	0.0	Open	0.0	SymmetricalOrAlternating	Straight	0	Neutral	Neutral	Neutral	0	curved_5	0
[rat;D_02_081,humor;H_03_063,hamster;E_03_073]	im	FullyOpen	0.0	0.0	0.0	Closed	0.0	OneHanded	Straight	1	Head	CheekNose	HeadAway	1	nan	0
[rat;D_02_081,hamster;E_03_073]	im	Crossed	0.0	0.0	0.0	Closed	0.0	OneHanded	Straight	1	Head	CheekNose	nan	1	nan	0
[how;D_02_082,basket_2;E_01_060]	imrp	Curved	0.0	1.0	0.0	Open	0.0	SymmetricalOrAlternating	Curved	0	Neutral	Neutral	Neutral	1	c	1
[how;D_02_082,basket_2;E_01_060]	imrp	Curved	0.0	0.0	0.0	Open	0.0	SymmetricalOrAlternating	Curved	0	Neutral	Neutral	Neutral	1	curved_5	1
[how;D_02_082,overnight;J_01_076]	imrp	Curved	0.0	0.0	0.0	Open	0.0	AsymmetricalSameHandshape	Curved	0	Neutral	Neutral	Neutral	1	c	1
[how;D_02_082,organization;J_03_033]	imrp	Curved	0.0	0.0	0.0	Open	1.0	SymmetricalOrAlternating	Curved	0	Neutral	Neutral	Neutral	1	c	1
[how;D_02_082,organization;J_03_033]	imrp	Curved	0.0	0.0	0.0	Open	0.0	SymmetricalOrAlternating	Curved	0	Neutral	Neutral	Neutral	1	o	1
[stack_2;K_02_102,how;D_02_082]	imrp	Curved	0.0	0.0	0.0	Open	0.0	SymmetricalOrAlternating	Other	0	Neutral	Neutral	Neutral	1	c	1
[what_1;D_02_084,heavy;F_01_085]	imrp	Curved	0.0	1.0	0.0	Open	0.0	SymmetricalOrAlternating	Straight	1	Neutral	Neutral	Neutral	0	5	0
[what_1;D_02_084,heavy;F_01_085]	imrp	FullyOpen	0.0	1.0	0.0	Open	0.0	SymmetricalOrAlternating	Straight	1	Neutral	Neutral	Neutral	0	curved_5	0
[trophy;D_02_086,vagina;F_02_065]	i	FullyOpen	0.0	nan	nan	Open	0.0	SymmetricalOrAlternating	Straight	1	Neutral	Neutral	Neutral	1	y	0
[trophy;D_02_086,vagina;F_02_065]	p	FullyOpen	0.0	nan	nan	Open	0.0	SymmetricalOrAlternating	Straight	1	Neutral	Neutral	Neutral	1	l	0
[battery;D_02_089,electrocute;K_01_096]	i	Bent	0.0	nan	nan	Closed	0.0	SymmetricalOrAlternating	BackAndForth	1	Neutral	Neutral	Neutral	1	bent_1	0
[battery;D_02_089,electrocute;K_01_096]	i	Bent	0.0	nan	nan	Closed	0.0	SymmetricalOrAlternating	Straight	0	Neutral	Neutral	Neutral	1	bent_1	0
[sshh;E_02_016,russia;D_02_091]	i	FullyOpen	0.0	nan	nan	Closed	0.0	OneHanded	Straight	0	Head	Mouth	HeadAway	1	nan	0
[sshh;E_02_016,russia;D_02_091]	i	FullyOpen	0.0	nan	nan	Closed	0.0	OneHanded	BackAndForth	0	Head	Mouth	nan	1	nan	0
[red_faced;F_03_030,russia;D_02_091]	i	FullyOpen	0.0	nan	nan	Closed	0.0	OneHanded	Straight	0	Head	Mouth	HeadAway	1	nan	0
[red_faced;F_03_030,russia;D_02_091]	i	FullyOpen	0.0	nan	nan	Closed	0.0	OneHanded	BackAndForth	0	Head	Chin	HeadAway	1	nan	0
[russia;D_02_091,fake;G_03_080]	i	FullyOpen	0.0	nan	nan	Closed	0.0	OneHanded	Curved	0	Head	Mouth	HeadAway	1	nan	0
[russia;D_02_091,fake;G_03_080]	i	FullyOpen	0.0	nan	nan	Closed	0.0	OneHanded	BackAndForth	0	Head	CheekNose	HeadAway	1	nan	0
[russia;D_02_091,intelligent;H_02_080]	i	FullyOpen	0.0	nan	nan	Closed	0.0	OneHanded	Straight	0	Head	Mouth	HeadAway	1	nan	0
[russia;D_02_091,intelligent;H_02_080]	i	FullyOpen	0.0	nan	nan	Closed	0.0	OneHanded	BackAndForth	0	Head	Forehead	HeadAway	1	nan	0
[sweater;D_02_092,vest;J_03_050]	imrp	Curved	0.0	0.0	0.0	Open	0.0	SymmetricalOrAlternating	Curved	0	Body	TorsoTop	TorsoBottom	1	c	1
[sweater;D_02_092,vest;J_03_050]	imrp	Curved	0.0	0.0	0.0	Open	0.0	SymmetricalOrAlternating	Curved	0	Body	TorsoTop	Hips	1	c	0
[far;D_03_007,avoid;E_01_040]	t	nan	nan	nan	nan	Open	nan	AsymmetricalSameHandshape	Straight	0	Hand	FingerBack	HandAway	1	a	0
[far;D_03_007,avoid;E_01_040]	t	nan	nan	nan	nan	Open	nan	AsymmetricalSameHandshape	Curved	0	Hand	Heel	HandAway	1	a	0
[far;D_03_007,each;F_02_059]	t	nan	nan	nan	nan	Open	nan	AsymmetricalSameHandshape	Z-shaped	0	Hand	FingerBack	HandAway	1	a	0
[far;D_03_007,each;F_02_059]	t	nan	nan	nan	nan	Open	nan	AsymmetricalSameHandshape	Curved	0	Hand	Heel	HandAway	1	a	0
[far;D_03_007,poop;H_03_072]	t	nan	nan	nan	nan	Open	nan	AsymmetricalSameHandshape	Straight	0	Hand	FingerBack	HandAway	1	a	0
[far;D_03_007,poop;H_03_072]	t	nan	nan	nan	nan	Open	nan	AsymmetricalSameHandshape	Curved	0	Hand	Other	HandAway	1	a	0
[eagle;D_03_066,gay;D_03_011]	i	Bent	0.0	nan	nan	Open	0.0	OneHanded	Straight	1	Head	Chin	nan	1	nan	0
[eagle;D_03_066,gay;D_03_011]	i	Flat	0.0	nan	nan	Open	0.0	OneHanded	Straight	1	Head	CheekNose	nan	1	nan	0
[guilty;D_03_085,gay;D_03_011]	i	Flat	0.0	nan	nan	Open	0.0	OneHanded	Straight	1	Body	Chin	nan	1	nan	0
[guilty;D_03_085,gay;D_03_011]	i	Flat	0.0	nan	nan	Open	0.0	OneHanded	Straight	1	Head	Clavicle	nan	1	nan	0
[snorkel;E_01_102,gay;D_03_011]	i	FullyOpen	0.0	nan	nan	Open	0.0	OneHanded	Straight	1	Head	Chin	nan	1	nan	0
[snorkel;E_01_102,gay;D_03_011]	i	Flat	0.0	nan	nan	Open	0.0	OneHanded	Straight	1	Head	Mouth	nan	1	nan	0
[lunch;F_01_076,gay;D_03_011]	i	FullyOpen	0.0	nan	nan	Open	0.0	OneHanded	Straight	1	Head	Chin	nan	1	nan	0
[lunch;F_01_076,gay;D_03_011]	i	Flat	0.0	nan	nan	Open	0.0	OneHanded	Straight	1	Head	Chin	nan	0	nan	0
[soon_1;G_01_004,gay;D_03_011]	i	Curved	0.0	nan	nan	Open	0.0	OneHanded	Straight	1	Head	Chin	nan	1	nan	0
[soon_1;G_01_004,gay;D_03_011]	i	Flat	0.0	nan	nan	Open	1.0	OneHanded	Straight	1	Head	Chin	nan	1	nan	0
[luck;H_03_009,gay;D_03_011]	i	FullyOpen	0.0	nan	nan	Open	0.0	OneHanded	Straight	1	Head	Chin	nan	1	nan	0
[luck;H_03_009,gay;D_03_011]	i	Flat	0.0	nan	nan	Open	0.0	OneHanded	Straight	1	Head	Chin	HeadAway	1	nan	0
[pipe_2;K_02_018,gay;D_03_011]	i	Bent	0.0	nan	nan	Open	0.0	OneHanded	Straight	1	Head	Chin	nan	1	nan	0
[pipe_2;K_02_018,gay;D_03_011]	i	Flat	0.0	nan	nan	Open	0.0	OneHanded	Straight	1	Head	Mouth	nan	1	nan	0
[fireman_2;K_03_052,gay;D_03_011]	i	Curved	0.0	nan	nan	Open	0.0	OneHanded	Straight	1	Head	Chin	nan	1	nan	0
[fireman_2;K_03_052,gay;D_03_011]	i	Flat	0.0	nan	nan	Open	0.0	OneHanded	Straight	1	Head	Forehead	nan	1	nan	0
[destroy;E_03_052,wedding;D_03_015]	imrp	FullyOpen	1.0	1.0	1.0	Open	0.0	SymmetricalOrAlternating	BackAndForth	0	Neutral	Neutral	Neutral	1	5	1
[destroy;E_03_052,wedding;D_03_015]	imrp	FullyOpen	1.0	1.0	1.0	Open	0.0	SymmetricalOrAlternating	Curved	0	Neutral	Neutral	Neutral	1	5	0
[lost;J_01_017,wedding;D_03_015]	imrp	FullyOpen	0.0	1.0	1.0	Open	0.0	SymmetricalOrAlternating	Curved	0	Neutral	Neutral	Neutral	1	5	1
[lost;J_01_017,wedding;D_03_015]	imrp	FullyOpen	1.0	1.0	0.0	Open	0.0	SymmetricalOrAlternating	Curved	0	Neutral	Neutral	Neutral	1	5	1
[bull;E_01_098,rhino;D_03_016]	p	FullyOpen	0.0	nan	nan	Open	0.0	OneHanded	Straight	1	Head	CheekNose	nan	1	nan	0
[bull;E_01_098,rhino;D_03_016]	p	FullyOpen	0.0	nan	nan	Closed	0.0	OneHanded	Straight	1	Head	Forehead	nan	1	nan	0
[sound;H_02_096,rhino;D_03_016]	i	FullyOpen	0.0	nan	nan	Closed	0.0	OneHanded	Straight	1	Head	CheekNose	nan	1	nan	0
[sound;H_02_096,rhino;D_03_016]	p	FullyOpen	0.0	nan	nan	Closed	0.0	OneHanded	Straight	1	Head	Other	nan	1	nan	0
[recent;J_02_056,rhino;D_03_016]	i	FullyOpen	0.0	nan	nan	Closed	0.0	OneHanded	Straight	1	Head	CheekNose	nan	1	nan	0
[recent;J_02_056,rhino;D_03_016]	p	Bent	0.0	nan	nan	Closed	0.0	OneHanded	Straight	1	Head	CheekNose	nan	1	nan	0
[loyal;D_03_017,spain;G_01_094]	i	Bent	0.0	nan	nan	Open	0.0	OneHanded	Circular	0	Body	BodyAway	Clavicle	1	nan	1
[loyal;D_03_017,spain;G_01_094]	i	FullyOpen	0.0	nan	nan	Open	1.0	OneHanded	Circular	0	Body	BodyAway	Clavicle	1	nan	1
[hold_together;E_02_003,magic;D_03_018]	imrp	Curved	1.0	1.0	1.0	Open	1.0	SymmetricalOrAlternating	nan	0	Neutral	Neutral	nan	0	curved_5	0
[hold_together;E_02_003,magic;D_03_018]	imrp	Curved	1.0	1.0	1.0	Closed	1.0	SymmetricalOrAlternating	nan	0	Neutral	Neutral	nan	1	curved_5	0
[paragraph;E_02_090,rake;D_03_021]	imrp	Curved	0.0	1.0	0.0	Open	0.0	AsymmetricalDifferentHandshape	BackAndForth	1	Hand	Palm	HandAway	1	B	0
[wife;D_03_025,daughter;E_02_023]	imrp	Curved	0.0	0.0	0.0	Closed	0.0	OneHanded	nan	0	Head	Chin	nan	1	nan	0
[neck;F_02_081,priest;D_03_026]	i	Flat	0.0	nan	nan	Open	0.0	OneHanded	Straight	1	Body	Neck	Neck	0	nan	0
[neck;F_02_081,priest;D_03_026]	i	Flat	0.0	nan	nan	Open	0.0	OneHanded	Straight	1	Body	Neck	BodyAway	1	nan	0
[freedom;E_02_001,can;D_03_027]	imrp	FullyClosed	0.0	nan	0.0	Closed	1.0	SymmetricalOrAlternating	Curved	0	Neutral	Neutral	Neutral	0	s	0
[freedom;E_02_001,can;D_03_027]	imrp	FullyClosed	0.0	nan	0.0	Closed	1.0	SymmetricalOrAlternating	Straight	0	Neutral	Neutral	Neutral	0	s	1
[winter;E_03_022,can;D_03_027]	imrp	FullyClosed	0.0	nan	0.0	Closed	1.0	SymmetricalOrAlternating	Straight	1	Neutral	Neutral	Neutral	0	s	0
[winter;E_03_022,can;D_03_027]	imrp	FullyClosed	0.0	nan	0.0	Closed	1.0	SymmetricalOrAlternating	Straight	0	Neutral	Neutral	nan	0	s	0
[can;D_03_027,accordion;F_02_048]	imrp	FullyClosed	0.0	nan	nan	Closed	1.0	SymmetricalOrAlternating	Straight	0	Neutral	Neutral	Neutral	0	s	0
[can;D_03_027,accordion;F_02_048]	imrp	FullyClosed	0.0	nan	0.0	Closed	1.0	SymmetricalOrAlternating	Straight	1	Neutral	Neutral	Neutral	0	s	0
[can;D_03_027,structure;H_01_035]	imrp	FullyClosed	0.0	nan	0.0	Closed	1.0	SymmetricalOrAlternating	Other	0	Neutral	Neutral	Neutral	0	s	0
[can;D_03_027,structure;H_01_035]	imrp	FullyClosed	0.0	nan	0.0	Closed	1.0	SymmetricalOrAlternating	Straight	0	Neutral	Neutral	Neutral	1	s	0
[can;D_03_027,system;H_01_061]	imrp	FullyClosed	0.0	nan	0.0	Closed	1.0	SymmetricalOrAlternating	BackAndForth	0	Neutral	Neutral	Neutral	0	s	0
[can;D_03_027,system;H_01_061]	imrp	FullyClosed	0.0	nan	0.0	Closed	1.0	SymmetricalOrAlternating	Straight	0	Neutral	Neutral	Neutral	1	s	0
[can;D_03_027,toss_out;H_02_037]	imrp	FullyClosed	1.0	nan	0.0	Closed	1.0	SymmetricalOrAlternating	Straight	0	Neutral	Neutral	Neutral	0	s	0
[can;D_03_027,toss_out;H_02_037]	imrp	FullyClosed	0.0	nan	0.0	Closed	1.0	SymmetricalOrAlternating	BackAndForth	0	Neutral	Neutral	Neutral	0	s	0
[boots_2;K_03_101,can;D_03_027]	imrp	FullyClosed	0.0	nan	0.0	Closed	1.0	SymmetricalOrAlternating	Straight	0	Neutral	Neutral	nan	0	s	0
[boots_2;K_03_101,can;D_03_027]	imrp	FullyClosed	0.0	nan	0.0	Closed	1.0	SymmetricalOrAlternating	Straight	0	Neutral	Neutral	Neutral	1	s	0
[argue;F_03_072,but;D_03_030]	i	FullyOpen	0.0	nan	nan	Closed	0.0	SymmetricalOrAlternating	Curved	1	Neutral	Neutral	Neutral	1	1	0
[argue;F_03_072,but;D_03_030]	i	FullyOpen	0.0	nan	nan	Closed	0.0	SymmetricalOrAlternating	Curved	0	Neutral	Neutral	Neutral	0	1	0
[back_up;G_01_102,but;D_03_030]	i	FullyOpen	0.0	nan	nan	Closed	0.0	SymmetricalOrAlternating	Other	0	Neutral	Neutral	Neutral	1	1	0
[back_up;G_01_102,but;D_03_030]	i	FullyOpen	0.0	nan	nan	Closed	0.0	SymmetricalOrAlternating	Curved	0	Neutral	Neutral	Neutral	0	1	0
[but;D_03_030,long_word;H_02_047]	i	FullyOpen	0.0	nan	nan	Closed	0.0	SymmetricalOrAlternating	Straight	0	Neutral	Neutral	Neutral	1	1	0
[but;D_03_030,long_word;H_02_047]	i	FullyOpen	0.0	nan	nan	Closed	0.0	SymmetricalOrAlternating	Curved	0	Neutral	Neutral	Neutral	0	1	0
[square;J_01_060,but;D_03_030]	i	FullyOpen	1.0	nan	nan	Closed	0.0	SymmetricalOrAlternating	Curved	0	Neutral	Neutral	Neutral	1	1	0
[square;J_01_060,but;D_03_030]	i	FullyOpen	0.0	nan	nan	Closed	0.0	SymmetricalOrAlternating	Other	0	Neutral	Neutral	Neutral	1	1	0
[breathe;D_03_051,holiday;D_03_031]	imrp	FullyOpen	0.0	1.0	0.0	Open	0.0	SymmetricalOrAlternating	BackAndForth	1	Body	TorsoTop	BodyAway	1	5	0
[holiday;D_03_031,bear;D_03_063]	imrp	FullyOpen	1.0	1.0	0.0	Open	0.0	SymmetricalOrAlternating	Straight	1	Body	TorsoTop	BodyAway	1	5	0
[clothes;E_03_096,holiday;D_03_031]	imrp	FullyOpen	0.0	1.0	0.0	Open	0.0	SymmetricalOrAlternating	Straight	1	Body	TorsoTop	BodyAway	1	5	1
[holiday;D_03_031,cape;F_01_004]	imrp	FullyOpen	0.0	1.0	0.0	Open	0.0	SymmetricalOrAlternating	Straight	1	Body	Shoulder	BodyAway	1	5	0
[dig_up;G_02_019,continue;D_03_032]	t	nan	nan	nan	nan	Open	nan	SymmetricalOrAlternating	Curved	1	Neutral	Neutral	Neutral	0	a	0
[dig_up;G_02_019,continue;D_03_032]	t	nan	nan	nan	nan	Open	nan	SymmetricalOrAlternating	Curved	1	Neutral	Neutral	Neutral	1	a	1
[agency;H_01_044,continue;D_03_032]	t	nan	nan	nan	nan	Open	nan	SymmetricalOrAlternating	Curved	0	Neutral	Neutral	Neutral	1	a	0
[agency;H_01_044,continue;D_03_032]	t	nan	nan	nan	nan	Open	nan	SymmetricalOrAlternating	Curved	1	Neutral	Neutral	Neutral	1	a	1
[enjoy;D_03_033,relax;D_03_081]	imrp	FullyOpen	0.0	0.0	0.0	Open	0.0	SymmetricalOrAlternating	Straight	1	Body	TorsoTop	TorsoTop	1	open_b	0
[enjoy;D_03_033,relax;D_03_081]	imrp	FullyOpen	0.0	0.0	0.0	Open	0.0	SymmetricalOrAlternating	Circular	1	Body	TorsoTop	nan	1	open_b	0
[sit;D_03_034,locker;K_01_126]	im	FullyOpen	0.0	0.0	0.0	Closed	0.0	AsymmetricalDifferentHandshape	Straight	0	Hand	FingerBack	nan	1	DominanceConditionViolation	0
[sit;D_03_034,locker;K_01_126]	im	Curved	0.0	0.0	0.0	Closed	0.0	DominanceViolation	Straight	0	Hand	FingerBack	nan	1	DominanceConditionViolation	0
[lamp;D_03_037,send;E_02_009]	imrp	Curved	1.0	0.0	1.0	Open	1.0	OneHanded	Straight	0	Neutral	Neutral	nan	0	nan	0
[lamp;D_03_037,send;E_02_009]	imrp	Curved	1.0	0.0	1.0	Open	1.0	OneHanded	nan	0	Neutral	Neutral	Neutral	0	nan	0
[TRUE;D_03_038,sshh;E_02_016]	i	FullyOpen	0.0	nan	nan	Closed	0.0	OneHanded	Straight	0	Head	Mouth	HeadAway	1	nan	0
[TRUE;D_03_038,sshh;E_02_016]	i	FullyOpen	0.0	nan	nan	Closed	0.0	OneHanded	Curved	0	Head	Mouth	nan	1	nan	0
[TRUE;D_03_038,red_faced;F_03_030]	i	FullyOpen	0.0	nan	nan	Closed	0.0	OneHanded	Straight	0	Head	Mouth	HeadAway	1	nan	0
[TRUE;D_03_038,red_faced;F_03_030]	i	FullyOpen	0.0	nan	nan	Closed	0.0	OneHanded	Curved	0	Head	Chin	HeadAway	1	nan	0
[TRUE;D_03_038,intelligent;H_02_080]	i	FullyOpen	0.0	nan	nan	Closed	0.0	OneHanded	Straight	0	Head	Mouth	HeadAway	1	nan	0
[TRUE;D_03_038,intelligent;H_02_080]	i	FullyOpen	0.0	nan	nan	Closed	0.0	OneHanded	Curved	0	Head	Forehead	HeadAway	1	nan	0
[TRUE;D_03_038,dont_feel_like;J_01_005]	i	FullyOpen	0.0	nan	nan	Closed	0.0	OneHanded	Curved	0	Head	CheekNose	HeadAway	1	nan	0
[TRUE;D_03_038,dont_feel_like;J_01_005]	i	FullyOpen	0.0	nan	nan	Closed	0.0	OneHanded	Curved	0	Head	Mouth	HeadAway	1	nan	1
[former;J_02_066,elegance;D_03_042]	imrp	FullyOpen	0.0	1.0	0.0	Open	0.0	OneHanded	Circular	1	Body	TorsoTop	BodyAway	1	nan	0
[former;J_02_066,elegance;D_03_042]	imrp	FullyOpen	0.0	1.0	0.0	Open	0.0	OneHanded	Curved	1	Body	Clavicle	BodyAway	1	nan	0
[weigh;D_03_077,temporary;G_03_067,use;D_03_043]	im	FullyOpen	0.0	0.0	0.0	Closed	0.0	DominanceViolation	Curved	1	Hand	FingerRadial	FingerRadial	1	DominanceConditionViolation	0
[sharpen_2;K_03_097,use;D_03_043]	im	FullyOpen	0.0	0.0	0.0	Closed	0.0	DominanceViolation	Curved	1	Hand	FingerRadial	HandAway	1	DominanceConditionViolation	1
[brown;D_03_045,bachelor;E_01_059]	imrp	FullyOpen	0.0	0.0	0.0	Closed	0.0	OneHanded	Curved	0	Head	Chin	Chin	1	nan	0
[brown;D_03_045,daughter;E_02_023]	imrp	FullyOpen	0.0	0.0	0.0	Closed	0.0	OneHanded	nan	0	Head	Chin	Chin	1	nan	0
[own;D_03_046,bear;D_03_063]	imrp	FullyOpen	1.0	1.0	0.0	Open	0.0	SymmetricalOrAlternating	Straight	0	Body	TorsoTop	nan	1	5	0
[own;D_03_046,bear;D_03_063]	imrp	FullyOpen	1.0	1.0	0.0	Open	1.0	SymmetricalOrAlternating	Straight	1	Body	TorsoTop	nan	1	5	0
[sister;D_03_050,hear_1;E_01_097]	i	FullyOpen	0.0	nan	nan	Closed	0.0	OneHanded	nan	0	Head	CheekNose	nan	1	nan	0
[sister;D_03_050,hear_1;E_01_097]	i	FullyOpen	0.0	nan	nan	Open	0.0	OneHanded	nan	0	Head	Other	nan	1	nan	0
[sister;D_03_050,blond;E_02_102]	ip	FullyOpen	0.0	nan	nan	Open	0.0	OneHanded	nan	0	Head	CheekNose	nan	1	nan	0
[sister;D_03_050,blond;E_02_102]	i	FullyOpen	0.0	nan	nan	Open	0.0	OneHanded	nan	0	Head	Other	nan	1	nan	0
[sister;D_03_050,bee;E_03_018]	i	Curved	0.0	nan	nan	Open	0.0	OneHanded	nan	0	Head	CheekNose	nan	1	nan	0
[sister;D_03_050,bee;E_03_018]	i	FullyOpen	0.0	nan	nan	Open	1.0	OneHanded	nan	0	Head	CheekNose	nan	1	nan	0
[sister;D_03_050,spot_something;G_01_002]	i	FullyOpen	0.0	nan	nan	Closed	0.0	OneHanded	nan	0	Head	CheekNose	nan	1	nan	0
[sister;D_03_050,spot_something;G_01_002]	i	FullyOpen	0.0	nan	nan	Open	0.0	OneHanded	nan	0	Head	Eye	nan	1	nan	0
[sister;D_03_050,miss;G_02_049]	i	FullyOpen	0.0	nan	nan	Closed	0.0	OneHanded	nan	0	Head	CheekNose	nan	1	nan	0
[sister;D_03_050,miss;G_02_049]	i	FullyOpen	0.0	nan	nan	Open	0.0	OneHanded	nan	0	Head	Chin	nan	1	nan	0
[witch_2;K_03_022,sister;D_03_050]	i	Bent	0.0	nan	nan	Open	0.0	OneHanded	nan	0	Head	CheekNose	nan	1	nan	0
[witch_2;K_03_022,sister;D_03_050]	i	FullyOpen	0.0	nan	nan	Open	1.0	OneHanded	nan	0	Head	CheekNose	nan	1	nan	0
[sister;D_03_050,whistle_3;K_03_055]	i	Curved	0.0	nan	nan	Open	0.0	OneHanded	nan	0	Head	CheekNose	nan	1	nan	0
[sister;D_03_050,whistle_3;K_03_055]	i	FullyOpen	0.0	nan	nan	Open	0.0	OneHanded	nan	0	Head	Mouth	nan	1	nan	0
[breathe;D_03_051,cape;F_01_004]	imrp	FullyOpen	0.0	1.0	0.0	Open	0.0	SymmetricalOrAlternating	BackAndForth	0	Body	Shoulder	BodyAway	1	5	0
[bulldozer;E_01_083,excuse;D_03_052]	imrp	Flat	0.0	0.0	0.0	Open	0.0	AsymmetricalDifferentHandshape	Straight	1	Hand	Palm	FingerFront	1	B	0
[hoe;G_01_007,excuse;D_03_052]	imrp	Flat	0.0	0.0	0.0	Open	0.0	AsymmetricalSameHandshape	Straight	1	Hand	Palm	HandAway	1	B	0
[hoe;G_01_007,excuse;D_03_052]	imrp	Flat	0.0	0.0	0.0	Open	0.0	AsymmetricalDifferentHandshape	Straight	1	Hand	Palm	HandAway	1	flat_b	0
[dig;K_02_119,excuse;D_03_052,shovel_2;K_03_008]	imrp	Flat	0.0	0.0	0.0	Open	0.0	AsymmetricalDifferentHandshape	Curved	1	Hand	Palm	HandAway	1	B	0
[west;D_03_053,flip_switch;E_01_066]	i	Curved	0.0	nan	nan	Open	1.0	OneHanded	Straight	0	Neutral	Neutral	Neutral	0	nan	0
[west;D_03_053,flip_switch;E_01_066]	p	Bent	0.0	nan	nan	Open	1.0	OneHanded	Straight	0	Neutral	Neutral	Neutral	0	nan	0
[west;D_03_053,pour;F_02_063]	p	Curved	0.0	nan	nan	Open	0.0	OneHanded	Straight	0	Neutral	Neutral	Neutral	0	nan	0
[west;D_03_053,pour;F_02_063]	p	Curved	0.0	nan	nan	Open	1.0	OneHanded	Curved	0	Neutral	Neutral	Neutral	0	nan	0
[west;D_03_053,seven;F_03_087]	r	Curved	0.0	nan	nan	Open	1.0	OneHanded	Straight	0	Neutral	Neutral	Neutral	0	nan	0
[west;D_03_053,seven;F_03_087]	p	Curved	0.0	nan	nan	Open	1.0	OneHanded	Straight	0	Neutral	Neutral	nan	0	nan	0
[west;D_03_053,dinosaur_2;K_03_047]	m	Curved	0.0	nan	nan	Open	1.0	OneHanded	Straight	0	Neutral	Neutral	Neutral	0	nan	0
[west;D_03_053,dinosaur_2;K_03_047]	p	Curved	0.0	nan	nan	Open	1.0	OneHanded	Z-shaped	0	Neutral	Neutral	Neutral	0	nan	0
[carve;K_02_026,stir;D_03_055]	i	Bent	0.0	nan	nan	Open	1.0	AsymmetricalDifferentHandshape	Curved	1	Hand	HandAway	HandAway	0	C	1
[carve;K_02_026,stir;D_03_055]	i	Bent	0.0	nan	nan	Open	1.0	AsymmetricalDifferentHandshape	Circular	1	Hand	HandAway	HandAway	0	S	1
[oops;D_03_056,breakfast;F_01_073,goatee;G_01_074,hear_2;J_02_006]	imrp	Curved	0.0	0.0	0.0	Open	0.0	OneHanded	Straight	0	Head	Mouth	nan	1	nan	0
[oops;D_03_056,breakfast;F_01_073]	imrp	FullyOpen	0.0	0.0	0.0	Open	1.0	OneHanded	Straight	0	Head	Mouth	nan	1	nan	0
[oops;D_03_056,bitch;H_01_058]	imrp	FullyOpen	0.0	0.0	0.0	Closed	0.0	OneHanded	Straight	0	Head	Mouth	nan	1	nan	0
[oops;D_03_056,thank_you;H_02_053]	imrp	FullyOpen	0.0	0.0	0.0	Open	0.0	OneHanded	Curved	0	Head	Mouth	nan	1	nan	0
[shooting;F_01_049,decide;D_03_057]	i	FullyOpen	0.0	nan	nan	Open	0.0	SymmetricalOrAlternating	Straight	0	Neutral	Neutral	Neutral	0	l	0
[shooting;F_01_049,decide;D_03_057]	i	FullyOpen	0.0	nan	nan	Open	1.0	SymmetricalOrAlternating	Z-shaped	0	Neutral	Neutral	Neutral	0	l	0
[hang_clothes;K_02_069,decide;D_03_057]	i	Curved	0.0	nan	nan	Open	1.0	SymmetricalOrAlternating	Straight	0	Neutral	Neutral	Neutral	0	l	0
[hang_clothes;K_02_069,decide;D_03_057]	i	FullyOpen	0.0	nan	nan	Open	1.0	SymmetricalOrAlternating	Straight	0	Neutral	Neutral	Neutral	0	f	0
[shop_2;D_03_058,provide;H_01_045]	imrp	Flat	1.0	0.0	0.0	Open	1.0	SymmetricalOrAlternating	Curved	1	Neutral	Neutral	Neutral	0	flat_o	1
[shop_2;D_03_058,provide;H_01_045]	imrp	Flat	0.0	0.0	0.0	Open	1.0	SymmetricalOrAlternating	Curved	0	Neutral	Neutral	Neutral	0	flat_o	1
[saw;D_03_060,hit_1;F_02_005]	imrp	FullyClosed	0.0	nan	0.0	Closed	1.0	OneHanded	Curved	1	Neutral	Neutral	Neutral	0	nan	0
[saw;D_03_060,hit_1;F_02_005]	imrp	FullyClosed	0.0	nan	0.0	Closed	1.0	OneHanded	Straight	0	Neutral	Neutral	Neutral	0	nan	0
[resist;G_03_030,saw;D_03_060]	imrp	FullyClosed	0.0	nan	0.0	Closed	1.0	OneHanded	Straight	0	Neutral	Neutral	Neutral	0	nan	0
[resist;G_03_030,saw;D_03_060]	imrp	FullyClosed	0.0	nan	0.0	Closed	1.0	OneHanded	Straight	1	Neutral	Neutral	nan	0	nan	0
[saw;D_03_060,drag;K_01_022]	imrp	FullyClosed	0.0	nan	nan	Closed	1.0	OneHanded	Straight	1	Neutral	Neutral	Neutral	0	nan	0
[saw;D_03_060,drag;K_01_022]	imrp	FullyClosed	0.0	nan	0.0	Closed	1.0	OneHanded	Straight	0	Neutral	Neutral	Neutral	0	nan	0
[lose;D_03_064,invest;F_03_045,sink;E_02_042]	im	FullyOpen	0.0	1.0	0.0	Open	0.0	AsymmetricalDifferentHandshape	BackAndForth	0	Hand	Palm	HandAway	1	B	0
[lose;D_03_064,invest;F_03_045]	im	Curved	0.0	1.0	0.0	Closed	0.0	AsymmetricalDifferentHandshape	BackAndForth	0	Hand	Palm	HandAway	1	B	0
[fork_3;K_03_003,lose;D_03_064,two_weeks;J_03_066]	im	FullyOpen	0.0	1.0	0.0	Closed	0.0	AsymmetricalDifferentHandshape	nan	0	Hand	Palm	HandAway	1	B	0
[signing_fluently;F_03_069,many;D_03_065]	imrp	FullyClosed	1.0	nan	1.0	Closed	1.0	SymmetricalOrAlternating	nan	0	Neutral	Neutral	nan	0	s	0
[signing_fluently;F_03_069,many;D_03_065]	imrp	FullyClosed	1.0	nan	1.0	Closed	1.0	SymmetricalOrAlternating	nan	1	Neutral	Neutral	Neutral	0	s	0
[many;D_03_065,articulate_sign;J_01_014]	imrp	FullyClosed	1.0	nan	1.0	Closed	1.0	SymmetricalOrAlternating	Curved	1	Neutral	Neutral	nan	0	s	0
[many;D_03_065,articulate_sign;J_01_014]	imrp	FullyClosed	1.0	nan	1.0	Closed	1.0	SymmetricalOrAlternating	nan	1	Neutral	Neutral	Neutral	0	s	0
[many;D_03_065,load_2;K_02_003]	imrp	FullyClosed	1.0	nan	1.0	Closed	1.0	SymmetricalOrAlternating	Straight	1	Neutral	Neutral	nan	0	s	0
[many;D_03_065,load_2;K_02_003]	imrp	FullyClosed	1.0	nan	1.0	Closed	1.0	SymmetricalOrAlternating	nan	1	Neutral	Neutral	Neutral	0	s	0
[snorkel;E_01_102,eagle;D_03_066]	i	FullyOpen	0.0	nan	nan	Open	0.0	OneHanded	Straight	1	Head	CheekNose	nan	1	nan	0
[snorkel;E_01_102,eagle;D_03_066]	i	Bent	0.0	nan	nan	Open	0.0	OneHanded	Straight	1	Head	Mouth	nan	1	nan	0
[eagle;D_03_066,lollipop;E_02_095]	i	Bent	0.0	nan	nan	Open	1.0	OneHanded	Straight	1	Head	CheekNose	nan	1	nan	0
[eagle;D_03_066,lollipop;E_02_095]	i	Bent	0.0	nan	nan	Open	0.0	OneHanded	Straight	1	Head	Mouth	nan	1	nan	0
[eagle;D_03_066,skin;F_01_091]	i	Bent	0.0	nan	nan	Open	0.0	OneHanded	nan	1	Head	CheekNose	nan	1	nan	0
[eagle;D_03_066,skin;F_01_091]	i	Bent	0.0	nan	nan	Open	0.0	OneHanded	Straight	0	Head	CheekNose	nan	1	nan	0
[eagle;D_03_066,nose;G_03_075]	i	FullyOpen	0.0	nan	nan	Open	0.0	OneHanded	Straight	1	Head	CheekNose	nan	1	nan	0
[eagle;D_03_066,nose;G_03_075]	i	Bent	0.0	nan	nan	Closed	0.0	OneHanded	Straight	1	Head	CheekNose	nan	1	nan	0
[lesbian;H_01_057,eagle;D_03_066]	i	FullyOpen	0.0	nan	nan	Open	0.0	OneHanded	Straight	1	Head	CheekNose	nan	1	nan	0
[lesbian;H_01_057,eagle;D_03_066]	i	Bent	0.0	nan	nan	Open	0.0	OneHanded	Straight	1	Head	Chin	nan	1	nan	0
[eagle;D_03_066,soon_3;H_03_023]	i	Curved	0.0	nan	nan	Open	0.0	OneHanded	Straight	1	Head	CheekNose	nan	1	nan	0
[eagle;D_03_066,soon_3;H_03_023]	i	Bent	0.0	nan	nan	Open	1.0	OneHanded	Straight	1	Head	CheekNose	nan	1	nan	0
[eagle;D_03_066,recent;H_03_090]	i	Bent	0.0	nan	nan	Closed	0.0	OneHanded	Straight	1	Head	CheekNose	nan	1	nan	0
[eagle;D_03_066,recent;H_03_090]	i	Bent	0.0	nan	nan	Open	0.0	OneHanded	nan	1	Head	CheekNose	nan	1	nan	0
[eagle;D_03_066,fireman_2;K_03_052]	i	Curved	0.0	nan	nan	Open	0.0	OneHanded	Straight	1	Head	CheekNose	nan	1	nan	0
[eagle;D_03_066,fireman_2;K_03_052]	i	Bent	0.0	nan	nan	Open	0.0	OneHanded	Straight	1	Head	Forehead	nan	1	nan	0
[hose;E_02_054,airplane;D_03_068]	i	FullyOpen	0.0	nan	nan	Open	0.0	OneHanded	Straight	1	Neutral	Neutral	Neutral	0	nan	0
[hose;E_02_054,airplane;D_03_068]	ip	Bent	0.0	nan	nan	Open	0.0	OneHanded	Straight	1	Neutral	Neutral	Neutral	0	nan	0
[airplane;D_03_068,quarter;H_02_049]	i	FullyOpen	0.0	nan	nan	Open	0.0	OneHanded	Straight	1	Neutral	Neutral	Neutral	0	nan	0
[airplane;D_03_068,quarter;H_02_049]	ip	Flat	0.0	nan	nan	Open	0.0	OneHanded	Straight	1	Neutral	Neutral	Neutral	0	nan	0
[instagram;H_03_083,airplane;D_03_068]	i	FullyOpen	0.0	nan	nan	Open	0.0	OneHanded	Straight	1	Neutral	Neutral	Neutral	0	nan	0
[instagram;H_03_083,airplane;D_03_068]	ip	Curved	0.0	nan	nan	Open	0.0	OneHanded	Straight	1	Neutral	Neutral	Neutral	0	nan	0
[nonsense;G_03_071,ignore;D_03_069]	imrp	FullyOpen	0.0	1.0	0.0	Closed	0.0	OneHanded	Curved	0	Head	Forehead	HeadAway	1	nan	1
[nonsense;G_03_071,ignore;D_03_069]	imrp	FullyOpen	0.0	1.0	0.0	Closed	0.0	OneHanded	Curved	0	Head	CheekNose	HeadAway	1	nan	0
[fly;D_03_070,relax;D_03_081,penguin;F_01_088]	imrp	FullyOpen	0.0	0.0	0.0	Open	0.0	SymmetricalOrAlternating	Straight	1	Body	TorsoTop	nan	0	open_b	0
[fly;D_03_070,relax;D_03_081]	imrp	FullyOpen	0.0	0.0	0.0	Open	0.0	SymmetricalOrAlternating	Straight	1	Body	BodyAway	nan	1	open_b	0
[suck;F_01_012,toothbrush;D_03_073]	i	FullyOpen	0.0	nan	nan	Closed	0.0	OneHanded	Straight	1	Head	HeadAway	HeadAway	0	nan	0
[suck;F_01_012,toothbrush;D_03_073]	i	Flat	0.0	nan	nan	Closed	0.0	OneHanded	Straight	0	Head	HeadAway	HeadAway	0	nan	0
[scar_memory;F_03_089,toothbrush;D_03_073]	i	Bent	0.0	nan	nan	Closed	0.0	OneHanded	Straight	1	Head	HeadAway	HeadAway	0	nan	0
[scar_memory;F_03_089,toothbrush;D_03_073]	i	Flat	0.0	nan	nan	Closed	0.0	OneHanded	Straight	0	Head	HeadAway	HeadAway	0	nan	0
[create;D_03_076,freedom;E_02_001]	imrp	FullyClosed	0.0	nan	0.0	Closed	1.0	SymmetricalOrAlternating	Curved	0	Neutral	Neutral	Neutral	1	s	1
[create;D_03_076,freedom;E_02_001]	imrp	FullyClosed	0.0	nan	0.0	Closed	1.0	SymmetricalOrAlternating	nan	0	Neutral	Neutral	Neutral	0	s	1
[create;D_03_076,support_2;F_03_066]	imrp	FullyClosed	0.0	nan	0.0	Closed	1.0	SymmetricalOrAlternating	Straight	0	Neutral	Neutral	Neutral	1	s	1
[create;D_03_076,support_2;F_03_066]	imrp	FullyClosed	0.0	nan	0.0	Closed	1.0	SymmetricalOrAlternating	nan	0	Neutral	Neutral	Neutral	1	s	0
[create;D_03_076,structure;H_01_035]	imrp	FullyClosed	0.0	nan	0.0	Closed	1.0	SymmetricalOrAlternating	Other	0	Neutral	Neutral	Neutral	1	s	1
[create;D_03_076,structure;H_01_035]	imrp	FullyClosed	0.0	nan	0.0	Closed	1.0	SymmetricalOrAlternating	nan	0	Neutral	Neutral	Neutral	1	s	0
[create;D_03_076,system;H_01_061]	imrp	FullyClosed	0.0	nan	0.0	Closed	1.0	SymmetricalOrAlternating	BackAndForth	0	Neutral	Neutral	Neutral	1	s	1
[create;D_03_076,system;H_01_061]	imrp	FullyClosed	0.0	nan	0.0	Closed	1.0	SymmetricalOrAlternating	nan	0	Neutral	Neutral	Neutral	1	s	0
[weigh;D_03_077,hinge;G_03_041]	im	FullyOpen	0.0	0.0	0.0	Closed	0.0	DominanceViolation	Curved	1	Hand	FingerTip	nan	1	DominanceConditionViolation	0
[weigh;D_03_077,hinge;G_03_041]	im	FullyOpen	0.0	0.0	0.0	Closed	0.0	DominanceViolation	Curved	1	Hand	FingerRadial	nan	1	DominanceConditionViolation	1
[cook;D_03_078,chop;F_02_099]	imrp	FullyOpen	0.0	0.0	0.0	Open	0.0	AsymmetricalSameHandshape	Other	1	Hand	Palm	Palm	1	open_b	1
[cook;D_03_078,crack;F_03_067]	imrp	FullyOpen	0.0	0.0	0.0	Open	0.0	AsymmetricalSameHandshape	Z-shaped	0	Hand	Palm	Palm	1	open_b	1
[relax;D_03_081,penguin;F_01_088]	imrp	FullyOpen	0.0	0.0	0.0	Open	0.0	SymmetricalOrAlternating	Straight	1	Body	Hips	nan	1	open_b	0
[relax;D_03_081,cheerleader_2;K_01_016]	imrp	FullyOpen	0.0	0.0	0.0	Closed	0.0	SymmetricalOrAlternating	Straight	1	Body	TorsoTop	nan	1	open_b	0
[relax;D_03_081,cheerleader_2;K_01_016]	imrp	FullyOpen	0.0	0.0	0.0	Open	0.0	SymmetricalOrAlternating	Straight	1	Body	TorsoTop	nan	1	closed_b	0
[relax;D_03_081,baby_2;K_01_042]	imrp	FullyOpen	0.0	0.0	0.0	Open	0.0	OneHanded	Straight	1	Body	TorsoTop	nan	1	open_b	0
[relax;D_03_081,baby_2;K_01_042]	imrp	FullyOpen	0.0	0.0	0.0	Open	0.0	SymmetricalOrAlternating	Straight	1	Body	TorsoTop	nan	1	nan	0
[pillow_3;K_02_049,relax;D_03_081]	imrp	FullyOpen	0.0	0.0	0.0	Open	0.0	SymmetricalOrAlternating	Straight	1	Head	TorsoTop	nan	1	open_b	0
[pillow_3;K_02_049,relax;D_03_081]	imrp	FullyOpen	0.0	0.0	0.0	Open	0.0	SymmetricalOrAlternating	Straight	1	Body	Other	nan	1	open_b	0
[escalate;H_01_033,east;D_03_082]	imrp	FullyOpen	0.0	0.0	0.0	Closed	1.0	OneHanded	Straight	0	Neutral	Neutral	Neutral	0	nan	0
[escalate;H_01_033,east;D_03_082]	imrp	Bent	0.0	0.0	0.0	Closed	0.0	OneHanded	Straight	0	Neutral	Neutral	Neutral	0	nan	0
[cream;F_02_010,lesson;D_03_083]	imrp	Curved	0.0	0.0	0.0	Open	0.0	AsymmetricalDifferentHandshape	Curved	0	Hand	FingerFront	Palm	1	B	0
[cream;F_02_010,lesson;D_03_083]	imrp	Flat	1.0	0.0	0.0	Open	0.0	AsymmetricalDifferentHandshape	Curved	0	Hand	FingerFront	Palm	1	B	0
[fencing;F_01_083,vacuum;D_03_084]	i	Bent	0.0	nan	nan	Open	1.0	OneHanded	Z-shaped	1	Neutral	Neutral	Neutral	0	nan	0
[fencing;F_01_083,vacuum;D_03_084]	i	Bent	0.0	nan	nan	Open	1.0	OneHanded	Z-shaped	0	Neutral	Neutral	Neutral	0	nan	1
[drip;F_02_102,vacuum;D_03_084]	i	Bent	1.0	nan	nan	Open	1.0	OneHanded	Z-shaped	0	Neutral	Neutral	Neutral	0	nan	0
[drip;F_02_102,vacuum;D_03_084]	i	Bent	0.0	nan	nan	Open	1.0	OneHanded	nan	0	Neutral	Neutral	Neutral	0	nan	0
[tty;G_01_035,vacuum;D_03_084]	i	Bent	nan	nan	nan	Open	1.0	OneHanded	Z-shaped	0	Neutral	Neutral	Neutral	0	nan	0
[tty;G_01_035,vacuum;D_03_084]	i	Bent	0.0	nan	nan	Open	1.0	OneHanded	Straight	0	Neutral	Neutral	Neutral	0	nan	0
[tuesday;J_03_087,vacuum;D_03_084]	i	Bent	0.0	nan	nan	Open	1.0	OneHanded	Circular	0	Neutral	Neutral	Neutral	0	nan	0
[tuesday;J_03_087,vacuum;D_03_084]	i	Bent	0.0	nan	nan	Open	1.0	OneHanded	Z-shaped	1	Neutral	Neutral	Neutral	0	nan	0
[vacuum;D_03_084,dinosaur_2;K_03_047]	m	Bent	0.0	nan	nan	Open	1.0	OneHanded	Z-shaped	0	Neutral	Neutral	Neutral	0	nan	0
[vacuum;D_03_084,dinosaur_2;K_03_047]	i	Curved	0.0	nan	nan	Open	1.0	OneHanded	Z-shaped	0	Neutral	Neutral	Neutral	0	nan	0
[guilty;D_03_085,neck;F_02_081]	i	Flat	0.0	nan	nan	Open	0.0	OneHanded	Straight	1	Body	Neck	nan	1	nan	0
[guilty;D_03_085,neck;F_02_081]	i	Flat	0.0	nan	nan	Open	0.0	OneHanded	Straight	1	Body	Clavicle	Neck	1	nan	0
[guilty;D_03_085,tend_your;G_03_032]	m	Flat	0.0	nan	nan	Open	0.0	OneHanded	Straight	1	Body	Clavicle	nan	1	nan	0
[guilty;D_03_085,tend_your;G_03_032]	i	Flat	0.0	nan	nan	Open	0.0	OneHanded	Straight	0	Body	Clavicle	nan	1	nan	0
[guilty;D_03_085,heartbody;H_02_063]	m	Flat	0.0	nan	nan	Open	0.0	OneHanded	Straight	1	Body	Clavicle	nan	1	nan	0
[guilty;D_03_085,heartbody;H_02_063]	i	Flat	0.0	nan	nan	Open	0.0	OneHanded	Straight	1	Body	TorsoTop	nan	1	nan	0
[guilty;D_03_085,delegate;H_03_001]	i	Bent	0.0	nan	nan	Open	0.0	OneHanded	Straight	1	Body	Clavicle	nan	1	nan	0
[guilty;D_03_085,delegate;H_03_001]	i	Flat	0.0	nan	nan	Open	0.0	OneHanded	Straight	1	Body	Clavicle	TorsoTop	1	nan	0
[guilty;D_03_085,shoulder_2;K_03_006]	i	Flat	0.0	nan	nan	Closed	0.0	OneHanded	Straight	1	Body	Clavicle	nan	1	nan	0
[guilty;D_03_085,shoulder_2;K_03_006]	i	Flat	0.0	nan	nan	Open	0.0	OneHanded	Straight	1	Body	Shoulder	nan	1	nan	0
[house;D_03_086,roof;F_01_039]	imrp	Flat	1.0	0.0	0.0	Open	0.0	SymmetricalOrAlternating	Straight	0	Neutral	Neutral	Neutral	1	flat_b	0
[dent;H_02_030,house;D_03_086]	imrp	Flat	1.0	0.0	0.0	Open	0.0	SymmetricalOrAlternating	nan	0	Neutral	Neutral	Neutral	1	flat_b	0
[dent;H_02_030,house;D_03_086]	imrp	Flat	1.0	0.0	0.0	Open	0.0	SymmetricalOrAlternating	Curved	0	Neutral	Neutral	nan	1	flat_b	0
[revenge;D_03_088,lollipop;E_02_095]	i	Bent	0.0	nan	nan	Open	1.0	OneHanded	Straight	0	Head	Mouth	nan	1	nan	0
[revenge;D_03_088,lollipop;E_02_095]	i	Bent	0.0	nan	nan	Open	1.0	OneHanded	nan	1	Head	Mouth	nan	1	nan	0
[bee;E_03_018,revenge;D_03_088]	i	Curved	0.0	nan	nan	Open	1.0	OneHanded	nan	0	Head	Mouth	nan	1	nan	0
[bee;E_03_018,revenge;D_03_088]	i	Bent	0.0	nan	nan	Open	1.0	OneHanded	nan	0	Head	CheekNose	nan	1	nan	0
[skin;F_01_091,revenge;D_03_088]	i	Bent	0.0	nan	nan	Open	0.0	OneHanded	nan	0	Head	Mouth	nan	1	nan	0
[skin;F_01_091,revenge;D_03_088]	i	Bent	0.0	nan	nan	Open	1.0	OneHanded	nan	0	Head	CheekNose	nan	1	nan	0
[teenager;H_02_039,revenge;D_03_088]	i	Bent	0.0	nan	nan	Open	1.0	OneHanded	Straight	0	Head	Mouth	nan	1	nan	0
[teenager;H_02_039,revenge;D_03_088]	i	Bent	0.0	nan	nan	Open	1.0	OneHanded	nan	0	Head	Mouth	CheekNose	1	nan	0
[cool_3;H_03_099,revenge;D_03_088]	i	Curved	0.0	nan	nan	Open	1.0	OneHanded	nan	0	Head	Mouth	nan	1	nan	0
[cool_3;H_03_099,revenge;D_03_088]	i	Bent	0.0	nan	nan	Open	1.0	OneHanded	nan	0	Head	Mouth	nan	1	nan	1
[whistle_3;K_03_055,revenge;D_03_088]	i	Curved	0.0	nan	nan	Open	1.0	OneHanded	nan	0	Head	Mouth	nan	1	nan	0
[whistle_3;K_03_055,revenge;D_03_088]	i	Bent	0.0	nan	nan	Open	0.0	OneHanded	nan	0	Head	Mouth	nan	1	nan	0
[forbid;D_03_089,take_off;F_01_020]	ip	FullyOpen	0.0	nan	nan	Open	0.0	AsymmetricalDifferentHandshape	BackAndForth	0	Hand	Palm	HandAway	1	B	0
[forbid;D_03_089,take_off;F_01_020]	i	FullyOpen	0.0	nan	nan	Open	0.0	AsymmetricalDifferentHandshape	Curved	0	Hand	Palm	HandAway	1	B	0
[forbid;D_03_089,plummet;G_03_028]	i	FullyOpen	0.0	nan	nan	Closed	0.0	AsymmetricalDifferentHandshape	BackAndForth	0	Hand	Palm	HandAway	1	B	0
[forbid;D_03_089,plummet;G_03_028]	i	FullyOpen	0.0	nan	nan	Open	0.0	AsymmetricalDifferentHandshape	Curved	0	Hand	Palm	HandAway	1	B	0
[move;D_03_090,category;E_01_034]	imrp	Curved	0.0	0.0	0.0	Open	0.0	SymmetricalOrAlternating	Curved	0	Neutral	Neutral	Neutral	0	o	0
[move;D_03_090,category;E_01_034]	imrp	Curved	0.0	0.0	0.0	Open	1.0	SymmetricalOrAlternating	Curved	0	Neutral	Neutral	Neutral	0	c	0
[organization;J_03_033,move;D_03_090]	imrp	Curved	0.0	0.0	0.0	Open	1.0	SymmetricalOrAlternating	Curved	0	Neutral	Neutral	Neutral	1	o	0
[silver;D_03_091,microphone;F_02_096]	imrp	FullyClosed	0.0	nan	0.0	Closed	1.0	OneHanded	nan	0	Head	HeadAway	nan	1	nan	0
[silver;D_03_091,microphone;F_02_096]	imrp	FullyClosed	0.0	nan	0.0	Closed	1.0	OneHanded	nan	0	Head	Other	nan	0	nan	0
[profoundly_deaf;H_02_016,silver;D_03_091]	imrp	FullyClosed	1.0	nan	0.0	Closed	1.0	OneHanded	nan	0	Head	Other	nan	1	nan	0
[profoundly_deaf;H_02_016,silver;D_03_091]	imrp	FullyClosed	0.0	nan	0.0	Open	1.0	OneHanded	nan	0	Head	Other	nan	1	nan	0
[silver;D_03_091,punch_face;J_01_051]	imrp	FullyClosed	0.0	nan	0.0	Closed	1.0	OneHanded	Straight	0	Head	Other	nan	1	nan	0
[silver;D_03_091,punch_face;J_01_051]	imrp	FullyClosed	0.0	nan	0.0	Closed	1.0	OneHanded	nan	0	Head	CheekNose	nan	1	nan	0
[rocket_1;E_01_016,sushi;D_03_092]	im	Crossed	0.0	0.0	0.0	Closed	0.0	AsymmetricalDifferentHandshape	Straight	1	Hand	Palm	nan	1	B	0
[rocket_1;E_01_016,sushi;D_03_092]	im	FullyOpen	0.0	0.0	0.0	Closed	0.0	AsymmetricalDifferentHandshape	Straight	1	Hand	Palm	HandAway	1	B	0
[psychology;F_02_074,sushi;D_03_092]	imrp	FullyOpen	0.0	0.0	0.0	Closed	0.0	AsymmetricalDifferentHandshape	Straight	1	Hand	Palm	nan	1	B	0
[psychology;F_02_074,sushi;D_03_092]	im	FullyOpen	0.0	0.0	0.0	Closed	0.0	AsymmetricalDifferentHandshape	Straight	1	Hand	FingerRadial	nan	1	B	0
[label;J_02_105,sushi;D_03_092]	im	FullyOpen	0.0	0.0	0.0	Closed	0.0	AsymmetricalDifferentHandshape	Straight	1	Hand	Palm	Palm	1	B	0
[sunbathe_2;K_03_034,sushi;D_03_092]	im	FullyOpen	0.0	0.0	0.0	Closed	0.0	AsymmetricalDifferentHandshape	Circular	1	Hand	Palm	nan	1	B	0
[wink;D_03_094,take_pill;F_01_045]	i	Bent	1.0	nan	nan	Open	1.0	OneHanded	nan	0	Head	HeadAway	HeadAway	0	nan	0
[wink;D_03_094,take_pill;F_01_045]	i	Flat	1.0	nan	nan	Open	1.0	OneHanded	Straight	0	Head	HeadAway	HeadAway	0	nan	0
[isolated;F_02_033,hurt;E_01_002]	i	FullyOpen	0.0	nan	nan	Closed	0.0	OneHanded	Circular	1	Neutral	Neutral	Neutral	0	1	0
[isolated;F_02_033,hurt;E_01_002]	i	FullyOpen	0.0	nan	nan	Closed	0.0	SymmetricalOrAlternating	Circular	1	Neutral	Neutral	Neutral	0	nan	0
[hurt;E_01_002,back_up;G_01_102]	i	FullyOpen	0.0	nan	nan	Closed	0.0	SymmetricalOrAlternating	Other	1	Neutral	Neutral	Neutral	0	1	0
[hurt;E_01_002,back_up;G_01_102]	i	FullyOpen	0.0	nan	nan	Closed	0.0	SymmetricalOrAlternating	Circular	0	Neutral	Neutral	Neutral	0	1	0
[hurt;E_01_002,long_word;H_02_047]	i	FullyOpen	0.0	nan	nan	Closed	0.0	SymmetricalOrAlternating	Straight	1	Neutral	Neutral	Neutral	0	1	0
[hurt;E_01_002,long_word;H_02_047]	i	FullyOpen	0.0	nan	nan	Closed	0.0	SymmetricalOrAlternating	Circular	0	Neutral	Neutral	Neutral	0	1	0
[conduct_1;K_01_060,hurt;E_01_002]	i	FullyOpen	0.0	nan	nan	Closed	0.0	SymmetricalOrAlternating	Curved	1	Neutral	Neutral	Neutral	0	1	0
[conduct_1;K_01_060,hurt;E_01_002]	i	FullyOpen	0.0	nan	nan	Closed	0.0	SymmetricalOrAlternating	Circular	1	Neutral	Neutral	Neutral	0	1	1
[bus;E_01_004,ice;G_03_020]	p	FullyOpen	nan	0.0	nan	Closed	0.0	OneHanded	nan	0	Neutral	Neutral	nan	0	nan	0
[bus;E_01_004,ice;G_03_020]	imrp	FullyOpen	nan	nan	nan	Closed	0.0	OneHanded	nan	0	Neutral	Neutral	nan	0	nan	0
[bus;E_01_004,bullshit;J_03_053]	imrp	FullyOpen	nan	0.0	nan	Closed	0.0	OneHanded	Straight	0	Neutral	Neutral	nan	0	nan	0
[bus;E_01_004,bullshit;J_03_053]	imrp	FullyOpen	nan	0.0	nan	Closed	0.0	OneHanded	nan	0	Neutral	Neutral	Neutral	0	nan	0
[badge;F_03_096,tanktop;E_01_009]	i	Curved	0.0	nan	nan	Open	0.0	SymmetricalOrAlternating	Straight	1	Body	Clavicle	TorsoTop	1	curved_l	0
[badge;F_03_096,tanktop;E_01_009]	i	Curved	0.0	nan	nan	Open	0.0	SymmetricalOrAlternating	Straight	1	Body	TorsoTop	nan	1	curved_l	0
[risk;F_02_026,yucky;E_01_011]	m	Curved	1.0	nan	nan	Open	1.0	SymmetricalOrAlternating	Straight	0	Neutral	Neutral	Neutral	0	1	0
[risk;F_02_026,yucky;E_01_011]	m	Curved	1.0	nan	nan	Open	1.0	SymmetricalOrAlternating	Curved	0	Neutral	Neutral	Neutral	1	1	0
[kangaroo_3;K_02_012,yucky;E_01_011]	m	Curved	1.0	nan	nan	Open	1.0	SymmetricalOrAlternating	Z-shaped	0	Neutral	Neutral	Neutral	0	1	0
[kangaroo_3;K_02_012,yucky;E_01_011]	m	Curved	1.0	nan	nan	Open	1.0	SymmetricalOrAlternating	Curved	1	Neutral	Neutral	Neutral	0	1	0
[plenty;E_01_014,fired;J_03_058]	imrp	FullyOpen	0.0	1.0	0.0	Open	0.0	AsymmetricalDifferentHandshape	Curved	0	Hand	FingerRadial	HandAway	1	S	0
[plenty;E_01_014,drown_5;K_01_045]	imrp	Curved	0.0	1.0	0.0	Open	0.0	AsymmetricalDifferentHandshape	Straight	0	Hand	FingerRadial	HandAway	1	S	0
[plenty;E_01_014,drown_5;K_01_045]	imrp	FullyOpen	0.0	1.0	0.0	Open	0.0	AsymmetricalDifferentHandshape	Straight	0	Hand	FingerRadial	HandAway	1	5	0
[plenty;E_01_014,saw_2;K_02_007]	imrp	FullyOpen	0.0	1.0	0.0	Open	0.0	AsymmetricalDifferentHandshape	Z-shaped	0	Hand	FingerRadial	HandAway	1	S	0
[story_1;E_01_015,acquire;H_01_034]	m	Flat	1.0	nan	nan	Open	1.0	SymmetricalOrAlternating	Straight	1	Neutral	Neutral	Neutral	0	8	1
[story_1;E_01_015,acquire;H_01_034]	m	Flat	1.0	nan	nan	Open	1.0	SymmetricalOrAlternating	Straight	1	Neutral	Neutral	Neutral	1	8	0
[plug;E_01_022,vocabulary;H_01_082]	im	Flat	0.0	1.0	0.0	Closed	0.0	AsymmetricalDifferentHandshape	Straight	1	Hand	FingerBack	nan	1	1	0
[apart;E_02_033,request;E_01_024]	imrp	FullyOpen	1.0	0.0	0.0	Open	0.0	SymmetricalOrAlternating	Curved	0	Neutral	Neutral	Neutral	1	open_b	0
[request;E_01_024,busted;G_01_022]	imrp	FullyOpen	0.0	1.0	0.0	Open	0.0	SymmetricalOrAlternating	Curved	0	Neutral	Neutral	Neutral	1	open_b	0
[request;E_01_024,busted;G_01_022]	imrp	FullyOpen	0.0	0.0	0.0	Open	0.0	SymmetricalOrAlternating	Curved	0	Neutral	Neutral	Neutral	1	5	0
[valley;G_02_090,request;E_01_024]	imrp	FullyOpen	0.0	0.0	0.0	Closed	0.0	SymmetricalOrAlternating	Curved	0	Neutral	Neutral	Neutral	1	open_b	0
[valley;G_02_090,request;E_01_024]	imrp	FullyOpen	0.0	0.0	0.0	Open	0.0	SymmetricalOrAlternating	Curved	0	Neutral	Neutral	Neutral	1	closed_b	0
[request;E_01_024,castle_4;K_03_110]	imrp	Flat	0.0	0.0	0.0	Open	0.0	SymmetricalOrAlternating	Curved	0	Neutral	Neutral	Neutral	1	open_b	0
[request;E_01_024,castle_4;K_03_110]	imrp	FullyOpen	0.0	0.0	0.0	Open	0.0	SymmetricalOrAlternating	Curved	0	Neutral	Neutral	Neutral	1	flat_b	0
[hot_competition;E_01_026,race;F_02_075]	t	nan	nan	nan	nan	Open	nan	SymmetricalOrAlternating	nan	1	Neutral	Neutral	Neutral	1	a	1
[hot_competition;E_01_026,race;F_02_075]	t	nan	nan	nan	nan	Open	nan	SymmetricalOrAlternating	nan	1	Neutral	Neutral	nan	0	a	1
[plant;E_01_029,erupt_1;H_03_017,spring;E_03_074]	imrp	Curved	1.0	0.0	1.0	Open	1.0	AsymmetricalDifferentHandshape	Straight	1	Hand	Other	HandAway	1	C	0
[plant;E_01_029,spring;E_03_074]	imrp	Curved	1.0	0.0	1.0	Open	1.0	AsymmetricalDifferentHandshape	Curved	1	Hand	Palm	HandAway	1	C	0
[plant;E_01_029,erupt_1;H_03_017]	imrp	Curved	1.0	0.0	1.0	Open	1.0	AsymmetricalDifferentHandshape	Curved	0	Hand	Other	HandAway	1	C	0
[gift;E_01_055,change;E_01_031]	i	Bent	0.0	nan	nan	Closed	0.0	SymmetricalOrAlternating	Curved	0	Neutral	Neutral	Neutral	0	bent_1	1
[gift;E_01_055,change;E_01_031]	i	Bent	0.0	nan	nan	Closed	0.0	SymmetricalOrAlternating	Curved	0	Neutral	Neutral	Neutral	1	bent_1	0
[edit;F_01_068,change;E_01_031]	i	Bent	0.0	nan	nan	Closed	0.0	SymmetricalOrAlternating	Straight	0	Neutral	Neutral	Neutral	1	bent_1	1
[edit;F_01_068,change;E_01_031]	i	Bent	0.0	nan	nan	Closed	0.0	SymmetricalOrAlternating	Curved	0	Neutral	Neutral	Neutral	0	bent_1	1
[suspend;H_01_016,change;E_01_031]	i	Bent	0.0	nan	nan	Closed	0.0	SymmetricalOrAlternating	Straight	0	Neutral	Neutral	Neutral	1	bent_1	1
[suspend;H_01_016,change;E_01_031]	i	Bent	0.0	nan	nan	Closed	0.0	SymmetricalOrAlternating	Curved	0	Neutral	Neutral	Neutral	1	bent_1	0
[change;E_01_031,electrocute;K_01_096]	i	Bent	0.0	nan	nan	Closed	0.0	SymmetricalOrAlternating	BackAndForth	0	Neutral	Neutral	Neutral	1	bent_1	1
[change;E_01_031,electrocute;K_01_096]	i	Bent	0.0	nan	nan	Closed	0.0	SymmetricalOrAlternating	Curved	0	Neutral	Neutral	Neutral	1	bent_1	0
[chain;E_02_055,ghost;E_01_032]	i	Curved	0.0	nan	nan	Open	1.0	SymmetricalOrAlternating	Straight	1	Neutral	Neutral	Neutral	1	f	0
[chain;E_02_055,ghost;E_01_032]	i	Curved	0.0	nan	nan	Open	1.0	SymmetricalOrAlternating	Straight	0	Neutral	Neutral	Neutral	1	f	1
[eclipse;F_02_015,ghost;E_01_032]	i	Curved	0.0	nan	nan	Open	0.0	SymmetricalOrAlternating	Straight	0	Neutral	Neutral	Neutral	1	f	0
[eclipse;F_02_015,ghost;E_01_032]	i	Curved	0.0	nan	nan	Open	1.0	SymmetricalOrAlternating	Straight	0	Neutral	Neutral	Neutral	1	curved_l	0
[feedback;J_01_002,ghost;E_01_032]	i	Curved	1.0	nan	nan	Open	1.0	SymmetricalOrAlternating	Straight	0	Neutral	Neutral	Neutral	1	f	0
[feedback;J_01_002,ghost;E_01_032]	i	Curved	0.0	nan	nan	Open	1.0	SymmetricalOrAlternating	Straight	0	Neutral	Neutral	Neutral	0	f	0
[tradition;J_03_023,ghost;E_01_032]	i	Bent	0.0	nan	nan	Open	1.0	SymmetricalOrAlternating	Straight	0	Neutral	Neutral	Neutral	1	f	0
[tradition;J_03_023,ghost;E_01_032]	i	Curved	0.0	nan	nan	Open	1.0	SymmetricalOrAlternating	Straight	0	Neutral	Neutral	Neutral	1	baby_o	0
[catapult;E_03_083,category;E_01_034]	imrp	Curved	0.0	0.0	0.0	Open	0.0	OneHanded	Curved	0	Neutral	Neutral	Neutral	0	c	0
[catapult;E_03_083,category;E_01_034]	imrp	Curved	0.0	0.0	0.0	Open	0.0	SymmetricalOrAlternating	Curved	0	Neutral	Neutral	Neutral	0	nan	0
[lift;G_02_082,category;E_01_034]	imrp	FullyOpen	0.0	0.0	0.0	Open	0.0	SymmetricalOrAlternating	Curved	0	Neutral	Neutral	Neutral	0	c	0
[lift;G_02_082,category;E_01_034]	imrp	Curved	0.0	0.0	0.0	Open	0.0	SymmetricalOrAlternating	Curved	0	Neutral	Neutral	Neutral	0	open_b	0
[give_up;H_03_028,category;E_01_034]	imrp	Curved	1.0	0.0	0.0	Open	0.0	SymmetricalOrAlternating	Curved	0	Neutral	Neutral	Neutral	0	c	0
[overnight;J_01_076,category;E_01_034]	imrp	Curved	0.0	0.0	0.0	Open	0.0	AsymmetricalSameHandshape	Curved	0	Neutral	Neutral	Neutral	0	c	0
[stack_2;K_02_102,category;E_01_034]	imrp	Curved	0.0	0.0	0.0	Open	0.0	SymmetricalOrAlternating	Other	0	Neutral	Neutral	Neutral	0	c	0
[parachute_3;K_01_059,car_battery;E_01_039]	im	Bent	0.0	1.0	0.0	Open	0.0	AsymmetricalDifferentHandshape	Straight	0	Neutral	Neutral	Neutral	0	bent_v	0
[parachute_3;K_01_059,car_battery;E_01_039]	im	Bent	0.0	1.0	0.0	Open	0.0	SymmetricalOrAlternating	Straight	0	Neutral	Neutral	Neutral	0	1	0
[inch;H_01_056,avoid;E_01_040]	t	nan	nan	nan	nan	Open	nan	AsymmetricalSameHandshape	Straight	1	Hand	Heel	HandAway	1	a	0
[inch;H_01_056,avoid;E_01_040]	t	nan	nan	nan	nan	Open	nan	AsymmetricalSameHandshape	Straight	0	Hand	FingerTip	HandAway	1	a	0
[reduce;E_01_042,less;E_02_043]	imrp	Flat	0.0	0.0	0.0	Open	0.0	AsymmetricalDifferentHandshape	Straight	0	Hand	HandAway	HandAway	0	flat_b	0
[reduce;E_01_042,less;E_02_043]	imrp	Flat	0.0	0.0	0.0	Open	0.0	AsymmetricalSameHandshape	Straight	0	Hand	HandAway	HandAway	0	C	0
[vitamins;E_01_043,escalator;F_01_036]	im	Bent	0.0	1.0	0.0	Closed	0.0	OneHanded	Straight	1	Neutral	Neutral	Neutral	0	nan	0
[distracted;F_02_098,vitamins;E_01_043]	im	FullyOpen	0.0	1.0	0.0	Closed	0.0	OneHanded	Circular	1	Neutral	Neutral	Neutral	0	nan	0
[distracted;F_02_098,vitamins;E_01_043]	im	FullyOpen	0.0	1.0	0.0	Closed	0.0	OneHanded	Straight	1	Neutral	Neutral	Neutral	0	nan	1
[boston;J_03_001,vitamins;E_01_043,hell;G_03_008]	im	FullyOpen	0.0	0.0	0.0	Closed	0.0	OneHanded	Straight	1	Neutral	Neutral	Neutral	0	nan	0
[vitamins;E_01_043,walk_2;J_03_067]	im	Flat	0.0	1.0	0.0	Closed	0.0	OneHanded	Straight	1	Neutral	Neutral	Neutral	0	nan	0
[vitamins;E_01_043,walk_2;J_03_067]	im	FullyOpen	0.0	1.0	0.0	Open	0.0	OneHanded	Straight	1	Neutral	Neutral	Neutral	0	nan	0
[fork;E_01_049,ticket;E_02_029]	im	FullyOpen	0.0	1.0	0.0	Closed	0.0	AsymmetricalDifferentHandshape	Straight	1	Hand	FingerUlnar	nan	1	B	0
[park;E_03_028,fork;E_01_049]	im	FullyOpen	0.0	1.0	0.0	Open	0.0	AsymmetricalDifferentHandshape	Straight	1	Hand	Palm	nan	1	B	0
[fork;E_01_049,holy;G_01_072]	im	FullyOpen	0.0	1.0	1.0	Closed	0.0	AsymmetricalDifferentHandshape	Straight	1	Hand	Palm	nan	1	B	0
[fork;E_01_049,vocabulary;H_01_082]	im	FullyOpen	0.0	1.0	0.0	Closed	0.0	AsymmetricalDifferentHandshape	Straight	1	Hand	FingerBack	nan	1	B	0
[fork;E_01_049,vocabulary;H_01_082]	im	FullyOpen	0.0	1.0	0.0	Closed	0.0	AsymmetricalDifferentHandshape	Straight	1	Hand	Palm	nan	1	1	0
[two_weeks;J_03_066,fork;E_01_049]	im	FullyOpen	0.0	1.0	0.0	Closed	0.0	AsymmetricalDifferentHandshape	Straight	1	Hand	Palm	HandAway	1	B	0
[stand_up;J_03_070,fork;E_01_049,sunbathe_2;K_03_034]	im	FullyOpen	0.0	1.0	0.0	Closed	0.0	AsymmetricalDifferentHandshape	Curved	1	Hand	Palm	nan	1	B	0
[fork_3;K_03_003,fork;E_01_049,sunbathe_2;K_03_034]	im	FullyOpen	0.0	1.0	0.0	Closed	0.0	AsymmetricalDifferentHandshape	nan	1	Hand	Palm	nan	1	B	0
[eleven;E_01_052,waterdrop;H_01_019]	i	FullyClosed	1.0	nan	nan	Open	1.0	OneHanded	Straight	1	Neutral	Neutral	nan	0	nan	0
[eleven;E_01_052,waterdrop;H_01_019]	i	FullyClosed	1.0	nan	nan	Open	1.0	OneHanded	nan	0	Neutral	Neutral	nan	0	nan	0
[maple;H_03_064,eleven;E_01_052]	m	FullyClosed	1.0	nan	nan	Open	1.0	OneHanded	nan	1	Neutral	Neutral	nan	0	nan	0
[maple;H_03_064,eleven;E_01_052]	i	Curved	1.0	nan	nan	Open	1.0	OneHanded	nan	1	Neutral	Neutral	nan	0	nan	0
[eleven;E_01_052,peg_2;K_03_083]	i	Flat	1.0	nan	nan	Open	1.0	OneHanded	nan	1	Neutral	Neutral	nan	0	nan	0
[eleven;E_01_052,peg_2;K_03_083]	i	FullyClosed	1.0	nan	nan	Open	1.0	OneHanded	nan	0	Neutral	Neutral	nan	0	nan	0
[red_faced;F_03_030,cleftchin;E_01_054]	i	FullyOpen	0.0	nan	nan	Closed	0.0	OneHanded	Straight	0	Head	Chin	Chin	1	nan	0
[red_faced;F_03_030,cleftchin;E_01_054]	i	FullyOpen	0.0	nan	nan	Closed	0.0	OneHanded	Straight	1	Head	Chin	HeadAway	1	nan	0
[disappoint;G_03_018,cleftchin;E_01_054]	i	FullyOpen	0.0	nan	nan	Closed	0.0	OneHanded	Straight	0	Head	Chin	Chin	1	nan	0
[disappoint;G_03_018,cleftchin;E_01_054]	i	FullyOpen	0.0	nan	nan	Closed	0.0	OneHanded	Straight	1	Head	Chin	nan	1	nan	0
[nose;G_03_075,cleftchin;E_01_054]	i	FullyOpen	0.0	nan	nan	Closed	0.0	OneHanded	Straight	1	Head	CheekNose	Chin	1	nan	0
[nose;G_03_075,cleftchin;E_01_054]	i	FullyOpen	0.0	nan	nan	Closed	0.0	OneHanded	Straight	1	Head	Chin	nan	1	nan	0
[single;H_01_018,cleftchin;E_01_054]	i	FullyOpen	0.0	nan	nan	Closed	0.0	OneHanded	Z-shaped	1	Head	Chin	Chin	1	nan	0
[single;H_01_018,cleftchin;E_01_054]	i	FullyOpen	0.0	nan	nan	Closed	0.0	OneHanded	Straight	0	Head	Chin	Chin	1	nan	0
[lesbian;H_01_057,cleftchin;E_01_054]	i	FullyOpen	0.0	nan	nan	Open	0.0	OneHanded	Straight	1	Head	Chin	Chin	1	nan	0
[lesbian;H_01_057,cleftchin;E_01_054]	i	FullyOpen	0.0	nan	nan	Closed	0.0	OneHanded	Straight	1	Head	Chin	nan	1	nan	0
[sound;H_02_096,cleftchin;E_01_054]	i	FullyOpen	0.0	nan	nan	Closed	0.0	OneHanded	Straight	1	Head	Other	Chin	1	nan	0
[sound;H_02_096,cleftchin;E_01_054]	i	FullyOpen	0.0	nan	nan	Closed	0.0	OneHanded	Straight	1	Head	Chin	nan	1	nan	0
[luck;H_03_009,cleftchin;E_01_054]	i	FullyOpen	0.0	nan	nan	Open	0.0	OneHanded	Straight	1	Head	Chin	Chin	1	nan	0
[luck;H_03_009,cleftchin;E_01_054]	i	FullyOpen	0.0	nan	nan	Closed	0.0	OneHanded	Straight	1	Head	Chin	HeadAway	1	nan	0
[foul;J_01_049,cleftchin;E_01_054]	i	FullyOpen	0.0	nan	nan	Closed	0.0	OneHanded	Straight	1	Head	Other	Chin	1	nan	0
[foul;J_01_049,cleftchin;E_01_054]	i	FullyOpen	0.0	nan	nan	Closed	0.0	OneHanded	Straight	1	Head	Chin	HeadAway	1	nan	0
[toy_2;J_01_056,cleftchin;E_01_054]	i	Curved	0.0	nan	nan	Closed	0.0	OneHanded	Straight	1	Head	Chin	Chin	1	nan	0
[toy_2;J_01_056,cleftchin;E_01_054]	i	FullyOpen	0.0	nan	nan	Closed	0.0	OneHanded	Straight	1	Head	Chin	HeadAway	1	nan	0
[gift;E_01_055,edit;F_01_068]	i	Bent	0.0	nan	nan	Closed	0.0	SymmetricalOrAlternating	Straight	0	Neutral	Neutral	Neutral	0	bent_1	0
[gift;E_01_055,edit;F_01_068]	i	Bent	0.0	nan	nan	Closed	0.0	SymmetricalOrAlternating	Curved	0	Neutral	Neutral	Neutral	0	bent_1	1
[must;F_02_004,gift;E_01_055]	i	Bent	0.0	nan	nan	Closed	0.0	OneHanded	Curved	0	Neutral	Neutral	Neutral	0	bent_1	0
[must;F_02_004,gift;E_01_055]	i	Bent	0.0	nan	nan	Closed	0.0	SymmetricalOrAlternating	Curved	0	Neutral	Neutral	Neutral	0	nan	0
[suspend;H_01_016,gift;E_01_055]	i	Bent	0.0	nan	nan	Closed	0.0	SymmetricalOrAlternating	Straight	0	Neutral	Neutral	Neutral	0	bent_1	0
[suspend;H_01_016,gift;E_01_055]	i	Bent	0.0	nan	nan	Closed	0.0	SymmetricalOrAlternating	Curved	0	Neutral	Neutral	Neutral	1	bent_1	0
[gift;E_01_055,electrocute;K_01_096]	i	Bent	0.0	nan	nan	Closed	0.0	SymmetricalOrAlternating	BackAndForth	0	Neutral	Neutral	Neutral	0	bent_1	0
[gift;E_01_055,electrocute;K_01_096]	i	Bent	0.0	nan	nan	Closed	0.0	SymmetricalOrAlternating	Curved	0	Neutral	Neutral	Neutral	1	bent_1	0
[sword;E_03_101,turn_key;E_01_056]	i	Bent	0.0	nan	nan	Open	1.0	OneHanded	Z-shaped	0	Neutral	Neutral	nan	0	nan	1
[sword;E_03_101,turn_key;E_01_056]	i	Bent	0.0	nan	nan	Open	1.0	OneHanded	Curved	0	Neutral	Neutral	Neutral	0	nan	1
[knight;H_01_054,turn_key;E_01_056]	i	Bent	0.0	nan	nan	Open	1.0	OneHanded	Curved	0	Neutral	Neutral	Neutral	0	nan	1
[knight;H_01_054,turn_key;E_01_056]	i	Bent	0.0	nan	nan	Open	1.0	OneHanded	Curved	0	Neutral	Neutral	nan	0	nan	0
[turn_key;E_01_056,conduct_2;K_02_091]	i	Bent	0.0	nan	nan	Open	1.0	OneHanded	Curved	1	Neutral	Neutral	nan	0	nan	1
[turn_key;E_01_056,conduct_2;K_02_091]	i	Bent	0.0	nan	nan	Open	1.0	OneHanded	Curved	0	Neutral	Neutral	Neutral	0	nan	1
[screwdriver_2;K_03_041,turn_key;E_01_056]	i	Bent	0.0	nan	nan	Open	1.0	OneHanded	nan	0	Neutral	Neutral	nan	0	nan	1
[screwdriver_2;K_03_041,turn_key;E_01_056]	i	Bent	0.0	nan	nan	Open	1.0	OneHanded	Curved	1	Neutral	Neutral	nan	0	nan	1
[bye;E_01_058,camcorder;E_03_021]	imrp	FullyOpen	1.0	1.0	0.0	Open	0.0	OneHanded	Straight	1	Neutral	Neutral	nan	0	nan	0
[bye;E_01_058,two_more;G_01_021]	im	FullyOpen	1.0	1.0	0.0	Open	0.0	OneHanded	nan	1	Neutral	Neutral	nan	0	nan	0
[bye;E_01_058,two_more;G_01_021]	imrp	FullyOpen	1.0	1.0	0.0	Closed	0.0	OneHanded	nan	1	Neutral	Neutral	nan	0	nan	0
[bye;E_01_058,cranky;H_02_104]	imrp	FullyOpen	1.0	1.0	0.0	Open	0.0	OneHanded	nan	1	Head	Neutral	nan	0	nan	0
[bye;E_01_058,cranky;H_02_104]	imrp	FullyOpen	1.0	1.0	0.0	Open	0.0	OneHanded	nan	1	Neutral	HeadAway	nan	0	nan	0
[better;F_01_062,bachelor;E_01_059]	imrp	FullyOpen	1.0	0.0	0.0	Open	0.0	OneHanded	Curved	0	Head	Chin	Chin	1	nan	0
[thank_you;H_02_053,bachelor;E_01_059]	imrp	FullyOpen	0.0	0.0	0.0	Open	0.0	OneHanded	Curved	0	Head	Mouth	Chin	1	nan	0
[lost;J_01_017,basket_2;E_01_060]	imrp	FullyOpen	0.0	1.0	0.0	Open	0.0	SymmetricalOrAlternating	Curved	0	Neutral	Neutral	Neutral	1	curved_5	1
[lost;J_01_017,basket_2;E_01_060]	imrp	Curved	0.0	1.0	0.0	Open	0.0	SymmetricalOrAlternating	Curved	0	Neutral	Neutral	Neutral	1	5	1
[bulldozer;E_01_083,slipper;E_01_062]	imrp	Curved	0.0	0.0	0.0	Open	0.0	AsymmetricalDifferentHandshape	Straight	1	Hand	Other	FingerFront	1	B	0
[talk_dirty;H_02_046,slipper;E_01_062]	imrp	Curved	0.0	0.0	0.0	Open	0.0	AsymmetricalDifferentHandshape	Straight	1	Hand	Other	FingerBack	1	B	0
[rocking_chair;G_01_010,carousel;E_01_063]	im	Curved	0.0	1.0	0.0	Closed	0.0	SymmetricalOrAlternating	Circular	1	Neutral	Neutral	Neutral	1	curved_v	0
[wade;H_01_036,carousel;E_01_063]	im	FullyOpen	0.0	1.0	0.0	Closed	0.0	SymmetricalOrAlternating	Circular	1	Neutral	Neutral	Neutral	0	curved_v	0
[wade;H_01_036,carousel;E_01_063]	im	Curved	0.0	1.0	0.0	Closed	0.0	SymmetricalOrAlternating	Circular	1	Neutral	Neutral	Neutral	0	v	0
[castle_2;K_01_017,carousel;E_01_063]	im	Curved	1.0	1.0	0.0	Closed	0.0	SymmetricalOrAlternating	Circular	1	Neutral	Neutral	Neutral	0	curved_v	0
[castle_2;K_01_017,carousel;E_01_063,skateboarding_2;K_01_079]	im	Curved	0.0	1.0	0.0	Closed	0.0	SymmetricalOrAlternating	BackAndForth	1	Neutral	Neutral	Neutral	0	curved_v	0
[hose;E_02_054,flip_switch;E_01_066]	i	Bent	0.0	nan	nan	Open	0.0	OneHanded	Straight	0	Neutral	Neutral	Neutral	0	nan	0
[hose;E_02_054,flip_switch;E_01_066]	i	Bent	0.0	nan	nan	Open	1.0	OneHanded	Straight	1	Neutral	Neutral	Neutral	0	nan	0
[sword;E_03_101,flip_switch;E_01_066]	i	Bent	0.0	nan	nan	Open	1.0	OneHanded	Z-shaped	0	Neutral	Neutral	Neutral	0	nan	0
[sword;E_03_101,flip_switch;E_01_066]	i	Bent	0.0	nan	nan	Open	1.0	OneHanded	Straight	0	Neutral	Neutral	Neutral	0	nan	1
[damn;F_01_098,flip_switch;E_01_066]	m	Bent	0.0	nan	nan	Open	1.0	OneHanded	Straight	0	Neutral	Neutral	Neutral	0	nan	0
[damn;F_01_098,flip_switch;E_01_066]	i	Curved	0.0	nan	nan	Open	1.0	OneHanded	Straight	0	Neutral	Neutral	Neutral	0	nan	0
[drip;F_02_102,flip_switch;E_01_066]	i	Bent	1.0	nan	nan	Open	1.0	OneHanded	Straight	0	Neutral	Neutral	Neutral	0	nan	0
[drip;F_02_102,flip_switch;E_01_066]	i	Bent	0.0	nan	nan	Open	1.0	OneHanded	nan	0	Neutral	Neutral	Neutral	0	nan	0
[flip_switch;E_01_066,tuesday;J_03_087]	i	Bent	0.0	nan	nan	Open	1.0	OneHanded	Circular	0	Neutral	Neutral	Neutral	0	nan	0
[flip_switch;E_01_066,tuesday;J_03_087]	i	Bent	0.0	nan	nan	Open	1.0	OneHanded	Straight	1	Neutral	Neutral	Neutral	0	nan	0
[flip_switch;E_01_066,tiny;K_03_019]	i	Bent	0.0	nan	nan	Open	0.0	OneHanded	Straight	0	Neutral	Neutral	Neutral	0	nan	0
[flip_switch;E_01_066,tiny;K_03_019]	i	Bent	0.0	nan	nan	Open	1.0	OneHanded	Straight	0	Neutral	Neutral	nan	0	nan	0
[tube_top;E_01_067,vest;J_03_050]	imrp	Curved	0.0	0.0	0.0	Open	0.0	SymmetricalOrAlternating	Curved	0	Body	TorsoTop	TorsoMid	1	c	0
[tube_top;E_01_067,vest;J_03_050]	imrp	Curved	0.0	0.0	0.0	Open	0.0	SymmetricalOrAlternating	Curved	0	Body	TorsoMid	TorsoBottom	1	c	0
[blink;G_02_055,close_eyes;E_01_068]	i	FullyOpen	1.0	nan	nan	Open	1.0	SymmetricalOrAlternating	Straight	0	Head	Eye	nan	0	l	0
[blink;G_02_055,close_eyes;E_01_068]	i	FullyOpen	1.0	nan	nan	Open	1.0	SymmetricalOrAlternating	nan	0	Head	Eye	HeadAway	0	l	0
[zoo;E_03_042,up;E_01_069]	i	FullyOpen	nan	nan	nan	Closed	0.0	OneHanded	Straight	0	Neutral	Neutral	Neutral	0	nan	0
[zoo;E_03_042,up;E_01_069]	i	FullyOpen	0.0	nan	nan	Closed	0.0	OneHanded	Z-shaped	0	Neutral	Neutral	Neutral	0	nan	0
[must;F_02_004,up;E_01_069]	i	Bent	0.0	nan	nan	Closed	0.0	OneHanded	Straight	0	Neutral	Neutral	Neutral	0	nan	0
[must;F_02_004,up;E_01_069]	i	FullyOpen	0.0	nan	nan	Closed	0.0	OneHanded	Curved	0	Neutral	Neutral	Neutral	0	nan	0
[isolated;F_02_033,up;E_01_069]	i	FullyOpen	0.0	nan	nan	Closed	0.0	OneHanded	Circular	0	Neutral	Neutral	Neutral	0	nan	0
[isolated;F_02_033,up;E_01_069]	i	FullyOpen	0.0	nan	nan	Closed	0.0	OneHanded	Straight	1	Neutral	Neutral	Neutral	0	nan	0
[should;G_02_079,up;E_01_069]	i	Bent	0.0	nan	nan	Closed	0.0	OneHanded	Straight	0	Neutral	Neutral	Neutral	0	nan	0
[should;G_02_079,up;E_01_069]	i	FullyOpen	0.0	nan	nan	Closed	0.0	OneHanded	Straight	1	Neutral	Neutral	Neutral	0	nan	0
[long_word;H_02_047,up;E_01_069]	i	FullyOpen	0.0	nan	nan	Closed	0.0	SymmetricalOrAlternating	Straight	0	Neutral	Neutral	Neutral	0	nan	0
[long_word;H_02_047,up;E_01_069]	i	FullyOpen	0.0	nan	nan	Closed	0.0	OneHanded	Straight	0	Neutral	Neutral	Neutral	0	1	0
[blow_candle_2;K_02_022,up;E_01_069]	i	FullyOpen	0.0	nan	nan	Closed	0.0	OneHanded	nan	0	Neutral	Neutral	Neutral	0	nan	0
[blow_candle_2;K_02_022,up;E_01_069]	i	FullyOpen	0.0	nan	nan	Closed	0.0	OneHanded	Straight	0	Neutral	Neutral	nan	0	nan	0
[team;E_01_071,spontaneous;E_02_024]	i	Bent	1.0	nan	nan	Open	1.0	SymmetricalOrAlternating	Curved	0	Neutral	Neutral	Neutral	1	baby_o	1
[team;E_01_071,spontaneous;E_02_024]	i	Bent	0.0	nan	nan	Open	1.0	SymmetricalOrAlternating	Curved	0	Neutral	Neutral	Neutral	0	baby_o	1
[team;E_01_071,replace;J_03_007]	i	Bent	0.0	nan	nan	Open	1.0	SymmetricalOrAlternating	Curved	0	Neutral	Neutral	Neutral	0	baby_o	1
[team;E_01_071,replace;J_03_007]	i	Bent	0.0	nan	nan	Open	1.0	SymmetricalOrAlternating	Curved	0	Neutral	Neutral	Neutral	1	baby_o	0
[team;E_01_071,tradition;J_03_023]	i	Bent	0.0	nan	nan	Open	1.0	SymmetricalOrAlternating	Straight	0	Neutral	Neutral	Neutral	1	baby_o	1
[team;E_01_071,tradition;J_03_023]	i	Bent	0.0	nan	nan	Open	1.0	SymmetricalOrAlternating	Curved	0	Neutral	Neutral	Neutral	1	baby_o	0
[team;E_01_071,tie_up_1;K_03_035]	i	Bent	0.0	nan	nan	Open	1.0	SymmetricalOrAlternating	Other	0	Neutral	Neutral	Neutral	1	baby_o	1
[team;E_01_071,tie_up_1;K_03_035]	i	Bent	0.0	nan	nan	Open	1.0	SymmetricalOrAlternating	Curved	0	Neutral	Neutral	Neutral	1	baby_o	0
[window_open;E_02_075,on;E_03_004,end;E_01_074]	imrp	FullyOpen	0.0	0.0	0.0	Open	0.0	AsymmetricalSameHandshape	Straight	0	Hand	PalmBack	HandAway	1	open_b	0
[nice;G_03_059,end;E_01_074,top;H_01_065]	imrp	FullyOpen	0.0	0.0	0.0	Open	0.0	AsymmetricalSameHandshape	Straight	0	Hand	FingerTip	FingerFront	1	open_b	0
[learn_lesson;E_02_041,opinion_2;H_03_101,put_in_back_mind;E_01_076]	imrp	Curved	0.0	0.0	0.0	Open	1.0	OneHanded	Straight	0	Head	Forehead	Other	1	nan	0
[learn_lesson;E_02_041,put_in_back_mind;E_01_076]	imrp	Curved	0.0	0.0	0.0	Open	1.0	OneHanded	Curved	0	Head	Forehead	nan	1	nan	0
[handsome_2;G_01_098,humor;H_03_063,niece;E_01_080]	im	Flat	0.0	0.0	0.0	Closed	0.0	OneHanded	Straight	1	Head	CheekNose	HeadAway	0	nan	0
[handsome_2;G_01_098,niece;E_01_080]	im	Flat	0.0	0.0	0.0	Closed	1.0	OneHanded	Straight	1	Head	HeadAway	HeadAway	0	nan	0
[humor;H_03_063,mexican_2;H_03_091,niece;E_01_080]	im	Flat	0.0	0.0	0.0	Closed	1.0	OneHanded	Straight	1	Head	CheekNose	HeadAway	1	nan	0
[mexican_2;H_03_091,niece;E_01_080]	imr	Flat	0.0	0.0	0.0	Closed	1.0	OneHanded	Straight	1	Head	CheekNose	HeadAway	0	nan	0
[bulldozer;E_01_083,cancer;F_01_047]	imrp	Bent	0.0	0.0	0.0	Open	0.0	AsymmetricalDifferentHandshape	Straight	1	Hand	Palm	FingerFront	1	B	0
[bulldozer;E_01_083,cancer;F_01_047]	imrp	Curved	1.0	0.0	0.0	Open	0.0	AsymmetricalDifferentHandshape	Straight	1	Hand	Palm	FingerFront	1	B	0
[bulldozer;E_01_083,braille;F_01_078]	imr	Curved	0.0	0.0	0.0	Open	0.0	AsymmetricalDifferentHandshape	Straight	1	Hand	Palm	FingerFront	1	B	0
[bulldozer;E_01_083,access;H_02_086,braille;F_01_078]	imrp	FullyOpen	0.0	0.0	0.0	Open	0.0	AsymmetricalDifferentHandshape	Straight	1	Hand	Palm	FingerFront	1	B	0
[bulldozer;E_01_083,dig;K_02_119]	imrp	Curved	0.0	0.0	0.0	Open	0.0	AsymmetricalDifferentHandshape	Curved	1	Hand	Palm	FingerFront	1	B	0
[not;E_01_100,everyday;E_01_084]	t	nan	nan	nan	nan	Open	nan	OneHanded	Straight	0	Head	CheekNose	HeadAway	1	nan	0
[not;E_01_100,everyday;E_01_084]	t	nan	nan	nan	nan	Open	nan	OneHanded	Straight	1	Head	UnderChin	HeadAway	1	nan	0
[everyday;E_01_084,peanut_butter;E_02_077]	t	nan	nan	nan	nan	Open	nan	OneHanded	Straight	0	Head	CheekNose	HeadAway	1	nan	0
[everyday;E_01_084,peanut_butter;E_02_077]	t	nan	nan	nan	nan	Open	nan	OneHanded	Straight	1	Head	Mouth	HeadAway	1	nan	0
[cocaine;F_03_044,everyday;E_01_084]	t	nan	nan	nan	nan	Open	nan	OneHanded	Curved	1	Head	CheekNose	HeadAway	1	nan	0
[cocaine;F_03_044,everyday;E_01_084]	t	nan	nan	nan	nan	Open	nan	OneHanded	Straight	1	Head	CheekNose	HeadAway	1	nan	1
[everyday;E_01_084,confidential;G_02_022]	t	nan	nan	nan	nan	Open	nan	OneHanded	Straight	1	Head	Mouth	HeadAway	1	nan	0
[everyday;E_01_084,confidential;G_02_022]	t	nan	nan	nan	nan	Open	nan	OneHanded	Straight	1	Head	CheekNose	Mouth	1	nan	0
[most;E_01_085,each;F_02_059]	t	nan	nan	nan	nan	Open	nan	AsymmetricalSameHandshape	Z-shaped	0	Hand	FingerBack	HandAway	1	a	0
[most;E_01_085,each;F_02_059]	t	nan	nan	nan	nan	Open	nan	AsymmetricalSameHandshape	Straight	0	Hand	Heel	HandAway	1	a	0
[most;E_01_085,inch;H_01_056]	t	nan	nan	nan	nan	Open	nan	AsymmetricalSameHandshape	Straight	1	Hand	FingerBack	HandAway	1	a	0
[most;E_01_085,inch;H_01_056]	t	nan	nan	nan	nan	Open	nan	AsymmetricalSameHandshape	Straight	0	Hand	FingerTip	HandAway	1	a	0
[most;E_01_085,pass;H_03_033]	t	nan	nan	nan	nan	Open	nan	AsymmetricalSameHandshape	Curved	0	Hand	FingerBack	HandAway	1	a	0
[most;E_01_085,pass;H_03_033]	t	nan	nan	nan	nan	Open	nan	AsymmetricalSameHandshape	Straight	0	Hand	FingerBack	HandAway	1	a	1
[fascinated;E_01_087,cherish;J_02_033]	imrp	Curved	1.0	1.0	1.0	Open	1.0	SymmetricalOrAlternating	Straight	0	Head	HeadAway	HeadAway	1	curved_5	0
[fascinated;E_01_087,cherish;J_02_033]	imrp	Curved	1.0	1.0	1.0	Open	1.0	SymmetricalOrAlternating	Straight	1	Head	Chin	HeadAway	1	curved_5	0
[shelf;E_02_060,wall;E_01_089]	imrp	Flat	0.0	0.0	0.0	Closed	0.0	SymmetricalOrAlternating	Straight	0	Neutral	Neutral	Neutral	1	closed_b	0
[shelf;E_02_060,wall;E_01_089]	imrp	FullyOpen	0.0	0.0	0.0	Closed	0.0	SymmetricalOrAlternating	Straight	0	Neutral	Neutral	Neutral	1	flat_b	0
[bomb;F_02_055,wall;E_01_089]	imrp	FullyOpen	1.0	0.0	0.0	Closed	0.0	SymmetricalOrAlternating	Straight	0	Neutral	Neutral	Neutral	1	closed_b	0
[bomb;F_02_055,wall;E_01_089]	imrp	FullyOpen	0.0	0.0	0.0	Closed	1.0	SymmetricalOrAlternating	Straight	0	Neutral	Neutral	Neutral	1	closed_b	0
[wall;E_01_089,shut_out;G_03_026]	imrp	FullyOpen	0.0	0.0	0.0	Closed	0.0	SymmetricalOrAlternating	Straight	0	Neutral	Neutral	Neutral	1	closed_b	1
[sandwich_4;K_01_015,wall;E_01_089]	imrp	FullyOpen	0.0	0.0	0.0	Open	0.0	SymmetricalOrAlternating	Straight	0	Neutral	Neutral	Neutral	1	closed_b	0
[sandwich_4;K_01_015,wall;E_01_089]	imrp	FullyOpen	0.0	0.0	0.0	Closed	0.0	SymmetricalOrAlternating	Straight	0	Neutral	Neutral	Neutral	1	open_b	0
[closet_2;E_01_091,rush;E_03_054]	im	FullyOpen	0.0	0.0	0.0	Closed	0.0	SymmetricalOrAlternating	Circular	1	Neutral	Neutral	Neutral	1	h	0
[closet_2;E_01_091,rush;E_03_054,hurry;G_01_075]	im	FullyOpen	0.0	0.0	0.0	Closed	0.0	SymmetricalOrAlternating	Other	1	Neutral	Neutral	Neutral	0	h	0
[closet_2;E_01_091,hurry;G_01_075]	im	FullyOpen	0.0	0.0	0.0	Closed	0.0	SymmetricalOrAlternating	Straight	1	Neutral	Neutral	Neutral	1	h	0
[let_me_see;E_01_092,penis;F_03_095]	im	Stacked	0.0	nan	0.0	Open	1.0	OneHanded	Straight	1	Head	Eye	nan	1	nan	0
[let_me_see;E_01_092,penis;F_03_095]	im	Stacked	0.0	nan	nan	Open	1.0	OneHanded	Straight	1	Head	CheekNose	nan	1	nan	0
[berry;E_01_095,cherry_2;K_02_113]	imrp	Curved	0.0	0.0	0.0	Open	1.0	AsymmetricalDifferentHandshape	nan	1	Hand	FingerTip	nan	1	DominanceConditionViolation	1
[sshh;E_02_016,hear_1;E_01_097]	i	FullyOpen	0.0	nan	nan	Closed	0.0	OneHanded	Straight	0	Head	Other	nan	1	nan	0
[sshh;E_02_016,hear_1;E_01_097]	i	FullyOpen	0.0	nan	nan	Closed	0.0	OneHanded	nan	0	Head	Mouth	nan	1	nan	0
[blond;E_02_102,hear_1;E_01_097]	ip	FullyOpen	0.0	nan	nan	Closed	0.0	OneHanded	nan	0	Head	Other	nan	1	nan	0
[blond;E_02_102,hear_1;E_01_097]	i	FullyOpen	0.0	nan	nan	Open	0.0	OneHanded	nan	0	Head	Other	nan	1	nan	0
[hear_1;E_01_097,true_business;E_03_068]	i	FullyOpen	0.0	nan	nan	Closed	0.0	OneHanded	nan	0	Head	Mouth	nan	1	nan	0
[hear_1;E_01_097,true_business;E_03_068]	i	FullyOpen	0.0	nan	nan	Closed	0.0	OneHanded	nan	0	Head	Other	HeadAway	1	nan	0
[hear_1;E_01_097,chin_2;F_02_070]	i	Flat	0.0	nan	nan	Closed	0.0	OneHanded	nan	0	Head	Other	nan	1	nan	0
[hear_1;E_01_097,chin_2;F_02_070]	i	FullyOpen	0.0	nan	nan	Closed	0.0	OneHanded	nan	0	Head	Chin	nan	1	nan	0
[disappoint;G_03_018,hear_1;E_01_097]	i	FullyOpen	0.0	nan	nan	Closed	0.0	OneHanded	Straight	0	Head	Other	nan	1	nan	0
[disappoint;G_03_018,hear_1;E_01_097]	i	FullyOpen	0.0	nan	nan	Closed	0.0	OneHanded	nan	0	Head	Chin	nan	1	nan	0
[sound;H_02_096,hear_1;E_01_097]	i	FullyOpen	0.0	nan	nan	Closed	0.0	OneHanded	Straight	0	Head	Other	nan	1	nan	0
[sound;H_02_096,hear_1;E_01_097]	i	FullyOpen	0.0	nan	nan	Closed	0.0	OneHanded	nan	1	Head	Other	nan	1	nan	0
[hear_1;E_01_097,sneeze_2;K_02_023]	i	Flat	0.0	nan	nan	Closed	0.0	OneHanded	nan	0	Head	Other	nan	1	nan	0
[hear_1;E_01_097,sneeze_2;K_02_023]	i	FullyOpen	0.0	nan	nan	Closed	0.0	OneHanded	nan	0	Head	UpperLip	nan	1	nan	0
[snorkel;E_01_102,bull;E_01_098]	i	FullyOpen	0.0	nan	nan	Open	0.0	OneHanded	Straight	1	Head	Forehead	nan	1	nan	0
[snorkel;E_01_102,bull;E_01_098]	p	FullyOpen	0.0	nan	nan	Open	0.0	OneHanded	Straight	1	Head	Mouth	nan	1	nan	0
[forever_2;E_02_025,bull;E_01_098]	p	FullyOpen	0.0	nan	nan	Open	0.0	OneHanded	Straight	0	Head	Forehead	nan	1	nan	0
[forever_2;E_02_025,bull;E_01_098]	p	FullyOpen	0.0	nan	nan	Open	0.0	OneHanded	Straight	1	Head	Forehead	HeadAway	1	nan	0
[if;G_03_017,bull;E_01_098]	p	FullyOpen	0.0	nan	nan	Closed	0.0	OneHanded	Straight	1	Head	Forehead	nan	1	nan	0
[if;G_03_017,bull;E_01_098]	p	FullyOpen	0.0	nan	nan	Open	0.0	OneHanded	Straight	1	Head	Eye	nan	1	nan	0
[lesbian;H_01_057,bull;E_01_098]	i	FullyOpen	0.0	nan	nan	Open	0.0	OneHanded	Straight	1	Head	Forehead	nan	1	nan	0
[lesbian;H_01_057,bull;E_01_098]	p	FullyOpen	0.0	nan	nan	Open	0.0	OneHanded	Straight	1	Head	Chin	nan	1	nan	0
[iphone;K_01_021,bull;E_01_098]	p	FullyOpen	0.0	nan	nan	Closed	0.0	OneHanded	Straight	1	Head	Forehead	nan	1	nan	0
[iphone;K_01_021,bull;E_01_098]	p	FullyOpen	0.0	nan	nan	Open	0.0	OneHanded	Straight	1	Head	Other	nan	1	nan	0
[fireman_2;K_03_052,bull;E_01_098]	i	FullyOpen	0.0	nan	nan	Open	0.0	OneHanded	Straight	1	Head	Forehead	nan	1	nan	0
[fireman_2;K_03_052,bull;E_01_098]	p	Curved	0.0	nan	nan	Open	0.0	OneHanded	Straight	1	Head	Forehead	nan	1	nan	0
[time_progress;H_02_061,nice;G_03_059,budget;E_01_099]	imrp	FullyOpen	0.0	0.0	0.0	Open	0.0	AsymmetricalSameHandshape	Other	0	Hand	Palm	FingerFront	1	open_b	0
[budget;E_01_099,against;H_03_003]	imrp	FullyOpen	0.0	0.0	0.0	Open	0.0	AsymmetricalSameHandshape	Other	0	Hand	Palm	nan	1	open_b	0
[slice_3;K_02_057,budget;E_01_099]	imrp	FullyOpen	0.0	0.0	0.0	Open	0.0	AsymmetricalSameHandshape	Other	0	Hand	HandAway	Palm	1	open_b	0
[fry ;H_01_069,basic;E_01_101]	imrp	FullyOpen	0.0	0.0	0.0	Open	0.0	AsymmetricalSameHandshape	nan	1	Hand	HandAway	HandAway	0	open_b	0
[fry ;H_01_069,basic;E_01_101]	imrp	FullyOpen	0.0	0.0	0.0	Open	0.0	AsymmetricalSameHandshape	Circular	1	Hand	HandAway	HandAway	0	open_b	1
[snorkel;E_01_102,sshh;E_02_016]	i	FullyOpen	0.0	nan	nan	Closed	0.0	OneHanded	Straight	1	Head	Mouth	nan	1	nan	0
[snorkel;E_01_102,sshh;E_02_016]	i	FullyOpen	0.0	nan	nan	Open	0.0	OneHanded	Straight	0	Head	Mouth	nan	1	nan	0
[snorkel;E_01_102,lollipop;E_02_095]	i	Bent	0.0	nan	nan	Open	0.0	OneHanded	Straight	1	Head	Mouth	nan	1	nan	0
[snorkel;E_01_102,lollipop;E_02_095]	i	FullyOpen	0.0	nan	nan	Open	1.0	OneHanded	Straight	1	Head	Mouth	nan	1	nan	0
[snorkel;E_01_102,lunch;F_01_076]	i	FullyOpen	0.0	nan	nan	Open	0.0	OneHanded	Straight	1	Head	Chin	nan	1	nan	0
[snorkel;E_01_102,lunch;F_01_076]	i	FullyOpen	0.0	nan	nan	Open	0.0	OneHanded	Straight	1	Head	Mouth	nan	0	nan	0
[snorkel;E_01_102,nose;G_03_075]	i	FullyOpen	0.0	nan	nan	Closed	0.0	OneHanded	Straight	1	Head	Mouth	nan	1	nan	0
[snorkel;E_01_102,nose;G_03_075]	i	FullyOpen	0.0	nan	nan	Open	0.0	OneHanded	Straight	1	Head	CheekNose	nan	1	nan	0
[snorkel;E_01_102,needle;H_02_077]	i	FullyOpen	0.0	nan	nan	Open	0.0	OneHanded	Straight	1	Arm	Mouth	nan	1	nan	0
[snorkel;E_01_102,needle;H_02_077]	i	FullyOpen	0.0	nan	nan	Open	0.0	OneHanded	Straight	1	Head	UpperArm	nan	1	nan	0
[snorkel;E_01_102,sound;H_02_096]	i	FullyOpen	0.0	nan	nan	Closed	0.0	OneHanded	Straight	1	Head	Mouth	nan	1	nan	0
[snorkel;E_01_102,sound;H_02_096]	i	FullyOpen	0.0	nan	nan	Open	0.0	OneHanded	Straight	1	Head	Other	nan	1	nan	0
[snorkel;E_01_102,luck;H_03_009]	i	FullyOpen	0.0	nan	nan	Open	0.0	OneHanded	Straight	1	Head	Chin	nan	1	nan	0
[snorkel;E_01_102,luck;H_03_009]	i	FullyOpen	0.0	nan	nan	Open	0.0	OneHanded	Straight	1	Head	Mouth	HeadAway	1	nan	0
[snorkel;E_01_102,glass_3;K_02_059]	i	Curved	0.0	nan	nan	Open	0.0	OneHanded	Straight	1	Head	Mouth	nan	1	nan	0
[snorkel;E_01_102,glass_3;K_02_059]	i	FullyOpen	0.0	nan	nan	Closed	0.0	OneHanded	Straight	1	Head	Mouth	nan	1	nan	0
[snorkel;E_01_102,fireman_2;K_03_052]	i	Curved	0.0	nan	nan	Open	0.0	OneHanded	Straight	1	Head	Mouth	nan	1	nan	0
[snorkel;E_01_102,fireman_2;K_03_052]	i	FullyOpen	0.0	nan	nan	Open	0.0	OneHanded	Straight	1	Head	Forehead	nan	1	nan	0
[snorkel;E_01_102,pipe_3;K_03_113]	m	FullyOpen	0.0	nan	nan	Open	0.0	OneHanded	Straight	1	Head	Mouth	nan	1	nan	0
[snorkel;E_01_102,pipe_3;K_03_113]	i	Stacked	0.0	nan	nan	Open	0.0	OneHanded	Straight	1	Head	Mouth	nan	1	nan	0
[evidence;G_03_103,passport;E_01_103]	imrp	Bent	0.0	nan	0.0	Closed	1.0	AsymmetricalDifferentHandshape	Straight	1	Hand	Palm	nan	1	B	0
[evidence;G_03_103,model_2;J_02_005,passport;E_01_103]	imrp	FullyClosed	0.0	0.0	0.0	Closed	1.0	AsymmetricalDifferentHandshape	Straight	1	Hand	Palm	nan	1	B	0
[model_2;J_02_005,passport;E_01_103]	imrp	Flat	0.0	nan	0.0	Closed	1.0	AsymmetricalDifferentHandshape	Straight	1	Hand	Palm	nan	1	B	0
[cheerleader;H_02_045,freedom;E_02_001]	imrp	FullyClosed	0.0	nan	0.0	Closed	1.0	SymmetricalOrAlternating	Z-shaped	0	Neutral	Neutral	Neutral	0	s	1
[cheerleader;H_02_045,freedom;E_02_001]	imrp	FullyClosed	0.0	nan	0.0	Closed	1.0	SymmetricalOrAlternating	Curved	0	Neutral	Neutral	Neutral	0	s	0
[freedom;E_02_001,pop_4;K_03_031]	imrp	FullyClosed	0.0	nan	0.0	Closed	1.0	SymmetricalOrAlternating	BackAndForth	0	Neutral	Neutral	Neutral	0	s	1
[freedom;E_02_001,pop_4;K_03_031]	imrp	FullyClosed	0.0	nan	0.0	Closed	1.0	SymmetricalOrAlternating	Curved	0	Neutral	Neutral	Neutral	0	s	0
[hold_together;E_02_003,bloom;G_03_014]	imrp	Curved	1.0	0.0	1.0	Open	1.0	SymmetricalOrAlternating	nan	0	Neutral	Neutral	nan	1	curved_5	0
[hold_together;E_02_003,bloom;G_03_014]	imrp	Curved	1.0	1.0	1.0	Open	1.0	SymmetricalOrAlternating	nan	0	Neutral	Neutral	nan	1	o	0
[ruler;G_02_086,today;E_02_006]	p	FullyOpen	0.0	nan	nan	Open	0.0	SymmetricalOrAlternating	Straight	1	Neutral	Neutral	nan	0	y	0
[ruler;G_02_086,today;E_02_006]	p	FullyOpen	0.0	nan	nan	Open	0.0	SymmetricalOrAlternating	Straight	1	Neutral	Neutral	Neutral	1	y	0
[today;E_02_006,award;K_01_114]	p	FullyOpen	0.0	nan	nan	Open	0.0	SymmetricalOrAlternating	Curved	1	Neutral	Neutral	Neutral	0	y	0
[today;E_02_006,award;K_01_114]	p	FullyOpen	0.0	nan	nan	Open	0.0	SymmetricalOrAlternating	Straight	0	Neutral	Neutral	Neutral	0	y	0
[ok;F_03_080,send;E_02_009]	imrp	Curved	nan	0.0	1.0	Open	1.0	OneHanded	Straight	0	Neutral	Neutral	Neutral	0	nan	0
[ok;F_03_080,send;E_02_009]	imrp	Curved	1.0	0.0	nan	Open	1.0	OneHanded	Straight	0	Neutral	Neutral	Neutral	0	nan	0
[squeeze;H_03_019,send;E_02_009]	imrp	Curved	1.0	0.0	1.0	Open	0.0	OneHanded	Straight	0	Neutral	Neutral	Neutral	0	nan	0
[plow;H_02_058,dont_want;E_02_014]	imrp	Curved	0.0	1.0	0.0	Open	0.0	SymmetricalOrAlternating	Straight	0	Neutral	Neutral	nan	0	curved_5	0
[too_much;E_02_015,busted;G_01_022]	imrp	FullyOpen	0.0	1.0	0.0	Open	0.0	SymmetricalOrAlternating	Curved	0	Neutral	Neutral	Neutral	1	curved_5	0
[too_much;E_02_015,busted;G_01_022]	imrp	Curved	0.0	1.0	0.0	Open	0.0	SymmetricalOrAlternating	Curved	0	Neutral	Neutral	Neutral	1	5	0
[too_much;E_02_015,hatch;J_02_069]	im	Curved	0.0	1.0	0.0	Open	0.0	SymmetricalOrAlternating	Curved	0	Neutral	Neutral	Neutral	1	curved_5	0
[too_much;E_02_015,hatch;J_02_069]	imrp	Curved	0.0	1.0	0.0	Open	0.0	SymmetricalOrAlternating	Curved	0	Neutral	Neutral	Neutral	1	curved_v	0
[sshh;E_02_016,true_business;E_03_068]	i	FullyOpen	0.0	nan	nan	Closed	0.0	OneHanded	nan	0	Head	Mouth	nan	1	nan	0
[sshh;E_02_016,true_business;E_03_068]	i	FullyOpen	0.0	nan	nan	Closed	0.0	OneHanded	Straight	0	Head	Mouth	HeadAway	1	nan	0
[red_faced;F_03_030,sshh;E_02_016]	i	FullyOpen	0.0	nan	nan	Closed	0.0	OneHanded	Straight	0	Head	Chin	nan	1	nan	0
[red_faced;F_03_030,sshh;E_02_016]	i	FullyOpen	0.0	nan	nan	Closed	0.0	OneHanded	Straight	0	Head	Mouth	HeadAway	1	nan	0
[sshh;E_02_016,spot_something;G_01_002]	i	FullyOpen	0.0	nan	nan	Closed	0.0	OneHanded	nan	0	Head	Mouth	nan	1	nan	0
[sshh;E_02_016,spot_something;G_01_002]	i	FullyOpen	0.0	nan	nan	Closed	0.0	OneHanded	Straight	0	Head	Eye	nan	1	nan	0
[sshh;E_02_016,miss;G_02_049]	i	FullyOpen	0.0	nan	nan	Closed	0.0	OneHanded	nan	0	Head	Mouth	nan	1	nan	0
[sshh;E_02_016,miss;G_02_049]	i	FullyOpen	0.0	nan	nan	Closed	0.0	OneHanded	Straight	0	Head	Chin	nan	1	nan	0
[sshh;E_02_016,nose;G_03_075]	i	FullyOpen	0.0	nan	nan	Closed	0.0	OneHanded	Straight	1	Head	Mouth	nan	1	nan	0
[sshh;E_02_016,nose;G_03_075]	i	FullyOpen	0.0	nan	nan	Closed	0.0	OneHanded	Straight	0	Head	CheekNose	nan	1	nan	0
[sshh;E_02_016,intelligent;H_02_080]	i	FullyOpen	0.0	nan	nan	Closed	0.0	OneHanded	Straight	0	Head	Forehead	nan	1	nan	0
[sshh;E_02_016,intelligent;H_02_080]	i	FullyOpen	0.0	nan	nan	Closed	0.0	OneHanded	Straight	0	Head	Mouth	HeadAway	1	nan	0
[sshh;E_02_016,sound;H_02_096]	i	FullyOpen	0.0	nan	nan	Closed	0.0	OneHanded	Straight	1	Head	Mouth	nan	1	nan	0
[sshh;E_02_016,sound;H_02_096]	i	FullyOpen	0.0	nan	nan	Closed	0.0	OneHanded	Straight	0	Head	Other	nan	1	nan	0
[sshh;E_02_016,glass_3;K_02_059]	i	Curved	0.0	nan	nan	Closed	0.0	OneHanded	Straight	0	Head	Mouth	nan	1	nan	0
[sshh;E_02_016,glass_3;K_02_059]	i	FullyOpen	0.0	nan	nan	Closed	0.0	OneHanded	Straight	1	Head	Mouth	nan	1	nan	0
[come_out;E_02_020,missing;E_02_017]	imrp	Curved	1.0	1.0	1.0	Open	1.0	AsymmetricalDifferentHandshape	Straight	0	Hand	Palm	HandAway	0	C	0
[come_out;E_02_020,spring;E_03_074]	imrp	Curved	1.0	1.0	1.0	Open	1.0	AsymmetricalDifferentHandshape	Straight	1	Hand	Palm	HandAway	1	C	0
[come_out;E_02_020,erupt_1;H_03_017]	imrp	Curved	1.0	1.0	1.0	Open	1.0	AsymmetricalDifferentHandshape	Straight	0	Hand	Other	HandAway	1	C	0
[fork_3;K_03_003,lick_1;E_02_021]	im	FullyOpen	0.0	1.0	0.0	Closed	0.0	AsymmetricalDifferentHandshape	nan	0	Hand	Mouth	nan	1	B	0
[fork_3;K_03_003,lick_1;E_02_021]	im	FullyOpen	0.0	0.0	0.0	Closed	0.0	AsymmetricalDifferentHandshape	nan	0	Hand	Palm	nan	1	B	0
[fun;E_02_057,daughter;E_02_023]	im	FullyOpen	0.0	0.0	0.0	Closed	0.0	OneHanded	nan	0	Head	Chin	nan	1	nan	0
[spontaneous;E_02_024,replace;J_03_007]	i	Bent	0.0	nan	nan	Open	1.0	SymmetricalOrAlternating	Curved	0	Neutral	Neutral	Neutral	0	baby_o	1
[spontaneous;E_02_024,replace;J_03_007]	i	Bent	1.0	nan	nan	Open	1.0	SymmetricalOrAlternating	Curved	0	Neutral	Neutral	Neutral	0	baby_o	0
[forever_2;E_02_025,intelligent;H_02_080]	i	FullyOpen	0.0	nan	nan	Open	0.0	OneHanded	Straight	0	Head	Forehead	HeadAway	1	nan	0
[forever_2;E_02_025,intelligent;H_02_080]	p	FullyOpen	0.0	nan	nan	Closed	0.0	OneHanded	Straight	0	Head	Forehead	HeadAway	1	nan	0
[clock_2;K_02_038,vase;E_02_028]	i	Curved	0.0	nan	nan	Open	0.0	SymmetricalOrAlternating	Curved	0	Neutral	Neutral	Neutral	1	curved_l	0
[clock_2;K_02_038,vase;E_02_028]	i	Curved	0.0	nan	nan	Open	0.0	SymmetricalOrAlternating	Z-shaped	0	Neutral	Neutral	Neutral	0	curved_l	0
[apart;E_02_033,stack_3;K_03_069]	imrp	FullyOpen	1.0	0.0	0.0	Open	0.0	SymmetricalOrAlternating	Other	0	Neutral	Neutral	Neutral	1	open_b	0
[apart;E_02_033,stretch_2;K_03_126]	imrp	Curved	1.0	0.0	0.0	Open	0.0	SymmetricalOrAlternating	Straight	0	Neutral	Neutral	Neutral	1	open_b	0
[apart;E_02_033,stretch_2;K_03_126]	imrp	FullyOpen	1.0	0.0	0.0	Open	0.0	SymmetricalOrAlternating	Straight	0	Neutral	Neutral	Neutral	1	c	0
[saxophone;G_03_015,flute;E_02_036]	imrp	Flat	1.0	1.0	0.0	Open	0.0	SymmetricalOrAlternating	nan	1	Neutral	HeadAway	nan	0	flatspread_5	0
[saxophone;G_03_015,flute;E_02_036]	imrp	Flat	1.0	1.0	0.0	Open	0.0	SymmetricalOrAlternating	nan	1	Head	Neutral	nan	0	flatspread_5	0
[cool_5;J_01_004,flute;E_02_036]	imrp	FullyOpen	1.0	1.0	0.0	Open	0.0	SymmetricalOrAlternating	nan	1	Head	HeadAway	nan	0	flatspread_5	0
[cool_5;J_01_004,flute;E_02_036]	imrp	Flat	1.0	1.0	0.0	Open	0.0	SymmetricalOrAlternating	nan	1	Head	HeadAway	nan	0	5	0
[sometimes;E_02_038,discuss;E_03_081]	i	FullyOpen	0.0	nan	nan	Closed	0.0	AsymmetricalDifferentHandshape	Straight	1	Hand	Palm	HandAway	1	B	0
[sometimes;E_02_038,discuss;E_03_081]	i	FullyOpen	0.0	nan	nan	Closed	0.0	AsymmetricalDifferentHandshape	Curved	1	Hand	Palm	nan	1	B	0
[sometimes;E_02_038,pay;F_01_082]	i	FullyOpen	0.0	nan	nan	Closed	0.0	AsymmetricalDifferentHandshape	Curved	0	Hand	Palm	HandAway	1	B	0
[sometimes;E_02_038,pay;F_01_082]	i	FullyOpen	0.0	nan	nan	Closed	0.0	AsymmetricalDifferentHandshape	Curved	1	Hand	Palm	HandAway	1	B	1
[sometimes;E_02_038,archeology;G_03_060]	i	Curved	0.0	nan	nan	Closed	0.0	AsymmetricalDifferentHandshape	Curved	1	Hand	Palm	HandAway	1	B	0
[sometimes;E_02_038,archeology;G_03_060]	i	FullyOpen	0.0	nan	nan	Closed	0.0	AsymmetricalDifferentHandshape	Circular	1	Hand	Palm	HandAway	1	B	0
[shark_2;E_02_071,major;J_01_057,busy;E_02_040]	imrp	FullyOpen	0.0	0.0	0.0	Closed	0.0	AsymmetricalSameHandshape	Straight	1	Hand	FingerRadial	nan	1	closed_b	0
[triple;J_02_077,sink;E_02_042]	im	FullyOpen	0.0	1.0	0.0	Open	0.0	AsymmetricalDifferentHandshape	Curved	0	Hand	Palm	HandAway	1	B	0
[triple;J_02_077,sink;E_02_042]	im	FullyOpen	0.0	1.0	0.0	Open	0.0	AsymmetricalDifferentHandshape	Straight	0	Hand	Palm	HandAway	1	B	1
[ride_2;J_03_026,sink;E_02_042]	im	FullyOpen	0.0	1.0	0.0	Open	0.0	AsymmetricalDifferentHandshape	Straight	0	Hand	FingerRadial	HandAway	1	B	0
[cut_1;E_02_046,hop;E_03_025]	im	Curved	0.0	1.0	1.0	Closed	0.0	OneHanded	Curved	0	Neutral	Neutral	Neutral	0	nan	0
[cut_1;E_02_046,rainbow;F_03_001]	imrp	FullyOpen	0.0	1.0	1.0	Closed	0.0	OneHanded	Curved	0	Neutral	Neutral	Neutral	0	nan	0
[will;F_03_025,smell;E_02_049]	imrp	FullyOpen	0.0	0.0	0.0	Open	0.0	OneHanded	Curved	1	Head	CheekNose	HeadAway	0	nan	0
[roar;J_03_062,smell;E_02_049]	imrp	FullyOpen	0.0	1.0	0.0	Open	0.0	OneHanded	Curved	1	Head	HeadAway	HeadAway	0	nan	0
[smell;E_02_049,hairdryer_3;K_01_091]	im	FullyOpen	0.0	0.0	0.0	Open	0.0	OneHanded	Curved	1	Head	HeadAway	HeadAway	0	nan	0
[megaphone;G_03_102,bubbles;E_02_052]	imrp	FullyClosed	1.0	nan	0.0	Closed	1.0	SymmetricalOrAlternating	Straight	1	Head	Mouth	HeadAway	1	s	0
[megaphone;G_03_102,bubbles;E_02_052]	imrp	FullyClosed	1.0	nan	1.0	Closed	1.0	SymmetricalOrAlternating	Straight	0	Head	Mouth	HeadAway	1	s	0
[bubbles;E_02_052,imagine_2;K_03_020]	imrp	FullyClosed	1.0	nan	1.0	Closed	1.0	SymmetricalOrAlternating	Straight	0	Head	Mouth	HeadAway	1	s	0
[bubbles;E_02_052,imagine_2;K_03_020]	imrp	FullyClosed	1.0	nan	1.0	Closed	1.0	SymmetricalOrAlternating	Straight	1	Head	Forehead	HeadAway	1	s	0
[hose;E_02_054,tuesday;J_03_087]	i	Bent	0.0	nan	nan	Open	1.0	OneHanded	Straight	1	Neutral	Neutral	Neutral	0	nan	0
[hose;E_02_054,tuesday;J_03_087]	i	Bent	0.0	nan	nan	Open	0.0	OneHanded	Circular	1	Neutral	Neutral	Neutral	0	nan	0
[hose;E_02_054,tiny;K_03_019]	i	Bent	0.0	nan	nan	Open	0.0	OneHanded	Straight	0	Neutral	Neutral	Neutral	0	nan	0
[hose;E_02_054,tiny;K_03_019]	i	Bent	0.0	nan	nan	Open	0.0	OneHanded	Straight	1	Neutral	Neutral	nan	0	nan	0
[fun;E_02_057,hamster;E_03_073]	im	FullyOpen	0.0	0.0	0.0	Closed	0.0	OneHanded	Straight	0	Head	CheekNose	nan	1	nan	0
[fun;E_02_057,hamster;E_03_073]	im	FullyOpen	0.0	0.0	0.0	Closed	0.0	OneHanded	nan	1	Head	CheekNose	nan	1	nan	0
[really_into;H_02_079,fun;E_02_057]	im	Curved	0.0	0.0	0.0	Closed	0.0	OneHanded	nan	0	Head	CheekNose	nan	1	nan	0
[really_into;H_02_079,fun;E_02_057]	im	FullyOpen	0.0	1.0	0.0	Closed	0.0	OneHanded	nan	0	Head	CheekNose	nan	1	nan	0
[depress;E_02_059,event;F_03_049]	m	Flat	0.0	nan	nan	Open	0.0	SymmetricalOrAlternating	Curved	0	Body	TorsoTop	TorsoBottom	1	open_8	0
[depress;E_02_059,event;F_03_049]	m	Flat	0.0	nan	nan	Open	0.0	SymmetricalOrAlternating	Straight	0	Body	TorsoTop	BodyAway	1	open_8	0
[depress;E_02_059,concerned;G_02_047]	m	Flat	0.0	nan	nan	Open	0.0	SymmetricalOrAlternating	Straight	1	Body	TorsoTop	TorsoBottom	1	open_8	0
[depress;E_02_059,concerned;G_02_047]	m	Flat	0.0	nan	nan	Open	0.0	SymmetricalOrAlternating	Straight	0	Body	TorsoTop	BodyAway	1	open_8	0
[depress;E_02_059,tendency;G_03_089]	m	Flat	0.0	nan	nan	Open	0.0	SymmetricalOrAlternating	Straight	0	Body	Clavicle	TorsoBottom	1	open_8	0
[depress;E_02_059,tendency;G_03_089]	m	Flat	0.0	nan	nan	Open	0.0	SymmetricalOrAlternating	Straight	0	Body	TorsoTop	BodyAway	1	open_8	0
[shelf;E_02_060,fair;G_01_080]	imrp	Flat	0.0	0.0	0.0	Closed	0.0	SymmetricalOrAlternating	Straight	1	Neutral	Neutral	Neutral	1	flat_b	0
[shelf;E_02_060,go_ahead;J_01_041]	imrp	Flat	0.0	0.0	0.0	Closed	0.0	SymmetricalOrAlternating	Straight	0	Neutral	Neutral	Neutral	0	flat_b	0
[blur;J_03_088,shelf;E_02_060]	imrp	Flat	0.0	0.0	1.0	Closed	0.0	SymmetricalOrAlternating	Straight	0	Neutral	Neutral	Neutral	1	flat_b	0
[blur;J_03_088,shelf;E_02_060,castle_4;K_03_110]	imrp	Flat	0.0	0.0	0.0	Closed	0.0	SymmetricalOrAlternating	Curved	0	Neutral	Neutral	Neutral	1	flat_b	0
[view;E_02_061,really_into;H_02_079]	im	Flat	0.0	1.0	0.0	Closed	0.0	OneHanded	nan	0	Head	CheekNose	nan	1	nan	0
[view;E_02_061,videocamera_2;K_03_011]	im	FullyOpen	0.0	1.0	0.0	Closed	0.0	OneHanded	nan	0	Head	Eye	nan	1	nan	0
[view;E_02_061,videocamera_2;K_03_011]	im	Flat	0.0	1.0	0.0	Open	0.0	OneHanded	nan	0	Head	Eye	nan	1	nan	0
[assign;H_02_036,hang;E_02_063]	imrp	Curved	1.0	0.0	0.0	Open	1.0	OneHanded	Curved	0	Body	Neck	BodyAway	1	nan	0
[assign;H_02_036,hang;E_02_063]	imrp	Curved	1.0	0.0	0.0	Open	1.0	OneHanded	Straight	0	Body	TorsoMid	BodyAway	1	nan	0
[window_open;E_02_075,chimney;E_02_064]	imrp	FullyOpen	0.0	0.0	0.0	Open	0.0	AsymmetricalSameHandshape	Straight	0	Hand	FingerRadial	HandAway	1	c	0
[window_open;E_02_075,chimney;E_02_064]	imrp	Curved	0.0	0.0	0.0	Open	0.0	AsymmetricalSameHandshape	Straight	0	Hand	FingerRadial	HandAway	1	open_b	0
[out;E_02_066,in;E_03_062]	imrp	Flat	1.0	1.0	1.0	Open	1.0	AsymmetricalDifferentHandshape	Straight	0	Hand	Palm	nan	1	C	0
[so;G_01_069,throw_away;E_02_070]	imrp	FullyClosed	nan	nan	1.0	Closed	1.0	OneHanded	Straight	0	Neutral	Neutral	Neutral	0	nan	0
[so;G_01_069,throw_away;E_02_070]	imrp	FullyClosed	1.0	nan	nan	Closed	1.0	OneHanded	Straight	0	Neutral	Neutral	Neutral	0	nan	0
[drag;K_01_022,throw_away;E_02_070]	imrp	FullyClosed	0.0	nan	1.0	Closed	1.0	OneHanded	Straight	0	Neutral	Neutral	Neutral	0	nan	0
[drag;K_01_022,throw_away;E_02_070]	imrp	FullyClosed	1.0	nan	nan	Closed	1.0	OneHanded	Straight	0	Neutral	Neutral	Neutral	0	nan	0
[shark_2;E_02_071,cross_2;H_01_007]	imrp	FullyOpen	0.0	0.0	0.0	Closed	0.0	AsymmetricalSameHandshape	Curved	0	Hand	FingerRadial	nan	1	closed_b	0
[shark_2;E_02_071,develop;J_03_092,cross_2;H_01_007,major;J_01_057]	imrp	FullyOpen	0.0	0.0	0.0	Closed	0.0	AsymmetricalSameHandshape	Straight	0	Hand	FingerRadial	HandAway	1	closed_b	0
[shark_2;E_02_071,develop;J_03_092]	imrp	FullyOpen	0.0	0.0	0.0	Closed	0.0	AsymmetricalSameHandshape	Straight	0	Hand	Palm	nan	1	closed_b	0
[pay_off_bills;F_03_036,empty_1;E_02_072]	m	Flat	0.0	nan	nan	Open	0.0	AsymmetricalDifferentHandshape	Straight	0	Hand	Palm	FingerBack	1	B	0
[pay_off_bills;F_03_036,empty_1;E_02_072]	m	Flat	0.0	nan	nan	Open	0.0	AsymmetricalDifferentHandshape	Straight	0	Hand	PalmBack	HandAway	1	B	0
[bandage;F_03_020,gate_close;E_02_073]	imrp	FullyOpen	0.0	0.0	0.0	Closed	0.0	AsymmetricalSameHandshape	Circular	0	Hand	HandAway	FingerBack	1	closed_b	0
[bandage;F_03_020,gate_close;E_02_073]	imrp	FullyOpen	0.0	0.0	0.0	Closed	0.0	AsymmetricalSameHandshape	Curved	1	Hand	HandAway	FingerBack	1	closed_b	0
[gate_close;E_02_073,cross_2;H_01_007]	imrp	FullyOpen	0.0	0.0	0.0	Closed	0.0	AsymmetricalSameHandshape	Curved	0	Hand	FingerRadial	FingerBack	1	closed_b	0
[gate_close;E_02_073,cross_2;H_01_007,kick;G_03_087]	imrp	FullyOpen	0.0	0.0	0.0	Closed	0.0	AsymmetricalSameHandshape	Curved	0	Hand	HandAway	HandAway	1	closed_b	0
[range;H_01_101,gate_close;E_02_073]	imrp	FullyOpen	0.0	0.0	0.0	Closed	0.0	AsymmetricalSameHandshape	Curved	0	Hand	Palm	FingerBack	1	closed_b	0
[range;H_01_101,gate_close;E_02_073,kick;G_03_087]	imrp	FullyOpen	0.0	0.0	0.0	Closed	0.0	AsymmetricalSameHandshape	Curved	0	Hand	HandAway	Palm	1	closed_b	0
[average;G_03_050,window_open;E_02_075,top;H_01_065,against;H_03_003,on;E_03_004]	imrp	FullyOpen	0.0	0.0	0.0	Open	0.0	AsymmetricalSameHandshape	Straight	0	Hand	FingerRadial	nan	1	open_b	0
[window_open;E_02_075,nice;G_03_059]	imrp	FullyOpen	0.0	0.0	0.0	Open	0.0	AsymmetricalSameHandshape	Straight	0	Hand	FingerRadial	FingerFront	1	open_b	0
[peanut_butter;E_02_077,confidential;G_02_022]	t	nan	nan	nan	nan	Open	nan	OneHanded	Straight	1	Head	Mouth	HeadAway	1	nan	0
[peanut_butter;E_02_077,confidential;G_02_022]	t	nan	nan	nan	nan	Open	nan	OneHanded	Straight	0	Head	Mouth	Mouth	1	nan	0
[had_enough;H_01_090,hair_clipper;E_02_080,howl;J_02_019]	imrp	Flat	0.0	0.0	0.0	Open	0.0	OneHanded	Straight	0	Head	HeadAway	HeadAway	1	nan	0
[had_enough;H_01_090,hair_clipper;E_02_080]	imrp	Flat	0.0	0.0	0.0	Open	0.0	OneHanded	Z-shaped	0	Head	HeadAway	HeadAway	0	nan	0
[hair_clipper;E_02_080,howl;J_02_019]	imrp	Curved	0.0	0.0	0.0	Open	0.0	OneHanded	Z-shaped	0	Head	HeadAway	HeadAway	1	nan	0
[lead;J_01_046,yourself;E_02_081]	t	nan	nan	nan	nan	Open	nan	AsymmetricalDifferentHandshape	Straight	1	Hand	FingerTip	nan	1	1	0
[lead;J_01_046,yourself;E_02_081]	t	nan	nan	nan	nan	Open	nan	AsymmetricalDifferentHandshape	Straight	1	Hand	FingerRadial	nan	1	B	0
[pizza_cutter;E_02_084,bind;E_03_092]	i	Bent	0.0	nan	nan	Open	0.0	SymmetricalOrAlternating	Other	0	Neutral	Neutral	Neutral	0	bent_l	0
[pizza_cutter;E_02_084,bind;E_03_092]	i	Bent	0.0	nan	nan	Open	0.0	SymmetricalOrAlternating	Straight	0	Neutral	Neutral	Neutral	0	bent_l	1
[pizza_cutter;E_02_084,big;F_02_054]	i	Bent	0.0	nan	nan	Open	0.0	SymmetricalOrAlternating	Curved	0	Neutral	Neutral	Neutral	0	bent_l	0
[pizza_cutter;E_02_084,big;F_02_054]	i	Bent	0.0	nan	nan	Open	0.0	SymmetricalOrAlternating	Straight	0	Neutral	Neutral	Neutral	0	bent_l	1
[pizza_cutter;E_02_084,bend;G_03_031]	i	Bent	0.0	nan	nan	Open	0.0	SymmetricalOrAlternating	Curved	0	Neutral	Neutral	Neutral	0	bent_l	0
[pizza_cutter;E_02_084,bend;G_03_031]	i	Bent	0.0	nan	nan	Open	0.0	SymmetricalOrAlternating	Straight	0	Neutral	Neutral	Neutral	1	bent_l	0
[tty;G_01_035,pizza_2;E_02_085]	i	Stacked	nan	nan	nan	Open	1.0	OneHanded	Straight	0	Neutral	Neutral	Neutral	0	nan	0
[tty;G_01_035,pizza_2;E_02_085]	im	Bent	nan	nan	nan	Open	1.0	OneHanded	Straight	0	Neutral	Neutral	Neutral	0	nan	0
[sculpture;E_03_045,scrub;E_02_086]	t	nan	nan	nan	nan	Open	nan	AsymmetricalDifferentHandshape	Curved	1	Hand	Palm	Palm	1	B	0
[sculpture;E_03_045,scrub;E_02_086]	t	nan	nan	nan	nan	Open	nan	AsymmetricalDifferentHandshape	Straight	1	Hand	Palm	HandAway	1	B	0
[scrub;E_02_086,commute;H_02_044]	t	nan	nan	nan	nan	Open	nan	AsymmetricalDifferentHandshape	Straight	1	Hand	PalmBack	Palm	1	B	0
[scrub;E_02_086,commute;H_02_044]	t	nan	nan	nan	nan	Open	nan	AsymmetricalDifferentHandshape	Straight	1	Hand	Palm	HandAway	1	B	0
[surgery;H_03_046,scrub;E_02_086]	t	nan	nan	nan	nan	Open	nan	AsymmetricalDifferentHandshape	Straight	0	Hand	Palm	Palm	1	B	0
[surgery;H_03_046,scrub;E_02_086]	t	nan	nan	nan	nan	Open	nan	AsymmetricalDifferentHandshape	Straight	1	Hand	Palm	Heel	1	B	0
[lead;J_01_046,scrub;E_02_086]	t	nan	nan	nan	nan	Open	nan	AsymmetricalDifferentHandshape	Straight	1	Hand	FingerTip	Palm	1	B	0
[lead;J_01_046,scrub;E_02_086]	t	nan	nan	nan	nan	Open	nan	AsymmetricalDifferentHandshape	Straight	1	Hand	Palm	nan	1	B	0
[result;J_01_039,rocket_2;E_02_088]	im	Crossed	0.0	0.0	0.0	Closed	0.0	AsymmetricalDifferentHandshape	BackAndForth	0	Hand	Palm	HandAway	1	B	0
[result;J_01_039,rocket_2;E_02_088]	im	Crossed	0.0	0.0	0.0	Closed	0.0	AsymmetricalDifferentHandshape	Straight	0	Hand	FingerRadial	HandAway	1	B	0
[label;J_02_105,rocket_2;E_02_088]	im	Crossed	0.0	0.0	0.0	Closed	0.0	AsymmetricalDifferentHandshape	Straight	0	Hand	Palm	Palm	1	B	0
[two_weeks;J_03_066,rocket_2;E_02_088]	im	Crossed	0.0	1.0	0.0	Closed	0.0	AsymmetricalDifferentHandshape	Straight	0	Hand	Palm	HandAway	1	B	0
[popular;J_01_016,mushroom;E_02_089]	imrp	Curved	0.0	1.0	0.0	Open	0.0	AsymmetricalDifferentHandshape	Straight	1	Hand	FingerRadial	nan	1	1	0
[paragraph;E_02_090,champion;G_01_081]	imrp	Curved	0.0	1.0	0.0	Open	0.0	AsymmetricalDifferentHandshape	BackAndForth	0	Hand	FingerTip	HandAway	1	B	0
[paragraph;E_02_090,champion;G_01_081]	imrp	Curved	0.0	1.0	0.0	Open	0.0	AsymmetricalDifferentHandshape	BackAndForth	0	Hand	Palm	HandAway	1	1	0
[cannot;E_02_094,to;E_03_086]	i	FullyOpen	0.0	nan	nan	Closed	0.0	AsymmetricalSameHandshape	Straight	0	Hand	FingerTip	HandAway	1	1	0
[cannot;E_02_094,to;E_03_086]	i	FullyOpen	0.0	nan	nan	Closed	0.0	AsymmetricalSameHandshape	Curved	0	Hand	FingerTip	nan	1	1	0
[cannot;E_02_094,then;F_01_031]	i	FullyOpen	0.0	nan	nan	Closed	0.0	AsymmetricalDifferentHandshape	Curved	0	Hand	FingerTip	HandAway	1	1	0
[cannot;E_02_094,then;F_01_031]	i	FullyOpen	0.0	nan	nan	Closed	0.0	AsymmetricalSameHandshape	Curved	0	Hand	FingerTip	FingerTip	1	1	0
[cannot;E_02_094,delinquent;F_02_003]	i	FullyOpen	0.0	nan	nan	Closed	0.0	AsymmetricalDifferentHandshape	Curved	0	Hand	FingerTip	HandAway	1	1	0
[cannot;E_02_094,delinquent;F_02_003]	i	FullyOpen	0.0	nan	nan	Closed	0.0	AsymmetricalSameHandshape	Curved	0	Hand	FingerTip	HandAway	1	DominanceConditionViolation	0
[cannot;E_02_094,specialist;H_01_038]	i	FullyOpen	0.0	nan	nan	Closed	0.0	AsymmetricalSameHandshape	Straight	0	Hand	FingerTip	HandAway	1	1	0
[cannot;E_02_094,specialist;H_01_038]	i	FullyOpen	0.0	nan	nan	Closed	0.0	AsymmetricalSameHandshape	Curved	0	Hand	FingerRadial	HandAway	1	1	0
[cannot;E_02_094,shame_on_you;H_01_066]	i	FullyOpen	0.0	nan	nan	Closed	0.0	AsymmetricalSameHandshape	Curved	1	Hand	FingerTip	HandAway	1	1	0
[cannot;E_02_094,shame_on_you;H_01_066]	i	FullyOpen	0.0	nan	nan	Closed	0.0	AsymmetricalSameHandshape	Curved	0	Hand	FingerBack	HandAway	1	1	0
[cannot;E_02_094,regular;J_01_067]	i	FullyOpen	0.0	nan	nan	Closed	0.0	AsymmetricalSameHandshape	Curved	1	Hand	FingerTip	HandAway	1	1	0
[cannot;E_02_094,regular;J_01_067]	i	FullyOpen	0.0	nan	nan	Closed	0.0	AsymmetricalSameHandshape	Curved	0	Hand	FingerRadial	HandAway	1	1	0
[soon_1;G_01_004,lollipop;E_02_095]	i	Curved	0.0	nan	nan	Open	1.0	OneHanded	Straight	1	Head	Mouth	nan	1	nan	0
[soon_1;G_01_004,lollipop;E_02_095]	i	Bent	0.0	nan	nan	Open	1.0	OneHanded	Straight	1	Head	Chin	nan	1	nan	0
[magnify_1;G_01_073,lollipop;E_02_095]	i	Bent	0.0	nan	nan	Open	1.0	OneHanded	Straight	1	Head	Eye	nan	1	nan	0
[magnify_1;G_01_073,lollipop;E_02_095]	i	Bent	0.0	nan	nan	Open	1.0	OneHanded	Straight	1	Head	Mouth	HeadAway	1	nan	0
[teenager;H_02_039,lollipop;E_02_095]	i	Bent	0.0	nan	nan	Open	1.0	OneHanded	Straight	0	Head	Mouth	nan	1	nan	0
[teenager;H_02_039,lollipop;E_02_095]	i	Bent	0.0	nan	nan	Open	1.0	OneHanded	Straight	1	Head	Mouth	CheekNose	1	nan	0
[soon_3;H_03_023,lollipop;E_02_095]	i	Curved	0.0	nan	nan	Open	1.0	OneHanded	Straight	1	Head	Mouth	nan	1	nan	0
[soon_3;H_03_023,lollipop;E_02_095]	i	Bent	0.0	nan	nan	Open	1.0	OneHanded	Straight	1	Head	CheekNose	nan	1	nan	0
[theory;J_03_042,lollipop;E_02_095]	i	Bent	0.0	nan	nan	Open	1.0	OneHanded	Straight	1	Head	Forehead	nan	1	nan	0
[theory;J_03_042,lollipop;E_02_095]	i	Bent	0.0	nan	nan	Open	1.0	OneHanded	Straight	1	Head	Mouth	HeadAway	1	nan	0
[pen;E_02_097,bell;G_02_018]	i	Curved	0.0	nan	nan	Open	1.0	AsymmetricalDifferentHandshape	Z-shaped	0	Hand	Palm	FingerFront	1	B	0
[pen;E_02_097,bell;G_02_018]	i	Bent	0.0	nan	nan	Open	1.0	AsymmetricalDifferentHandshape	Z-shaped	0	Hand	Palm	HandAway	1	B	0
[pen;E_02_097,count;G_02_054]	i	Curved	0.0	nan	nan	Open	1.0	AsymmetricalDifferentHandshape	Z-shaped	0	Hand	Palm	FingerFront	1	B	0
[pen;E_02_097,count;G_02_054]	i	Bent	0.0	nan	nan	Open	1.0	AsymmetricalDifferentHandshape	Straight	0	Hand	Palm	FingerFront	1	B	0
[salt_shaker;E_02_100,basketball;H_02_004,camcorder;E_03_021]	imrp	Flat	0.0	1.0	0.0	Open	0.0	OneHanded	Straight	1	Neutral	Neutral	nan	0	nan	0
[salt_shaker;E_02_100,greet_2;K_02_095]	imrp	Curved	0.0	0.0	0.0	Open	0.0	OneHanded	Straight	1	Neutral	Neutral	nan	0	nan	0
[fork_4;K_01_027,restless;E_03_003]	im	FullyOpen	0.0	1.0	0.0	Closed	0.0	AsymmetricalDifferentHandshape	Curved	1	Hand	Palm	nan	1	B	1
[fork_4;K_01_027,restless;E_03_003]	im	Bent	0.0	1.0	0.0	Closed	0.0	AsymmetricalDifferentHandshape	Straight	1	Hand	Palm	nan	1	B	1
[near;G_01_014,on;E_03_004,against;H_03_003,top;H_01_065]	imrp	FullyOpen	0.0	0.0	0.0	Open	0.0	AsymmetricalSameHandshape	Straight	0	Hand	FingerBack	nan	1	open_b	0
[on;E_03_004,nice;G_03_059]	imrp	FullyOpen	0.0	0.0	0.0	Open	0.0	AsymmetricalSameHandshape	Straight	0	Hand	PalmBack	FingerFront	1	open_b	0
[on;E_03_004,at;J_01_055]	imrp	Flat	0.0	0.0	0.0	Open	0.0	AsymmetricalSameHandshape	Straight	0	Hand	PalmBack	nan	1	open_b	0
[on;E_03_004,at;J_01_055]	imrp	FullyOpen	0.0	0.0	0.0	Open	0.0	AsymmetricalSameHandshape	Straight	0	Hand	PalmBack	nan	1	flat_b	0
[falling_asleep;E_03_006,halloween;G_03_011]	imrp	Curved	0.0	0.0	0.0	Open	0.0	SymmetricalOrAlternating	Curved	1	Head	HeadAway	HeadAway	0	flat_b	1
[falling_asleep;E_03_006,halloween;G_03_011]	imrp	Flat	0.0	0.0	0.0	Open	0.0	SymmetricalOrAlternating	Curved	1	Head	HeadAway	HeadAway	0	c	1
[harmonica;G_03_054,falling_asleep;E_03_006]	imrp	Flat	0.0	0.0	0.0	Open	0.0	SymmetricalOrAlternating	Straight	1	Head	HeadAway	HeadAway	0	flat_b	1
[navel;E_03_007,buttons;F_02_025]	i	Curved	0.0	nan	nan	Open	1.0	OneHanded	Straight	0	Body	TorsoTop	nan	1	nan	0
[navel;E_03_007,buttons;F_02_025]	i	Curved	0.0	nan	nan	Open	1.0	OneHanded	Straight	0	Body	Waist	TorsoMid	1	nan	0
[navel;E_03_007,know_nothing;H_02_064]	i	Curved	0.0	nan	nan	Open	1.0	OneHanded	Straight	0	Head	Waist	nan	1	nan	0
[navel;E_03_007,know_nothing;H_02_064]	i	Curved	0.0	nan	nan	Open	1.0	OneHanded	Straight	0	Body	Forehead	nan	1	nan	0
[navel;E_03_007,faculty;J_02_061]	i	Curved	0.0	nan	nan	Open	1.0	OneHanded	Straight	0	Body	Clavicle	nan	1	nan	0
[navel;E_03_007,faculty;J_02_061]	i	Curved	0.0	nan	nan	Open	1.0	OneHanded	Straight	0	Body	Waist	Clavicle	1	nan	0
[hold_accountable;E_03_093,bark_3;K_02_096,memorize_memorize;E_03_010]	imrp	Curved	1.0	1.0	1.0	Open	1.0	OneHanded	Straight	1	Head	Mouth	HeadAway	0	nan	0
[bark_3;K_02_096,memorize_memorize;E_03_010]	imrp	Curved	1.0	1.0	1.0	Open	1.0	OneHanded	Straight	1	Head	Forehead	HeadAway	1	nan	0
[argue;F_03_072,roll;E_03_011]	i	FullyOpen	0.0	nan	nan	Closed	0.0	SymmetricalOrAlternating	Curved	1	Neutral	Neutral	Neutral	0	1	1
[argue;F_03_072,roll;E_03_011]	i	FullyOpen	0.0	nan	nan	Closed	0.0	SymmetricalOrAlternating	Circular	1	Neutral	Neutral	Neutral	0	1	0
[turn_around;J_02_086,roll;E_03_011]	i	FullyOpen	0.0	nan	nan	Closed	0.0	OneHanded	Circular	1	Neutral	Neutral	Neutral	0	1	1
[turn_around;J_02_086,roll;E_03_011]	i	FullyOpen	0.0	nan	nan	Closed	0.0	SymmetricalOrAlternating	Circular	1	Neutral	Neutral	Neutral	0	nan	1
[institute;J_02_047,alcohol;E_03_012]	p	Flat	0.0	nan	nan	Closed	0.0	DominanceViolation	Straight	1	Hand	FingerRadial	nan	1	DominanceConditionViolation	0
[institute;J_02_047,alcohol;E_03_012]	ip	FullyOpen	0.0	nan	nan	Closed	0.0	DominanceViolation	Straight	1	Hand	FingerRadial	nan	1	DominanceConditionViolation	0
[saxophone;G_03_015,soft;E_03_013]	imrp	Flat	1.0	1.0	0.0	Open	1.0	SymmetricalOrAlternating	nan	1	Neutral	Neutral	nan	0	flatspread_5	0
[saxophone;G_03_015,soft;E_03_013]	imrp	Flat	1.0	1.0	1.0	Open	0.0	SymmetricalOrAlternating	nan	1	Neutral	Neutral	nan	0	flatspread_5	0
[sword;E_03_101,wand;E_03_016]	i	Bent	0.0	nan	nan	Open	1.0	OneHanded	Z-shaped	1	Neutral	Neutral	Neutral	0	nan	1
[sword;E_03_101,wand;E_03_016]	i	Bent	0.0	nan	nan	Open	1.0	OneHanded	Circular	0	Neutral	Neutral	Neutral	0	nan	1
[fishing_2;K_01_050,wand;E_03_016]	i	Bent	0.0	nan	nan	Open	1.0	AsymmetricalDifferentHandshape	Circular	1	Neutral	Neutral	Neutral	0	nan	1
[fishing_2;K_01_050,wand;E_03_016]	i	Bent	0.0	nan	nan	Open	1.0	OneHanded	Circular	1	Neutral	Neutral	Neutral	0	A	1
[screwdriver_2;K_03_041,wand;E_03_016]	i	Bent	0.0	nan	nan	Open	1.0	OneHanded	nan	1	Neutral	Neutral	Neutral	0	nan	1
[screwdriver_2;K_03_041,wand;E_03_016]	i	Bent	0.0	nan	nan	Open	1.0	OneHanded	Circular	1	Neutral	Neutral	nan	0	nan	1
[conduct_3;K_03_057,wand;E_03_016]	i	Curved	0.0	nan	nan	Open	1.0	OneHanded	Circular	1	Neutral	Neutral	Neutral	0	nan	1
[conduct_3;K_03_057,wand;E_03_016]	i	Bent	0.0	nan	nan	Open	1.0	OneHanded	Curved	1	Neutral	Neutral	Neutral	0	nan	1
[bee;E_03_018,skin;F_01_091]	i	Bent	0.0	nan	nan	Open	1.0	OneHanded	nan	0	Head	CheekNose	nan	1	nan	0
[bee;E_03_018,skin;F_01_091]	i	Curved	0.0	nan	nan	Open	0.0	OneHanded	nan	0	Head	CheekNose	nan	1	nan	0
[stink;H_01_064,bee;E_03_018]	i	Flat	0.0	nan	nan	Open	1.0	OneHanded	nan	0	Head	CheekNose	nan	1	nan	0
[stink;H_01_064,bee;E_03_018]	i	Curved	0.0	nan	nan	Open	0.0	OneHanded	nan	0	Head	CheekNose	nan	1	nan	0
[bee;E_03_018,know_nothing;H_02_064]	i	Curved	0.0	nan	nan	Open	1.0	OneHanded	Straight	0	Head	CheekNose	nan	1	nan	0
[bee;E_03_018,know_nothing;H_02_064]	i	Curved	0.0	nan	nan	Open	1.0	OneHanded	nan	0	Head	Forehead	nan	1	nan	0
[bee;E_03_018,soon_3;H_03_023]	i	Curved	0.0	nan	nan	Open	1.0	OneHanded	Straight	0	Head	CheekNose	nan	1	nan	0
[bee;E_03_018,soon_3;H_03_023]	i	Curved	0.0	nan	nan	Open	1.0	OneHanded	nan	1	Head	CheekNose	nan	1	nan	0
[bee;E_03_018,cool_3;H_03_099]	i	Curved	0.0	nan	nan	Open	1.0	OneHanded	nan	0	Head	Mouth	nan	1	nan	0
[bee;E_03_018,cool_3;H_03_099]	i	Curved	0.0	nan	nan	Open	1.0	OneHanded	nan	0	Head	CheekNose	nan	1	nan	1
[bee;E_03_018,whistle_3;K_03_055]	i	Curved	0.0	nan	nan	Open	0.0	OneHanded	nan	0	Head	CheekNose	nan	1	nan	0
[bee;E_03_018,whistle_3;K_03_055]	i	Curved	0.0	nan	nan	Open	1.0	OneHanded	nan	0	Head	Mouth	nan	1	nan	0
[basketball;H_02_004,noon;G_02_014,run_faucet;K_03_096,your;F_01_052,camcorder;E_03_021]	imrp	FullyOpen	0.0	1.0	0.0	Open	0.0	OneHanded	Straight	1	Neutral	Neutral	Neutral	0	nan	0
[camcorder;E_03_021,noon;G_02_014]	imrp	FullyOpen	0.0	0.0	0.0	Open	0.0	OneHanded	Straight	1	Neutral	Neutral	nan	0	nan	0
[winter;E_03_022,accordion;F_02_048]	imrp	FullyClosed	0.0	nan	nan	Closed	1.0	SymmetricalOrAlternating	Straight	1	Neutral	Neutral	nan	0	s	0
[winter;E_03_022,accordion;F_02_048]	imrp	FullyClosed	0.0	nan	0.0	Closed	1.0	SymmetricalOrAlternating	Straight	1	Neutral	Neutral	Neutral	0	s	0
[winter;E_03_022,strong;G_03_027]	imrp	FullyClosed	0.0	nan	0.0	Closed	1.0	SymmetricalOrAlternating	Straight	1	Body	Neutral	nan	0	s	0
[winter;E_03_022,strong;G_03_027]	imrp	FullyClosed	0.0	nan	0.0	Closed	1.0	SymmetricalOrAlternating	Straight	1	Neutral	BodyAway	nan	0	s	0
[winter;E_03_022,yes;G_03_074]	imrp	FullyClosed	0.0	nan	0.0	Closed	1.0	OneHanded	Straight	1	Neutral	Neutral	nan	0	s	0
[winter;E_03_022,yes;G_03_074]	imrp	FullyClosed	0.0	nan	0.0	Closed	1.0	SymmetricalOrAlternating	Straight	1	Neutral	Neutral	nan	0	nan	0
[winter;E_03_022,boots_2;K_03_101]	imrp	FullyClosed	0.0	nan	0.0	Closed	1.0	SymmetricalOrAlternating	Straight	0	Neutral	Neutral	nan	0	s	0
[winter;E_03_022,boots_2;K_03_101]	imrp	FullyClosed	0.0	nan	0.0	Closed	1.0	SymmetricalOrAlternating	Straight	1	Neutral	Neutral	nan	1	s	0
[shark_1;E_03_023,hamster;E_03_073]	im	FullyOpen	0.0	0.0	0.0	Closed	0.0	OneHanded	Straight	1	Head	HeadTop	nan	1	nan	0
[shark_1;E_03_023,bitch;H_01_058]	imrp	FullyOpen	0.0	0.0	0.0	Closed	0.0	OneHanded	Straight	0	Head	HeadTop	nan	1	nan	0
[rocking_chair;E_03_024,hatch;J_02_069]	im	Curved	0.0	1.0	0.0	Open	0.0	SymmetricalOrAlternating	Curved	0	Neutral	Neutral	nan	1	curved_v	0
[rocking_chair;E_03_024,hatch;J_02_069]	im	Curved	0.0	1.0	0.0	Open	0.0	SymmetricalOrAlternating	Curved	1	Neutral	Neutral	Neutral	1	curved_v	0
[escalator;F_01_036,hop;E_03_025]	im	Curved	0.0	1.0	0.0	Closed	0.0	OneHanded	Straight	0	Neutral	Neutral	Neutral	0	nan	0
[throw_2;K_01_068,rainbow;F_03_001,hop;E_03_025]	imrp	Curved	0.0	1.0	0.0	Closed	0.0	OneHanded	Curved	0	Neutral	Neutral	Neutral	0	nan	0
[throw_2;K_01_068,hop;E_03_025]	im	Curved	0.0	1.0	0.0	Open	0.0	OneHanded	Curved	0	Neutral	Neutral	Neutral	0	nan	0
[scream;E_03_027,sweat;H_02_051]	imrp	Flat	0.0	1.0	0.0	Open	0.0	OneHanded	Straight	0	Head	Mouth	HeadAway	1	nan	0
[scream;E_03_027,sweat;H_02_051]	imrp	Curved	0.0	1.0	0.0	Open	0.0	OneHanded	Straight	0	Head	CheekNose	HeadAway	1	nan	0
[scream;E_03_027,howl;J_02_019]	imrp	Curved	0.0	0.0	0.0	Open	0.0	OneHanded	Straight	0	Head	Mouth	HeadAway	1	nan	0
[scream;E_03_027,howl;J_02_019]	imrp	Curved	0.0	1.0	0.0	Open	0.0	OneHanded	Straight	0	Head	HeadAway	HeadAway	1	nan	0
[scream;E_03_027,rest_all_day;J_03_043]	imrp	Curved	0.0	1.0	0.0	Open	0.0	OneHanded	Straight	0	Head	Chin	HeadAway	1	nan	0
[scream;E_03_027,rest_all_day;J_03_043]	imrp	Curved	0.0	1.0	0.0	Open	0.0	OneHanded	Straight	0	Head	Mouth	nan	1	nan	0
[scream;E_03_027,hair_2;K_02_053]	imrp	Curved	0.0	1.0	0.0	Open	0.0	OneHanded	Other	0	Head	Mouth	HeadAway	1	nan	0
[scream;E_03_027,hair_2;K_02_053]	imrp	Curved	0.0	1.0	0.0	Open	0.0	OneHanded	Straight	0	Head	HeadTop	HeadAway	1	nan	0
[stand_up;J_03_070,park;E_03_028]	im	FullyOpen	0.0	1.0	0.0	Open	0.0	AsymmetricalDifferentHandshape	Curved	0	Hand	Palm	nan	1	B	0
[fork_3;K_03_003,park;E_03_028]	im	FullyOpen	0.0	1.0	0.0	Open	0.0	AsymmetricalDifferentHandshape	nan	0	Hand	Palm	nan	1	B	0
[reflect;E_03_036,stare;G_01_034]	im	Flat	0.0	1.0	0.0	Closed	0.0	OneHanded	Curved	0	Head	CheekNose	HeadAway	1	nan	0
[reflect;E_03_036,jaw_drop;J_02_014]	im	Flat	0.0	1.0	0.0	Closed	0.0	OneHanded	Curved	0	Head	Mouth	HeadAway	1	nan	0
[handsome_3;E_03_041,duck_2;K_02_068]	imrp	Flat	1.0	0.0	0.0	Open	1.0	OneHanded	nan	1	Head	Chin	nan	1	nan	0
[two_of_us;H_02_090,float;E_03_043]	im	Stacked	0.0	nan	0.0	Open	1.0	OneHanded	Straight	0	Neutral	Neutral	Neutral	0	nan	0
[two_of_us;H_02_090,float;E_03_043]	im	Stacked	0.0	nan	0.0	Open	1.0	OneHanded	Z-shaped	1	Neutral	Neutral	Neutral	0	nan	0
[wash_dishes;F_01_070,sculpture;E_03_045]	t	nan	nan	nan	nan	Open	nan	AsymmetricalDifferentHandshape	Circular	1	Hand	Palm	HandAway	1	B	0
[wash_dishes;F_01_070,sculpture;E_03_045]	t	nan	nan	nan	nan	Open	nan	AsymmetricalDifferentHandshape	Curved	1	Hand	Palm	Palm	1	B	0
[sculpture;E_03_045,stamp_1;G_02_098]	t	nan	nan	nan	nan	Open	nan	AsymmetricalDifferentHandshape	BackAndForth	1	Hand	Palm	HandAway	1	B	0
[sculpture;E_03_045,stamp_1;G_02_098]	t	nan	nan	nan	nan	Open	nan	AsymmetricalDifferentHandshape	Curved	0	Hand	Palm	HandAway	1	B	0
[sculpture;E_03_045,commute;H_02_044]	t	nan	nan	nan	nan	Open	nan	AsymmetricalDifferentHandshape	Straight	1	Hand	Palm	HandAway	1	B	0
[sculpture;E_03_045,commute;H_02_044]	t	nan	nan	nan	nan	Open	nan	AsymmetricalDifferentHandshape	Curved	1	Hand	PalmBack	HandAway	1	B	0
[orange_throat;F_02_039,white;E_03_046]	imrp	Flat	1.0	1.0	1.0	Open	1.0	OneHanded	Straight	1	Body	Neck	BodyAway	0	nan	0
[handsome_2;G_01_098,lipread;E_03_047]	im	Flat	0.0	1.0	0.0	Closed	0.0	OneHanded	Straight	1	Head	HeadAway	HeadAway	0	nan	0
[hawaii;J_03_054,handsome_2;G_01_098,lipread;E_03_047]	im	FullyOpen	0.0	0.0	0.0	Closed	0.0	OneHanded	Straight	1	Head	HeadAway	HeadAway	0	nan	0
[answer;E_03_065,goal;E_03_048]	i	FullyOpen	0.0	nan	nan	Closed	0.0	SymmetricalOrAlternating	Straight	0	Head	Mouth	HeadAway	1	1	0
[answer;E_03_065,goal;E_03_048]	i	FullyOpen	0.0	nan	nan	Closed	0.0	SymmetricalOrAlternating	Straight	0	Head	Forehead	HeadAway	0	1	0
[goal;E_03_048,intelligent;H_02_080]	i	FullyOpen	0.0	nan	nan	Closed	0.0	OneHanded	Straight	0	Head	Forehead	HeadAway	1	1	0
[goal;E_03_048,intelligent;H_02_080]	i	FullyOpen	0.0	nan	nan	Closed	0.0	SymmetricalOrAlternating	Straight	0	Head	Forehead	HeadAway	1	nan	0
[dont_know;E_03_049,bed_2;K_03_004]	imrp	FullyOpen	0.0	0.0	0.0	Open	0.0	SymmetricalOrAlternating	Straight	0	Head	Forehead	nan	1	open_b	0
[castle_4;K_03_110,swim;E_03_053,fair;G_01_080]	imrp	Flat	0.0	0.0	0.0	Open	0.0	SymmetricalOrAlternating	Curved	1	Neutral	Neutral	Neutral	1	flat_b	0
[pack;H_02_060,swim;E_03_053]	imrp	Flat	0.0	0.0	0.0	Open	1.0	SymmetricalOrAlternating	Curved	1	Neutral	Neutral	Neutral	0	flat_b	0
[pack;H_02_060,swim;E_03_053]	imrp	Flat	0.0	0.0	0.0	Open	0.0	SymmetricalOrAlternating	Curved	1	Neutral	Neutral	Neutral	0	flat_o	0
[bury;K_01_081,file_3;K_01_038,swim;E_03_053]	imrp	Flat	1.0	0.0	0.0	Open	0.0	SymmetricalOrAlternating	Curved	1	Neutral	Neutral	Neutral	0	flat_b	0
[rush;E_03_054,wade;H_01_036]	im	FullyOpen	0.0	1.0	0.0	Closed	0.0	SymmetricalOrAlternating	Circular	1	Neutral	Neutral	Neutral	0	h	0
[rush;E_03_054,wade;H_01_036]	im	FullyOpen	0.0	0.0	0.0	Closed	0.0	SymmetricalOrAlternating	Circular	1	Neutral	Neutral	Neutral	0	v	0
[rush;E_03_054,short_word;J_02_087]	im	FullyOpen	0.0	0.0	0.0	Closed	0.0	SymmetricalOrAlternating	Circular	0	Neutral	Neutral	Neutral	0	h	0
[sticky;F_02_089,connection;E_03_060]	m	Flat	1.0	nan	nan	Open	1.0	SymmetricalOrAlternating	nan	1	Neutral	Neutral	nan	1	8	0
[sticky;F_02_089,connection;E_03_060]	m	Flat	0.0	nan	nan	Open	1.0	SymmetricalOrAlternating	nan	1	Neutral	Neutral	nan	0	8	0
[gate;E_03_064,cross_2;H_01_007,than;F_02_002]	imrp	FullyOpen	0.0	0.0	0.0	Closed	0.0	AsymmetricalSameHandshape	Curved	0	Hand	FingerBack	HandAway	1	closed_b	0
[gate;E_03_064,major;J_01_057]	imrp	FullyOpen	0.0	0.0	0.0	Closed	0.0	AsymmetricalSameHandshape	Straight	1	Hand	FingerBack	HandAway	1	closed_b	0
[gate;E_03_064,minimum;J_03_077]	imrp	FullyOpen	0.0	0.0	0.0	Open	0.0	AsymmetricalSameHandshape	Curved	1	Hand	FingerBack	HandAway	1	closed_b	0
[gate;E_03_064,minimum;J_03_077]	imrp	FullyOpen	0.0	0.0	0.0	Closed	0.0	AsymmetricalSameHandshape	Curved	1	Hand	FingerBack	HandAway	1	open_b	0
[answer;E_03_065,famous;E_03_085]	i	FullyOpen	0.0	nan	nan	Closed	0.0	SymmetricalOrAlternating	Straight	0	Head	Chin	HeadAway	0	1	0
[answer;E_03_065,famous;E_03_085]	i	FullyOpen	0.0	nan	nan	Closed	0.0	SymmetricalOrAlternating	Straight	0	Head	Mouth	HeadAway	1	1	0
[lights_on;E_03_066,land;G_02_066]	imrp	Flat	1.0	0.0	1.0	Open	1.0	SymmetricalOrAlternating	Curved	0	Neutral	Neutral	Neutral	0	flat_o	0
[lights_on;E_03_066,land;G_02_066]	imrp	Flat	1.0	0.0	1.0	Open	1.0	SymmetricalOrAlternating	nan	0	Neutral	Neutral	Neutral	0	flat_o	1
[lights_on;E_03_066,fade;J_02_053]	imrp	Flat	1.0	0.0	0.0	Open	1.0	SymmetricalOrAlternating	nan	0	Neutral	Neutral	Neutral	0	flat_o	0
[lights_on;E_03_066,fade;J_02_053]	imrp	Flat	1.0	0.0	1.0	Open	1.0	SymmetricalOrAlternating	Straight	0	Neutral	Neutral	Neutral	0	flat_o	0
[red_faced;F_03_030,true_business;E_03_068]	i	FullyOpen	0.0	nan	nan	Closed	0.0	OneHanded	Straight	0	Head	Mouth	HeadAway	1	nan	0
[red_faced;F_03_030,true_business;E_03_068]	i	FullyOpen	0.0	nan	nan	Closed	0.0	OneHanded	nan	0	Head	Chin	HeadAway	1	nan	0
[true_business;E_03_068,spot_something;G_01_002]	i	FullyOpen	0.0	nan	nan	Closed	0.0	OneHanded	nan	0	Head	Eye	HeadAway	1	nan	0
[true_business;E_03_068,spot_something;G_01_002]	i	FullyOpen	0.0	nan	nan	Closed	0.0	OneHanded	nan	0	Head	Mouth	nan	1	nan	0
[miss;G_02_049,true_business;E_03_068]	i	FullyOpen	0.0	nan	nan	Closed	0.0	OneHanded	nan	0	Head	Chin	HeadAway	1	nan	0
[miss;G_02_049,true_business;E_03_068]	i	FullyOpen	0.0	nan	nan	Closed	0.0	OneHanded	nan	0	Head	Mouth	nan	1	nan	0
[fake;G_03_080,true_business;E_03_068]	i	FullyOpen	0.0	nan	nan	Closed	0.0	OneHanded	Curved	0	Head	Mouth	HeadAway	1	nan	0
[fake;G_03_080,true_business;E_03_068]	i	FullyOpen	0.0	nan	nan	Closed	0.0	OneHanded	nan	0	Head	CheekNose	HeadAway	1	nan	0
[intelligent;H_02_080,true_business;E_03_068]	i	FullyOpen	0.0	nan	nan	Closed	0.0	OneHanded	Straight	0	Head	Mouth	HeadAway	1	nan	0
[intelligent;H_02_080,true_business;E_03_068]	i	FullyOpen	0.0	nan	nan	Closed	0.0	OneHanded	nan	0	Head	Forehead	HeadAway	1	nan	0
[chew_2;J_02_027,outside;E_03_071,take;G_01_093,recite;J_02_078]	imrp	Curved	1.0	1.0	1.0	Open	1.0	OneHanded	Straight	1	Neutral	Neutral	Neutral	0	nan	0
[chew_2;J_02_027,outside;E_03_071]	imrp	Flat	1.0	1.0	1.0	Open	1.0	OneHanded	Circular	1	Neutral	Neutral	Neutral	0	nan	0
[outside;E_03_071,recite;J_02_078]	imrp	Flat	1.0	0.0	1.0	Open	1.0	OneHanded	Straight	1	Neutral	Neutral	Neutral	0	nan	0
[elevator;G_03_036,evidence;G_03_103,elevator;E_03_072]	imrp	Bent	0.0	0.0	0.0	Closed	1.0	AsymmetricalDifferentHandshape	Straight	1	Hand	Palm	HandAway	1	B	0
[elevator;G_03_036,elevator;E_03_072]	imrp	Bent	0.0	0.0	0.0	Closed	1.0	AsymmetricalDifferentHandshape	Straight	1	Hand	PalmBack	FingerFront	1	B	0
[evidence;G_03_103,elevator;E_03_072]	imrp	Bent	0.0	0.0	0.0	Closed	1.0	AsymmetricalDifferentHandshape	Straight	1	Hand	PalmBack	nan	1	B	0
[humor;H_03_063,hamster;E_03_073]	im	Flat	0.0	0.0	0.0	Closed	0.0	OneHanded	Straight	1	Head	CheekNose	nan	1	nan	0
[word;E_03_075,grade;F_02_076]	i	Flat	0.0	nan	nan	Open	0.0	AsymmetricalDifferentHandshape	Straight	1	Hand	Palm	nan	1	1	0
[word;E_03_075,grade;F_02_076]	i	Flat	0.0	nan	nan	Open	0.0	AsymmetricalDifferentHandshape	Straight	1	Hand	FingerFront	nan	1	B	0
[top;H_01_065,next;E_03_080]	imrp	FullyOpen	0.0	0.0	0.0	Open	0.0	AsymmetricalSameHandshape	Curved	0	Hand	FingerTip	nan	1	open_b	0
[time_progress;H_02_061,next;E_03_080]	imrp	FullyOpen	0.0	0.0	0.0	Open	0.0	AsymmetricalSameHandshape	Curved	0	Hand	FingerTip	FingerFront	1	open_b	0
[take_off;H_03_050,next;E_03_080]	imrp	FullyOpen	1.0	0.0	0.0	Open	0.0	AsymmetricalSameHandshape	Curved	0	Hand	FingerTip	HandAway	1	open_b	0
[easel;F_01_044,discuss;E_03_081]	p	FullyOpen	0.0	nan	nan	Closed	0.0	AsymmetricalDifferentHandshape	Straight	1	Hand	Palm	nan	1	B	0
[easel;F_01_044,discuss;E_03_081]	i	FullyOpen	0.0	nan	nan	Closed	0.0	AsymmetricalDifferentHandshape	Straight	1	Hand	Palm	Palm	1	B	0
[discuss;E_03_081,grade;F_02_076]	i	Flat	0.0	nan	nan	Closed	0.0	AsymmetricalDifferentHandshape	Straight	1	Hand	Palm	nan	1	B	0
[discuss;E_03_081,grade;F_02_076]	i	FullyOpen	0.0	nan	nan	Open	0.0	AsymmetricalDifferentHandshape	Straight	1	Hand	Palm	nan	1	B	0
[flipflops;F_03_077,discuss;E_03_081]	i	FullyOpen	0.0	nan	nan	Closed	0.0	AsymmetricalDifferentHandshape	Straight	1	Hand	Other	nan	1	B	0
[flipflops;F_03_077,discuss;E_03_081]	i	FullyOpen	0.0	nan	nan	Closed	0.0	AsymmetricalDifferentHandshape	Straight	1	Hand	Palm	nan	1	5	0
[discuss;E_03_081,press;H_03_006]	i	Flat	0.0	nan	nan	Closed	0.0	AsymmetricalDifferentHandshape	Straight	1	Hand	Palm	nan	1	B	0
[discuss;E_03_081,press;H_03_006]	i	FullyOpen	0.0	nan	nan	Closed	0.0	AsymmetricalDifferentHandshape	Straight	0	Hand	Palm	nan	1	B	0
[due;H_03_011,discuss;E_03_081]	i	FullyOpen	0.0	nan	nan	Closed	0.0	AsymmetricalDifferentHandshape	Straight	0	Hand	Palm	nan	1	B	0
[due;H_03_011,discuss;E_03_081]	i	FullyOpen	0.0	nan	nan	Closed	0.0	AsymmetricalDifferentHandshape	Straight	1	Hand	Heel	nan	1	B	0
[identity;H_03_071,discuss;E_03_081]	p	FullyOpen	0.0	nan	nan	Closed	0.0	AsymmetricalDifferentHandshape	Straight	1	Hand	Palm	nan	1	B	0
[identity;H_03_071,discuss;E_03_081]	i	FullyOpen	0.0	nan	nan	Closed	0.0	AsymmetricalDifferentHandshape	Straight	0	Hand	Palm	nan	1	B	0
[cancer;G_03_056,catapult;E_03_083]	imrp	Curved	nan	0.0	0.0	Open	0.0	OneHanded	Curved	0	Neutral	Neutral	Neutral	0	nan	0
[goody_goody_shoe_opposite;J_01_072,catapult;E_03_083]	imp	Curved	0.0	0.0	0.0	Open	0.0	OneHanded	Curved	0	Neutral	Neutral	Neutral	0	nan	0
[christmas;J_03_061,catapult;E_03_083]	imrp	Curved	0.0	0.0	0.0	Open	0.0	OneHanded	Curved	0	Neutral	Neutral	nan	0	nan	0
[red_faced;F_03_030,famous;E_03_085]	i	FullyOpen	0.0	nan	nan	Closed	0.0	OneHanded	Straight	0	Head	Chin	HeadAway	1	1	0
[red_faced;F_03_030,famous;E_03_085]	i	FullyOpen	0.0	nan	nan	Closed	0.0	SymmetricalOrAlternating	Straight	0	Head	Chin	HeadAway	1	nan	0
[to;E_03_086,thunder;F_03_015]	i	FullyOpen	0.0	nan	nan	Closed	0.0	AsymmetricalSameHandshape	Z-shaped	0	Hand	FingerTip	nan	1	1	0
[to;E_03_086,thunder;F_03_015]	i	FullyOpen	0.0	nan	nan	Closed	0.0	AsymmetricalSameHandshape	Straight	0	Hand	FingerTip	HandAway	1	1	0
[specialist;H_01_038,to;E_03_086]	i	FullyOpen	0.0	nan	nan	Closed	0.0	AsymmetricalSameHandshape	Straight	0	Hand	FingerRadial	nan	1	1	0
[specialist;H_01_038,to;E_03_086]	i	FullyOpen	0.0	nan	nan	Closed	0.0	AsymmetricalSameHandshape	Straight	0	Hand	FingerTip	HandAway	1	1	0
[to;E_03_086,until;H_02_018]	i	FullyOpen	0.0	nan	nan	Closed	0.0	AsymmetricalSameHandshape	Straight	0	Hand	HandAway	nan	1	1	0
[to;E_03_086,until;H_02_018]	i	FullyOpen	0.0	nan	nan	Closed	0.0	AsymmetricalSameHandshape	Straight	0	Hand	FingerTip	FingerFront	1	1	0
[to;E_03_086,positive;J_02_050]	i	FullyOpen	0.0	nan	nan	Closed	0.0	AsymmetricalSameHandshape	Straight	1	Hand	FingerTip	nan	1	1	0
[to;E_03_086,positive;J_02_050]	i	FullyOpen	0.0	nan	nan	Closed	0.0	AsymmetricalSameHandshape	Straight	0	Hand	FingerRadial	nan	1	1	0
[to;E_03_086,tail_2;K_01_089]	i	FullyOpen	0.0	nan	nan	Closed	0.0	AsymmetricalSameHandshape	nan	0	Hand	FingerTip	nan	1	1	0
[to;E_03_086,tail_2;K_01_089]	i	FullyOpen	0.0	nan	nan	Closed	0.0	AsymmetricalSameHandshape	Straight	1	Hand	FingerTip	nan	1	1	0
[breakfast;F_01_073,kiss_2;E_03_088]	imrp	Curved	0.0	0.0	0.0	Open	1.0	OneHanded	nan	0	Head	Mouth	nan	1	nan	0
[breakfast;F_01_073,kiss_2;E_03_088]	imrp	Flat	0.0	0.0	0.0	Open	1.0	OneHanded	Straight	0	Head	Mouth	nan	1	nan	0
[kiss_2;E_03_088,blow_candle_1;K_01_070]	imrp	Flat	0.0	0.0	0.0	Open	1.0	AsymmetricalDifferentHandshape	nan	0	Head	Mouth	nan	1	nan	0
[kiss_2;E_03_088,blow_candle_1;K_01_070]	imrp	Flat	0.0	0.0	0.0	Open	1.0	OneHanded	nan	0	Head	Mouth	nan	1	1	0
[kiss_2;E_03_088,duck_2;K_02_068]	imrp	Flat	1.0	0.0	0.0	Open	1.0	OneHanded	nan	0	Head	Mouth	nan	1	nan	0
[kiss_2;E_03_088,duck_2;K_02_068]	imrp	Flat	0.0	0.0	0.0	Open	1.0	OneHanded	nan	1	Head	Mouth	nan	1	nan	0
[bark_3;K_02_096,hold_accountable;E_03_093]	imrp	Curved	1.0	1.0	1.0	Open	1.0	OneHanded	Straight	1	Head	HeadAway	HeadAway	1	nan	0
[slave;E_03_094,support_2;F_03_066]	imrp	FullyClosed	0.0	nan	0.0	Closed	1.0	SymmetricalOrAlternating	Straight	1	Neutral	Neutral	Neutral	1	s	0
[slave;E_03_094,support_2;F_03_066]	imrp	FullyClosed	0.0	nan	0.0	Closed	1.0	SymmetricalOrAlternating	Curved	0	Neutral	Neutral	Neutral	1	s	0
[slave;E_03_094,structure;H_01_035]	imrp	FullyClosed	0.0	nan	0.0	Closed	1.0	SymmetricalOrAlternating	Other	1	Neutral	Neutral	Neutral	1	s	0
[slave;E_03_094,structure;H_01_035]	imrp	FullyClosed	0.0	nan	0.0	Closed	1.0	SymmetricalOrAlternating	Curved	0	Neutral	Neutral	Neutral	1	s	0
[slave;E_03_094,system;H_01_061]	imrp	FullyClosed	0.0	nan	0.0	Closed	1.0	SymmetricalOrAlternating	BackAndForth	1	Neutral	Neutral	Neutral	1	s	0
[slave;E_03_094,system;H_01_061]	imrp	FullyClosed	0.0	nan	0.0	Closed	1.0	SymmetricalOrAlternating	Curved	0	Neutral	Neutral	Neutral	1	s	0
[ski-ca;K_03_033,slave;E_03_094]	imrp	FullyClosed	0.0	nan	nan	Closed	1.0	SymmetricalOrAlternating	Curved	1	Neutral	Neutral	Neutral	1	s	0
[ski-ca;K_03_033,slave;E_03_094]	imrp	FullyClosed	0.0	nan	0.0	Closed	1.0	SymmetricalOrAlternating	Curved	1	Neutral	Neutral	Neutral	0	s	0
[heart_touch;E_03_097,tend_your;G_03_032]	m	Flat	0.0	nan	nan	Open	0.0	OneHanded	Straight	0	Body	TorsoTop	nan	1	nan	0
[heart_touch;E_03_097,tend_your;G_03_032]	m	Flat	0.0	nan	nan	Open	0.0	OneHanded	nan	0	Body	Clavicle	nan	1	nan	0
[heart_touch;E_03_097,heartbody;H_02_063]	m	Flat	0.0	nan	nan	Open	0.0	OneHanded	Straight	0	Body	TorsoTop	nan	1	nan	0
[heart_touch;E_03_097,heartbody;H_02_063]	m	Flat	0.0	nan	nan	Open	0.0	OneHanded	nan	1	Body	TorsoTop	nan	1	nan	0
[red_faced;F_03_030,deaf;E_03_098]	i	FullyOpen	0.0	nan	nan	Closed	0.0	OneHanded	Straight	0	Head	Chin	nan	1	nan	0
[red_faced;F_03_030,deaf;E_03_098]	i	FullyOpen	0.0	nan	nan	Closed	0.0	OneHanded	Straight	0	Head	Other	HeadAway	1	nan	0
[deaf;E_03_098,spot_something;G_01_002]	i	FullyOpen	0.0	nan	nan	Closed	0.0	OneHanded	nan	0	Head	Other	nan	1	nan	0
[deaf;E_03_098,spot_something;G_01_002]	i	FullyOpen	0.0	nan	nan	Closed	0.0	OneHanded	Straight	0	Head	Eye	nan	1	nan	0
[deaf;E_03_098,miss;G_02_049]	i	FullyOpen	0.0	nan	nan	Closed	0.0	OneHanded	nan	0	Head	Other	nan	1	nan	0
[deaf;E_03_098,miss;G_02_049]	i	FullyOpen	0.0	nan	nan	Closed	0.0	OneHanded	Straight	0	Head	Chin	nan	1	nan	0
[deaf;E_03_098,nose;G_03_075]	i	FullyOpen	0.0	nan	nan	Closed	0.0	OneHanded	Straight	1	Head	Other	nan	1	nan	0
[deaf;E_03_098,nose;G_03_075]	i	FullyOpen	0.0	nan	nan	Closed	0.0	OneHanded	Straight	0	Head	CheekNose	nan	1	nan	0
[deaf;E_03_098,deaf_school;H_01_022]	i	FullyOpen	0.0	nan	nan	Closed	0.0	OneHanded	nan	0	Head	Other	nan	1	nan	0
[deaf;E_03_098,deaf_school;H_01_022]	i	FullyOpen	0.0	nan	nan	Closed	0.0	OneHanded	Straight	0	Head	Other	nan	0	nan	0
[deaf;E_03_098,addict;H_02_073]	i	Bent	0.0	nan	nan	Closed	0.0	OneHanded	Straight	0	Head	Other	nan	1	nan	0
[deaf;E_03_098,addict;H_02_073]	i	FullyOpen	0.0	nan	nan	Closed	0.0	OneHanded	Straight	0	Head	Mouth	nan	1	nan	0
[deaf;E_03_098,intelligent;H_02_080]	i	FullyOpen	0.0	nan	nan	Closed	0.0	OneHanded	Straight	0	Head	Forehead	nan	1	nan	0
[deaf;E_03_098,intelligent;H_02_080]	i	FullyOpen	0.0	nan	nan	Closed	0.0	OneHanded	Straight	0	Head	Other	HeadAway	1	nan	0
[deaf;E_03_098,foul;J_01_049]	i	FullyOpen	0.0	nan	nan	Closed	0.0	OneHanded	Straight	1	Head	Other	nan	1	nan	0
[deaf;E_03_098,foul;J_01_049]	i	FullyOpen	0.0	nan	nan	Closed	0.0	OneHanded	Straight	0	Head	Other	HeadAway	1	nan	0
[deaf;E_03_098,iphone;K_01_021]	p	FullyOpen	0.0	nan	nan	Closed	0.0	OneHanded	Straight	0	Head	Other	nan	1	nan	0
[deaf;E_03_098,iphone;K_01_021]	i	FullyOpen	0.0	nan	nan	Closed	0.0	OneHanded	Straight	1	Head	Other	nan	1	nan	0
[bother;H_01_040,edge;E_03_099]	imrp	FullyOpen	0.0	0.0	0.0	Open	0.0	AsymmetricalSameHandshape	Straight	1	Hand	FingerTip	nan	0	open_b	0
[junior;J_03_082,edge;E_03_099]	imrp	FullyOpen	0.0	1.0	0.0	Open	0.0	AsymmetricalSameHandshape	Straight	1	Hand	FingerTip	nan	1	open_b	0
[junior;J_03_082,edge;E_03_099]	imrp	FullyOpen	0.0	0.0	0.0	Open	0.0	AsymmetricalSameHandshape	Straight	1	Hand	FingerTip	nan	1	5	0
[sword;E_03_101,knight;H_01_054]	i	Bent	0.0	nan	nan	Open	1.0	OneHanded	Curved	0	Neutral	Neutral	Neutral	0	nan	1
[sword;E_03_101,knight;H_01_054]	i	Bent	0.0	nan	nan	Open	1.0	OneHanded	Z-shaped	0	Neutral	Neutral	Neutral	0	nan	0
[sword;E_03_101,conduct_2;K_02_091]	i	Bent	0.0	nan	nan	Open	1.0	OneHanded	Curved	0	Neutral	Neutral	Neutral	0	nan	1
[sword;E_03_101,conduct_2;K_02_091]	i	Bent	0.0	nan	nan	Open	1.0	OneHanded	Z-shaped	1	Neutral	Neutral	Neutral	0	nan	1
[pay_off_bills;F_03_036,calculator;E_03_103]	m	Flat	0.0	nan	nan	Open	0.0	AsymmetricalDifferentHandshape	Straight	0	Hand	Palm	Palm	1	B	0
[pay_off_bills;F_03_036,calculator;E_03_103]	m	Flat	0.0	nan	nan	Open	0.0	AsymmetricalDifferentHandshape	Circular	0	Hand	Palm	HandAway	1	B	0
[calculator;E_03_103,middle;H_01_039]	m	Flat	0.0	nan	nan	Open	0.0	AsymmetricalDifferentHandshape	Circular	0	Hand	HandAway	Palm	1	B	0
[calculator;E_03_103,middle;H_01_039]	m	Flat	0.0	nan	nan	Open	0.0	AsymmetricalDifferentHandshape	Circular	0	Hand	Palm	Palm	1	B	1
[damn;F_01_098,wow;F_01_002]	m	Curved	0.0	nan	nan	Open	1.0	OneHanded	Straight	0	Neutral	Neutral	nan	0	nan	0
[damn;F_01_098,wow;F_01_002]	m	Curved	1.0	nan	nan	Open	1.0	OneHanded	Straight	0	Neutral	Neutral	Neutral	0	nan	0
[seven;F_03_087,wow;F_01_002]	r	Curved	1.0	nan	nan	Open	1.0	OneHanded	Straight	0	Neutral	Neutral	nan	0	nan	0
[seven;F_03_087,wow;F_01_002]	m	Curved	0.0	nan	nan	Open	1.0	OneHanded	Straight	0	Neutral	Neutral	nan	0	nan	0
[six;G_03_034,wow;F_01_002]	p	Curved	1.0	nan	nan	Open	1.0	OneHanded	Straight	0	Neutral	Neutral	nan	0	nan	0
[six;G_03_034,wow;F_01_002]	m	Curved	0.0	nan	nan	Open	1.0	OneHanded	Straight	0	Neutral	Neutral	nan	0	nan	0
[waterdrop;H_01_019,wow;F_01_002]	i	Curved	1.0	nan	nan	Open	1.0	OneHanded	Straight	0	Neutral	Neutral	nan	0	nan	0
[waterdrop;H_01_019,wow;F_01_002]	m	FullyClosed	1.0	nan	nan	Open	1.0	OneHanded	Straight	0	Neutral	Neutral	nan	0	nan	0
[maple;H_03_064,wow;F_01_002]	m	Curved	1.0	nan	nan	Open	1.0	OneHanded	nan	0	Neutral	Neutral	nan	0	nan	0
[maple;H_03_064,wow;F_01_002]	m	Curved	1.0	nan	nan	Open	1.0	OneHanded	Straight	1	Neutral	Neutral	nan	0	nan	0
[scar_memory;F_03_089,handsome_1;F_01_003]	i	Bent	0.0	nan	nan	Closed	0.0	OneHanded	Circular	0	Head	HeadAway	HeadAway	0	nan	0
[scar_memory;F_03_089,handsome_1;F_01_003]	i	FullyOpen	0.0	nan	nan	Closed	0.0	OneHanded	Straight	0	Head	HeadAway	HeadAway	0	nan	0
[look_like;G_03_029,handsome_1;F_01_003]	ip	FullyOpen	0.0	nan	nan	Closed	0.0	OneHanded	Circular	0	Head	HeadAway	HeadAway	0	nan	0
[look_like;G_03_029,handsome_1;F_01_003]	i	FullyOpen	0.0	nan	nan	Open	0.0	OneHanded	Circular	0	Head	HeadAway	HeadAway	0	nan	0
[arrest_2;K_01_023,cape;F_01_004]	imrp	FullyOpen	0.0	1.0	0.0	Open	0.0	SymmetricalOrAlternating	Straight	0	Body	BodyAway	BodyAway	1	5	0
[arrest_2;K_01_023,cape;F_01_004]	imrp	FullyOpen	0.0	1.0	0.0	Open	0.0	SymmetricalOrAlternating	Straight	0	Body	Shoulder	BodyAway	0	5	0
[muscle;G_01_095,intuitive;F_01_006]	imrp	Flat	0.0	0.0	0.0	Open	0.0	OneHanded	Straight	1	Arm	Waist	nan	1	nan	0
[dog_2;K_01_055,intuitive;F_01_006,baby_2;K_01_042]	imrp	FullyOpen	0.0	0.0	0.0	Open	0.0	OneHanded	Straight	1	Body	Waist	nan	1	nan	0
[policeman_2;K_03_104,intuitive;F_01_006]	imrp	Curved	0.0	0.0	0.0	Open	0.0	OneHanded	Straight	1	Body	Waist	nan	1	nan	0
[welcome;J_02_054,switzerland;F_01_009]	imrp	Curved	0.0	0.0	0.0	Open	0.0	OneHanded	Curved	0	Body	TorsoTop	TorsoBottom	1	nan	1
[welcome;J_02_054,switzerland;F_01_009]	imrp	Curved	0.0	0.0	0.0	Open	0.0	OneHanded	Straight	0	Body	BodyAway	TorsoBottom	1	nan	1
[red_faced;F_03_030,suck;F_01_012]	i	FullyOpen	0.0	nan	nan	Closed	0.0	OneHanded	Straight	0	Head	Chin	HeadAway	0	nan	0
[red_faced;F_03_030,suck;F_01_012]	i	FullyOpen	0.0	nan	nan	Closed	0.0	OneHanded	Straight	0	Head	HeadAway	HeadAway	1	nan	0
[suck;F_01_012,wise;G_02_023]	i	Bent	0.0	nan	nan	Closed	0.0	OneHanded	Straight	0	Head	HeadAway	HeadAway	0	nan	0
[suck;F_01_012,wise;G_02_023]	i	FullyOpen	0.0	nan	nan	Closed	0.0	OneHanded	Straight	1	Head	HeadAway	HeadAway	0	nan	0
[suck;F_01_012,watch;G_02_078]	i	Bent	0.0	nan	nan	Closed	0.0	OneHanded	Straight	0	Head	HeadAway	HeadAway	0	nan	0
[suck;F_01_012,watch;G_02_078]	i	FullyOpen	0.0	nan	nan	Open	0.0	OneHanded	Straight	0	Head	HeadAway	HeadAway	0	nan	0
[suck;F_01_012,intelligent;H_02_080]	i	FullyOpen	0.0	nan	nan	Closed	0.0	OneHanded	Straight	0	Head	Forehead	HeadAway	0	nan	0
[suck;F_01_012,intelligent;H_02_080]	i	FullyOpen	0.0	nan	nan	Closed	0.0	OneHanded	Straight	0	Head	HeadAway	HeadAway	1	nan	0
[axe;F_01_013,muscle;G_01_095]	imrp	Flat	0.0	0.0	0.0	Open	0.0	OneHanded	Straight	1	Arm	ForearmUlnar	nan	1	nan	0
[axe;F_01_013,axe;G_03_066]	imrp	FullyOpen	0.0	0.0	0.0	Open	0.0	OneHanded	Curved	1	Arm	ForearmUlnar	nan	1	nan	0
[axe;F_01_013,axe;G_03_066]	imrp	FullyOpen	0.0	0.0	0.0	Open	0.0	OneHanded	Straight	0	Arm	ForearmUlnar	nan	1	nan	0
[axe;F_01_013,dog_2;K_01_055,baby_2;K_01_042]	imrp	FullyOpen	0.0	0.0	0.0	Open	0.0	OneHanded	Straight	1	Body	ForearmUlnar	nan	1	nan	0
[axe;F_01_013,cracker_2;K_03_093]	imrp	FullyOpen	0.0	1.0	0.0	Open	0.0	OneHanded	Straight	1	Arm	ForearmUlnar	nan	1	nan	0
[unique;F_01_015,special;J_02_020]	i	Flat	0.0	nan	nan	Open	0.0	AsymmetricalDifferentHandshape	Straight	0	Hand	FingerTip	nan	1	1	0
[unique;F_01_015,special;J_02_020]	i	Flat	1.0	nan	nan	Open	0.0	SymmetryViolation	Straight	0	Hand	FingerTip	nan	1	1	0
[mosquito;H_03_053,peas_1;F_01_017]	i	Curved	0.0	nan	nan	Open	1.0	AsymmetricalDifferentHandshape	Straight	0	Hand	PalmBack	nan	1	1	0
[mosquito;H_03_053,peas_1;F_01_017]	i	Curved	0.0	nan	nan	Open	1.0	AsymmetricalDifferentHandshape	Straight	0	Hand	FingerTip	nan	1	B	0
[planet;F_01_019,space;H_03_093]	m	Flat	0.0	nan	nan	Open	0.0	AsymmetricalDifferentHandshape	Curved	1	Hand	PalmBack	HandAway	1	C	1
[planet;F_01_019,space;H_03_093]	m	Flat	0.0	nan	nan	Open	0.0	AsymmetricalDifferentHandshape	Curved	1	Hand	PalmBack	nan	1	C	0
[take_off;F_01_020,plummet;G_03_028]	i	FullyOpen	0.0	nan	nan	Open	0.0	AsymmetricalDifferentHandshape	Curved	0	Hand	Palm	HandAway	1	B	0
[take_off;F_01_020,plummet;G_03_028]	ip	FullyOpen	0.0	nan	nan	Closed	0.0	AsymmetricalDifferentHandshape	Curved	0	Hand	Palm	HandAway	1	B	0
[away;F_02_071,give;F_01_023,pour_2;K_01_094,knock_off;H_03_035]	imrp	Flat	0.0	0.0	0.0	Open	0.0	OneHanded	Curved	0	Neutral	Neutral	Neutral	0	nan	1
[give;F_01_023,knock_off;H_03_035]	imrp	FullyOpen	0.0	0.0	0.0	Open	1.0	OneHanded	Curved	0	Neutral	Neutral	Neutral	0	nan	1
[give;F_01_023,pour_2;K_01_094]	imrp	Curved	0.0	0.0	0.0	Open	1.0	OneHanded	Curved	0	Neutral	Neutral	Neutral	0	nan	1
[invest;F_03_045,rough;F_01_028]	im	Curved	0.0	1.0	0.0	Open	0.0	AsymmetricalDifferentHandshape	Curved	0	Hand	Palm	HandAway	1	B	0
[rough;F_01_028,stack;J_01_096]	imrp	Curved	0.0	1.0	0.0	Open	0.0	AsymmetricalDifferentHandshape	Curved	0	Hand	FingerBack	HandAway	1	B	0
[then;F_01_031,delinquent;F_02_003]	i	FullyOpen	0.0	nan	nan	Closed	0.0	AsymmetricalDifferentHandshape	Curved	0	Hand	FingerTip	HandAway	1	1	0
[then;F_01_031,delinquent;F_02_003]	i	FullyOpen	0.0	nan	nan	Closed	0.0	AsymmetricalDifferentHandshape	Curved	0	Hand	FingerTip	FingerTip	1	DominanceConditionViolation	0
[escalator;F_01_036,transfer;J_03_028]	im	Bent	0.0	1.0	0.0	Closed	0.0	OneHanded	Straight	0	Neutral	Neutral	Neutral	0	nan	1
[chaos;F_01_037,splash-ca;K_02_037]	imrp	FullyOpen	0.0	1.0	0.0	Open	0.0	SymmetricalOrAlternating	Curved	0	Neutral	Neutral	Neutral	0	curved_5	1
[chaos;F_01_037,splash-ca;K_02_037]	imrp	Curved	0.0	1.0	0.0	Open	0.0	SymmetricalOrAlternating	Curved	0	Neutral	Neutral	Neutral	0	5	1
[community;J_01_015,roof;F_01_039]	imrp	Flat	0.0	0.0	0.0	Open	0.0	SymmetricalOrAlternating	Straight	0	Neutral	Neutral	Neutral	1	flat_b	1
[every_night;J_02_058,roof;F_01_039]	imrp	Flat	0.0	0.0	0.0	Open	0.0	SymmetryViolation	Straight	0	Neutral	Neutral	Neutral	1	flat_b	0
[every_night;J_02_058,roof;F_01_039]	imrp	Flat	0.0	0.0	0.0	Open	0.0	SymmetricalOrAlternating	Straight	0	Neutral	Neutral	Neutral	1	B	0
[sandwich_4;K_01_015,roof;F_01_039]	imrp	FullyOpen	0.0	0.0	0.0	Open	0.0	SymmetricalOrAlternating	Straight	0	Neutral	Neutral	Neutral	1	flat_b	0
[sandwich_4;K_01_015,roof;F_01_039]	imrp	Flat	0.0	0.0	0.0	Open	0.0	SymmetricalOrAlternating	Straight	0	Neutral	Neutral	Neutral	1	open_b	0
[get_off;H_01_093,back_out;F_01_041]	im	Bent	0.0	0.0	0.0	Closed	0.0	AsymmetricalDifferentHandshape	Curved	0	Hand	FingerUlnar	HandAway	1	C	0
[stopwatch;F_01_067,knock;F_01_042]	t	nan	1.0	nan	nan	Open	nan	OneHanded	nan	1	Neutral	Neutral	Neutral	0	nan	0
[stopwatch;F_01_067,knock;F_01_042]	t	nan	nan	nan	nan	Open	nan	OneHanded	Straight	1	Neutral	Neutral	Neutral	0	nan	0
[knock;F_01_042,april;H_02_070]	t	nan	nan	nan	nan	Open	nan	OneHanded	Straight	1	Neutral	Neutral	Neutral	0	nan	0
[knock;F_01_042,april;H_02_070]	t	nan	nan	nan	nan	Open	nan	OneHanded	nan	0	Neutral	Neutral	Neutral	0	nan	0
[knock;F_01_042,athlete;J_03_068]	t	nan	nan	nan	nan	Open	nan	OneHanded	Straight	1	Neutral	Neutral	Neutral	0	nan	0
[knock;F_01_042,athlete;J_03_068]	t	nan	nan	nan	nan	Open	nan	OneHanded	nan	1	Neutral	Neutral	nan	0	nan	0
[erase_2;K_03_098,knock;F_01_042]	t	nan	nan	nan	nan	Open	nan	OneHanded	Other	1	Neutral	Neutral	Neutral	0	nan	0
[erase_2;K_03_098,knock;F_01_042]	t	nan	nan	nan	nan	Open	nan	OneHanded	nan	0	Neutral	Neutral	Neutral	0	nan	0
[identity;H_03_071,easel;F_01_044]	p	FullyOpen	0.0	nan	nan	Closed	0.0	AsymmetricalDifferentHandshape	Straight	0	Hand	Palm	Palm	1	B	0
[identity;H_03_071,easel;F_01_044]	p	FullyOpen	0.0	nan	nan	Closed	0.0	AsymmetricalDifferentHandshape	Straight	1	Hand	Palm	nan	1	B	0
[spit_out;F_02_030,take_pill;F_01_045]	i	Bent	1.0	nan	nan	Open	1.0	OneHanded	Straight	0	Head	Mouth	HeadAway	0	nan	0
[spit_out;F_02_030,take_pill;F_01_045]	i	Bent	1.0	nan	nan	Open	1.0	OneHanded	Straight	0	Head	HeadAway	HeadAway	1	nan	0
[watch;G_02_078,take_pill;F_01_045]	i	Bent	0.0	nan	nan	Open	1.0	OneHanded	Straight	0	Head	HeadAway	HeadAway	0	nan	0
[watch;G_02_078,take_pill;F_01_045]	i	Bent	1.0	nan	nan	Open	0.0	OneHanded	Straight	0	Head	HeadAway	HeadAway	0	nan	0
[take_pill;F_01_045,hairdryer_2;K_03_056]	i	Bent	0.0	nan	nan	Open	1.0	OneHanded	Straight	0	Head	HeadAway	HeadAway	0	nan	0
[take_pill;F_01_045,hairdryer_2;K_03_056]	i	Bent	1.0	nan	nan	Open	1.0	OneHanded	Z-shaped	0	Head	HeadAway	HeadAway	0	nan	0
[melt;F_01_050,lift;G_02_082]	imrp	FullyOpen	0.0	0.0	0.0	Open	1.0	SymmetricalOrAlternating	Curved	0	Neutral	Neutral	Neutral	0	open_b	0
[all_way;H_01_084,erase_5;K_03_095,your;F_01_052]	imrp	FullyOpen	0.0	1.0	0.0	Open	0.0	OneHanded	Other	0	Neutral	Neutral	Neutral	0	nan	0
[wash_hands;F_01_056,chop;F_02_099]	imrp	FullyOpen	0.0	0.0	0.0	Open	0.0	AsymmetricalSameHandshape	Other	1	Hand	FingerFront	Palm	1	open_b	0
[wash_hands;F_01_056,chop;F_02_099]	imrp	FullyOpen	0.0	0.0	0.0	Open	0.0	AsymmetricalSameHandshape	Circular	1	Hand	Palm	Palm	1	open_b	0
[wash_hands;F_01_056,operate_machine;G_02_026]	imrp	FullyOpen	0.0	0.0	0.0	Open	0.0	AsymmetricalSameHandshape	Circular	1	Hand	FingerFront	HandAway	1	open_b	0
[wash_hands;F_01_056,spread_3;K_01_083]	imrp	FullyOpen	0.0	0.0	0.0	Open	0.0	AsymmetricalSameHandshape	Z-shaped	1	Hand	FingerFront	Palm	1	open_b	0
[sneak_adventure;F_01_057,hand_soap;G_01_089]	i	FullyOpen	1.0	nan	nan	Closed	0.0	AsymmetricalDifferentHandshape	Z-shaped	0	Hand	HandAway	HandAway	0	B	0
[sneak_adventure;F_01_057,hand_soap;G_01_089]	i	FullyOpen	0.0	nan	nan	Closed	0.0	AsymmetricalDifferentHandshape	nan	0	Hand	HandAway	HandAway	0	B	0
[fork_3;K_03_003,predict;F_01_058]	im	FullyOpen	0.0	1.0	0.0	Closed	0.0	AsymmetricalDifferentHandshape	nan	0	Hand	Eye	nan	1	B	0
[fork_3;K_03_003,predict;F_01_058]	im	FullyOpen	0.0	1.0	0.0	Closed	0.0	AsymmetricalDifferentHandshape	nan	0	Head	Palm	nan	1	B	0
[better;F_01_062,thank_you;H_02_053]	imrp	FullyOpen	1.0	0.0	0.0	Open	0.0	OneHanded	Curved	0	Head	Mouth	HeadAway	1	nan	0
[better;F_01_062,oldest;H_03_024]	imrp	Curved	1.0	0.0	0.0	Open	0.0	OneHanded	Curved	0	Head	Chin	HeadAway	1	nan	0
[better;F_01_062,oldest;H_03_024]	imrp	FullyOpen	1.0	0.0	0.0	Open	1.0	OneHanded	Curved	0	Head	Chin	HeadAway	1	nan	0
[better;F_01_062,sweet;J_03_029]	imrp	FullyOpen	1.0	0.0	0.0	Open	0.0	OneHanded	nan	0	Head	Chin	HeadAway	1	nan	0
[better;F_01_062,sweet;J_03_029]	imrp	FullyOpen	1.0	0.0	0.0	Open	0.0	OneHanded	Curved	1	Head	Chin	HeadAway	1	nan	0
[clip;J_01_083,cut_2;F_01_065]	im	FullyOpen	0.0	1.0	1.0	Closed	0.0	AsymmetricalDifferentHandshape	Straight	0	Hand	FingerTip	HandAway	1	1	0
[clip;J_01_083,cut_2;F_01_065]	im	FullyOpen	0.0	1.0	1.0	Closed	0.0	AsymmetricalDifferentHandshape	Curved	0	Hand	FingerTip	HandAway	1	DominanceConditionViolation	0
[stopwatch;F_01_067,stapler;G_02_005]	t	nan	1.0	nan	nan	Open	nan	OneHanded	BackAndForth	1	Neutral	Neutral	Neutral	0	nan	0
[stopwatch;F_01_067,stapler;G_02_005]	t	nan	1.0	nan	nan	Open	nan	OneHanded	Straight	0	Neutral	Neutral	Neutral	0	nan	0
[stopwatch;F_01_067,april;H_02_070]	t	nan	nan	nan	nan	Open	nan	OneHanded	Straight	1	Neutral	Neutral	Neutral	0	nan	0
[stopwatch;F_01_067,april;H_02_070]	t	nan	1.0	nan	nan	Open	nan	OneHanded	Straight	0	Neutral	Neutral	Neutral	0	nan	0
[stopwatch;F_01_067,athlete;J_03_068]	t	nan	nan	nan	nan	Open	nan	OneHanded	Straight	1	Neutral	Neutral	Neutral	0	nan	0
[stopwatch;F_01_067,athlete;J_03_068]	t	nan	1.0	nan	nan	Open	nan	OneHanded	Straight	1	Neutral	Neutral	nan	0	nan	0
[suspend;H_01_016,edit;F_01_068]	i	Bent	0.0	nan	nan	Closed	0.0	SymmetricalOrAlternating	Straight	0	Neutral	Neutral	Neutral	1	bent_1	1
[suspend;H_01_016,edit;F_01_068]	i	Bent	0.0	nan	nan	Closed	0.0	SymmetricalOrAlternating	Straight	0	Neutral	Neutral	Neutral	0	bent_1	0
[stand_up;J_03_070,signature;F_01_069]	im	FullyOpen	0.0	1.0	0.0	Closed	0.0	AsymmetricalDifferentHandshape	Curved	0	Hand	Palm	nan	1	B	1
[dip_2;K_01_065,signature;F_01_069]	im	Flat	0.0	0.0	0.0	Closed	0.0	AsymmetricalDifferentHandshape	Curved	0	Hand	Palm	nan	1	B	1
[ready;F_03_042,donut;F_01_071]	im	Crossed	0.0	0.0	0.0	Closed	0.0	SymmetricalOrAlternating	Straight	0	Neutral	Neutral	Neutral	1	r	0
[ready;F_03_042,donut;F_01_071]	im	Crossed	0.0	0.0	0.0	Closed	0.0	SymmetricalOrAlternating	Curved	0	Neutral	Neutral	Neutral	0	r	0
[busted;G_01_022,audience;F_01_072]	imrp	FullyOpen	1.0	1.0	0.0	Open	0.0	SymmetricalOrAlternating	Curved	0	Neutral	Neutral	Neutral	1	5	0
[splash-ca;K_02_037,audience;F_01_072]	imrp	FullyOpen	1.0	1.0	0.0	Open	0.0	SymmetricalOrAlternating	Curved	0	Neutral	Neutral	Neutral	0	5	1
[breakfast;F_01_073,carrot_3;K_03_075,opinion_2;H_03_101]	imrp	Curved	0.0	0.0	0.0	Open	1.0	OneHanded	Straight	0	Head	Mouth	HeadAway	1	nan	0
[breakfast;F_01_073,carrot_3;K_03_075]	imrp	Curved	1.0	0.0	0.0	Open	1.0	OneHanded	Straight	0	Head	Mouth	nan	1	nan	0
[lick_2;F_02_090,lousy;F_01_074]	im	FullyOpen	0.0	0.0	0.0	Open	0.0	OneHanded	Curved	0	Head	CheekNose	HeadAway	1	nan	0
[lick_2;F_02_090,lousy;F_01_074]	im	FullyOpen	0.0	1.0	0.0	Open	0.0	OneHanded	Curved	0	Head	Palm	HeadAway	1	nan	0
[look_back;J_01_094,lousy;F_01_074]	im	FullyOpen	0.0	1.0	0.0	Closed	0.0	OneHanded	Curved	0	Head	CheekNose	HeadAway	1	nan	0
[look_back;J_01_094,lousy;F_01_074]	im	FullyOpen	0.0	1.0	0.0	Open	0.0	OneHanded	Curved	0	Head	Eye	HeadAway	1	nan	0
[lunch;F_01_076,unicorn;F_02_031]	i	FullyOpen	0.0	nan	nan	Closed	0.0	OneHanded	Straight	1	Head	Chin	nan	0	nan	0
[lunch;F_01_076,unicorn;F_02_031]	i	FullyOpen	0.0	nan	nan	Open	0.0	OneHanded	Straight	1	Head	HeadTop	nan	0	nan	0
[luck;H_03_009,lunch;F_01_076]	i	FullyOpen	0.0	nan	nan	Open	0.0	OneHanded	Straight	1	Head	Chin	HeadAway	0	nan	0
[luck;H_03_009,lunch;F_01_076]	i	FullyOpen	0.0	nan	nan	Open	0.0	OneHanded	Straight	1	Head	Chin	nan	1	nan	0
[access;H_02_086,braille;F_01_078]	imr	FullyOpen	0.0	0.0	0.0	Open	0.0	AsymmetricalDifferentHandshape	Straight	1	Hand	Palm	HandAway	1	B	0
[get_off;H_01_093,quit;F_01_079,join;G_03_039]	im	FullyOpen	0.0	0.0	0.0	Closed	0.0	AsymmetricalDifferentHandshape	Curved	0	Hand	FingerUlnar	HandAway	1	C	0
[quit;F_01_079,join;G_03_039]	im	FullyOpen	0.0	0.0	0.0	Closed	0.0	AsymmetricalDifferentHandshape	Curved	0	Hand	Palm	nan	1	C	0
[get_off;H_01_093,quit;F_01_079]	im	Curved	0.0	0.0	0.0	Closed	0.0	AsymmetricalDifferentHandshape	Curved	0	Hand	Palm	HandAway	1	C	0
[magnet_3;K_01_026,pay;F_01_082]	ip	FullyOpen	0.0	nan	nan	Closed	0.0	AsymmetricalDifferentHandshape	Curved	0	Hand	Palm	HandAway	1	B	1
[magnet_3;K_01_026,pay;F_01_082]	i	FullyOpen	0.0	nan	nan	Closed	0.0	AsymmetricalDifferentHandshape	Curved	0	Hand	Palm	nan	1	B	1
[fencing;F_01_083,tuesday;J_03_087]	i	Bent	0.0	nan	nan	Open	1.0	OneHanded	Circular	1	Neutral	Neutral	Neutral	0	nan	1
[fencing;F_01_083,tuesday;J_03_087]	i	Bent	0.0	nan	nan	Open	1.0	OneHanded	Z-shaped	1	Neutral	Neutral	Neutral	0	nan	0
[screwdriver_2;K_03_041,fencing;F_01_083]	i	Bent	0.0	nan	nan	Open	1.0	OneHanded	nan	1	Neutral	Neutral	Neutral	0	nan	1
[screwdriver_2;K_03_041,fencing;F_01_083]	i	Bent	0.0	nan	nan	Open	1.0	OneHanded	Z-shaped	1	Neutral	Neutral	nan	0	nan	1
[conduct_3;K_03_057,fencing;F_01_083]	i	Curved	0.0	nan	nan	Open	1.0	OneHanded	Z-shaped	1	Neutral	Neutral	Neutral	0	nan	1
[conduct_3;K_03_057,fencing;F_01_083]	i	Bent	0.0	nan	nan	Open	1.0	OneHanded	Curved	1	Neutral	Neutral	Neutral	0	nan	1
[mad;F_01_084,frown_1;F_02_057]	imrp	Curved	1.0	1.0	0.0	Open	0.0	OneHanded	Curved	0	Head	HeadAway	HeadAway	0	nan	0
[mad;F_01_084,frown_1;F_02_057]	imrp	FullyOpen	1.0	1.0	0.0	Open	0.0	OneHanded	Straight	0	Head	HeadAway	HeadAway	0	nan	0
[state;F_01_086,script;H_03_081]	imrp	FullyClosed	0.0	nan	0.0	Closed	1.0	AsymmetricalDifferentHandshape	Straight	0	Hand	FingerFront	Heel	0	B	0
[state;F_01_086,script;H_03_081]	imrp	FullyClosed	0.0	nan	0.0	Closed	1.0	AsymmetricalDifferentHandshape	Curved	0	Hand	FingerFront	Heel	1	B	0
[sideburns;F_01_087,cat_2;K_02_047]	i	Flat	1.0	nan	nan	Open	1.0	SymmetricalOrAlternating	Straight	1	Head	CheekNose	CheekNose	1	g	0
[sideburns;F_01_087,cat_2;K_02_047]	i	Flat	1.0	nan	nan	Open	1.0	SymmetricalOrAlternating	Straight	0	Head	CheekNose	HeadAway	1	g	0
[recent;H_03_090,skin;F_01_091]	i	Bent	0.0	nan	nan	Closed	0.0	OneHanded	nan	0	Head	CheekNose	nan	1	nan	0
[recent;H_03_090,skin;F_01_091]	i	Bent	0.0	nan	nan	Open	0.0	OneHanded	nan	1	Head	CheekNose	nan	1	nan	0
[whistle_3;K_03_055,skin;F_01_091]	i	Curved	0.0	nan	nan	Open	0.0	OneHanded	nan	0	Head	CheekNose	nan	1	nan	0
[whistle_3;K_03_055,skin;F_01_091]	i	Bent	0.0	nan	nan	Open	0.0	OneHanded	nan	0	Head	Mouth	nan	1	nan	0
[guillotine_2;F_01_093,self;H_01_015]	imrp	Flat	0.0	0.0	0.0	Open	0.0	OneHanded	Straight	0	Body	BodyAway	BodyAway	0	nan	1
[guillotine_2;F_01_093,self;H_01_015]	imrp	Flat	0.0	0.0	0.0	Open	0.0	OneHanded	Curved	0	Body	BodyAway	BodyAway	0	nan	0
[marionette;F_03_073,dessert;F_01_094]	m	Curved	0.0	nan	nan	Open	1.0	SymmetricalOrAlternating	Straight	1	Neutral	Neutral	Neutral	1	1	0
[marionette;F_03_073,dessert;F_01_094]	m	Curved	0.0	nan	nan	Open	1.0	SymmetricalOrAlternating	Straight	1	Neutral	Neutral	nan	0	1	0
[meditate;J_01_037,dessert;F_01_094]	m	Curved	0.0	nan	nan	Open	1.0	SymmetricalOrAlternating	Straight	0	Neutral	Neutral	nan	1	1	0
[meditate;J_01_037,dessert;F_01_094]	m	Curved	0.0	nan	nan	Open	1.0	SymmetricalOrAlternating	Straight	1	Neutral	Neutral	nan	0	1	0
[dessert;F_01_094,expert;J_03_099]	m	Curved	0.0	nan	nan	Open	1.0	SymmetricalOrAlternating	nan	1	Neutral	Neutral	nan	1	1	0
[dessert;F_01_094,expert;J_03_099]	m	Curved	0.0	nan	nan	Open	1.0	SymmetricalOrAlternating	Straight	1	Neutral	Neutral	nan	0	1	0
[sticky;F_02_089,glue_2;F_01_096]	m	Flat	1.0	nan	nan	Open	1.0	SymmetricalOrAlternating	nan	0	Neutral	Neutral	nan	0	8	0
[sticky;F_02_089,glue_2;F_01_096]	m	Flat	1.0	nan	nan	Open	1.0	SymmetricalOrAlternating	Straight	1	Neutral	Neutral	nan	0	8	0
[acquire;H_01_034,glue_2;F_01_096]	m	Flat	1.0	nan	nan	Open	1.0	SymmetricalOrAlternating	Straight	1	Neutral	Neutral	nan	0	8	0
[acquire;H_01_034,glue_2;F_01_096]	m	Flat	1.0	nan	nan	Open	1.0	SymmetricalOrAlternating	Straight	0	Neutral	Neutral	Neutral	0	8	0
[damn;F_01_098,seven;F_03_087]	r	Curved	0.0	nan	nan	Open	1.0	OneHanded	Straight	0	Neutral	Neutral	Neutral	0	nan	0
[damn;F_01_098,seven;F_03_087]	m	Curved	0.0	nan	nan	Open	1.0	OneHanded	Straight	0	Neutral	Neutral	nan	0	nan	0
[damn;F_01_098,six;G_03_034]	p	Curved	0.0	nan	nan	Open	1.0	OneHanded	Straight	0	Neutral	Neutral	Neutral	0	nan	0
[damn;F_01_098,six;G_03_034]	m	Curved	0.0	nan	nan	Open	1.0	OneHanded	Straight	0	Neutral	Neutral	nan	0	nan	0
[place;G_01_029,party;F_02_001]	im	Stacked	0.0	nan	0.0	Open	1.0	SymmetricalOrAlternating	Curved	0	Neutral	Neutral	Neutral	0	p	0
[place;G_01_029,party;F_02_001]	im	Stacked	0.0	nan	0.0	Open	1.0	SymmetricalOrAlternating	Curved	1	Neutral	Neutral	Neutral	1	p	0
[party;F_02_001,supervise;J_01_018]	im	Stacked	0.0	nan	0.0	Open	1.0	SymmetricalOrAlternating	Circular	1	Neutral	Neutral	Neutral	0	p	0
[party;F_02_001,supervise;J_01_018]	im	Stacked	0.0	nan	0.0	Open	1.0	SymmetricalOrAlternating	Curved	1	Neutral	Neutral	Neutral	1	p	0
[plummet;G_03_028,delinquent;F_02_003]	i	FullyOpen	0.0	nan	nan	Closed	0.0	AsymmetricalDifferentHandshape	Curved	0	Hand	Palm	HandAway	1	DominanceConditionViolation	0
[plummet;G_03_028,delinquent;F_02_003]	i	FullyOpen	0.0	nan	nan	Closed	0.0	AsymmetricalDifferentHandshape	Curved	0	Hand	FingerTip	HandAway	1	B	0
[must;F_02_004,should;G_02_079]	i	Bent	0.0	nan	nan	Closed	0.0	OneHanded	Straight	0	Neutral	Neutral	Neutral	0	nan	0
[must;F_02_004,should;G_02_079]	i	Bent	0.0	nan	nan	Closed	0.0	OneHanded	Curved	1	Neutral	Neutral	Neutral	0	nan	0
[must;F_02_004,knight;H_01_054]	i	Bent	0.0	nan	nan	Open	0.0	OneHanded	Curved	0	Neutral	Neutral	Neutral	0	nan	0
[must;F_02_004,knight;H_01_054]	i	Bent	0.0	nan	nan	Closed	1.0	OneHanded	Curved	0	Neutral	Neutral	Neutral	0	nan	0
[must;F_02_004,point_index;K_02_083]	i	Flat	0.0	nan	nan	Closed	0.0	OneHanded	Curved	0	Neutral	Neutral	Neutral	0	nan	0
[must;F_02_004,point_index;K_02_083]	i	Bent	0.0	nan	nan	Closed	0.0	OneHanded	Straight	0	Neutral	Neutral	Neutral	0	nan	0
[resist;G_03_030,hit_1;F_02_005]	imrp	FullyClosed	0.0	nan	0.0	Closed	1.0	OneHanded	Straight	0	Neutral	Neutral	Neutral	0	nan	0
[resist;G_03_030,hit_1;F_02_005]	imrp	FullyClosed	0.0	nan	0.0	Closed	1.0	OneHanded	Curved	0	Neutral	Neutral	nan	0	nan	0
[hit_1;F_02_005,protest;H_03_026]	imrp	FullyClosed	0.0	nan	0.0	Closed	1.0	OneHanded	Curved	0	Neutral	Neutral	nan	0	nan	0
[hit_1;F_02_005,protest;H_03_026]	imrp	FullyClosed	0.0	nan	0.0	Closed	1.0	OneHanded	Curved	0	Neutral	Neutral	Neutral	0	nan	1
[toss;J_03_009,hit_1;F_02_005]	imrp	FullyClosed	1.0	nan	0.0	Closed	1.0	OneHanded	Curved	0	Neutral	Neutral	Neutral	0	nan	0
[toss;J_03_009,hit_1;F_02_005]	imrp	FullyClosed	0.0	nan	1.0	Closed	1.0	OneHanded	Curved	0	Neutral	Neutral	Neutral	0	nan	0
[drag;K_01_022,hit_1;F_02_005]	imrp	FullyClosed	0.0	nan	nan	Closed	1.0	OneHanded	Curved	0	Neutral	Neutral	Neutral	0	nan	0
[drag;K_01_022,hit_1;F_02_005]	imrp	FullyClosed	0.0	nan	0.0	Closed	1.0	OneHanded	Straight	0	Neutral	Neutral	Neutral	0	nan	0
[marry;F_02_007,erupt_2;K_01_119]	imrp	Bent	1.0	0.0	1.0	Open	0.0	SymmetricalOrAlternating	Curved	0	Neutral	Neutral	Neutral	1	spread_open_e	0
[marry;F_02_007,erupt_2;K_01_119]	imrp	Bent	1.0	1.0	1.0	Open	0.0	SymmetricalOrAlternating	Curved	0	Neutral	Neutral	Neutral	1	open_e	0
[grade;F_02_076,high_heels;F_02_008]	i	Flat	0.0	nan	nan	Open	0.0	AsymmetricalDifferentHandshape	Straight	1	Hand	Heel	nan	1	B	0
[grade;F_02_076,high_heels;F_02_008]	i	Curved	0.0	nan	nan	Open	0.0	AsymmetricalDifferentHandshape	Straight	1	Hand	Palm	nan	1	B	0
[eclipse;F_02_015,plate;F_02_060]	i	Curved	0.0	nan	nan	Open	0.0	SymmetricalOrAlternating	Straight	1	Neutral	Neutral	Neutral	1	curved_l	0
[eclipse;F_02_015,plate;F_02_060]	i	Curved	0.0	nan	nan	Open	0.0	SymmetricalOrAlternating	Straight	0	Neutral	Neutral	Neutral	0	curved_l	0
[clock_2;K_02_038,eclipse;F_02_015]	i	Curved	0.0	nan	nan	Open	0.0	SymmetricalOrAlternating	Curved	0	Neutral	Neutral	Neutral	1	curved_l	0
[clock_2;K_02_038,eclipse;F_02_015]	i	Curved	0.0	nan	nan	Open	0.0	SymmetricalOrAlternating	Straight	0	Neutral	Neutral	Neutral	0	curved_l	0
[look_forward;F_02_022,cry_3;K_02_040]	imrp	FullyOpen	0.0	1.0	0.0	Closed	0.0	SymmetricalOrAlternating	Curved	1	Head	Eye	HeadAway	1	v	0
[look_forward;F_02_022,cry_3;K_02_040]	im	FullyOpen	0.0	1.0	0.0	Closed	0.0	SymmetricalOrAlternating	Curved	1	Head	Eye	HeadAway	1	4	0
[fraction;F_02_024,dip_3;K_02_052]	i	Curved	0.0	nan	nan	Open	1.0	AsymmetricalDifferentHandshape	Curved	0	Hand	HandAway	HandAway	0	B	0
[fraction;F_02_024,dip_3;K_02_052]	i	Curved	0.0	nan	nan	Open	1.0	AsymmetricalDifferentHandshape	Curved	0	Hand	HandAway	HandAway	0	1	1
[buttons;F_02_025,faculty;J_02_061]	i	Curved	0.0	nan	nan	Open	1.0	OneHanded	Straight	0	Body	Clavicle	TorsoMid	1	nan	0
[buttons;F_02_025,faculty;J_02_061]	i	Curved	0.0	nan	nan	Open	1.0	OneHanded	Straight	0	Body	TorsoTop	Clavicle	1	nan	0
[buttons;F_02_025,bra_2;K_01_090]	i	Curved	0.0	nan	nan	Open	0.0	OneHanded	Straight	0	Body	TorsoTop	TorsoMid	1	nan	0
[buttons;F_02_025,bra_2;K_01_090]	i	Curved	0.0	nan	nan	Open	1.0	OneHanded	Straight	0	Body	TorsoMid	TorsoMid	1	nan	0
[risk;F_02_026,brick;H_02_085]	i	Curved	1.0	nan	nan	Open	1.0	SymmetricalOrAlternating	Straight	0	Neutral	Neutral	Neutral	1	1	0
[risk;F_02_026,brick;H_02_085]	m	Curved	1.0	nan	nan	Open	1.0	SymmetricalOrAlternating	Straight	0	Neutral	Neutral	Neutral	1	f	0
[road;F_02_083,bet;F_02_027]	imrp	FullyOpen	0.0	0.0	0.0	Closed	0.0	SymmetricalOrAlternating	Straight	0	Neutral	Neutral	Neutral	0	closed_b	1
[teenager;H_02_039,spit_out;F_02_030]	i	Bent	0.0	nan	nan	Open	1.0	OneHanded	Straight	0	Head	Mouth	HeadAway	1	nan	0
[teenager;H_02_039,spit_out;F_02_030]	i	Bent	1.0	nan	nan	Open	1.0	OneHanded	Straight	0	Head	Mouth	CheekNose	1	nan	0
[nose;G_03_075,unicorn;F_02_031]	i	FullyOpen	0.0	nan	nan	Closed	0.0	OneHanded	Straight	1	Head	CheekNose	nan	0	nan	0
[nose;G_03_075,unicorn;F_02_031]	i	FullyOpen	0.0	nan	nan	Closed	0.0	OneHanded	Straight	1	Head	HeadTop	nan	1	nan	0
[sound;H_02_096,unicorn;F_02_031]	i	FullyOpen	0.0	nan	nan	Closed	0.0	OneHanded	Straight	1	Head	Other	nan	0	nan	0
[sound;H_02_096,unicorn;F_02_031]	i	FullyOpen	0.0	nan	nan	Closed	0.0	OneHanded	Straight	1	Head	HeadTop	nan	1	nan	0
[isolated;F_02_033,should;G_02_079]	i	Bent	0.0	nan	nan	Closed	0.0	OneHanded	Circular	1	Neutral	Neutral	Neutral	0	nan	0
[isolated;F_02_033,should;G_02_079]	i	FullyOpen	0.0	nan	nan	Closed	0.0	OneHanded	Straight	1	Neutral	Neutral	Neutral	0	nan	0
[role;H_03_036,normal;F_02_036]	im	Crossed	0.0	0.0	0.0	Closed	0.0	AsymmetricalDifferentHandshape	Circular	0	Hand	HandAway	PalmBack	1	B	1
[role;H_03_036,normal;F_02_036]	im	FullyOpen	0.0	0.0	0.0	Closed	0.0	AsymmetricalDifferentHandshape	Circular	0	Hand	HandAway	Palm	1	B	1
[us;H_03_055,member;F_02_046]	im	Flat	0.0	0.0	0.0	Open	0.0	OneHanded	Curved	0	Body	Clavicle	Clavicle	1	nan	0
[board;J_01_105,us;H_03_055,member;F_02_046]	imrp	Flat	0.0	0.0	0.0	Closed	0.0	OneHanded	Curved	0	Body	Clavicle	Clavicle	1	nan	0
[board;J_01_105,committee;J_03_072,member;F_02_046]	imrp	FullyOpen	0.0	0.0	0.0	Open	0.0	OneHanded	Curved	0	Body	Clavicle	Clavicle	1	nan	0
[load_2;K_02_003,accordion;F_02_048]	imrp	FullyClosed	1.0	nan	nan	Closed	1.0	SymmetricalOrAlternating	Straight	1	Neutral	Neutral	Neutral	0	s	0
[load_2;K_02_003,accordion;F_02_048]	imrp	FullyClosed	0.0	nan	1.0	Closed	1.0	SymmetricalOrAlternating	Straight	1	Neutral	Neutral	Neutral	0	s	0
[big;F_02_054,bend;G_03_031]	i	Bent	0.0	nan	nan	Open	0.0	SymmetricalOrAlternating	Curved	0	Neutral	Neutral	Neutral	1	bent_l	1
[big;F_02_054,bend;G_03_031]	i	Bent	0.0	nan	nan	Open	0.0	SymmetricalOrAlternating	Curved	0	Neutral	Neutral	Neutral	0	bent_l	0
[cheap;F_02_056,range;H_01_101,cross_2;H_01_007,develop;J_03_092]	imrp	FullyOpen	0.0	0.0	0.0	Closed	0.0	AsymmetricalSameHandshape	Curved	0	Hand	Palm	HandAway	1	closed_b	0
[cheap;F_02_056,range;H_01_101]	imrp	FullyOpen	0.0	0.0	0.0	Closed	0.0	AsymmetricalSameHandshape	Curved	0	Hand	Palm	Palm	1	closed_b	1
[cheap;F_02_056,develop;J_03_092]	imrp	FullyOpen	0.0	0.0	0.0	Closed	0.0	AsymmetricalSameHandshape	Straight	0	Hand	Palm	HandAway	1	closed_b	1
[hell;G_03_008,his;F_02_058]	im	FullyOpen	0.0	0.0	0.0	Open	0.0	OneHanded	Straight	0	Neutral	Neutral	Neutral	0	nan	0
[cancer;G_03_056,his;F_02_058]	imrp	FullyOpen	nan	0.0	0.0	Open	0.0	OneHanded	Straight	0	Neutral	Neutral	Neutral	0	nan	0
[his;F_02_058,knock_off;H_03_035]	imrp	FullyOpen	0.0	0.0	0.0	Open	0.0	OneHanded	Straight	0	Neutral	Neutral	Neutral	0	nan	1
[goody_goody_shoe_opposite;J_01_072,his;F_02_058]	imp	FullyOpen	0.0	0.0	0.0	Open	0.0	OneHanded	Straight	0	Neutral	Neutral	Neutral	0	nan	0
[his;F_02_058,swear_in;J_02_016]	imrp	FullyOpen	0.0	0.0	0.0	Open	0.0	AsymmetricalSameHandshape	Straight	0	Neutral	Neutral	Neutral	0	nan	0
[each;F_02_059,poop;H_03_072]	t	nan	nan	nan	nan	Open	nan	AsymmetricalSameHandshape	Straight	0	Hand	Heel	HandAway	1	a	0
[each;F_02_059,poop;H_03_072]	t	nan	nan	nan	nan	Open	nan	AsymmetricalSameHandshape	Z-shaped	0	Hand	Other	HandAway	1	a	0
[instagram;H_03_083,plate;F_02_060]	i	Curved	0.0	nan	nan	Open	0.0	OneHanded	Straight	1	Neutral	Neutral	Neutral	0	curved_l	0
[instagram;H_03_083,plate;F_02_060]	i	Curved	0.0	nan	nan	Open	0.0	SymmetricalOrAlternating	Straight	1	Neutral	Neutral	Neutral	0	nan	0
[clock_2;K_02_038,plate;F_02_060]	i	Curved	0.0	nan	nan	Open	0.0	SymmetricalOrAlternating	Curved	1	Neutral	Neutral	Neutral	0	curved_l	0
[clock_2;K_02_038,plate;F_02_060]	i	Curved	0.0	nan	nan	Open	0.0	SymmetricalOrAlternating	Straight	0	Neutral	Neutral	Neutral	0	curved_l	0
[cross_3;K_03_028,pour;F_02_063]	i	Curved	0.0	nan	nan	Open	0.0	OneHanded	Curved	0	Neutral	Neutral	Neutral	0	nan	0
[cross_3;K_03_028,pour;F_02_063]	p	Curved	0.0	nan	nan	Open	0.0	OneHanded	X-shaped	0	Neutral	Neutral	Neutral	0	nan	0
[honey_1;F_02_064,breakfast;J_01_053]	imrp	FullyOpen	0.0	0.0	0.0	Closed	0.0	OneHanded	Circular	1	Head	Chin	Chin	1	nan	0
[honey_1;F_02_064,breakfast;J_01_053]	im	FullyOpen	0.0	0.0	0.0	Closed	0.0	OneHanded	Circular	1	Head	Chin	HeadAway	1	nan	0
[linguistics;H_01_004,vagina;F_02_065]	i	FullyOpen	nan	nan	nan	Open	0.0	SymmetricalOrAlternating	Straight	1	Neutral	Neutral	Neutral	1	l	0
[linguistics;H_01_004,vagina;F_02_065]	i	FullyOpen	0.0	nan	nan	Open	0.0	SymmetricalOrAlternating	Straight	0	Neutral	Neutral	Neutral	1	l	0
[same_time;H_02_021,vagina;F_02_065]	i	FullyOpen	1.0	nan	nan	Open	0.0	SymmetricalOrAlternating	Straight	1	Neutral	Neutral	Neutral	1	l	0
[same_time;H_02_021,vagina;F_02_065]	i	FullyOpen	0.0	nan	nan	Open	0.0	SymmetricalOrAlternating	Straight	0	Neutral	Neutral	Neutral	1	l	0
[chin_2;F_02_070,spot_something;G_01_002]	i	FullyOpen	0.0	nan	nan	Closed	0.0	OneHanded	nan	0	Head	Chin	nan	1	nan	0
[chin_2;F_02_070,spot_something;G_01_002]	i	Flat	0.0	nan	nan	Closed	0.0	OneHanded	nan	0	Head	Eye	nan	1	nan	0
[disappoint;G_03_018,chin_2;F_02_070]	i	FullyOpen	0.0	nan	nan	Closed	0.0	OneHanded	nan	0	Head	Chin	nan	1	nan	0
[disappoint;G_03_018,chin_2;F_02_070]	i	Flat	0.0	nan	nan	Closed	0.0	OneHanded	Straight	0	Head	Chin	nan	1	nan	0
[stink;H_01_064,chin_2;F_02_070]	i	Flat	0.0	nan	nan	Open	0.0	OneHanded	nan	0	Head	Chin	nan	1	nan	0
[stink;H_01_064,chin_2;F_02_070]	i	Flat	0.0	nan	nan	Closed	0.0	OneHanded	nan	0	Head	CheekNose	nan	1	nan	0
[away;F_02_071,pour_2;K_01_094]	imrp	Curved	1.0	0.0	0.0	Open	0.0	OneHanded	Curved	0	Neutral	Neutral	Neutral	0	nan	1
[tan;F_02_072,cheek;G_03_052]	i	Bent	0.0	nan	nan	Open	1.0	OneHanded	Straight	1	Head	CheekNose	Chin	1	nan	0
[tan;F_02_072,cheek;G_03_052]	i	Bent	0.0	nan	nan	Open	1.0	OneHanded	Straight	0	Head	CheekNose	nan	1	nan	0
[teenager;H_02_039,tan;F_02_072]	i	Bent	0.0	nan	nan	Open	1.0	OneHanded	Straight	0	Head	Mouth	Chin	1	nan	0
[teenager;H_02_039,tan;F_02_072]	i	Bent	0.0	nan	nan	Open	1.0	OneHanded	Straight	0	Head	CheekNose	CheekNose	1	nan	0
[twins;J_02_089,tan;F_02_072]	i	Bent	0.0	nan	nan	Open	1.0	OneHanded	Z-shaped	0	Head	CheekNose	Chin	1	nan	0
[twins;J_02_089,tan;F_02_072]	i	Bent	0.0	nan	nan	Open	1.0	OneHanded	Straight	0	Head	Chin	Chin	1	nan	0
[witch_2;K_03_022,tan;F_02_072]	i	Bent	0.0	nan	nan	Open	1.0	OneHanded	nan	0	Head	CheekNose	Chin	1	nan	0
[witch_2;K_03_022,tan;F_02_072]	i	Bent	0.0	nan	nan	Open	1.0	OneHanded	Straight	0	Head	CheekNose	nan	1	nan	0
[press;H_03_006,grade;F_02_076]	i	Flat	0.0	nan	nan	Closed	0.0	AsymmetricalDifferentHandshape	Straight	1	Hand	Palm	nan	1	B	0
[press;H_03_006,grade;F_02_076]	i	Flat	0.0	nan	nan	Open	0.0	AsymmetricalDifferentHandshape	Straight	0	Hand	Palm	nan	1	B	0
[therapy;H_03_088,grade;F_02_076]	i	Bent	0.0	nan	nan	Open	0.0	AsymmetricalDifferentHandshape	Straight	1	Hand	Palm	nan	1	B	0
[therapy;H_03_088,grade;F_02_076]	i	Flat	0.0	nan	nan	Open	1.0	AsymmetricalDifferentHandshape	Straight	1	Hand	Palm	nan	1	B	0
[next_down;J_03_101,grade;F_02_076]	i	Bent	0.0	nan	nan	Open	0.0	AsymmetricalDifferentHandshape	Straight	1	Hand	Palm	nan	1	B	0
[next_down;J_03_101,grade;F_02_076]	i	Flat	0.0	nan	nan	Closed	0.0	AsymmetricalDifferentHandshape	Straight	1	Hand	Palm	nan	1	B	0
[hate;F_02_078,ocean;G_03_076]	imrp	FullyOpen	0.0	1.0	0.0	Open	0.0	SymmetricalOrAlternating	nan	0	Head	Chin	HeadAway	1	5	0
[hate;F_02_078,ocean;G_03_076]	imrp	FullyOpen	0.0	1.0	0.0	Open	0.0	SymmetricalOrAlternating	Curved	0	Head	Chin	nan	1	5	0
[yawn_1;F_02_079,dog_2;K_01_055,baby_2;K_01_042]	imrp	FullyOpen	0.0	0.0	0.0	Open	0.0	OneHanded	Straight	1	Body	Mouth	nan	1	nan	0
[all_together;J_01_044,hold;F_02_080]	imrp	Curved	1.0	1.0	1.0	Open	1.0	SymmetricalOrAlternating	nan	0	Neutral	Neutral	Neutral	1	curved_5	1
[crumple;K_01_124,hold;F_02_080]	imrp	Curved	1.0	1.0	1.0	Open	1.0	SymmetricalOrAlternating	nan	1	Neutral	Neutral	Neutral	1	curved_5	0
[road;F_02_083,escalate;H_01_033]	imrp	FullyOpen	0.0	0.0	0.0	Closed	0.0	OneHanded	Straight	0	Neutral	Neutral	Neutral	0	closed_b	0
[road;F_02_083,escalate;H_01_033]	imrp	FullyOpen	0.0	0.0	0.0	Closed	0.0	SymmetricalOrAlternating	Straight	0	Neutral	Neutral	Neutral	0	nan	0
[road;F_02_083,short_word;J_02_087]	im	FullyOpen	0.0	0.0	0.0	Closed	0.0	SymmetricalOrAlternating	Straight	0	Neutral	Neutral	Neutral	0	closed_b	0
[road;F_02_083,short_word;J_02_087]	imrp	FullyOpen	0.0	0.0	0.0	Closed	0.0	SymmetricalOrAlternating	Straight	0	Neutral	Neutral	Neutral	0	h	0
[fourth;H_03_004,third;F_02_088]	im	FullyOpen	0.0	1.0	0.0	Closed	0.0	OneHanded	nan	0	Neutral	Neutral	nan	0	nan	1
[third;F_02_088,third;J_02_072]	im	FullyOpen	0.0	1.0	0.0	Open	0.0	OneHanded	Curved	0	Neutral	Neutral	nan	0	nan	1
[third;F_02_088,third;J_02_072]	im	FullyOpen	0.0	1.0	0.0	Open	0.0	OneHanded	nan	0	Neutral	Neutral	Neutral	0	nan	1
[acquire;H_01_034,sticky;F_02_089]	m	Flat	1.0	nan	nan	Open	1.0	SymmetricalOrAlternating	Straight	1	Neutral	Neutral	nan	0	8	0
[acquire;H_01_034,sticky;F_02_089]	m	Flat	1.0	nan	nan	Open	1.0	SymmetricalOrAlternating	nan	1	Neutral	Neutral	Neutral	0	8	0
[lobster_2;K_03_039,sticky;F_02_089]	i	Flat	1.0	nan	nan	Open	1.0	SymmetricalOrAlternating	nan	1	Neutral	Neutral	nan	0	8	0
[lobster_2;K_03_039,sticky;F_02_089]	m	Flat	1.0	nan	nan	Open	1.0	SymmetricalOrAlternating	nan	1	Neutral	Neutral	nan	0	g	0
[lick_2;F_02_090,thank_you;H_02_053]	imrp	FullyOpen	0.0	0.0	0.0	Open	0.0	OneHanded	Curved	0	Head	Palm	HeadAway	1	nan	0
[lick_2;F_02_090,thank_you;H_02_053]	im	FullyOpen	0.0	0.0	0.0	Open	0.0	OneHanded	Curved	0	Head	Mouth	HeadAway	1	nan	0
[remind;J_02_103,sailboat;F_02_094]	imrp	Flat	0.0	0.0	0.0	Open	0.0	AsymmetricalDifferentHandshape	Straight	1	Hand	FingerTip	nan	1	1	0
[remind;J_02_103,sailboat;F_02_094]	imrp	Flat	0.0	0.0	0.0	Open	0.0	AsymmetricalDifferentHandshape	Straight	0	Hand	FingerRadial	nan	1	1	0
[champ;J_03_030,sailboat;F_02_094]	imrp	Curved	0.0	0.0	0.0	Open	0.0	AsymmetricalDifferentHandshape	Straight	0	Hand	FingerTip	nan	1	1	0
[champ;J_03_030,sailboat;F_02_094]	imrp	Flat	0.0	1.0	0.0	Open	0.0	AsymmetricalDifferentHandshape	Straight	0	Hand	FingerTip	nan	1	1	0
[crack;F_03_067,chop;F_02_099]	imrp	FullyOpen	0.0	0.0	0.0	Open	0.0	AsymmetricalSameHandshape	Z-shaped	1	Hand	Palm	Palm	1	open_b	0
[bald;F_02_100,look_like;G_03_029]	ip	Curved	0.0	nan	nan	Open	0.0	OneHanded	Circular	0	Head	HeadAway	HeadAway	0	nan	0
[bald;F_02_100,look_like;G_03_029]	m	FullyOpen	0.0	nan	nan	Open	0.0	OneHanded	Circular	0	Head	HeadAway	HeadAway	0	nan	0
[firetruck;F_02_101,nonsense;G_03_071]	imrp	FullyOpen	0.0	1.0	0.0	Closed	0.0	OneHanded	Curved	0	Head	Forehead	nan	1	nan	0
[drip;F_02_102,tty;G_01_035]	i	Bent	nan	nan	nan	Open	1.0	OneHanded	nan	0	Neutral	Neutral	Neutral	0	nan	0
[drip;F_02_102,tty;G_01_035]	i	Bent	1.0	nan	nan	Open	1.0	OneHanded	Straight	0	Neutral	Neutral	Neutral	0	nan	0
[drip;F_02_102,knight;H_01_054]	i	Bent	0.0	nan	nan	Open	1.0	OneHanded	nan	0	Neutral	Neutral	Neutral	0	nan	0
[drip;F_02_102,knight;H_01_054]	i	Bent	1.0	nan	nan	Open	1.0	OneHanded	Curved	0	Neutral	Neutral	Neutral	0	nan	0
[drip;F_02_102,peg_2;K_03_083]	i	Flat	1.0	nan	nan	Open	1.0	OneHanded	nan	0	Neutral	Neutral	Neutral	0	nan	0
[drip;F_02_102,peg_2;K_03_083]	i	Bent	1.0	nan	nan	Open	1.0	OneHanded	nan	0	Neutral	Neutral	nan	0	nan	0
[rainbow;F_03_001,run_faucet;K_03_096]	imrp	FullyOpen	0.0	1.0	0.0	Closed	0.0	OneHanded	Curved	1	Neutral	Neutral	Neutral	0	nan	0
[stamp_1;G_02_098,practice;F_03_002]	t	nan	nan	nan	nan	Open	nan	AsymmetricalDifferentHandshape	BackAndForth	0	Hand	Palm	HandAway	1	1	0
[stamp_1;G_02_098,practice;F_03_002]	t	nan	nan	nan	nan	Open	nan	AsymmetricalDifferentHandshape	BackAndForth	0	Hand	FingerRadial	HandAway	1	B	0
[dispatch;G_02_102,next_to;F_03_008]	imrp	Flat	1.0	0.0	0.0	Open	0.0	AsymmetricalSameHandshape	Curved	0	Hand	FingerBack	HandAway	1	flat_b	0
[dispatch;G_02_102,next_to;F_03_008,before;G_02_053]	imrp	Flat	0.0	0.0	0.0	Open	0.0	AsymmetricalSameHandshape	Curved	0	Hand	PalmBack	HandAway	1	flat_b	0
[from_then_on;H_02_040,next_to;F_03_008]	imrp	FullyOpen	0.0	0.0	0.0	Open	0.0	AsymmetricalSameHandshape	Curved	0	Hand	FingerBack	HandAway	1	flat_b	0
[from_then_on;H_02_040,next_to;F_03_008]	imrp	Flat	0.0	0.0	0.0	Open	0.0	AsymmetricalSameHandshape	Curved	0	Hand	FingerBack	HandAway	1	open_b	0
[autism;F_03_011,bed_2;K_03_004]	imrp	FullyOpen	0.0	0.0	0.0	Open	0.0	SymmetricalOrAlternating	Straight	0	Head	CheekNose	nan	1	open_b	0
[specialist;H_01_038,thunder;F_03_015]	i	FullyOpen	0.0	nan	nan	Closed	0.0	AsymmetricalSameHandshape	Straight	0	Hand	FingerTip	HandAway	1	1	0
[specialist;H_01_038,thunder;F_03_015]	i	FullyOpen	0.0	nan	nan	Closed	0.0	AsymmetricalSameHandshape	Z-shaped	0	Hand	FingerRadial	HandAway	1	1	0
[kick_2;K_03_084,thunder;F_03_015]	i	FullyOpen	0.0	nan	nan	Closed	0.0	AsymmetricalSameHandshape	Curved	0	Hand	FingerTip	HandAway	1	1	0
[kick_2;K_03_084,thunder;F_03_015]	i	FullyOpen	0.0	nan	nan	Closed	0.0	AsymmetricalSameHandshape	Z-shaped	0	Hand	FingerFront	HandAway	1	1	0
[hear_2;J_02_006,goatee;G_01_074,kiss_on_cheek;F_03_018]	imrp	Curved	0.0	0.0	0.0	Open	0.0	OneHanded	Straight	0	Head	CheekNose	nan	1	nan	0
[dont_care;G_03_082,kiss_on_cheek;F_03_018]	imrp	Flat	0.0	0.0	0.0	Open	1.0	OneHanded	Straight	0	Head	CheekNose	nan	1	nan	0
[dont_care;G_03_082,kiss_on_cheek;F_03_018]	imrp	Curved	0.0	0.0	0.0	Open	1.0	OneHanded	nan	0	Head	CheekNose	nan	1	nan	0
[kiss_on_cheek;F_03_018,opinion_2;H_03_101]	imrp	Curved	0.0	0.0	0.0	Open	1.0	OneHanded	Straight	0	Head	CheekNose	HeadAway	1	nan	0
[soon_1;G_01_004,water_ski;F_03_022]	i	Curved	0.0	nan	nan	Open	1.0	OneHanded	Straight	0	Head	Chin	nan	1	nan	0
[soon_1;G_01_004,water_ski;F_03_022]	p	Curved	0.0	nan	nan	Open	1.0	OneHanded	Straight	1	Head	Chin	nan	1	nan	0
[water_ski;F_03_022,know_nothing;H_02_064]	i	Curved	0.0	nan	nan	Open	1.0	OneHanded	Straight	0	Head	Chin	nan	1	nan	0
[water_ski;F_03_022,know_nothing;H_02_064]	p	Curved	0.0	nan	nan	Open	1.0	OneHanded	Straight	0	Head	Forehead	nan	1	nan	0
[save;G_03_061,ride_1;F_03_023]	im	FullyOpen	0.0	1.0	0.0	Closed	0.0	AsymmetricalDifferentHandshape	Straight	0	Hand	FingerUlnar	nan	1	C	0
[save;G_03_061,ride_1;F_03_023]	im	Curved	0.0	1.0	0.0	Closed	0.0	AsymmetricalDifferentHandshape	Straight	0	Hand	FingerUlnar	nan	1	S	0
[ride_1;F_03_023,resign;J_01_084]	im	Curved	0.0	1.0	0.0	Closed	0.0	AsymmetricalDifferentHandshape	Curved	0	Hand	FingerUlnar	nan	1	C	0
[ride_1;F_03_023,resign;J_01_084]	im	Curved	0.0	1.0	0.0	Closed	0.0	AsymmetricalDifferentHandshape	Straight	0	Hand	FingerUlnar	HandAway	1	C	0
[thank_you;H_02_053,smell_money;F_03_026]	imrp	FullyOpen	0.0	0.0	0.0	Open	0.0	OneHanded	Curved	0	Head	HeadAway	HeadAway	1	nan	0
[dark;J_03_094,smell_money;F_03_026]	imrp	FullyOpen	0.0	0.0	0.0	Open	0.0	SymmetricalOrAlternating	Curved	0	Head	HeadAway	HeadAway	0	nan	0
[dark;J_03_094,smell_money;F_03_026]	imrp	FullyOpen	0.0	0.0	0.0	Open	0.0	OneHanded	Curved	0	Head	HeadAway	HeadAway	0	open_b	0
[bloom;G_03_014,bright;F_03_028]	imrp	Curved	1.0	0.0	1.0	Open	1.0	SymmetricalOrAlternating	Curved	0	Neutral	Neutral	nan	1	o	0
[bright;F_03_028,pop_3;K_02_115]	imrp	Curved	1.0	0.0	1.0	Open	1.0	SymmetricalOrAlternating	Curved	1	Neutral	Neutral	Neutral	1	o	0
[red_faced;F_03_030,miss;G_02_049]	i	FullyOpen	0.0	nan	nan	Closed	0.0	OneHanded	nan	0	Head	Chin	HeadAway	1	nan	0
[red_faced;F_03_030,miss;G_02_049]	i	FullyOpen	0.0	nan	nan	Closed	0.0	OneHanded	Straight	0	Head	Chin	nan	1	nan	0
[red_faced;F_03_030,fake;G_03_080]	i	FullyOpen	0.0	nan	nan	Closed	0.0	OneHanded	Curved	0	Head	Chin	HeadAway	1	nan	0
[red_faced;F_03_030,fake;G_03_080]	i	FullyOpen	0.0	nan	nan	Closed	0.0	OneHanded	Straight	0	Head	CheekNose	HeadAway	1	nan	0
[red_faced;F_03_030,single;H_01_018]	i	FullyOpen	0.0	nan	nan	Closed	0.0	OneHanded	Z-shaped	0	Head	Chin	HeadAway	1	nan	0
[red_faced;F_03_030,single;H_01_018]	i	FullyOpen	0.0	nan	nan	Closed	0.0	OneHanded	Straight	0	Head	Chin	Chin	1	nan	0
[red_faced;F_03_030,luck;H_03_009]	i	FullyOpen	0.0	nan	nan	Open	0.0	OneHanded	Straight	0	Head	Chin	HeadAway	1	nan	0
[red_faced;F_03_030,luck;H_03_009]	i	FullyOpen	0.0	nan	nan	Closed	0.0	OneHanded	Straight	1	Head	Chin	HeadAway	1	nan	0
[red_faced;F_03_030,foul;J_01_049]	i	FullyOpen	0.0	nan	nan	Closed	0.0	OneHanded	Straight	1	Head	Chin	HeadAway	1	nan	0
[red_faced;F_03_030,foul;J_01_049]	i	FullyOpen	0.0	nan	nan	Closed	0.0	OneHanded	Straight	0	Head	Other	HeadAway	1	nan	0
[red_faced;F_03_030,toy_2;J_01_056]	i	Curved	0.0	nan	nan	Closed	0.0	OneHanded	Straight	0	Head	Chin	HeadAway	1	nan	0
[red_faced;F_03_030,toy_2;J_01_056]	i	FullyOpen	0.0	nan	nan	Closed	0.0	OneHanded	Straight	1	Head	Chin	HeadAway	1	nan	0
[design;J_03_104,dictionary;F_03_035]	m	Curved	0.0	nan	nan	Open	1.0	AsymmetricalDifferentHandshape	Z-shaped	1	Hand	Palm	HandAway	1	B	0
[design;J_03_104,dictionary;F_03_035]	m	Curved	0.0	nan	nan	Open	1.0	AsymmetricalDifferentHandshape	Curved	0	Hand	Palm	HandAway	1	B	0
[tablet;K_02_126,dictionary;F_03_035]	m	Flat	0.0	nan	nan	Open	1.0	AsymmetricalDifferentHandshape	Curved	1	Hand	Palm	HandAway	1	B	0
[tablet;K_02_126,dictionary;F_03_035]	m	Curved	0.0	nan	nan	Open	0.0	AsymmetricalDifferentHandshape	Curved	1	Hand	Palm	HandAway	1	B	0
[pay_off_bills;F_03_036,tablet;K_02_126]	m	Flat	0.0	nan	nan	Open	0.0	AsymmetricalDifferentHandshape	Curved	0	Hand	Palm	HandAway	1	B	0
[pay_off_bills;F_03_036,tablet;K_02_126]	m	Flat	0.0	nan	nan	Open	0.0	AsymmetricalDifferentHandshape	Straight	1	Hand	Palm	HandAway	1	B	0
[deaf;F_03_038,dont_feel_like;J_01_005]	i	FullyOpen	0.0	nan	nan	Closed	0.0	OneHanded	Curved	0	Head	CheekNose	Chin	1	nan	1
[deaf;F_03_038,dont_feel_like;J_01_005]	i	FullyOpen	0.0	nan	nan	Closed	0.0	OneHanded	Curved	0	Head	Other	HeadAway	1	nan	1
[half;F_03_040,bullshit;J_03_053]	imrp	FullyOpen	nan	nan	nan	Closed	0.0	OneHanded	Straight	0	Neutral	Neutral	Neutral	0	nan	0
[half;F_03_040,bullshit;J_03_053]	i	FullyOpen	nan	0.0	nan	Closed	0.0	OneHanded	Straight	0	Neutral	Neutral	Neutral	0	nan	0
[half;F_03_040,point_index;K_02_083]	i	Flat	nan	nan	nan	Closed	0.0	OneHanded	Straight	0	Neutral	Neutral	Neutral	0	nan	0
[half;F_03_040,point_index;K_02_083]	i	FullyOpen	0.0	nan	nan	Closed	0.0	OneHanded	Straight	0	Neutral	Neutral	Neutral	0	nan	0
[ready;F_03_042,fingers_crossed;J_01_006]	im	Crossed	0.0	0.0	0.0	Closed	0.0	SymmetricalOrAlternating	nan	0	Neutral	Neutral	Neutral	0	r	0
[ready;F_03_042,fingers_crossed;J_01_006]	im	Crossed	0.0	0.0	0.0	Closed	0.0	SymmetricalOrAlternating	Straight	0	Neutral	Neutral	nan	0	r	0
[ready;F_03_042,short_word;J_02_087]	im	FullyOpen	0.0	0.0	0.0	Closed	0.0	SymmetricalOrAlternating	Straight	0	Neutral	Neutral	Neutral	0	r	0
[ready;F_03_042,short_word;J_02_087]	im	Crossed	0.0	0.0	0.0	Closed	0.0	SymmetricalOrAlternating	Straight	0	Neutral	Neutral	Neutral	0	h	0
[get_through;F_03_047,go_through;J_03_017]	imrp	Flat	0.0	0.0	0.0	Open	0.0	AsymmetricalDifferentHandshape	Straight	0	Hand	FingerFront	HandAway	1	5	0
[get_through;F_03_047,go_through;J_03_017]	imrp	FullyOpen	0.0	0.0	0.0	Open	0.0	AsymmetricalDifferentHandshape	Straight	0	Hand	FingerFront	FingerFront	1	5	0
[event;F_03_049,concerned;G_02_047]	m	Flat	0.0	nan	nan	Open	0.0	SymmetricalOrAlternating	Straight	0	Body	TorsoTop	BodyAway	1	open_8	0
[event;F_03_049,concerned;G_02_047]	m	Flat	0.0	nan	nan	Open	0.0	SymmetricalOrAlternating	Curved	1	Body	TorsoTop	BodyAway	1	open_8	0
[thrilled;G_02_070,event;F_03_049]	m	Flat	0.0	nan	nan	Open	0.0	SymmetricalOrAlternating	Curved	0	Body	TorsoMid	BodyAway	1	open_8	0
[thrilled;G_02_070,event;F_03_049]	m	Flat	0.0	nan	nan	Open	0.0	SymmetricalOrAlternating	Curved	0	Body	TorsoTop	BodyAway	1	open_8	1
[tendency;G_03_089,event;F_03_049]	m	Flat	0.0	nan	nan	Open	0.0	SymmetricalOrAlternating	Straight	0	Body	TorsoTop	BodyAway	1	open_8	0
[tendency;G_03_089,event;F_03_049]	m	Flat	0.0	nan	nan	Open	0.0	SymmetricalOrAlternating	Curved	0	Body	Clavicle	BodyAway	1	open_8	0
[cheerleader;H_02_045,support_2;F_03_066]	imrp	FullyClosed	0.0	nan	0.0	Closed	1.0	SymmetricalOrAlternating	Z-shaped	0	Neutral	Neutral	Neutral	1	s	0
[cheerleader;H_02_045,support_2;F_03_066]	imrp	FullyClosed	0.0	nan	0.0	Closed	1.0	SymmetricalOrAlternating	Straight	0	Neutral	Neutral	Neutral	0	s	0
[support_2;F_03_066,decorate_2;K_02_030]	imrp	FullyClosed	0.0	nan	0.0	Closed	1.0	SymmetricalOrAlternating	Circular	0	Neutral	Neutral	Neutral	1	s	0
[support_2;F_03_066,decorate_2;K_02_030]	imrp	FullyClosed	0.0	nan	0.0	Closed	1.0	SymmetricalOrAlternating	Straight	1	Neutral	Neutral	Neutral	1	s	0
[support_2;F_03_066,pop_4;K_03_031]	imrp	FullyClosed	0.0	nan	0.0	Closed	1.0	SymmetricalOrAlternating	BackAndForth	0	Neutral	Neutral	Neutral	1	s	0
[support_2;F_03_066,pop_4;K_03_031]	imrp	FullyClosed	0.0	nan	0.0	Closed	1.0	SymmetricalOrAlternating	Straight	0	Neutral	Neutral	Neutral	0	s	0
[time_progress;H_02_061,crack;F_03_067,nice;G_03_059]	imrp	FullyOpen	0.0	0.0	0.0	Open	0.0	AsymmetricalSameHandshape	Z-shaped	0	Hand	Palm	FingerFront	1	open_b	0
[crack;F_03_067,against;H_03_003]	imrp	FullyOpen	0.0	0.0	0.0	Open	0.0	AsymmetricalSameHandshape	Z-shaped	0	Hand	Palm	nan	1	open_b	0
[crack;F_03_067,slice_3;K_02_057,spread_3;K_01_083]	imrp	FullyOpen	0.0	0.0	0.0	Open	0.0	AsymmetricalSameHandshape	Z-shaped	0	Hand	HandAway	Palm	1	open_b	0
[signing_fluently;F_03_069,toss_out;H_02_037]	imrp	FullyClosed	1.0	nan	0.0	Closed	1.0	SymmetricalOrAlternating	nan	0	Neutral	Neutral	Neutral	0	s	0
[signing_fluently;F_03_069,toss_out;H_02_037]	imrp	FullyClosed	1.0	nan	1.0	Closed	1.0	SymmetricalOrAlternating	BackAndForth	0	Neutral	Neutral	Neutral	0	s	0
[signing_fluently;F_03_069,articulate_sign;J_01_014]	imrp	FullyClosed	1.0	nan	1.0	Closed	1.0	SymmetricalOrAlternating	Curved	0	Neutral	Neutral	Neutral	0	s	0
[signing_fluently;F_03_069,articulate_sign;J_01_014]	imrp	FullyClosed	1.0	nan	1.0	Closed	1.0	SymmetricalOrAlternating	nan	1	Neutral	Neutral	Neutral	0	s	0
[signing_fluently;F_03_069,pop_2;K_01_049]	imrp	FullyClosed	1.0	nan	1.0	Closed	1.0	SymmetricalOrAlternating	BackAndForth	0	Neutral	Neutral	Neutral	0	s	0
[signing_fluently;F_03_069,pop_2;K_01_049]	imrp	FullyClosed	1.0	nan	1.0	Closed	1.0	SymmetricalOrAlternating	nan	0	Neutral	Neutral	Neutral	1	s	0
[signing_fluently;F_03_069,load_2;K_02_003]	imrp	FullyClosed	1.0	nan	1.0	Closed	1.0	SymmetricalOrAlternating	Straight	0	Neutral	Neutral	Neutral	0	s	0
[signing_fluently;F_03_069,load_2;K_02_003]	imrp	FullyClosed	1.0	nan	1.0	Closed	1.0	SymmetricalOrAlternating	nan	1	Neutral	Neutral	Neutral	0	s	0
[argue;F_03_072,back_up;G_01_102]	i	FullyOpen	0.0	nan	nan	Closed	0.0	SymmetricalOrAlternating	Other	1	Neutral	Neutral	Neutral	0	1	0
[argue;F_03_072,back_up;G_01_102]	i	FullyOpen	0.0	nan	nan	Closed	0.0	SymmetricalOrAlternating	Curved	0	Neutral	Neutral	Neutral	0	1	0
[argue;F_03_072,long_word;H_02_047]	i	FullyOpen	0.0	nan	nan	Closed	0.0	SymmetricalOrAlternating	Straight	1	Neutral	Neutral	Neutral	0	1	0
[argue;F_03_072,long_word;H_02_047]	i	FullyOpen	0.0	nan	nan	Closed	0.0	SymmetricalOrAlternating	Curved	0	Neutral	Neutral	Neutral	0	1	0
[meditate;J_01_037,marionette;F_03_073]	m	Curved	0.0	nan	nan	Open	1.0	SymmetricalOrAlternating	Straight	0	Neutral	Neutral	Neutral	0	1	0
[meditate;J_01_037,marionette;F_03_073]	m	Curved	0.0	nan	nan	Open	1.0	SymmetricalOrAlternating	Straight	1	Neutral	Neutral	nan	0	1	0
[marionette;F_03_073,expert;J_03_099]	m	Curved	0.0	nan	nan	Open	1.0	SymmetricalOrAlternating	nan	1	Neutral	Neutral	Neutral	0	1	0
[marionette;F_03_073,expert;J_03_099]	m	Curved	0.0	nan	nan	Open	1.0	SymmetricalOrAlternating	Straight	1	Neutral	Neutral	nan	0	1	0
[kangaroo_3;K_02_012,marionette;F_03_073]	m	Curved	1.0	nan	nan	Open	1.0	SymmetricalOrAlternating	Straight	1	Neutral	Neutral	Neutral	0	1	0
[kangaroo_3;K_02_012,marionette;F_03_073]	m	Curved	0.0	nan	nan	Open	1.0	SymmetricalOrAlternating	Z-shaped	1	Neutral	Neutral	Neutral	0	1	0
[hatbrim;J_03_106,q_tip;F_03_074]	i	Bent	0.0	nan	nan	Open	1.0	OneHanded	Curved	1	Head	HeadAway	nan	0	nan	0
[hatbrim;J_03_106,q_tip;F_03_074]	i	Bent	0.0	nan	nan	Open	1.0	OneHanded	nan	1	Head	HeadAway	HeadAway	0	nan	0
[massage;H_01_100,dresser;F_03_075]	imrp	Curved	1.0	1.0	1.0	Open	0.0	SymmetricalOrAlternating	Z-shaped	1	Neutral	Neutral	Neutral	0	curved_5	0
[crumple;K_01_124,dresser;F_03_075]	imrp	Curved	1.0	1.0	1.0	Open	1.0	SymmetricalOrAlternating	Z-shaped	1	Neutral	Neutral	Neutral	1	curved_5	0
[inch;H_01_056,assistant;F_03_076]	t	nan	nan	nan	nan	Open	nan	AsymmetricalSameHandshape	Straight	1	Hand	FingerTip	nan	1	a	0
[inch;H_01_056,assistant;F_03_076]	t	nan	nan	nan	nan	Open	nan	AsymmetricalSameHandshape	Straight	1	Hand	FingerUlnar	HandAway	1	a	0
[flipflops;F_03_077,escape;G_01_012]	i	FullyOpen	0.0	nan	nan	Closed	0.0	AsymmetricalDifferentHandshape	Straight	0	Hand	Other	nan	1	5	0
[flipflops;F_03_077,escape;G_01_012]	i	FullyOpen	0.0	nan	nan	Closed	0.0	AsymmetricalDifferentHandshape	Straight	1	Hand	Other	HandAway	1	5	0
[sophomore;J_01_107,flipflops;F_03_077]	i	FullyOpen	1.0	nan	nan	Closed	0.0	AsymmetricalDifferentHandshape	Straight	1	Hand	Other	nan	1	5	0
[sophomore;J_01_107,flipflops;F_03_077]	i	FullyOpen	0.0	nan	nan	Closed	0.0	AsymmetricalDifferentHandshape	Straight	1	Hand	FingerTip	nan	1	5	0
[cancer;G_03_056,ok;F_03_080]	imrp	Curved	nan	0.0	0.0	Open	1.0	OneHanded	Straight	0	Neutral	Neutral	Neutral	0	nan	0
[cancer;G_03_056,ok;F_03_080]	imrp	Curved	nan	0.0	nan	Open	0.0	OneHanded	Straight	0	Neutral	Neutral	Neutral	0	nan	0
[opportunity;J_02_090,ok;F_03_080]	imrp	Curved	nan	0.0	nan	Open	1.0	SymmetricalOrAlternating	Straight	0	Neutral	Neutral	Neutral	0	nan	0
[opportunity;J_02_090,ok;F_03_080]	imrp	Curved	nan	0.0	nan	Open	1.0	OneHanded	Straight	0	Neutral	Neutral	Neutral	0	o	0
[hatbrim;J_03_106,clueless;F_03_082]	i	Bent	0.0	nan	nan	Open	1.0	OneHanded	Straight	1	Head	HeadAway	HeadAway	0	nan	0
[hatbrim;J_03_106,clueless;F_03_082]	i	Curved	0.0	nan	nan	Open	1.0	OneHanded	Curved	1	Head	HeadAway	HeadAway	0	nan	0
[clueless;F_03_082,pineapple_3;K_02_011]	i	Curved	0.0	nan	nan	Open	1.0	OneHanded	Straight	1	Head	Eye	HeadAway	0	nan	0
[clueless;F_03_082,pineapple_3;K_02_011]	i	Curved	0.0	nan	nan	Open	1.0	OneHanded	Straight	1	Head	HeadAway	Eye	0	nan	0
[plummet;G_03_028,CANCEL;F_03_083]	i	FullyOpen	0.0	nan	nan	Closed	0.0	AsymmetricalDifferentHandshape	Curved	0	Hand	Palm	HandAway	1	B	1
[plummet;G_03_028,CANCEL;F_03_083]	i	FullyOpen	0.0	nan	nan	Closed	0.0	AsymmetricalDifferentHandshape	X-shaped	0	Hand	Palm	HandAway	1	B	0
[once;J_02_059,CANCEL;F_03_083]	i	Flat	0.0	nan	nan	Closed	0.0	AsymmetricalDifferentHandshape	X-shaped	0	Hand	Palm	HandAway	1	B	1
[once;J_02_059,CANCEL;F_03_083]	i	FullyOpen	0.0	nan	nan	Closed	0.0	AsymmetricalDifferentHandshape	Curved	0	Hand	Palm	HandAway	1	B	1
[story_2;J_01_007,sausage;F_03_088]	imrp	Curved	1.0	0.0	0.0	Open	1.0	SymmetricalOrAlternating	Straight	1	Neutral	Neutral	Neutral	1	o	1
[pop_3;K_02_115,sausage;F_03_088]	imrp	Curved	1.0	0.0	0.0	Open	1.0	SymmetricalOrAlternating	BackAndForth	1	Neutral	Neutral	Neutral	1	o	0
[wrap_up;F_03_091,jump_rope;G_01_019]	i	Bent	0.0	nan	nan	Open	1.0	SymmetricalOrAlternating	Circular	1	Neutral	Neutral	Neutral	0	baby_o	1
[wrap_up;F_03_091,jump_rope;G_01_019]	i	Bent	0.0	nan	nan	Open	1.0	SymmetricalOrAlternating	Other	1	Neutral	Neutral	Neutral	0	baby_o	0
[wrap_up;F_03_091,toy_3;H_03_070]	i	Bent	0.0	nan	nan	Open	1.0	SymmetricalOrAlternating	nan	1	Neutral	Neutral	Neutral	0	baby_o	1
[wrap_up;F_03_091,toy_3;H_03_070]	i	Bent	0.0	nan	nan	Open	1.0	SymmetricalOrAlternating	Other	1	Neutral	Neutral	nan	0	baby_o	1
[wrap_up;F_03_091,knitting_2;K_02_025]	i	Bent	0.0	nan	nan	Open	1.0	SymmetricalOrAlternating	Curved	1	Neutral	Neutral	Neutral	0	baby_o	1
[wrap_up;F_03_091,knitting_2;K_02_025]	i	Bent	0.0	nan	nan	Open	1.0	SymmetricalOrAlternating	Other	1	Neutral	Neutral	Neutral	1	baby_o	1
[ostrich;F_03_098,scoop;J_03_044]	imrp	FullyClosed	0.0	nan	0.0	Closed	1.0	AsymmetricalDifferentHandshape	Z-shaped	0	Hand	HandAway	HandAway	0	C	0
[ostrich;F_03_098,scoop;J_03_044]	imrp	FullyClosed	0.0	nan	0.0	Closed	1.0	AsymmetricalDifferentHandshape	Curved	0	Hand	HandAway	HandAway	0	C	1
[catch_baseball;K_02_058,ostrich;F_03_098]	imrp	FullyClosed	0.0	nan	0.0	Closed	1.0	AsymmetricalDifferentHandshape	Curved	0	Hand	HandAway	Palm	0	C	0
[catch_baseball;K_02_058,ostrich;F_03_098]	imrp	FullyClosed	0.0	nan	0.0	Closed	1.0	AsymmetricalDifferentHandshape	Curved	0	Hand	HandAway	HandAway	1	C	0
[child;F_03_101,camel;G_01_042]	imrp	Flat	0.0	0.0	0.0	Open	0.0	OneHanded	Z-shaped	1	Neutral	Neutral	Neutral	0	nan	0
[child;F_03_101,boston;J_03_001]	imrp	Flat	0.0	0.0	0.0	Closed	0.0	OneHanded	Straight	1	Neutral	Neutral	Neutral	0	nan	0
[rich;F_03_103,snail;G_01_067]	im	FullyClosed	1.0	nan	1.0	Closed	1.0	AsymmetricalDifferentHandshape	Straight	0	Hand	Palm	HandAway	1	C	0
[rich;F_03_103,snail;G_01_067]	imrp	FullyClosed	1.0	nan	1.0	Closed	1.0	AsymmetricalDifferentHandshape	Curved	0	Hand	Palm	HandAway	1	C	0
[hitchhike;J_02_034,refrigerator;G_01_001]	t	nan	nan	nan	nan	Open	nan	OneHanded	Straight	1	Body	BodyAway	BodyAway	0	a	0
[hitchhike;J_02_034,refrigerator;G_01_001]	t	nan	nan	nan	nan	Open	nan	SymmetricalOrAlternating	Straight	1	Body	BodyAway	BodyAway	0	nan	0
[disappoint;G_03_018,spot_something;G_01_002]	i	FullyOpen	0.0	nan	nan	Closed	0.0	OneHanded	Straight	0	Head	Eye	nan	1	nan	0
[disappoint;G_03_018,spot_something;G_01_002]	i	FullyOpen	0.0	nan	nan	Closed	0.0	OneHanded	nan	0	Head	Chin	nan	1	nan	0
[deaf_school;H_01_022,spot_something;G_01_002]	i	FullyOpen	0.0	nan	nan	Closed	0.0	OneHanded	nan	0	Head	Other	nan	1	nan	0
[deaf_school;H_01_022,spot_something;G_01_002]	i	FullyOpen	0.0	nan	nan	Closed	0.0	OneHanded	nan	0	Head	Eye	nan	0	nan	0
[sneeze_2;K_02_023,spot_something;G_01_002]	i	Flat	0.0	nan	nan	Closed	0.0	OneHanded	nan	0	Head	Eye	nan	1	nan	0
[sneeze_2;K_02_023,spot_something;G_01_002]	i	FullyOpen	0.0	nan	nan	Closed	0.0	OneHanded	nan	0	Head	UpperLip	nan	1	nan	0
[limited;G_01_003,go_ahead;J_01_041]	imrp	Flat	0.0	0.0	0.0	Open	0.0	SymmetricalOrAlternating	Straight	0	Neutral	Neutral	nan	0	flat_b	0
[soon_1;G_01_004,cheek;G_03_052]	i	Bent	0.0	nan	nan	Open	1.0	OneHanded	Straight	1	Head	Chin	nan	1	nan	0
[soon_1;G_01_004,cheek;G_03_052]	i	Curved	0.0	nan	nan	Open	1.0	OneHanded	Straight	1	Head	CheekNose	nan	1	nan	0
[lesbian;H_01_057,soon_1;G_01_004]	i	FullyOpen	0.0	nan	nan	Open	1.0	OneHanded	Straight	1	Head	Chin	nan	1	nan	0
[lesbian;H_01_057,soon_1;G_01_004]	i	Curved	0.0	nan	nan	Open	0.0	OneHanded	Straight	1	Head	Chin	nan	1	nan	0
[soon_1;G_01_004,know_nothing;H_02_064]	i	Curved	0.0	nan	nan	Open	1.0	OneHanded	Straight	0	Head	Chin	nan	1	nan	0
[soon_1;G_01_004,know_nothing;H_02_064]	i	Curved	0.0	nan	nan	Open	1.0	OneHanded	Straight	1	Head	Forehead	nan	1	nan	0
[soon_1;G_01_004,fireman_2;K_03_052]	i	Curved	0.0	nan	nan	Open	0.0	OneHanded	Straight	1	Head	Chin	nan	1	nan	0
[soon_1;G_01_004,fireman_2;K_03_052]	i	Curved	0.0	nan	nan	Open	1.0	OneHanded	Straight	1	Head	Forehead	nan	1	nan	0
[hoe;G_01_007,downhill;H_03_012]	imrp	Flat	0.0	0.0	0.0	Closed	0.0	AsymmetricalSameHandshape	Straight	1	Hand	Palm	HandAway	1	flat_b	0
[hoe;G_01_007,downhill;H_03_012]	imrp	Flat	0.0	0.0	0.0	Open	0.0	AsymmetricalSameHandshape	Straight	0	Hand	Palm	HandAway	1	flat_b	0
[hoe;G_01_007,pet_2;K_02_085]	imrp	Flat	1.0	0.0	0.0	Open	0.0	AsymmetricalSameHandshape	Straight	1	Hand	Palm	HandAway	1	flat_b	0
[guillotine_1;G_01_008,leather;G_02_008]	imrp	Flat	0.0	0.0	0.0	Open	0.0	OneHanded	Curved	1	Body	Clavicle	BodyAway	0	nan	1
[guillotine_1;G_01_008,leather;G_02_008]	imrp	Flat	0.0	0.0	0.0	Open	0.0	OneHanded	Curved	1	Body	BodyAway	BodyAway	1	nan	1
[pizza_1;G_01_013,different_situation;J_01_075]	i	FullyOpen	0.0	nan	nan	Open	0.0	OneHanded	nan	1	Neutral	Neutral	nan	0	l	1
[pizza_1;G_01_013,different_situation;J_01_075]	i	FullyOpen	0.0	nan	nan	Open	0.0	SymmetricalOrAlternating	nan	1	Neutral	Neutral	nan	0	nan	1
[incredible;J_03_080,pizza_1;G_01_013]	i	FullyOpen	0.0	nan	nan	Open	0.0	SymmetricalOrAlternating	Curved	1	Neutral	Neutral	nan	0	l	1
[incredible;J_03_080,pizza_1;G_01_013]	i	FullyOpen	0.0	nan	nan	Open	0.0	SymmetricalOrAlternating	nan	1	Neutral	Neutral	Neutral	0	l	1
[near;G_01_014,bother;H_01_040]	imrp	FullyOpen	0.0	0.0	0.0	Open	0.0	AsymmetricalSameHandshape	Straight	1	Hand	FingerBack	nan	0	open_b	0
[near;G_01_014,minimum;J_03_077]	imrp	FullyOpen	0.0	0.0	0.0	Open	0.0	AsymmetricalSameHandshape	Curved	1	Hand	FingerBack	nan	1	open_b	0
[tape;G_01_017,abbreviate;G_01_040]	im	FullyOpen	0.0	0.0	0.0	Closed	0.0	DominanceViolation	Straight	0	Hand	FingerRadial	HandAway	1	DominanceConditionViolation	0
[tape;G_01_017,abbreviate;G_01_040]	im	FullyOpen	0.0	0.0	0.0	Closed	0.0	DominanceViolation	Straight	0	Hand	FingerBack	HandAway	1	DominanceConditionViolation	1
[stand_2;K_02_081,tape;G_01_017]	im	FullyOpen	1.0	0.0	0.0	Closed	0.0	DominanceViolation	Straight	0	Hand	FingerBack	HandAway	1	DominanceConditionViolation	0
[stand_2;K_02_081,tape;G_01_017]	im	FullyOpen	0.0	0.0	0.0	Closed	0.0	DominanceViolation	Curved	0	Hand	FingerBack	HandAway	1	DominanceConditionViolation	0
[knife_2;K_03_043,tape;G_01_017,locker;K_01_126]	im	FullyOpen	0.0	0.0	0.0	Closed	0.0	DominanceViolation	Straight	0	Hand	FingerBack	FingerBack	1	DominanceConditionViolation	0
[early;G_01_018,touch;G_03_063]	m	Flat	0.0	nan	nan	Open	0.0	AsymmetricalDifferentHandshape	BackAndForth	0	Hand	PalmBack	HandAway	1	B	0
[early;G_01_018,touch;G_03_063]	m	Flat	0.0	nan	nan	Open	0.0	AsymmetricalDifferentHandshape	Straight	0	Hand	PalmBack	HandAway	1	5	0
[early;G_01_018,naked;H_01_087]	m	Flat	0.0	nan	nan	Open	0.0	AsymmetricalDifferentHandshape	Curved	0	Hand	PalmBack	HandAway	1	B	0
[early;G_01_018,naked;H_01_087]	m	Flat	0.0	nan	nan	Open	0.0	AsymmetricalDifferentHandshape	Straight	0	Hand	PalmBack	HandAway	1	C	0
[jump_rope;G_01_019,replace;J_03_007]	i	Bent	0.0	nan	nan	Open	1.0	SymmetricalOrAlternating	Curved	1	Neutral	Neutral	Neutral	0	baby_o	0
[jump_rope;G_01_019,replace;J_03_007]	i	Bent	0.0	nan	nan	Open	1.0	SymmetricalOrAlternating	Circular	0	Neutral	Neutral	Neutral	0	baby_o	0
[jump_rope;G_01_019,tuesday;J_03_087]	i	Bent	0.0	nan	nan	Open	1.0	OneHanded	Circular	1	Neutral	Neutral	Neutral	0	baby_o	0
[jump_rope;G_01_019,tuesday;J_03_087]	i	Bent	0.0	nan	nan	Open	1.0	SymmetricalOrAlternating	Circular	1	Neutral	Neutral	Neutral	0	nan	0
[develop;H_01_050,highlighter;G_01_020]	m	Bent	0.0	nan	nan	Open	1.0	AsymmetricalDifferentHandshape	Straight	0	Hand	Palm	FingerFront	1	B	0
[develop;H_01_050,highlighter;G_01_020]	i	Curved	0.0	nan	nan	Open	1.0	AsymmetricalDifferentHandshape	Straight	0	Hand	Palm	FingerFront	1	B	0
[score;H_01_060,highlighter;G_01_020]	i	Curved	0.0	nan	nan	Open	1.0	AsymmetricalDifferentHandshape	Straight	0	Hand	Palm	FingerFront	1	B	0
[score;H_01_060,highlighter;G_01_020]	i	Bent	0.0	nan	nan	Open	1.0	AsymmetricalDifferentHandshape	Straight	0	Hand	Palm	HandAway	1	B	0
[therapy;H_03_088,highlighter;G_01_020]	i	Bent	0.0	nan	nan	Open	1.0	AsymmetricalDifferentHandshape	Straight	1	Hand	Palm	FingerFront	1	B	0
[therapy;H_03_088,highlighter;G_01_020]	i	Bent	0.0	nan	nan	Open	1.0	AsymmetricalDifferentHandshape	Straight	0	Hand	Palm	nan	1	B	0
[busted;G_01_022,hanukkah;G_02_030]	imrp	FullyOpen	0.0	1.0	0.0	Closed	0.0	SymmetricalOrAlternating	Curved	0	Neutral	Neutral	Neutral	1	5	0
[busted;G_01_022,hanukkah;G_02_030]	imrp	FullyOpen	0.0	1.0	0.0	Open	0.0	SymmetricalOrAlternating	Curved	0	Neutral	Neutral	Neutral	1	4	0
[complain;G_01_023,cellphone;K_01_128]	imrp	Curved	0.0	1.0	0.0	Open	0.0	OneHanded	Straight	1	Head	TorsoMid	nan	1	nan	0
[complain;G_01_023,policeman_2;K_03_104]	imrp	Curved	0.0	0.0	0.0	Open	0.0	OneHanded	Straight	1	Body	TorsoMid	nan	1	nan	0
[free;G_01_027,brick;H_02_085]	i	Curved	1.0	nan	nan	Open	1.0	SymmetricalOrAlternating	Curved	0	Neutral	Neutral	Neutral	1	f	0
[free;G_01_027,brick;H_02_085]	i	Curved	0.0	nan	nan	Open	1.0	SymmetricalOrAlternating	Straight	0	Neutral	Neutral	Neutral	1	f	0
[free;G_01_027,deal_cards;J_02_074]	i	Bent	0.0	nan	nan	Open	1.0	SymmetricalOrAlternating	Curved	0	Neutral	Neutral	Neutral	1	f	0
[free;G_01_027,deal_cards;J_02_074]	i	Curved	0.0	nan	nan	Open	1.0	SymmetricalOrAlternating	Curved	0	Neutral	Neutral	Neutral	1	baby_o	0
[free;G_01_027,hang_clothes;K_02_069]	i	Curved	0.0	nan	nan	Open	1.0	SymmetricalOrAlternating	Straight	0	Neutral	Neutral	Neutral	1	f	0
[free;G_01_027,hang_clothes;K_02_069]	i	Curved	0.0	nan	nan	Open	1.0	SymmetricalOrAlternating	Curved	0	Neutral	Neutral	Neutral	0	f	0
[different_situation;J_01_075,pitcher;G_01_028]	i	FullyOpen	0.0	nan	nan	Open	0.0	OneHanded	Curved	1	Neutral	Neutral	nan	0	nan	1
[different_situation;J_01_075,pitcher;G_01_028]	p	FullyOpen	0.0	nan	nan	Open	0.0	OneHanded	nan	1	Neutral	Neutral	nan	0	nan	1
[place;G_01_029,supervise;J_01_018]	im	Stacked	0.0	nan	0.0	Open	1.0	SymmetricalOrAlternating	Circular	0	Neutral	Neutral	Neutral	1	p	0
[place;G_01_029,supervise;J_01_018]	im	Stacked	0.0	nan	0.0	Open	1.0	SymmetricalOrAlternating	Curved	1	Neutral	Neutral	Neutral	1	p	0
[sweat;H_02_051,stare;G_01_034]	imrp	Flat	0.0	1.0	0.0	Closed	0.0	OneHanded	Straight	0	Head	CheekNose	HeadAway	1	nan	0
[sweat;H_02_051,stare;G_01_034]	im	Flat	0.0	1.0	0.0	Open	0.0	OneHanded	Straight	0	Head	CheekNose	HeadAway	1	nan	0
[humor;H_03_063,stare;G_01_034]	im	Flat	0.0	0.0	0.0	Closed	0.0	OneHanded	Straight	0	Head	CheekNose	HeadAway	1	nan	0
[humor;H_03_063,stare;G_01_034]	im	Flat	0.0	1.0	0.0	Closed	0.0	OneHanded	Straight	1	Head	CheekNose	HeadAway	1	nan	0
[tty;G_01_035,knight;H_01_054]	i	Bent	0.0	nan	nan	Open	1.0	OneHanded	Straight	0	Neutral	Neutral	Neutral	0	nan	0
[tty;G_01_035,knight;H_01_054]	i	Bent	nan	nan	nan	Open	1.0	OneHanded	Curved	0	Neutral	Neutral	Neutral	0	nan	0
[all_way;H_01_084,third;J_02_072,forest;G_01_038,knock_off;H_03_035]	imrp	FullyOpen	0.0	1.0	0.0	Open	0.0	OneHanded	Curved	0	Neutral	Neutral	Neutral	0	nan	1
[third;J_02_072,forest;G_01_038]	im	FullyOpen	0.0	1.0	0.0	Open	0.0	OneHanded	Curved	1	Neutral	Neutral	Neutral	0	nan	1
[maid;G_01_044,dinner;J_02_023]	mrp	Curved	0.0	0.0	0.0	Open	1.0	OneHanded	Straight	1	Head	Chin	nan	1	nan	0
[maid;G_01_044,dinner;J_02_023]	mr	Curved	0.0	0.0	0.0	Open	1.0	OneHanded	Straight	1	Head	Chin	HeadAway	1	nan	0
[stretch_1;K_02_108,support_1;G_01_052]	imrp	FullyClosed	0.0	nan	nan	Closed	1.0	AsymmetricalSameHandshape	Straight	1	Hand	FingerUlnar	FingerUlnar	1	s	0
[stretch_1;K_02_108,support_1;G_01_052]	imrp	FullyClosed	0.0	nan	0.0	Closed	1.0	AsymmetricalSameHandshape	Straight	1	Hand	FingerUlnar	HandAway	1	s	0
[naked;H_01_087,sharp_1;G_01_055]	m	Flat	0.0	nan	nan	Open	0.0	AsymmetricalDifferentHandshape	Curved	0	Hand	PalmBack	HandAway	1	1	0
[naked;H_01_087,sharp_1;G_01_055]	m	Flat	0.0	nan	nan	Open	0.0	AsymmetricalDifferentHandshape	Curved	0	Hand	FingerBack	HandAway	1	C	0
[shake_1;G_01_062,popular;J_01_016]	imrp	FullyOpen	0.0	1.0	0.0	Open	0.0	AsymmetricalDifferentHandshape	Straight	1	Hand	FingerRadial	nan	1	O	0
[love;G_01_068,bless;G_02_016]	t	nan	nan	nan	nan	Open	nan	SymmetricalOrAlternating	nan	0	Head	TorsoTop	nan	1	a	0
[love;G_01_068,bless;G_02_016]	t	nan	nan	nan	nan	Open	nan	SymmetricalOrAlternating	nan	0	Body	Mouth	nan	1	a	0
[sweetheart;H_02_005,love;G_01_068]	t	nan	1.0	nan	nan	Open	nan	SymmetricalOrAlternating	nan	0	Body	TorsoTop	nan	1	a	0
[sweetheart;H_02_005,love;G_01_068]	t	nan	nan	nan	nan	Open	nan	SymmetricalOrAlternating	nan	1	Body	TorsoTop	nan	1	a	0
[sweater_3;K_02_090,love;G_01_068]	t	nan	nan	nan	nan	Open	nan	SymmetricalOrAlternating	Curved	0	Body	TorsoTop	nan	1	a	0
[sweater_3;K_02_090,love;G_01_068]	t	nan	nan	nan	nan	Open	nan	SymmetricalOrAlternating	nan	0	Body	TorsoTop	Waist	1	a	0
[page;G_01_070,commute;H_02_044]	t	nan	nan	nan	nan	Open	nan	AsymmetricalDifferentHandshape	Straight	1	Hand	Heel	HandAway	1	B	0
[page;G_01_070,commute;H_02_044]	t	nan	nan	nan	nan	Open	nan	AsymmetricalDifferentHandshape	Curved	1	Hand	PalmBack	HandAway	1	B	0
[magnify_1;G_01_073,cheek;G_03_052]	i	Bent	0.0	nan	nan	Open	1.0	OneHanded	Straight	1	Head	CheekNose	HeadAway	1	nan	0
[magnify_1;G_01_073,cheek;G_03_052]	i	Bent	0.0	nan	nan	Open	1.0	OneHanded	Straight	1	Head	Eye	nan	1	nan	0
[goatee;G_01_074,choke;G_01_079]	imrp	Curved	0.0	0.0	0.0	Open	0.0	OneHanded	Straight	0	Body	Chin	nan	1	nan	0
[hear_2;J_02_006,goatee;G_01_074,choke;G_01_079]	imrp	Curved	0.0	0.0	0.0	Open	0.0	OneHanded	Straight	0	Head	Neck	nan	1	nan	0
[bitch;H_01_058,goatee;G_01_074]	imrp	Curved	0.0	0.0	0.0	Closed	0.0	OneHanded	Straight	0	Head	Chin	nan	1	nan	0
[hear_2;J_02_006,goatee;G_01_074,howl;J_02_019]	imrp	Curved	0.0	0.0	0.0	Open	0.0	OneHanded	Straight	0	Head	HeadAway	nan	1	nan	0
[dog;H_02_103,choke;G_01_079]	imrp	Curved	0.0	0.0	0.0	Open	0.0	OneHanded	Straight	0	Body	Hips	nan	1	nan	0
[hear_2;J_02_006,choke;G_01_079]	imrp	Curved	0.0	0.0	0.0	Open	0.0	OneHanded	Straight	0	Body	Other	nan	1	nan	0
[bra_3;K_02_039,choke;G_01_079]	imrp	Curved	0.0	0.0	0.0	Open	0.0	OneHanded	Straight	0	Body	TorsoMid	nan	1	nan	0
[policeman_2;K_03_104,choke;G_01_079]	imrp	Curved	0.0	0.0	0.0	Open	0.0	OneHanded	Straight	1	Body	Neck	nan	1	nan	0
[wrap_up_2;K_02_062,fair;G_01_080]	imrp	Flat	0.0	0.0	0.0	Open	0.0	SymmetricalOrAlternating	Circular	1	Neutral	Neutral	Neutral	1	flat_b	0
[champ;J_03_030,champion;G_01_081]	imrp	Curved	0.0	1.0	0.0	Open	0.0	AsymmetricalDifferentHandshape	Straight	0	Hand	FingerTip	HandAway	1	1	0
[champ;J_03_030,champion;G_01_081]	imrp	Curved	0.0	1.0	0.0	Open	0.0	AsymmetricalDifferentHandshape	BackAndForth	0	Hand	FingerTip	nan	1	1	0
[chew_2;J_02_027,take;G_01_093]	imrp	Curved	1.0	1.0	1.0	Open	1.0	OneHanded	Circular	0	Neutral	Neutral	Neutral	0	nan	0
[quality;J_02_095,spain;G_01_094]	i	Flat	0.0	nan	nan	Open	1.0	OneHanded	Circular	0	Body	BodyAway	Clavicle	1	nan	1
[quality;J_02_095,spain;G_01_094]	i	Bent	0.0	nan	nan	Open	0.0	OneHanded	Circular	0	Body	BodyAway	Clavicle	1	nan	1
[together;G_01_097,massage;H_01_100]	imrp	Curved	1.0	1.0	1.0	Open	0.0	SymmetricalOrAlternating	Curved	1	Neutral	Neutral	Neutral	1	curved_5	0
[together;G_01_097,massage;H_01_100]	imrp	Curved	1.0	1.0	1.0	Open	0.0	SymmetricalOrAlternating	Circular	1	Neutral	Neutral	Neutral	0	curved_5	0
[together;G_01_097,deliberate;H_02_009]	imrp	Curved	0.0	1.0	1.0	Open	0.0	SymmetricalOrAlternating	Circular	1	Neutral	Neutral	Neutral	1	curved_5	0
[crumple;K_01_124,together;G_01_097,deliberate;H_02_009]	imrp	Curved	1.0	1.0	1.0	Open	1.0	SymmetricalOrAlternating	Circular	1	Neutral	Neutral	Neutral	1	curved_5	0
[crumple;K_01_124,together;G_01_097]	imrp	Curved	1.0	1.0	1.0	Open	0.0	SymmetricalOrAlternating	Straight	1	Neutral	Neutral	Neutral	1	curved_5	0
[handsome_2;G_01_098,humor;H_03_063]	im	Flat	0.0	0.0	0.0	Closed	0.0	OneHanded	Straight	1	Head	HeadAway	HeadAway	1	nan	0
[barrette;G_01_101,duck_2;K_02_068]	imrp	Flat	1.0	0.0	0.0	Open	1.0	OneHanded	nan	1	Head	HeadTop	nan	1	nan	0
[square;J_01_060,back_up;G_01_102]	i	FullyOpen	1.0	nan	nan	Closed	0.0	SymmetricalOrAlternating	Other	0	Neutral	Neutral	Neutral	0	1	0
[square;J_01_060,back_up;G_01_102]	i	FullyOpen	0.0	nan	nan	Closed	0.0	SymmetricalOrAlternating	Other	0	Neutral	Neutral	Neutral	1	1	0
[triangle;J_02_080,back_up;G_01_102]	i	FullyOpen	0.0	nan	nan	Closed	0.0	SymmetricalOrAlternating	BackAndForth	0	Neutral	Neutral	Neutral	0	1	0
[triangle;J_02_080,back_up;G_01_102]	i	FullyOpen	0.0	nan	nan	Closed	0.0	SymmetricalOrAlternating	Other	0	Neutral	Neutral	Neutral	1	1	0
[hongkong;G_02_004,boyfriend;G_02_058]	imrp	Flat	1.0	0.0	1.0	Open	1.0	OneHanded	nan	0	Head	HeadAway	nan	0	nan	0
[hongkong;G_02_004,talk_2;H_01_023]	imrp	Flat	1.0	0.0	1.0	Open	1.0	OneHanded	nan	1	Head	Mouth	nan	0	nan	0
[stapler;G_02_005,april;H_02_070]	t	nan	nan	nan	nan	Open	nan	OneHanded	BackAndForth	0	Neutral	Neutral	Neutral	0	nan	0
[stapler;G_02_005,april;H_02_070]	t	nan	1.0	nan	nan	Open	nan	OneHanded	Straight	0	Neutral	Neutral	Neutral	0	nan	0
[erase_2;K_03_098,stapler;G_02_005]	t	nan	nan	nan	nan	Open	nan	OneHanded	BackAndForth	0	Neutral	Neutral	Neutral	0	nan	0
[erase_2;K_03_098,stapler;G_02_005]	t	nan	1.0	nan	nan	Open	nan	OneHanded	Other	0	Neutral	Neutral	Neutral	0	nan	0
[coach;H_02_083,leather;G_02_008]	imrp	Curved	0.0	0.0	0.0	Open	0.0	OneHanded	Curved	1	Body	Clavicle	BodyAway	1	nan	1
[coach;H_02_083,leather;G_02_008]	imrp	Flat	0.0	0.0	0.0	Open	0.0	OneHanded	Curved	1	Body	Shoulder	BodyAway	1	nan	1
[bell;G_02_018,count;G_02_054]	i	Curved	0.0	nan	nan	Open	1.0	AsymmetricalDifferentHandshape	Straight	0	Hand	Palm	HandAway	1	B	0
[bell;G_02_018,count;G_02_054]	i	Curved	0.0	nan	nan	Open	1.0	AsymmetricalDifferentHandshape	Z-shaped	0	Hand	Palm	FingerFront	1	B	0
[dig_up;G_02_019,agency;H_01_044]	t	nan	nan	nan	nan	Open	nan	SymmetricalOrAlternating	Curved	0	Neutral	Neutral	Neutral	0	a	1
[dig_up;G_02_019,agency;H_01_044]	t	nan	nan	nan	nan	Open	nan	SymmetricalOrAlternating	Curved	1	Neutral	Neutral	Neutral	1	a	1
[wise;G_02_023,watch;G_02_078]	i	Bent	0.0	nan	nan	Open	0.0	OneHanded	Straight	1	Head	HeadAway	HeadAway	0	nan	0
[wise;G_02_023,watch;G_02_078]	i	Bent	0.0	nan	nan	Closed	0.0	OneHanded	Straight	0	Head	HeadAway	HeadAway	0	nan	0
[spicy;J_03_036,garlic;G_02_028]	imrp	Flat	0.0	0.0	1.0	Open	0.0	OneHanded	Straight	1	Head	Chin	HeadAway	1	nan	0
[spicy;J_03_036,garlic;G_02_028]	imrp	Flat	1.0	0.0	1.0	Open	0.0	OneHanded	Straight	1	Head	Mouth	HeadAway	1	nan	0
[effect;G_02_044,beach;G_02_029]	imrp	Flat	1.0	0.0	1.0	Open	1.0	AsymmetricalDifferentHandshape	BackAndForth	0	Hand	PalmBack	HandAway	1	B	0
[valley;G_02_090,hanukkah;G_02_030]	imrp	FullyOpen	0.0	0.0	0.0	Closed	0.0	SymmetricalOrAlternating	Curved	0	Neutral	Neutral	Neutral	1	4	0
[valley;G_02_090,hanukkah;G_02_030]	imrp	FullyOpen	0.0	1.0	0.0	Closed	0.0	SymmetricalOrAlternating	Curved	0	Neutral	Neutral	Neutral	1	closed_b	0
[hanukkah;G_02_030,very;G_02_101]	im	FullyOpen	0.0	1.0	0.0	Closed	0.0	SymmetricalOrAlternating	Curved	0	Neutral	Neutral	Neutral	1	4	0
[hanukkah;G_02_030,very;G_02_101]	imrp	FullyOpen	0.0	1.0	0.0	Closed	0.0	SymmetricalOrAlternating	Curved	0	Neutral	Neutral	Neutral	1	v	0
[catch;G_02_033,wring;H_01_029]	imrp	Curved	1.0	1.0	0.0	Open	1.0	SymmetricalOrAlternating	Straight	0	Neutral	Neutral	Neutral	0	curved_5	1
[catch;G_02_033,plow;H_02_058]	imrp	Curved	0.0	1.0	0.0	Open	1.0	SymmetricalOrAlternating	Straight	0	Neutral	Neutral	Neutral	0	curved_5	0
[catch;G_02_033,plow;H_02_058]	imrp	Curved	1.0	1.0	0.0	Open	0.0	SymmetricalOrAlternating	Straight	0	Neutral	Neutral	Neutral	0	curved_5	0
[frame;G_02_034,group;J_01_001]	i	Flat	0.0	nan	nan	Open	0.0	SymmetricalOrAlternating	Curved	0	Neutral	Neutral	Neutral	1	g	0
[frame;G_02_034,group;J_01_001]	i	Flat	0.0	nan	nan	Open	0.0	SymmetricalOrAlternating	BackAndForth	0	Neutral	Neutral	Neutral	1	g	1
[cannon;G_02_037,arm_2;K_01_095]	i	FullyOpen	0.0	nan	nan	Closed	0.0	OneHanded	Straight	1	Arm	ForearmBack	ArmAway	1	nan	0
[cannon;G_02_037,arm_2;K_01_095]	i	FullyOpen	0.0	nan	nan	Closed	0.0	OneHanded	Straight	1	Arm	WristBack	ForearmBack	1	nan	0
[ceiling;J_01_091,very_interested;G_02_039]	imrp	Flat	0.0	0.0	0.0	Open	0.0	SymmetricalOrAlternating	Straight	0	Head	HeadAway	HeadAway	0	flat_b	1
[tendency;G_03_089,concerned;G_02_047]	m	Flat	0.0	nan	nan	Open	0.0	SymmetricalOrAlternating	Straight	0	Body	TorsoTop	BodyAway	1	open_8	0
[tendency;G_03_089,concerned;G_02_047]	m	Flat	0.0	nan	nan	Open	0.0	SymmetricalOrAlternating	Straight	1	Body	Clavicle	BodyAway	1	open_8	0
[celery;G_02_048,kiss_fist;J_03_038]	imrp	FullyClosed	0.0	nan	0.0	Closed	1.0	OneHanded	Straight	0	Head	Mouth	HeadAway	1	nan	1
[celery;G_02_048,kiss_fist;J_03_038]	imrp	FullyClosed	0.0	nan	0.0	Closed	1.0	OneHanded	Curved	0	Head	Mouth	HeadAway	1	nan	0
[miss;G_02_049,single;H_01_018]	i	FullyOpen	0.0	nan	nan	Closed	0.0	OneHanded	Z-shaped	0	Head	Chin	nan	1	nan	0
[miss;G_02_049,single;H_01_018]	i	FullyOpen	0.0	nan	nan	Closed	0.0	OneHanded	nan	0	Head	Chin	Chin	1	nan	0
[miss;G_02_049,deaf_school;H_01_022]	i	FullyOpen	0.0	nan	nan	Closed	0.0	OneHanded	nan	0	Head	Other	nan	1	nan	0
[miss;G_02_049,deaf_school;H_01_022]	i	FullyOpen	0.0	nan	nan	Closed	0.0	OneHanded	nan	0	Head	Chin	nan	0	nan	0
[miss;G_02_049,sneeze_2;K_02_023]	i	Flat	0.0	nan	nan	Closed	0.0	OneHanded	nan	0	Head	Chin	nan	1	nan	0
[miss;G_02_049,sneeze_2;K_02_023]	i	FullyOpen	0.0	nan	nan	Closed	0.0	OneHanded	nan	0	Head	UpperLip	nan	1	nan	0
[dispatch;G_02_102,before;G_02_053]	imrp	Flat	1.0	0.0	0.0	Open	0.0	AsymmetricalSameHandshape	Curved	0	Hand	FingerFront	HandAway	1	flat_b	0
[mosquito;H_03_053,count;G_02_054]	i	Curved	0.0	nan	nan	Open	1.0	AsymmetricalDifferentHandshape	Straight	0	Hand	PalmBack	FingerFront	1	B	0
[mosquito;H_03_053,count;G_02_054]	i	Curved	0.0	nan	nan	Open	1.0	AsymmetricalDifferentHandshape	Straight	0	Hand	Palm	nan	1	B	0
[deal_cards;J_02_074,edit;G_02_057]	i	Bent	0.0	nan	nan	Open	1.0	SymmetricalOrAlternating	Curved	0	Neutral	Neutral	Neutral	1	baby_o	1
[deal_cards;J_02_074,edit;G_02_057]	i	Bent	0.0	nan	nan	Open	1.0	SymmetricalOrAlternating	Straight	0	Neutral	Neutral	Neutral	1	baby_o	0
[vlog;J_03_027,edit;G_02_057]	i	Bent	1.0	nan	nan	Open	1.0	SymmetricalOrAlternating	Straight	0	Neutral	Neutral	Neutral	1	baby_o	1
[vlog;J_03_027,edit;G_02_057]	i	Bent	0.0	nan	nan	Open	1.0	SymmetricalOrAlternating	Straight	0	Neutral	Neutral	Neutral	1	baby_o	0
[knitting_2;K_02_025,edit;G_02_057]	i	Bent	0.0	nan	nan	Open	1.0	SymmetricalOrAlternating	Curved	0	Neutral	Neutral	Neutral	1	baby_o	1
[knitting_2;K_02_025,edit;G_02_057]	i	Bent	0.0	nan	nan	Open	1.0	SymmetricalOrAlternating	Straight	1	Neutral	Neutral	Neutral	1	baby_o	1
[edit;G_02_057,tie_up_1;K_03_035]	i	Bent	0.0	nan	nan	Open	1.0	SymmetricalOrAlternating	Other	0	Neutral	Neutral	Neutral	1	baby_o	1
[edit;G_02_057,tie_up_1;K_03_035]	i	Bent	0.0	nan	nan	Open	1.0	SymmetricalOrAlternating	Straight	0	Neutral	Neutral	Neutral	1	baby_o	0
[talk_2;H_01_023,boyfriend;G_02_058]	imrp	Flat	1.0	0.0	0.0	Open	1.0	OneHanded	nan	0	Head	Mouth	nan	0	nan	0
[boyfriend;G_02_058,why_not;H_02_034]	imrp	FullyOpen	1.0	0.0	0.0	Open	1.0	OneHanded	nan	0	Head	HeadAway	nan	0	nan	0
[boyfriend;G_02_058,why_not;H_02_034]	imrp	Flat	1.0	0.0	0.0	Open	0.0	OneHanded	nan	0	Head	HeadAway	nan	0	nan	0
[tow_1;H_01_086,ruin;G_02_060]	i	Bent	0.0	nan	nan	Closed	0.0	DominanceViolation	Straight	0	Hand	FingerFront	HandAway	1	DominanceConditionViolation	0
[tow_1;H_01_086,ruin;G_02_060]	i	Bent	0.0	nan	nan	Closed	0.0	DominanceViolation	Straight	0	Hand	FingerRadial	nan	1	DominanceConditionViolation	0
[our;G_02_067,blouse;J_02_104]	imrp	Flat	0.0	1.0	0.0	Open	0.0	OneHanded	Curved	0	Body	TorsoTop	TorsoTop	1	nan	1
[braids;K_03_125,dreadlocks;G_02_069]	im	Crossed	0.0	0.0	0.0	Closed	0.0	SymmetricalOrAlternating	Straight	0	Head	Other	HeadAway	0	r	1
[braids;K_03_125,dreadlocks;G_02_069]	im	Crossed	0.0	0.0	0.0	Closed	0.0	SymmetricalOrAlternating	Other	0	Head	Other	HeadAway	1	r	1
[easy_to_do;G_02_073,minimum;J_03_077]	imrp	FullyOpen	1.0	0.0	0.0	Open	0.0	AsymmetricalSameHandshape	Curved	1	Hand	FingerBack	HandAway	1	open_b	0
[very;G_02_101,analyze;G_02_075]	im	FullyOpen	0.0	1.0	0.0	Closed	0.0	SymmetricalOrAlternating	Curved	1	Neutral	Neutral	Neutral	1	v	0
[news_to_me;H_01_078,very;G_02_101,analyze;G_02_075]	im	FullyOpen	1.0	1.0	0.0	Closed	0.0	SymmetricalOrAlternating	Curved	0	Neutral	Neutral	Neutral	1	v	0
[news_to_me;H_01_078,analyze;G_02_075]	im	FullyOpen	1.0	1.0	0.0	Closed	0.0	SymmetricalOrAlternating	Straight	1	Neutral	Neutral	Neutral	1	v	0
[whistle_3;K_03_055,noose;G_02_076]	i	Curved	0.0	nan	nan	Open	0.0	OneHanded	nan	0	Head	Neck	nan	1	nan	0
[whistle_3;K_03_055,noose;G_02_076]	i	Curved	0.0	nan	nan	Open	0.0	OneHanded	nan	0	Body	Mouth	nan	1	nan	0
[watch;G_02_078,hairdryer_2;K_03_056]	i	Bent	0.0	nan	nan	Open	1.0	OneHanded	Straight	0	Head	HeadAway	HeadAway	0	nan	0
[watch;G_02_078,hairdryer_2;K_03_056]	i	Bent	0.0	nan	nan	Open	0.0	OneHanded	Z-shaped	0	Head	HeadAway	HeadAway	0	nan	0
[should;G_02_079,quarter;H_02_049]	i	Flat	0.0	nan	nan	Closed	0.0	OneHanded	Straight	1	Neutral	Neutral	Neutral	0	nan	0
[should;G_02_079,quarter;H_02_049]	i	Bent	0.0	nan	nan	Open	0.0	OneHanded	Straight	1	Neutral	Neutral	Neutral	0	nan	0
[instagram;H_03_083,should;G_02_079]	i	Curved	0.0	nan	nan	Closed	0.0	OneHanded	Straight	1	Neutral	Neutral	Neutral	0	nan	0
[instagram;H_03_083,should;G_02_079]	i	Bent	0.0	nan	nan	Open	0.0	OneHanded	Straight	1	Neutral	Neutral	Neutral	0	nan	0
[point_index;K_02_083,should;G_02_079]	i	Flat	0.0	nan	nan	Closed	0.0	OneHanded	Straight	1	Neutral	Neutral	Neutral	0	nan	0
[point_index;K_02_083,should;G_02_079]	i	Bent	0.0	nan	nan	Closed	0.0	OneHanded	Straight	0	Neutral	Neutral	Neutral	0	nan	0
[rob;G_02_093,lift;G_02_082]	im	FullyOpen	0.0	0.0	0.0	Open	0.0	SymmetricalOrAlternating	Curved	0	Neutral	Neutral	Neutral	0	open_b	0
[rob;G_02_093,lift;G_02_082]	imrp	FullyOpen	0.0	0.0	0.0	Open	0.0	SymmetricalOrAlternating	Curved	0	Neutral	Neutral	Neutral	0	open_h	0
[lift;G_02_082,swear_in;J_02_016]	imrp	FullyOpen	0.0	0.0	0.0	Open	0.0	AsymmetricalSameHandshape	Curved	0	Neutral	Neutral	Neutral	0	open_b	0
[kindergarten;H_03_062,program;G_02_084]	im	Stacked	0.0	nan	0.0	Open	1.0	AsymmetricalDifferentHandshape	Straight	0	Hand	HandAway	HandAway	0	B	0
[kindergarten;H_03_062,program;G_02_084]	im	Stacked	0.0	nan	0.0	Open	1.0	AsymmetricalDifferentHandshape	BackAndForth	1	Hand	HandAway	HandAway	0	B	0
[finger;G_02_097,blow_candle_2;K_02_022]	i	FullyOpen	0.0	nan	nan	Closed	0.0	OneHanded	nan	1	Neutral	Neutral	nan	0	nan	0
[finger;G_02_097,blow_candle_2;K_02_022]	i	FullyOpen	1.0	nan	nan	Closed	0.0	OneHanded	nan	0	Neutral	Neutral	nan	0	nan	0
[surgery;H_03_046,stamp_1;G_02_098]	t	nan	nan	nan	nan	Open	nan	AsymmetricalDifferentHandshape	Straight	0	Hand	Palm	HandAway	1	B	0
[surgery;H_03_046,stamp_1;G_02_098]	t	nan	nan	nan	nan	Open	nan	AsymmetricalDifferentHandshape	BackAndForth	0	Hand	Palm	Heel	1	B	0
[dispatch;G_02_102,pet_2;K_02_085]	imrp	Flat	1.0	0.0	0.0	Open	0.0	AsymmetricalSameHandshape	Straight	0	Hand	PalmBack	HandAway	1	flat_b	0
[dispatch;G_02_102,pet_2;K_02_085]	imrp	Flat	1.0	0.0	0.0	Open	0.0	AsymmetricalSameHandshape	Curved	1	Hand	PalmBack	HandAway	1	flat_b	0
[hell;G_03_008,short_word;J_02_087]	im	FullyOpen	0.0	0.0	0.0	Closed	0.0	SymmetricalOrAlternating	Straight	0	Neutral	Neutral	Neutral	0	nan	0
[hell;G_03_008,short_word;J_02_087]	im	FullyOpen	0.0	0.0	0.0	Closed	0.0	OneHanded	Straight	0	Neutral	Neutral	Neutral	0	h	0
[nail;G_03_010,carve;K_02_026]	i	Bent	0.0	nan	nan	Open	1.0	AsymmetricalDifferentHandshape	Curved	1	Hand	HandAway	HandAway	0	S	0
[nail;G_03_010,carve;K_02_026]	i	Bent	0.0	nan	nan	Open	1.0	AsymmetricalDifferentHandshape	Straight	1	Hand	HandAway	HandAway	0	S	1
[bloom;G_03_014,clash;K_01_032]	imrp	Curved	1.0	0.0	1.0	Open	1.0	SymmetricalOrAlternating	BackAndForth	0	Neutral	Neutral	nan	1	o	0
[saxophone;G_03_015,bark;J_02_051]	imrp	Flat	0.0	1.0	0.0	Open	0.0	SymmetricalOrAlternating	nan	1	Neutral	Neutral	nan	0	flatspread_5	0
[saxophone;G_03_015,bark;J_02_051]	imrp	Flat	1.0	1.0	0.0	Open	0.0	SymmetricalOrAlternating	Curved	1	Neutral	Neutral	nan	0	flatspread_5	0
[saxophone;G_03_015,bark_2;K_01_074]	imrp	Flat	1.0	0.0	0.0	Open	0.0	SymmetricalOrAlternating	nan	1	Neutral	Neutral	nan	0	flatspread_5	0
[saxophone;G_03_015,bark_2;K_01_074]	imrp	Flat	1.0	1.0	0.0	Open	0.0	SymmetricalOrAlternating	nan	1	Neutral	Neutral	nan	0	flat_b	0
[saxophone;G_03_015,wade_2;K_03_024]	imrp	Flat	1.0	1.0	0.0	Open	0.0	SymmetricalOrAlternating	Circular	1	Neutral	Neutral	nan	0	flatspread_5	0
[saxophone;G_03_015,wade_2;K_03_024]	imrp	Flat	1.0	1.0	0.0	Open	0.0	SymmetricalOrAlternating	nan	1	Neutral	Neutral	Neutral	0	flatspread_5	0
[if;G_03_017,nose;G_03_075]	i	FullyOpen	0.0	nan	nan	Closed	0.0	OneHanded	Straight	1	Head	Eye	nan	1	nan	0
[if;G_03_017,nose;G_03_075]	p	FullyOpen	0.0	nan	nan	Closed	0.0	OneHanded	Straight	1	Head	CheekNose	nan	1	nan	0
[if;G_03_017,sound;H_02_096]	i	FullyOpen	0.0	nan	nan	Closed	0.0	OneHanded	Straight	1	Head	Eye	nan	1	nan	0
[if;G_03_017,sound;H_02_096]	p	FullyOpen	0.0	nan	nan	Closed	0.0	OneHanded	Straight	1	Head	Other	nan	1	nan	0
[disappoint;G_03_018,nose;G_03_075]	i	FullyOpen	0.0	nan	nan	Closed	0.0	OneHanded	Straight	1	Head	Chin	nan	1	nan	0
[disappoint;G_03_018,nose;G_03_075]	i	FullyOpen	0.0	nan	nan	Closed	0.0	OneHanded	Straight	0	Head	CheekNose	nan	1	nan	0
[disappoint;G_03_018,single;H_01_018]	i	FullyOpen	0.0	nan	nan	Closed	0.0	OneHanded	Z-shaped	0	Head	Chin	nan	1	nan	0
[disappoint;G_03_018,single;H_01_018]	i	FullyOpen	0.0	nan	nan	Closed	0.0	OneHanded	Straight	0	Head	Chin	Chin	1	nan	0
[lesbian;H_01_057,disappoint;G_03_018]	i	FullyOpen	0.0	nan	nan	Open	0.0	OneHanded	Straight	0	Head	Chin	nan	1	nan	0
[lesbian;H_01_057,disappoint;G_03_018]	i	FullyOpen	0.0	nan	nan	Closed	0.0	OneHanded	Straight	1	Head	Chin	nan	1	nan	0
[disappoint;G_03_018,addict;H_02_073]	i	Bent	0.0	nan	nan	Closed	0.0	OneHanded	Straight	0	Head	Chin	nan	1	nan	0
[disappoint;G_03_018,addict;H_02_073]	i	FullyOpen	0.0	nan	nan	Closed	0.0	OneHanded	Straight	0	Head	Mouth	nan	1	nan	0
[disappoint;G_03_018,intelligent;H_02_080]	i	FullyOpen	0.0	nan	nan	Closed	0.0	OneHanded	Straight	0	Head	Forehead	nan	1	nan	0
[disappoint;G_03_018,intelligent;H_02_080]	i	FullyOpen	0.0	nan	nan	Closed	0.0	OneHanded	Straight	0	Head	Chin	HeadAway	1	nan	0
[sound;H_02_096,disappoint;G_03_018]	i	FullyOpen	0.0	nan	nan	Closed	0.0	OneHanded	Straight	1	Head	Chin	nan	1	nan	0
[sound;H_02_096,disappoint;G_03_018]	i	FullyOpen	0.0	nan	nan	Closed	0.0	OneHanded	Straight	0	Head	Other	nan	1	nan	0
[ice;G_03_020,blow_candle_2;K_02_022]	i	FullyOpen	nan	nan	nan	Closed	0.0	OneHanded	nan	0	Neutral	Neutral	nan	0	nan	0
[ice;G_03_020,blow_candle_2;K_02_022]	p	FullyOpen	0.0	nan	nan	Closed	0.0	OneHanded	nan	0	Neutral	Neutral	nan	0	nan	0
[cheer;J_03_060,going_through_a_hard_time;G_03_021]	imrp	FullyClosed	0.0	nan	0.0	Closed	1.0	SymmetricalOrAlternating	Circular	1	Head	HeadAway	HeadAway	1	s	0
[cheer;J_03_060,going_through_a_hard_time;G_03_021]	imrp	FullyClosed	0.0	nan	0.0	Closed	1.0	SymmetricalOrAlternating	Circular	1	Head	Chin	HeadAway	0	s	0
[juice_1;G_03_022,turn;J_01_065]	i	FullyOpen	0.0	nan	nan	Closed	0.0	OneHanded	Curved	1	Neutral	Neutral	nan	0	nan	1
[juice_1;G_03_022,turn;J_01_065]	p	FullyOpen	0.0	nan	nan	Open	0.0	OneHanded	Curved	1	Neutral	Neutral	nan	0	nan	1
[iron_2;K_02_106,juice_1;G_03_022]	p	FullyOpen	0.0	nan	nan	Open	0.0	OneHanded	Curved	1	Neutral	Neutral	nan	0	nan	1
[iron_2;K_02_106,juice_1;G_03_022]	p	FullyOpen	0.0	nan	nan	Closed	0.0	OneHanded	Curved	1	Neutral	Neutral	Neutral	0	nan	1
[brick;H_02_085,form;G_03_023]	i	Curved	1.0	nan	nan	Open	1.0	SymmetricalOrAlternating	BackAndForth	0	Neutral	Neutral	Neutral	1	f	0
[brick;H_02_085,form;G_03_023]	i	Curved	0.0	nan	nan	Open	1.0	SymmetricalOrAlternating	Straight	0	Neutral	Neutral	Neutral	1	f	0
[hang_clothes;K_02_069,form;G_03_023]	i	Curved	0.0	nan	nan	Open	1.0	SymmetricalOrAlternating	Straight	0	Neutral	Neutral	Neutral	1	f	0
[hang_clothes;K_02_069,form;G_03_023]	i	Curved	0.0	nan	nan	Open	1.0	SymmetricalOrAlternating	BackAndForth	0	Neutral	Neutral	Neutral	0	f	0
[melon;G_03_025,oil_2;K_03_068]	m	Flat	1.0	nan	nan	Open	1.0	AsymmetricalDifferentHandshape	Straight	1	Hand	PalmBack	HandAway	1	C	0
[melon;G_03_025,oil_2;K_03_068]	m	Curved	1.0	nan	nan	Open	1.0	AsymmetricalDifferentHandshape	Straight	1	Hand	PalmBack	HandAway	1	B	0
[plummet;G_03_028,once;J_02_059]	i	Flat	0.0	nan	nan	Closed	0.0	AsymmetricalDifferentHandshape	Curved	0	Hand	Palm	HandAway	1	B	0
[plummet;G_03_028,once;J_02_059]	i	FullyOpen	0.0	nan	nan	Closed	0.0	AsymmetricalDifferentHandshape	Curved	0	Hand	Palm	HandAway	1	B	1
[resist;G_03_030,protest;H_03_026]	imrp	FullyClosed	0.0	nan	0.0	Closed	1.0	OneHanded	Curved	0	Neutral	Neutral	nan	0	nan	0
[resist;G_03_030,protest;H_03_026]	imrp	FullyClosed	0.0	nan	0.0	Closed	1.0	OneHanded	Straight	0	Neutral	Neutral	nan	0	nan	1
[resist;G_03_030,drag;K_01_022]	imrp	FullyClosed	0.0	nan	nan	Closed	1.0	OneHanded	Straight	0	Neutral	Neutral	nan	0	nan	0
[resist;G_03_030,drag;K_01_022]	imrp	FullyClosed	0.0	nan	0.0	Closed	1.0	OneHanded	Straight	0	Neutral	Neutral	Neutral	0	nan	0
[deal_cards;J_02_074,bend;G_03_031]	i	Bent	0.0	nan	nan	Open	1.0	SymmetricalOrAlternating	Curved	0	Neutral	Neutral	Neutral	1	bent_l	0
[deal_cards;J_02_074,bend;G_03_031]	i	Bent	0.0	nan	nan	Open	0.0	SymmetricalOrAlternating	Curved	0	Neutral	Neutral	Neutral	1	baby_o	0
[heartbody;H_02_063,tend_your;G_03_032]	m	Flat	0.0	nan	nan	Open	0.0	OneHanded	Straight	1	Body	Clavicle	nan	1	nan	0
[heartbody;H_02_063,tend_your;G_03_032]	m	Flat	0.0	nan	nan	Open	0.0	OneHanded	Straight	0	Body	TorsoTop	nan	1	nan	0
[tend_your;G_03_032,model_1;H_02_089]	m	Flat	0.0	nan	nan	Open	0.0	OneHanded	nan	0	Body	Clavicle	nan	1	nan	0
[tend_your;G_03_032,model_1;H_02_089]	m	Flat	0.0	nan	nan	Open	0.0	OneHanded	Straight	0	Body	Shoulder	nan	1	nan	0
[elevator;G_03_036,model_2;J_02_005]	imrp	Flat	0.0	0.0	0.0	Closed	1.0	AsymmetricalDifferentHandshape	Straight	1	Hand	Palm	FingerFront	1	B	0
[get_off;H_01_093,join;G_03_039]	im	Curved	0.0	0.0	0.0	Closed	0.0	AsymmetricalDifferentHandshape	Curved	0	Hand	FingerUlnar	nan	1	C	0
[beak;G_03_048,dont_feel_like;J_01_005]	i	FullyOpen	0.0	nan	nan	Open	0.0	OneHanded	Curved	0	Head	CheekNose	HeadAway	1	nan	1
[beak;G_03_048,dont_feel_like;J_01_005]	i	Curved	0.0	nan	nan	Closed	0.0	OneHanded	Curved	0	Head	CheekNose	HeadAway	1	nan	1
[basketball;H_02_004,jellyfish;G_03_049]	imrp	Flat	1.0	1.0	0.0	Open	0.0	OneHanded	Straight	1	Neutral	Neutral	Neutral	0	nan	0
[recent;J_02_056,cheek;G_03_052]	i	Bent	0.0	nan	nan	Closed	1.0	OneHanded	Straight	1	Head	CheekNose	nan	1	nan	0
[recent;J_02_056,cheek;G_03_052]	i	Bent	0.0	nan	nan	Open	0.0	OneHanded	Straight	1	Head	CheekNose	nan	1	nan	0
[theory;J_03_042,cheek;G_03_052]	i	Bent	0.0	nan	nan	Open	1.0	OneHanded	Straight	1	Head	Forehead	nan	1	nan	0
[theory;J_03_042,cheek;G_03_052]	i	Bent	0.0	nan	nan	Open	1.0	OneHanded	Straight	1	Head	CheekNose	HeadAway	1	nan	0
[pipe_2;K_02_018,cheek;G_03_052]	i	Bent	0.0	nan	nan	Open	0.0	OneHanded	Straight	1	Head	CheekNose	nan	1	nan	0
[pipe_2;K_02_018,cheek;G_03_052]	i	Bent	0.0	nan	nan	Open	1.0	OneHanded	Straight	1	Head	Mouth	nan	1	nan	0
[witch_2;K_03_022,cheek;G_03_052]	i	Bent	0.0	nan	nan	Open	1.0	OneHanded	nan	1	Head	CheekNose	nan	1	nan	0
[witch_2;K_03_022,cheek;G_03_052]	i	Bent	0.0	nan	nan	Open	1.0	OneHanded	Straight	0	Head	CheekNose	nan	1	nan	0
[teach_2;K_02_055,harmonica;G_03_054]	imrp	Flat	0.0	0.0	0.0	Open	1.0	SymmetricalOrAlternating	Straight	1	Head	HeadAway	HeadAway	0	flat_b	0
[teach_2;K_02_055,harmonica;G_03_054]	imrp	Flat	0.0	0.0	0.0	Open	0.0	SymmetricalOrAlternating	Straight	1	Head	HeadAway	HeadAway	0	flat_o	0
[cancer;G_03_056,erase_3;K_01_099]	imrp	Curved	nan	0.0	0.0	Open	0.0	OneHanded	Other	0	Neutral	Neutral	Neutral	0	nan	0
[cancer;G_03_056,file_4;K_02_036]	imrp	Curved	nan	0.0	0.0	Open	0.0	OneHanded	Z-shaped	0	Neutral	Neutral	Neutral	0	nan	0
[cancer;G_03_056,greet_2;K_02_095]	imrp	Curved	nan	0.0	0.0	Open	0.0	OneHanded	Straight	1	Neutral	Neutral	Neutral	0	nan	0
[whisper;H_03_075,tongue;G_03_057]	imrp	Flat	1.0	0.0	0.0	Closed	0.0	OneHanded	nan	1	Head	Mouth	nan	1	nan	0
[whisper;H_03_075,tongue;G_03_057]	im	Flat	1.0	1.0	0.0	Closed	0.0	OneHanded	nan	1	Head	Mouth	nan	1	nan	0
[naked;H_01_087,touch;G_03_063]	m	Flat	0.0	nan	nan	Open	0.0	AsymmetricalDifferentHandshape	Curved	0	Hand	PalmBack	HandAway	1	5	0
[naked;H_01_087,touch;G_03_063]	m	Flat	0.0	nan	nan	Open	0.0	AsymmetricalDifferentHandshape	BackAndForth	0	Hand	PalmBack	HandAway	1	C	0
[sharp_2;H_01_105,touch;G_03_063]	m	Flat	0.0	nan	nan	Open	0.0	AsymmetricalDifferentHandshape	BackAndForth	0	Hand	PalmBack	HandAway	1	C	0
[sharp_2;H_01_105,touch;G_03_063]	m	Flat	0.0	nan	nan	Open	0.0	AsymmetricalDifferentHandshape	BackAndForth	0	Hand	PalmBack	HandAway	1	5	1
[dark;J_03_094,overwhelmed;G_03_064]	imrp	FullyOpen	0.0	0.0	0.0	Open	0.0	SymmetricalOrAlternating	Curved	0	Head	HeadAway	HeadAway	0	flat_b	0
[dark;J_03_094,overwhelmed;G_03_064]	imrp	Flat	0.0	0.0	0.0	Open	0.0	SymmetricalOrAlternating	Curved	0	Head	HeadAway	HeadAway	0	open_b	0
[improve;H_02_003,axe;G_03_066]	imrp	FullyOpen	0.0	0.0	0.0	Open	0.0	OneHanded	Curved	0	Arm	ForearmBack	nan	1	nan	0
[improve;H_02_003,axe;G_03_066]	imrp	FullyOpen	0.0	0.0	0.0	Open	0.0	OneHanded	Curved	0	Arm	ForearmUlnar	UpperArm	1	nan	0
[trim_2;K_01_062,temporary;G_03_067]	im	FullyOpen	0.0	0.0	0.0	Closed	0.0	DominanceViolation	Z-shaped	1	Hand	FingerRadial	FingerRadial	1	DominanceConditionViolation	0
[temporary;G_03_067,sharpen_2;K_03_097]	im	FullyOpen	0.0	0.0	0.0	Closed	0.0	DominanceViolation	Straight	1	Hand	FingerRadial	FingerRadial	1	DominanceConditionViolation	1
[nonsense;G_03_071,mexican_1;J_02_045,look_back;J_01_094]	im	FullyOpen	0.0	1.0	0.0	Closed	0.0	OneHanded	Curved	0	Head	Forehead	HeadAway	1	nan	0
[nonsense;G_03_071,look_back;J_01_094]	imrp	FullyOpen	0.0	1.0	0.0	Closed	0.0	OneHanded	Curved	0	Head	Eye	HeadAway	1	nan	0
[nonsense;G_03_071,mexican_1;J_02_045]	imrp	FullyOpen	0.0	1.0	0.0	Closed	0.0	OneHanded	Curved	1	Head	Forehead	HeadAway	1	nan	0
[lesbian;H_01_057,nose;G_03_075]	i	FullyOpen	0.0	nan	nan	Open	0.0	OneHanded	Straight	1	Head	CheekNose	nan	1	nan	0
[lesbian;H_01_057,nose;G_03_075]	i	FullyOpen	0.0	nan	nan	Closed	0.0	OneHanded	Straight	1	Head	Chin	nan	1	nan	0
[recent;H_03_090,nose;G_03_075]	i	Bent	0.0	nan	nan	Closed	0.0	OneHanded	Straight	1	Head	CheekNose	nan	1	nan	0
[recent;H_03_090,nose;G_03_075]	i	FullyOpen	0.0	nan	nan	Closed	0.0	OneHanded	nan	1	Head	CheekNose	nan	1	nan	0
[foul;J_01_049,nose;G_03_075]	i	FullyOpen	0.0	nan	nan	Closed	0.0	OneHanded	Straight	1	Head	Other	nan	1	nan	0
[foul;J_01_049,nose;G_03_075]	i	FullyOpen	0.0	nan	nan	Closed	0.0	OneHanded	Straight	1	Head	CheekNose	HeadAway	1	nan	0
[nose;G_03_075,iphone;K_01_021]	p	FullyOpen	0.0	nan	nan	Closed	0.0	OneHanded	Straight	1	Head	CheekNose	nan	1	nan	0
[nose;G_03_075,iphone;K_01_021]	i	FullyOpen	0.0	nan	nan	Closed	0.0	OneHanded	Straight	1	Head	Other	nan	1	nan	0
[nose;G_03_075,glass_3;K_02_059]	i	Curved	0.0	nan	nan	Closed	0.0	OneHanded	Straight	1	Head	CheekNose	nan	1	nan	0
[nose;G_03_075,glass_3;K_02_059]	i	FullyOpen	0.0	nan	nan	Closed	0.0	OneHanded	Straight	1	Head	Mouth	nan	1	nan	0
[chew_4;K_03_094,ocean;G_03_076]	imrp	FullyOpen	0.0	1.0	0.0	Open	0.0	SymmetricalOrAlternating	Straight	0	Head	Chin	nan	1	5	0
[chew_4;K_03_094,ocean;G_03_076]	imrp	FullyOpen	0.0	1.0	0.0	Open	0.0	SymmetricalOrAlternating	nan	0	Head	Mouth	nan	1	5	0
[fake;G_03_080,intelligent;H_02_080]	i	FullyOpen	0.0	nan	nan	Closed	0.0	OneHanded	Straight	0	Head	CheekNose	HeadAway	1	nan	0
[fake;G_03_080,intelligent;H_02_080]	i	FullyOpen	0.0	nan	nan	Closed	0.0	OneHanded	Curved	0	Head	Forehead	HeadAway	1	nan	0
[goody_goody_shoe_opposite;J_01_072,goody_goody;G_03_083]	imp	FullyOpen	0.0	0.0	0.0	Open	0.0	OneHanded	Curved	0	Neutral	Neutral	nan	0	nan	0
[goody_goody_shoe_opposite;J_01_072,goody_goody;G_03_083]	imp	FullyOpen	0.0	0.0	0.0	Open	0.0	OneHanded	nan	0	Neutral	Neutral	Neutral	0	nan	0
[cross_2;H_01_007,kick;G_03_087]	imrp	FullyOpen	0.0	0.0	0.0	Closed	0.0	AsymmetricalSameHandshape	Curved	0	Hand	FingerRadial	FingerUlnar	1	closed_b	0
[range;H_01_101,kick;G_03_087]	imrp	FullyOpen	0.0	0.0	0.0	Closed	0.0	AsymmetricalSameHandshape	Curved	0	Hand	Palm	FingerUlnar	1	closed_b	0
[shave_4;K_02_043,senate;G_03_099]	imrp	FullyClosed	0.0	nan	0.0	Closed	1.0	OneHanded	Straight	0	Body	Clavicle	Clavicle	1	nan	0
[shave_4;K_02_043,senate;G_03_099]	imrp	FullyClosed	0.0	nan	0.0	Closed	1.0	OneHanded	Curved	0	Body	Clavicle	TorsoBottom	1	nan	0
[megaphone;G_03_102,nothing_at_all;J_03_032]	imrp	FullyClosed	1.0	nan	0.0	Closed	1.0	SymmetricalOrAlternating	Straight	0	Head	UnderChin	HeadAway	1	s	0
[megaphone;G_03_102,nothing_at_all;J_03_032]	imrp	FullyClosed	1.0	nan	0.0	Closed	1.0	SymmetricalOrAlternating	Straight	0	Head	Mouth	nan	1	s	0
[megaphone;G_03_102,imagine_2;K_03_020]	imrp	FullyClosed	1.0	nan	1.0	Closed	1.0	SymmetricalOrAlternating	Straight	0	Head	Mouth	HeadAway	1	s	0
[megaphone;G_03_102,imagine_2;K_03_020]	imrp	FullyClosed	1.0	nan	0.0	Closed	1.0	SymmetricalOrAlternating	Straight	0	Head	Forehead	HeadAway	1	s	0
[range;H_01_101,cross_2;H_01_007]	imrp	FullyOpen	0.0	0.0	0.0	Closed	0.0	AsymmetricalSameHandshape	Curved	0	Hand	FingerRadial	Palm	1	closed_b	0
[suspend;H_01_016,tow_3;K_02_010]	i	Bent	0.0	nan	nan	Closed	0.0	DominanceViolation	Straight	0	Neutral	Neutral	Neutral	1	bent_1	0
[suspend;H_01_016,tow_3;K_02_010]	i	Bent	0.0	nan	nan	Closed	0.0	SymmetricalOrAlternating	Straight	0	Neutral	Neutral	Neutral	1	DominanceConditionViolation	0
[honey_2;J_03_052,single;H_01_018]	i	Bent	0.0	nan	nan	Closed	0.0	OneHanded	Z-shaped	0	Head	Chin	Chin	1	nan	0
[honey_2;J_03_052,single;H_01_018]	i	FullyOpen	0.0	nan	nan	Closed	0.0	OneHanded	Other	0	Head	Chin	Chin	1	nan	0
[waterdrop;H_01_019,peg_2;K_03_083]	i	Flat	1.0	nan	nan	Open	1.0	OneHanded	Straight	0	Neutral	Neutral	nan	0	nan	0
[waterdrop;H_01_019,peg_2;K_03_083]	i	FullyClosed	1.0	nan	nan	Open	1.0	OneHanded	nan	0	Neutral	Neutral	nan	0	nan	0
[deaf_school;H_01_022,blow_candle_2;K_02_022]	i	FullyOpen	0.0	nan	nan	Closed	0.0	OneHanded	nan	0	Neutral	Other	nan	0	nan	0
[deaf_school;H_01_022,blow_candle_2;K_02_022]	i	FullyOpen	0.0	nan	nan	Closed	0.0	OneHanded	nan	0	Head	Neutral	nan	0	nan	0
[nothing_at_all;J_03_032,visualize;H_01_027]	imrp	FullyClosed	1.0	nan	0.0	Closed	1.0	SymmetricalOrAlternating	Straight	0	Head	UnderChin	HeadAway	1	s	0
[nothing_at_all;J_03_032,visualize;H_01_027]	imrp	FullyClosed	1.0	nan	0.0	Closed	1.0	SymmetricalOrAlternating	Straight	0	Head	HeadAway	nan	1	s	0
[visualize;H_01_027,imagine_2;K_03_020]	imrp	FullyClosed	1.0	nan	1.0	Closed	1.0	SymmetricalOrAlternating	Straight	0	Head	HeadAway	HeadAway	1	s	0
[visualize;H_01_027,imagine_2;K_03_020]	imrp	FullyClosed	1.0	nan	0.0	Closed	1.0	SymmetricalOrAlternating	Straight	0	Head	Forehead	HeadAway	1	s	0
[wring;H_01_029,all_together;J_01_044]	imrp	Curved	1.0	1.0	1.0	Open	1.0	SymmetricalOrAlternating	Curved	0	Neutral	Neutral	Neutral	0	curved_5	1
[generation;H_01_032,navy;H_03_049]	imrp	Flat	1.0	0.0	0.0	Open	1.0	SymmetricalOrAlternating	Circular	1	Body	BodyAway	BodyAway	0	flat_o	0
[generation;H_01_032,navy;H_03_049]	imrp	Flat	0.0	0.0	0.0	Open	1.0	SymmetricalOrAlternating	Straight	1	Body	BodyAway	BodyAway	0	flat_o	0
[hundred;H_03_027,escalate;H_01_033]	imrp	Curved	0.0	0.0	0.0	Closed	0.0	OneHanded	Straight	0	Neutral	Neutral	Neutral	0	nan	0
[bullshit;J_03_053,escalate;H_01_033]	imrp	FullyOpen	nan	0.0	0.0	Closed	0.0	OneHanded	Straight	0	Neutral	Neutral	Neutral	0	nan	0
[bullshit;J_03_053,escalate;H_01_033]	imrp	FullyOpen	0.0	0.0	nan	Closed	0.0	OneHanded	Straight	0	Neutral	Neutral	Neutral	0	nan	0
[cheerleader;H_02_045,structure;H_01_035]	imrp	FullyClosed	0.0	nan	0.0	Closed	1.0	SymmetricalOrAlternating	Z-shaped	0	Neutral	Neutral	Neutral	1	s	0
[cheerleader;H_02_045,structure;H_01_035]	imrp	FullyClosed	0.0	nan	0.0	Closed	1.0	SymmetricalOrAlternating	Other	0	Neutral	Neutral	Neutral	0	s	0
[decorate_2;K_02_030,structure;H_01_035]	imrp	FullyClosed	0.0	nan	0.0	Closed	1.0	SymmetricalOrAlternating	Circular	0	Neutral	Neutral	Neutral	1	s	0
[decorate_2;K_02_030,structure;H_01_035]	imrp	FullyClosed	0.0	nan	0.0	Closed	1.0	SymmetricalOrAlternating	Other	1	Neutral	Neutral	Neutral	1	s	0
[pop_4;K_03_031,structure;H_01_035]	imrp	FullyClosed	0.0	nan	0.0	Closed	1.0	SymmetricalOrAlternating	BackAndForth	0	Neutral	Neutral	Neutral	1	s	0
[pop_4;K_03_031,structure;H_01_035]	imrp	FullyClosed	0.0	nan	0.0	Closed	1.0	SymmetricalOrAlternating	Other	0	Neutral	Neutral	Neutral	0	s	0
[boots_2;K_03_101,structure;H_01_035]	imrp	FullyClosed	0.0	nan	0.0	Closed	1.0	SymmetricalOrAlternating	Straight	0	Neutral	Neutral	Neutral	1	s	0
[boots_2;K_03_101,structure;H_01_035]	imrp	FullyClosed	0.0	nan	0.0	Closed	1.0	SymmetricalOrAlternating	Other	0	Neutral	Neutral	nan	1	s	0
[trim_1;K_03_111,wade;H_01_036]	im	FullyOpen	0.0	1.0	1.0	Closed	0.0	SymmetricalOrAlternating	Circular	1	Neutral	Neutral	Neutral	0	v	0
[trim_1;K_03_111,wade;H_01_036]	im	FullyOpen	0.0	1.0	0.0	Closed	0.0	SymmetricalOrAlternating	Straight	1	Neutral	Neutral	Neutral	0	v	0
[specialist;H_01_038,until;H_02_018]	i	FullyOpen	0.0	nan	nan	Closed	0.0	AsymmetricalSameHandshape	Straight	0	Hand	HandAway	HandAway	1	1	0
[specialist;H_01_038,until;H_02_018]	i	FullyOpen	0.0	nan	nan	Closed	0.0	AsymmetricalSameHandshape	Straight	0	Hand	FingerRadial	FingerFront	1	1	0
[specialist;H_01_038,regular;J_01_067]	i	FullyOpen	0.0	nan	nan	Closed	0.0	AsymmetricalSameHandshape	Curved	0	Hand	FingerRadial	HandAway	1	1	0
[specialist;H_01_038,regular;J_01_067]	i	FullyOpen	0.0	nan	nan	Closed	0.0	AsymmetricalSameHandshape	Straight	1	Hand	FingerRadial	HandAway	1	1	0
[specialist;H_01_038,positive;J_02_050]	i	FullyOpen	0.0	nan	nan	Closed	0.0	AsymmetricalSameHandshape	Straight	1	Hand	FingerRadial	HandAway	1	1	0
[specialist;H_01_038,positive;J_02_050]	i	FullyOpen	0.0	nan	nan	Closed	0.0	AsymmetricalSameHandshape	Straight	0	Hand	FingerRadial	nan	1	1	0
[specialist;H_01_038,banana_3;K_03_014]	i	FullyOpen	0.0	nan	nan	Closed	0.0	AsymmetricalSameHandshape	BackAndForth	0	Hand	FingerRadial	HandAway	1	1	0
[specialist;H_01_038,banana_3;K_03_014]	i	FullyOpen	0.0	nan	nan	Closed	0.0	AsymmetricalSameHandshape	Straight	0	Hand	FingerRadial	FingerRadial	1	1	0
[kick_2;K_03_084,specialist;H_01_038]	i	FullyOpen	0.0	nan	nan	Closed	0.0	AsymmetricalSameHandshape	Curved	0	Hand	FingerRadial	HandAway	1	1	0
[kick_2;K_03_084,specialist;H_01_038]	i	FullyOpen	0.0	nan	nan	Closed	0.0	AsymmetricalSameHandshape	Straight	0	Hand	FingerFront	HandAway	1	1	0
[produce_sign;J_03_051,ponder;H_01_043]	imrp	Curved	1.0	1.0	0.0	Open	1.0	SymmetricalOrAlternating	nan	1	Neutral	HeadAway	nan	0	curved_5	0
[produce_sign;J_03_051,ponder;H_01_043]	imrp	Curved	1.0	1.0	0.0	Open	1.0	SymmetricalOrAlternating	nan	1	Head	Neutral	nan	0	curved_5	0
[provide;H_01_045,fade;J_02_053]	imrp	Flat	1.0	0.0	0.0	Open	1.0	SymmetricalOrAlternating	Straight	0	Neutral	Neutral	Neutral	0	flat_o	1
[provide;H_01_045,fade;J_02_053]	imrp	Flat	1.0	0.0	0.0	Open	1.0	SymmetricalOrAlternating	Curved	0	Neutral	Neutral	Neutral	0	flat_o	0
[short_distance;H_01_049,strawberry_2;K_02_017]	i	Curved	0.0	nan	nan	Open	1.0	OneHanded	Curved	1	Head	CheekNose	HeadAway	1	nan	1
[short_distance;H_01_049,strawberry_2;K_02_017]	i	Curved	0.0	nan	nan	Open	1.0	OneHanded	Curved	0	Head	Mouth	HeadAway	1	nan	1
[score;H_01_060,develop;H_01_050]	i	Curved	0.0	nan	nan	Open	1.0	AsymmetricalDifferentHandshape	Straight	0	Hand	Palm	FingerFront	1	B	0
[score;H_01_060,develop;H_01_050]	m	Curved	0.0	nan	nan	Open	1.0	AsymmetricalDifferentHandshape	Straight	0	Hand	Palm	HandAway	1	B	0
[develop;H_01_050,design;J_03_104]	m	Curved	0.0	nan	nan	Open	1.0	AsymmetricalDifferentHandshape	Z-shaped	0	Hand	Palm	FingerFront	1	B	0
[develop;H_01_050,design;J_03_104]	m	Curved	0.0	nan	nan	Open	1.0	AsymmetricalDifferentHandshape	Straight	0	Hand	Palm	HandAway	1	B	0
[kiss_3;K_01_005,explode;H_01_053]	imrp	Flat	0.0	0.0	0.0	Open	1.0	SymmetricalOrAlternating	Straight	0	Neutral	Neutral	Neutral	1	flat_o	0
[kiss_3;K_01_005,explode;H_01_053]	imrp	Flat	1.0	0.0	0.0	Open	1.0	SymmetricalOrAlternating	BackAndForth	0	Neutral	Neutral	Neutral	1	flat_o	0
[knight;H_01_054,replace;J_03_007]	i	Bent	0.0	nan	nan	Open	1.0	SymmetricalOrAlternating	Curved	0	Neutral	Neutral	Neutral	0	nan	0
[knight;H_01_054,replace;J_03_007]	i	Bent	0.0	nan	nan	Open	1.0	OneHanded	Curved	0	Neutral	Neutral	Neutral	0	baby_o	0
[knight;H_01_054,tuesday;J_03_087]	i	Bent	0.0	nan	nan	Open	1.0	OneHanded	Circular	0	Neutral	Neutral	Neutral	0	nan	0
[knight;H_01_054,tuesday;J_03_087]	i	Bent	0.0	nan	nan	Open	1.0	OneHanded	Curved	1	Neutral	Neutral	Neutral	0	nan	0
[knight;H_01_054,conduct_2;K_02_091]	i	Bent	0.0	nan	nan	Open	1.0	OneHanded	Curved	1	Neutral	Neutral	Neutral	0	nan	0
[knight;H_01_054,conduct_2;K_02_091]	i	Bent	0.0	nan	nan	Open	1.0	OneHanded	Curved	0	Neutral	Neutral	Neutral	0	nan	1
[inch;H_01_056,poop;H_03_072]	t	nan	nan	nan	nan	Open	nan	AsymmetricalSameHandshape	Straight	0	Hand	FingerTip	HandAway	1	a	0
[inch;H_01_056,poop;H_03_072]	t	nan	nan	nan	nan	Open	nan	AsymmetricalSameHandshape	Straight	1	Hand	Other	HandAway	1	a	0
[lesbian;H_01_057,needle;H_02_077]	i	FullyOpen	0.0	nan	nan	Open	0.0	OneHanded	Straight	1	Arm	Chin	nan	1	nan	0
[lesbian;H_01_057,needle;H_02_077]	i	FullyOpen	0.0	nan	nan	Open	0.0	OneHanded	Straight	1	Head	UpperArm	nan	1	nan	0
[lesbian;H_01_057,sound;H_02_096]	i	FullyOpen	0.0	nan	nan	Closed	0.0	OneHanded	Straight	1	Head	Chin	nan	1	nan	0
[lesbian;H_01_057,sound;H_02_096]	i	FullyOpen	0.0	nan	nan	Open	0.0	OneHanded	Straight	1	Head	Other	nan	1	nan	0
[lesbian;H_01_057,pipe_2;K_02_018]	i	Bent	0.0	nan	nan	Open	0.0	OneHanded	Straight	1	Head	Chin	nan	1	nan	0
[lesbian;H_01_057,pipe_2;K_02_018]	i	FullyOpen	0.0	nan	nan	Open	0.0	OneHanded	Straight	1	Head	Mouth	nan	1	nan	0
[lesbian;H_01_057,fireman_2;K_03_052]	i	Curved	0.0	nan	nan	Open	0.0	OneHanded	Straight	1	Head	Chin	nan	1	nan	0
[lesbian;H_01_057,fireman_2;K_03_052]	i	FullyOpen	0.0	nan	nan	Open	0.0	OneHanded	Straight	1	Head	Forehead	nan	1	nan	0
[mosquito;H_03_053,score;H_01_060]	i	Curved	0.0	nan	nan	Open	1.0	AsymmetricalDifferentHandshape	Straight	0	Hand	PalmBack	HandAway	1	B	0
[mosquito;H_03_053,score;H_01_060]	i	Curved	0.0	nan	nan	Open	1.0	AsymmetricalDifferentHandshape	Straight	0	Hand	Palm	nan	1	B	0
[score;H_01_060,design;J_03_104]	m	Curved	0.0	nan	nan	Open	1.0	AsymmetricalDifferentHandshape	Straight	0	Hand	Palm	HandAway	1	B	0
[score;H_01_060,design;J_03_104]	i	Curved	0.0	nan	nan	Open	1.0	AsymmetricalDifferentHandshape	Z-shaped	0	Hand	Palm	HandAway	1	B	0
[toss_out;H_02_037,system;H_01_061]	imrp	FullyClosed	1.0	nan	0.0	Closed	1.0	SymmetricalOrAlternating	BackAndForth	0	Neutral	Neutral	Neutral	1	s	0
[toss_out;H_02_037,system;H_01_061]	imrp	FullyClosed	0.0	nan	0.0	Closed	1.0	SymmetricalOrAlternating	BackAndForth	0	Neutral	Neutral	Neutral	0	s	0
[cheerleader;H_02_045,system;H_01_061]	imrp	FullyClosed	0.0	nan	0.0	Closed	1.0	SymmetricalOrAlternating	Z-shaped	0	Neutral	Neutral	Neutral	1	s	0
[cheerleader;H_02_045,system;H_01_061]	imrp	FullyClosed	0.0	nan	0.0	Closed	1.0	SymmetricalOrAlternating	BackAndForth	0	Neutral	Neutral	Neutral	0	s	0
[pop_2;K_01_049,system;H_01_061]	imrp	FullyClosed	1.0	nan	0.0	Closed	1.0	SymmetricalOrAlternating	BackAndForth	0	Neutral	Neutral	Neutral	1	s	0
[pop_2;K_01_049,system;H_01_061]	imrp	FullyClosed	0.0	nan	1.0	Closed	1.0	SymmetricalOrAlternating	BackAndForth	0	Neutral	Neutral	Neutral	1	s	0
[decorate_2;K_02_030,system;H_01_061]	imrp	FullyClosed	0.0	nan	0.0	Closed	1.0	SymmetricalOrAlternating	Circular	0	Neutral	Neutral	Neutral	1	s	0
[decorate_2;K_02_030,system;H_01_061]	imrp	FullyClosed	0.0	nan	0.0	Closed	1.0	SymmetricalOrAlternating	BackAndForth	1	Neutral	Neutral	Neutral	1	s	0
[boots_2;K_03_101,system;H_01_061]	imrp	FullyClosed	0.0	nan	0.0	Closed	1.0	SymmetricalOrAlternating	Straight	0	Neutral	Neutral	Neutral	1	s	0
[boots_2;K_03_101,system;H_01_061]	imrp	FullyClosed	0.0	nan	0.0	Closed	1.0	SymmetricalOrAlternating	BackAndForth	0	Neutral	Neutral	nan	1	s	0
[cheerleader_2;K_01_016,relief;H_01_063]	imrp	FullyOpen	0.0	0.0	0.0	Closed	0.0	SymmetricalOrAlternating	Straight	1	Body	TorsoTop	TorsoBottom	1	closed_b	0
[cheerleader_2;K_01_016,relief;H_01_063]	imrp	FullyOpen	0.0	0.0	0.0	Closed	0.0	SymmetricalOrAlternating	Straight	0	Body	TorsoTop	nan	1	closed_b	0
[stink;H_01_064,california;H_02_038]	ip	Flat	0.0	nan	nan	Open	0.0	OneHanded	nan	0	Head	CheekNose	nan	1	nan	0
[stink;H_01_064,california;H_02_038]	i	Flat	0.0	nan	nan	Open	0.0	OneHanded	nan	0	Head	Other	nan	1	nan	0
[stink;H_01_064,sneeze_2;K_02_023]	i	Flat	0.0	nan	nan	Closed	0.0	OneHanded	nan	0	Head	CheekNose	nan	1	nan	0
[stink;H_01_064,sneeze_2;K_02_023]	i	Flat	0.0	nan	nan	Open	0.0	OneHanded	nan	0	Head	UpperLip	nan	1	nan	0
[stink;H_01_064,witch_2;K_03_022]	i	Bent	0.0	nan	nan	Open	0.0	OneHanded	nan	0	Head	CheekNose	nan	1	nan	0
[stink;H_01_064,witch_2;K_03_022]	i	Flat	0.0	nan	nan	Open	1.0	OneHanded	nan	0	Head	CheekNose	nan	1	nan	0
[stink;H_01_064,whistle_3;K_03_055]	i	Curved	0.0	nan	nan	Open	0.0	OneHanded	nan	0	Head	CheekNose	nan	1	nan	0
[stink;H_01_064,whistle_3;K_03_055]	i	Flat	0.0	nan	nan	Open	0.0	OneHanded	nan	0	Head	Mouth	nan	1	nan	0
[kick_2;K_03_084,shame_on_you;H_01_066]	i	FullyOpen	0.0	nan	nan	Closed	0.0	AsymmetricalSameHandshape	Curved	0	Hand	FingerBack	HandAway	1	1	0
[kick_2;K_03_084,shame_on_you;H_01_066]	i	FullyOpen	0.0	nan	nan	Closed	0.0	AsymmetricalSameHandshape	Curved	1	Hand	FingerFront	HandAway	1	1	0
[basketball;H_02_004,honk;H_01_074]	imrp	Bent	0.0	1.0	0.0	Open	0.0	OneHanded	Straight	1	Neutral	Neutral	Neutral	0	nan	0
[honk;H_01_074,boston;J_03_001]	imrp	Bent	0.0	0.0	0.0	Closed	0.0	OneHanded	Straight	1	Neutral	Neutral	Neutral	0	nan	0
[sow;H_01_075,fade;J_02_053]	imrp	Flat	1.0	0.0	0.0	Open	1.0	SymmetricalOrAlternating	Straight	0	Neutral	Neutral	Neutral	0	nan	0
[sow;H_01_075,fade;J_02_053]	imrp	Flat	1.0	0.0	0.0	Open	1.0	OneHanded	Straight	0	Neutral	Neutral	Neutral	0	flat_o	0
[clip;J_01_083,both;H_01_076]	im	FullyOpen	0.0	1.0	1.0	Closed	0.0	AsymmetricalDifferentHandshape	Straight	0	Hand	FingerTip	HandAway	1	C	0
[clip;J_01_083,both;H_01_076]	im	FullyOpen	0.0	1.0	1.0	Closed	0.0	AsymmetricalDifferentHandshape	Straight	0	Hand	Palm	HandAway	1	DominanceConditionViolation	0
[two_weeks;J_03_066,both;H_01_076]	im	FullyOpen	0.0	1.0	0.0	Closed	0.0	AsymmetricalDifferentHandshape	Straight	0	Hand	Palm	HandAway	1	C	0
[two_weeks;J_03_066,both;H_01_076]	im	FullyOpen	0.0	1.0	1.0	Closed	0.0	AsymmetricalDifferentHandshape	Straight	0	Hand	Palm	HandAway	1	B	0
[instead;H_01_079,brick;H_02_085]	i	Curved	1.0	nan	nan	Open	1.0	SymmetricalOrAlternating	Circular	0	Neutral	Neutral	Neutral	1	f	0
[instead;H_01_079,brick;H_02_085]	i	Curved	0.0	nan	nan	Open	1.0	SymmetricalOrAlternating	Straight	0	Neutral	Neutral	Neutral	1	f	0
[instead;H_01_079,hang_clothes;K_02_069]	i	Curved	0.0	nan	nan	Open	1.0	SymmetricalOrAlternating	Straight	0	Neutral	Neutral	Neutral	1	f	0
[instead;H_01_079,hang_clothes;K_02_069]	i	Curved	0.0	nan	nan	Open	1.0	SymmetricalOrAlternating	Circular	0	Neutral	Neutral	Neutral	0	f	0
[all_way;H_01_084,goody_goody_shoe_opposite;J_01_072]	imp	FullyOpen	0.0	1.0	0.0	Open	0.0	OneHanded	Curved	0	Neutral	Neutral	Neutral	0	nan	0
[all_way;H_01_084,third;J_02_072]	im	FullyOpen	0.0	1.0	0.0	Open	0.0	OneHanded	Curved	0	Neutral	Neutral	Neutral	0	nan	0
[sharp_2;H_01_105,naked;H_01_087]	m	Flat	0.0	nan	nan	Open	0.0	AsymmetricalDifferentHandshape	BackAndForth	0	Hand	PalmBack	HandAway	1	C	0
[sharp_2;H_01_105,naked;H_01_087]	m	Flat	0.0	nan	nan	Open	0.0	AsymmetricalDifferentHandshape	Curved	0	Hand	PalmBack	HandAway	1	C	1
[relax_2;K_02_032,band_aid;H_01_088]	im	FullyOpen	0.0	1.0	0.0	Closed	0.0	AsymmetricalDifferentHandshape	Curved	0	Hand	PalmBack	PalmBack	1	B	0
[relax_2;K_02_032,band_aid;H_01_088]	im	FullyOpen	0.0	0.0	0.0	Closed	0.0	AsymmetricalDifferentHandshape	Straight	0	Hand	PalmBack	PalmBack	1	B	0
[ceiling;J_01_091,had_enough;H_01_090]	imrp	Flat	0.0	0.0	0.0	Open	0.0	SymmetricalOrAlternating	Straight	0	Head	HeadAway	HeadAway	0	nan	0
[ceiling;J_01_091,had_enough;H_01_090]	imrp	Flat	0.0	0.0	0.0	Open	0.0	OneHanded	Straight	0	Head	HeadAway	HeadAway	0	flat_b	0
[had_enough;H_01_090,will_go;J_01_095]	imrp	Flat	0.0	0.0	0.0	Open	0.0	OneHanded	Straight	0	Head	CheekNose	HeadAway	0	nan	0
[league;H_01_092,group;J_01_001]	i	Flat	0.0	nan	nan	Open	0.0	SymmetricalOrAlternating	Curved	0	Neutral	Neutral	Neutral	1	l	1
[league;H_01_092,group;J_01_001]	i	FullyOpen	0.0	nan	nan	Open	0.0	SymmetricalOrAlternating	Curved	0	Neutral	Neutral	Neutral	1	g	1
[league;H_01_092,incredible;J_03_080]	i	FullyOpen	0.0	nan	nan	Open	0.0	SymmetricalOrAlternating	Curved	1	Neutral	Neutral	Neutral	1	l	1
[league;H_01_092,incredible;J_03_080]	i	FullyOpen	0.0	nan	nan	Open	0.0	SymmetricalOrAlternating	Curved	0	Neutral	Neutral	Neutral	0	l	1
[pinch;H_01_095,cool_3;H_03_032]	i	Bent	0.0	nan	nan	Open	1.0	OneHanded	nan	0	Head	UpperArm	nan	1	nan	1
[pinch;H_01_095,cool_3;H_03_032]	i	Bent	0.0	nan	nan	Open	1.0	OneHanded	nan	0	Arm	Mouth	nan	1	nan	1
[half_hour;J_02_024,range;H_01_101]	imrp	FullyOpen	1.0	0.0	0.0	Closed	0.0	AsymmetricalSameHandshape	Curved	0	Hand	Palm	Palm	1	closed_b	0
[half_hour;J_02_024,range;H_01_101]	imrp	FullyOpen	0.0	0.0	0.0	Closed	0.0	AsymmetricalSameHandshape	Curved	0	Hand	FingerFront	Palm	1	closed_b	0
[range;H_01_101,develop;J_03_092]	imrp	FullyOpen	0.0	0.0	0.0	Closed	0.0	AsymmetricalSameHandshape	Straight	0	Hand	Palm	Palm	1	closed_b	0
[dont_need;H_01_104,barely;H_03_037]	i	Curved	0.0	nan	nan	Open	1.0	OneHanded	Straight	0	Head	UnderChin	HeadAway	1	nan	0
[dont_need;H_01_104,barely;H_03_037]	i	Curved	0.0	nan	nan	Open	0.0	OneHanded	Straight	0	Head	HeadTop	HeadAway	1	nan	0
[basketball;H_02_004,run_faucet;K_03_096]	imrp	Flat	0.0	1.0	0.0	Closed	0.0	OneHanded	Straight	1	Neutral	Neutral	Neutral	0	nan	0
[network;J_02_075,blank;H_02_006]	m	Flat	0.0	nan	nan	Open	0.0	SymmetricalOrAlternating	Circular	0	Neutral	Neutral	Neutral	1	open_8	0
[network;J_02_075,blank;H_02_006]	m	Flat	0.0	nan	nan	Open	0.0	SymmetricalOrAlternating	Straight	1	Neutral	Neutral	Neutral	1	open_8	0
[crumple;K_01_124,deliberate;H_02_009]	imrp	Curved	0.0	1.0	1.0	Open	1.0	SymmetricalOrAlternating	Straight	1	Neutral	Neutral	Neutral	1	curved_5	0
[roar;J_03_062,sunbathe;H_02_013]	imrp	Flat	0.0	1.0	0.0	Open	0.0	OneHanded	Curved	1	Head	HeadAway	HeadAway	0	nan	0
[hang_clothes;K_02_069,pole;H_02_014]	i	Curved	0.0	nan	nan	Open	1.0	SymmetricalOrAlternating	Straight	0	Neutral	Neutral	Neutral	0	DominanceConditionViolation	0
[hang_clothes;K_02_069,pole;H_02_014]	i	Curved	0.0	nan	nan	Open	1.0	DominanceViolation	Straight	0	Neutral	Neutral	Neutral	0	f	0
[plus;J_03_045,until;H_02_018]	i	FullyOpen	0.0	nan	nan	Closed	0.0	AsymmetricalSameHandshape	Straight	0	Hand	FingerRadial	FingerFront	1	1	0
[plus;J_03_045,until;H_02_018]	i	FullyOpen	0.0	nan	nan	Closed	0.0	AsymmetricalSameHandshape	Straight	0	Hand	HandAway	nan	1	1	0
[hit_2;K_01_111,until;H_02_018]	i	FullyOpen	0.0	nan	nan	Closed	0.0	AsymmetricalSameHandshape	Curved	0	Hand	HandAway	FingerFront	1	1	0
[hit_2;K_01_111,until;H_02_018]	i	FullyOpen	0.0	nan	nan	Closed	0.0	AsymmetricalSameHandshape	Straight	0	Hand	HandAway	FingerFront	1	1	1
[two_of_us;H_02_090,philadelphia;H_02_023]	im	Stacked	0.0	nan	0.0	Open	1.0	OneHanded	Straight	0	Neutral	Neutral	Neutral	0	nan	0
[two_of_us;H_02_090,philadelphia;H_02_023]	im	Stacked	0.0	nan	0.0	Open	1.0	OneHanded	BackAndForth	1	Neutral	Neutral	Neutral	0	nan	0
[hold_hands;H_02_075,dent;H_02_030]	imrp	Curved	1.0	0.0	0.0	Open	0.0	SymmetricalOrAlternating	nan	0	Neutral	Neutral	nan	1	flat_b	0
[hold_hands;H_02_075,dent;H_02_030]	imrp	Flat	1.0	0.0	0.0	Open	0.0	SymmetricalOrAlternating	nan	0	Neutral	Neutral	nan	1	c	0
[bark_2;K_01_074,dent;H_02_030]	imrp	Flat	1.0	0.0	0.0	Open	0.0	SymmetricalOrAlternating	nan	1	Neutral	Neutral	nan	1	flat_b	0
[bark_2;K_01_074,dent;H_02_030]	imrp	Flat	1.0	0.0	0.0	Open	0.0	SymmetricalOrAlternating	nan	0	Neutral	Neutral	nan	0	flat_b	0
[cranky;H_02_104,why_not;H_02_034]	imrp	FullyOpen	1.0	1.0	0.0	Open	0.0	OneHanded	nan	0	Head	HeadAway	nan	0	nan	0
[cranky;H_02_104,why_not;H_02_034]	imrp	FullyOpen	1.0	0.0	0.0	Open	0.0	OneHanded	nan	1	Head	HeadAway	nan	0	nan	0
[cheerleader;H_02_045,toss_out;H_02_037]	imrp	FullyClosed	0.0	nan	0.0	Closed	1.0	SymmetricalOrAlternating	BackAndForth	0	Neutral	Neutral	Neutral	0	s	0
[cheerleader;H_02_045,toss_out;H_02_037]	imrp	FullyClosed	1.0	nan	0.0	Closed	1.0	SymmetricalOrAlternating	Z-shaped	0	Neutral	Neutral	Neutral	0	s	0
[pop_2;K_01_049,toss_out;H_02_037]	imrp	FullyClosed	1.0	nan	1.0	Closed	1.0	SymmetricalOrAlternating	BackAndForth	0	Neutral	Neutral	Neutral	0	s	0
[pop_2;K_01_049,toss_out;H_02_037]	imrp	FullyClosed	1.0	nan	0.0	Closed	1.0	SymmetricalOrAlternating	BackAndForth	0	Neutral	Neutral	Neutral	1	s	0
[time_progress;H_02_061,from_then_on;H_02_040]	imrp	FullyOpen	0.0	0.0	0.0	Open	0.0	AsymmetricalSameHandshape	Curved	0	Hand	FingerBack	FingerFront	1	open_b	0
[from_then_on;H_02_040,take_off;H_03_050]	imrp	FullyOpen	1.0	0.0	0.0	Open	0.0	AsymmetricalSameHandshape	Curved	0	Hand	FingerBack	HandAway	1	open_b	0
[one_year_ago;H_02_043,sting;H_03_022]	i	Bent	0.0	nan	nan	Open	1.0	AsymmetricalDifferentHandshape	Straight	0	Hand	PalmBack	nan	1	S	0
[one_year_ago;H_02_043,sting;H_03_022]	i	Bent	0.0	nan	nan	Open	1.0	AsymmetricalDifferentHandshape	Straight	0	Hand	FingerRadial	nan	1	C	0
[lead;J_01_046,commute;H_02_044]	t	nan	nan	nan	nan	Open	nan	AsymmetricalDifferentHandshape	Straight	1	Hand	FingerTip	HandAway	1	B	0
[lead;J_01_046,commute;H_02_044]	t	nan	nan	nan	nan	Open	nan	AsymmetricalDifferentHandshape	Straight	1	Hand	PalmBack	nan	1	B	0
[triangle;J_02_080,long_word;H_02_047]	i	FullyOpen	0.0	nan	nan	Closed	0.0	SymmetricalOrAlternating	BackAndForth	0	Neutral	Neutral	Neutral	0	1	0
[triangle;J_02_080,long_word;H_02_047]	i	FullyOpen	0.0	nan	nan	Closed	0.0	SymmetricalOrAlternating	Straight	0	Neutral	Neutral	Neutral	1	1	0
[point_index;K_02_083,quarter;H_02_049]	i	Flat	0.0	nan	nan	Closed	0.0	OneHanded	Straight	1	Neutral	Neutral	Neutral	0	nan	0
[point_index;K_02_083,quarter;H_02_049]	i	Flat	0.0	nan	nan	Open	0.0	OneHanded	Straight	0	Neutral	Neutral	Neutral	0	nan	0
[stack_4;K_01_019,pack;H_02_060]	imrp	Flat	0.0	0.0	0.0	Open	1.0	SymmetricalOrAlternating	Other	1	Neutral	Neutral	Neutral	0	flat_o	0
[stack_4;K_01_019,pack;H_02_060]	imrp	Flat	0.0	0.0	0.0	Open	1.0	SymmetricalOrAlternating	Curved	0	Neutral	Neutral	Neutral	0	flat_o	0
[time_progress;H_02_061,take_off;H_03_050]	imrp	FullyOpen	1.0	0.0	0.0	Open	0.0	AsymmetricalSameHandshape	Curved	0	Hand	Palm	FingerFront	1	open_b	0
[time_progress;H_02_061,slice_3;K_02_057,fold_2;K_02_072]	imrp	FullyOpen	0.0	0.0	0.0	Open	0.0	AsymmetricalSameHandshape	Curved	0	Hand	HandAway	FingerFront	1	open_b	0
[time_progress;H_02_061,fold_2;K_02_072]	imrp	FullyOpen	0.0	0.0	0.0	Open	0.0	AsymmetricalSameHandshape	Curved	0	Hand	Palm	FingerFront	1	open_b	1
[volunteer;H_02_062,faculty;J_02_061]	i	Curved	0.0	nan	nan	Open	1.0	OneHanded	Straight	0	Body	Clavicle	BodyAway	1	nan	0
[volunteer;H_02_062,faculty;J_02_061]	i	Curved	0.0	nan	nan	Open	1.0	OneHanded	Straight	1	Body	Clavicle	Clavicle	1	nan	0
[shirt_2;K_01_108,volunteer;H_02_062]	i	Curved	0.0	nan	nan	Open	1.0	SymmetricalOrAlternating	Straight	1	Body	Clavicle	BodyAway	1	nan	0
[shirt_2;K_01_108,volunteer;H_02_062]	i	Curved	0.0	nan	nan	Open	1.0	OneHanded	Straight	1	Body	Clavicle	BodyAway	1	f	0
[scout;H_02_099,know_nothing;H_02_064]	p	Curved	0.0	nan	nan	Open	1.0	OneHanded	Straight	0	Head	Forehead	nan	1	nan	0
[scout;H_02_099,know_nothing;H_02_064]	i	Curved	0.0	nan	nan	Open	1.0	OneHanded	Straight	0	Head	HeadTop	nan	1	nan	0
[soon_3;H_03_023,know_nothing;H_02_064]	i	Curved	0.0	nan	nan	Open	1.0	OneHanded	Straight	1	Head	Forehead	nan	1	nan	0
[soon_3;H_03_023,know_nothing;H_02_064]	i	Curved	0.0	nan	nan	Open	1.0	OneHanded	Straight	0	Head	CheekNose	nan	1	nan	0
[barely;H_03_037,know_nothing;H_02_064]	i	Curved	0.0	nan	nan	Open	1.0	OneHanded	Straight	0	Head	HeadTop	nan	1	nan	0
[barely;H_03_037,know_nothing;H_02_064]	i	Curved	0.0	nan	nan	Open	1.0	OneHanded	Straight	0	Head	Forehead	HeadAway	1	nan	0
[fireman_2;K_03_052,know_nothing;H_02_064]	i	Curved	0.0	nan	nan	Open	0.0	OneHanded	Straight	0	Head	Forehead	nan	1	nan	0
[fireman_2;K_03_052,know_nothing;H_02_064]	i	Curved	0.0	nan	nan	Open	1.0	OneHanded	Straight	1	Head	Forehead	nan	1	nan	0
[athlete;J_03_068,april;H_02_070]	t	nan	nan	nan	nan	Open	nan	OneHanded	Straight	1	Neutral	Neutral	Neutral	0	nan	0
[athlete;J_03_068,april;H_02_070]	t	nan	nan	nan	nan	Open	nan	OneHanded	Straight	0	Neutral	Neutral	nan	0	nan	0
[recent;J_02_056,addict;H_02_073]	i	Bent	0.0	nan	nan	Closed	0.0	OneHanded	Straight	1	Head	Mouth	nan	1	nan	0
[recent;J_02_056,addict;H_02_073]	i	Bent	0.0	nan	nan	Closed	0.0	OneHanded	Straight	0	Head	CheekNose	nan	1	nan	0
[addict;H_02_073,pipe_2;K_02_018]	i	Bent	0.0	nan	nan	Open	0.0	OneHanded	Straight	0	Head	Mouth	nan	1	nan	0
[addict;H_02_073,pipe_2;K_02_018]	i	Bent	0.0	nan	nan	Closed	0.0	OneHanded	Straight	1	Head	Mouth	nan	1	nan	0
[addict;H_02_073,glass_3;K_02_059]	i	Curved	0.0	nan	nan	Closed	0.0	OneHanded	Straight	0	Head	Mouth	nan	1	nan	0
[addict;H_02_073,glass_3;K_02_059]	i	Bent	0.0	nan	nan	Closed	0.0	OneHanded	Straight	1	Head	Mouth	nan	1	nan	0
[hold_hands;H_02_075,stretch_2;K_03_126]	imrp	Curved	1.0	0.0	0.0	Open	0.0	SymmetricalOrAlternating	Straight	0	Neutral	Neutral	nan	1	c	0
[hold_hands;H_02_075,stretch_2;K_03_126]	imrp	Curved	1.0	0.0	0.0	Open	0.0	SymmetricalOrAlternating	nan	0	Neutral	Neutral	Neutral	1	c	0
[intelligent;H_02_080,foul;J_01_049]	i	FullyOpen	0.0	nan	nan	Closed	0.0	OneHanded	Straight	1	Head	Forehead	HeadAway	1	nan	0
[intelligent;H_02_080,foul;J_01_049]	i	FullyOpen	0.0	nan	nan	Closed	0.0	OneHanded	Straight	0	Head	Other	HeadAway	1	nan	0
[blackbird;K_03_124,intelligent;H_02_080]	i	Flat	0.0	nan	nan	Closed	0.0	OneHanded	Straight	0	Head	Forehead	HeadAway	1	nan	0
[blackbird;K_03_124,intelligent;H_02_080]	i	FullyOpen	0.0	nan	nan	Closed	0.0	OneHanded	Straight	0	Head	Forehead	HeadAway	1	nan	1
[vlog;J_03_027,brick;H_02_085]	i	Bent	1.0	nan	nan	Open	1.0	SymmetricalOrAlternating	Straight	0	Neutral	Neutral	Neutral	1	f	0
[vlog;J_03_027,brick;H_02_085]	i	Curved	1.0	nan	nan	Open	1.0	SymmetricalOrAlternating	Straight	0	Neutral	Neutral	Neutral	1	baby_o	0
[envelope_4;K_01_041,brick;H_02_085]	i	Flat	1.0	nan	nan	Open	1.0	SymmetricalOrAlternating	Straight	0	Neutral	Neutral	Neutral	1	f	0
[envelope_4;K_01_041,brick;H_02_085]	i	Curved	1.0	nan	nan	Open	1.0	SymmetricalOrAlternating	Straight	0	Neutral	Neutral	Neutral	1	g	0
[hang_clothes;K_02_069,brick;H_02_085]	i	Curved	0.0	nan	nan	Open	1.0	SymmetricalOrAlternating	Straight	0	Neutral	Neutral	Neutral	1	f	0
[hang_clothes;K_02_069,brick;H_02_085]	i	Curved	1.0	nan	nan	Open	1.0	SymmetricalOrAlternating	Straight	0	Neutral	Neutral	Neutral	0	f	0
[dig;K_02_119,access;H_02_086]	imrp	FullyOpen	0.0	0.0	0.0	Open	0.0	AsymmetricalDifferentHandshape	Curved	1	Hand	Palm	HandAway	1	B	0
[recent;J_02_056,sound;H_02_096]	i	Bent	0.0	nan	nan	Closed	0.0	OneHanded	Straight	1	Head	Other	nan	1	nan	0
[recent;J_02_056,sound;H_02_096]	i	FullyOpen	0.0	nan	nan	Closed	0.0	OneHanded	Straight	1	Head	CheekNose	nan	1	nan	0
[sound;H_02_096,glass_3;K_02_059]	i	Curved	0.0	nan	nan	Closed	0.0	OneHanded	Straight	1	Head	Other	nan	1	nan	0
[sound;H_02_096,glass_3;K_02_059]	i	FullyOpen	0.0	nan	nan	Closed	0.0	OneHanded	Straight	1	Head	Mouth	nan	1	nan	0
[adopt;J_03_014,vanish;H_02_098]	imrp	Flat	1.0	1.0	1.0	Open	1.0	SymmetricalOrAlternating	Curved	0	Neutral	Neutral	Neutral	0	flatspread_5	0
[adopt;J_03_014,vanish;H_02_098]	imrp	Flat	1.0	1.0	1.0	Open	0.0	SymmetricalOrAlternating	Straight	0	Neutral	Neutral	Neutral	0	flatspread_5	0
[scout;H_02_099,barely;H_03_037]	i	Curved	0.0	nan	nan	Open	1.0	OneHanded	Straight	0	Head	HeadTop	nan	1	nan	0
[scout;H_02_099,barely;H_03_037]	p	Curved	0.0	nan	nan	Open	1.0	OneHanded	Straight	0	Head	HeadTop	HeadAway	1	nan	0
[pageant;H_02_100,committee;J_03_072]	imrp	Curved	0.0	0.0	0.0	Open	0.0	OneHanded	Curved	0	Body	Clavicle	Hips	1	nan	0
[pageant;H_02_100,committee;J_03_072]	imrp	Curved	0.0	0.0	0.0	Open	0.0	OneHanded	Curved	0	Body	Shoulder	Clavicle	1	nan	0
[dog;H_02_103,bow_4;K_02_016]	imrp	FullyOpen	0.0	0.0	0.0	Open	0.0	OneHanded	nan	0	Body	Hips	nan	1	nan	0
[cool_5;J_01_004,cranky;H_02_104]	imrp	FullyOpen	1.0	1.0	0.0	Open	0.0	SymmetricalOrAlternating	nan	1	Head	HeadAway	nan	0	nan	0
[cool_5;J_01_004,cranky;H_02_104]	imrp	FullyOpen	1.0	1.0	0.0	Open	0.0	OneHanded	nan	1	Head	HeadAway	nan	0	5	0
[due;H_03_011,press;H_03_006]	i	FullyOpen	0.0	nan	nan	Closed	0.0	AsymmetricalDifferentHandshape	Straight	0	Hand	Palm	nan	1	B	0
[due;H_03_011,press;H_03_006]	i	Flat	0.0	nan	nan	Closed	0.0	AsymmetricalDifferentHandshape	Straight	0	Hand	Heel	nan	1	B	0
[identity;H_03_071,press;H_03_006]	p	Flat	0.0	nan	nan	Closed	0.0	AsymmetricalDifferentHandshape	Straight	0	Hand	Palm	nan	1	B	0
[identity;H_03_071,press;H_03_006]	i	FullyOpen	0.0	nan	nan	Closed	0.0	AsymmetricalDifferentHandshape	Straight	0	Hand	Palm	nan	1	B	0
[next_down;J_03_101,press;H_03_006]	i	Bent	0.0	nan	nan	Closed	0.0	AsymmetricalDifferentHandshape	Straight	0	Hand	Palm	nan	1	B	0
[next_down;J_03_101,press;H_03_006]	i	Flat	0.0	nan	nan	Closed	0.0	AsymmetricalDifferentHandshape	Straight	1	Hand	Palm	nan	1	B	0
[luck;H_03_009,foul;J_01_049]	i	FullyOpen	0.0	nan	nan	Closed	0.0	OneHanded	Straight	1	Head	Chin	HeadAway	1	nan	0
[luck;H_03_009,foul;J_01_049]	i	FullyOpen	0.0	nan	nan	Open	0.0	OneHanded	Straight	1	Head	Other	HeadAway	1	nan	0
[luck;H_03_009,toy_2;J_01_056]	i	Curved	0.0	nan	nan	Open	0.0	OneHanded	Straight	1	Head	Chin	HeadAway	1	nan	0
[luck;H_03_009,toy_2;J_01_056]	i	FullyOpen	0.0	nan	nan	Closed	0.0	OneHanded	Straight	1	Head	Chin	HeadAway	1	nan	0
[due;H_03_011,identity;H_03_071]	p	FullyOpen	0.0	nan	nan	Closed	0.0	AsymmetricalDifferentHandshape	Straight	0	Hand	Heel	nan	1	B	0
[due;H_03_011,identity;H_03_071]	i	FullyOpen	0.0	nan	nan	Closed	0.0	AsymmetricalDifferentHandshape	Straight	0	Hand	Palm	nan	1	B	0
[downhill;H_03_012,develop;J_03_092]	imrp	FullyOpen	0.0	0.0	0.0	Closed	0.0	AsymmetricalSameHandshape	Straight	0	Hand	Palm	HandAway	1	flat_b	0
[downhill;H_03_012,develop;J_03_092]	imrp	Flat	0.0	0.0	0.0	Closed	0.0	AsymmetricalSameHandshape	Straight	0	Hand	Palm	HandAway	1	closed_b	0
[steam;J_01_011,yoyo;H_03_016]	imrp	FullyClosed	1.0	nan	1.0	Open	0.0	SymmetricalOrAlternating	Straight	1	Neutral	Neutral	Neutral	0	nan	0
[steam;J_01_011,yoyo;H_03_016]	imrp	FullyClosed	1.0	nan	1.0	Open	0.0	OneHanded	Straight	1	Neutral	Neutral	Neutral	0	a	0
[mosquito;H_03_053,sting;H_03_022]	i	Curved	0.0	nan	nan	Open	1.0	AsymmetricalDifferentHandshape	Straight	0	Hand	PalmBack	nan	1	C	0
[mosquito;H_03_053,sting;H_03_022]	i	Bent	0.0	nan	nan	Open	1.0	AsymmetricalDifferentHandshape	Straight	0	Hand	PalmBack	nan	1	B	0
[fireman_2;K_03_052,soon_3;H_03_023]	i	Curved	0.0	nan	nan	Open	0.0	OneHanded	Straight	1	Head	CheekNose	nan	1	nan	0
[fireman_2;K_03_052,soon_3;H_03_023]	i	Curved	0.0	nan	nan	Open	1.0	OneHanded	Straight	1	Head	Forehead	nan	1	nan	0
[rhino_3;K_01_088,carrot_3;K_03_075,oldest;H_03_024]	imrp	Curved	1.0	0.0	0.0	Open	1.0	OneHanded	Curved	0	Head	Mouth	HeadAway	1	nan	0
[hundred;H_03_027,spaceship;J_03_074,bite;K_02_045]	im	Curved	0.0	0.0	0.0	Open	0.0	OneHanded	Straight	0	Neutral	Neutral	Neutral	0	nan	0
[hundred;H_03_027,pour_2;K_01_094]	imrp	Curved	0.0	0.0	0.0	Open	0.0	OneHanded	Straight	0	Neutral	Neutral	Neutral	0	nan	1
[witch_2;K_03_022,cool_3;H_03_032]	i	Bent	0.0	nan	nan	Open	1.0	OneHanded	nan	0	Head	CheekNose	nan	1	nan	1
[witch_2;K_03_022,cool_3;H_03_032]	i	Bent	0.0	nan	nan	Open	1.0	OneHanded	nan	0	Head	Mouth	nan	1	nan	0
[cry_4;K_03_060,cool_3;H_03_032]	i	Bent	0.0	nan	nan	Open	1.0	OneHanded	nan	1	Head	Mouth	nan	1	nan	1
[cry_4;K_03_060,cool_3;H_03_032]	i	Bent	0.0	nan	nan	Open	1.0	OneHanded	nan	0	Head	Eye	nan	1	nan	1
[peel_2;K_01_052,pass;H_03_033]	t	nan	nan	nan	nan	Open	nan	AsymmetricalSameHandshape	Curved	1	Hand	FingerBack	HandAway	1	a	1
[peel_2;K_01_052,pass;H_03_033]	t	nan	nan	nan	nan	Open	nan	AsymmetricalSameHandshape	Curved	0	Hand	Other	HandAway	1	a	1
[goody_goody_shoe_opposite;J_01_072,knock_off;H_03_035]	imp	FullyOpen	0.0	0.0	0.0	Open	0.0	OneHanded	Curved	0	Neutral	Neutral	Neutral	0	nan	1
[third;J_02_072,knock_off;H_03_035]	im	FullyOpen	0.0	0.0	0.0	Open	0.0	OneHanded	Curved	0	Neutral	Neutral	Neutral	0	nan	1
[christmas;J_03_061,knock_off;H_03_035]	imrp	FullyOpen	0.0	0.0	0.0	Open	0.0	OneHanded	Curved	0	Neutral	Neutral	nan	0	nan	1
[erase_5;K_03_095,knock_off;H_03_035]	imrp	FullyOpen	0.0	0.0	0.0	Open	0.0	OneHanded	Other	0	Neutral	Neutral	Neutral	0	nan	1
[fantasy;J_01_045,eye_turn;H_03_039]	i	Curved	0.0	nan	nan	Open	1.0	SymmetricalOrAlternating	Circular	0	Head	HeadAway	HeadAway	0	f	0
[fantasy;J_01_045,eye_turn;H_03_039]	i	Curved	0.0	nan	nan	Open	1.0	SymmetricalOrAlternating	Straight	1	Head	HeadAway	HeadAway	0	f	0
[mosquito;H_03_053,function;J_02_071]	i	Curved	0.0	nan	nan	Open	1.0	AsymmetricalDifferentHandshape	BackAndForth	0	Hand	PalmBack	nan	1	B	0
[mosquito;H_03_053,function;J_02_071]	i	Curved	0.0	nan	nan	Open	1.0	AsymmetricalDifferentHandshape	Straight	0	Hand	PalmBack	PalmBack	1	B	0
[board;J_01_105,us;H_03_055]	im	FullyOpen	0.0	0.0	0.0	Closed	0.0	OneHanded	Curved	0	Body	Clavicle	Clavicle	1	nan	0
[comfortable;H_03_058,stack_2;K_02_102,stretch_2;K_03_126]	imrp	Curved	1.0	0.0	0.0	Open	0.0	SymmetricalOrAlternating	Other	0	Neutral	Neutral	Neutral	1	c	0
[humor;H_03_063,mexican_2;H_03_091]	imr	Flat	0.0	0.0	0.0	Closed	0.0	OneHanded	Straight	1	Head	CheekNose	HeadAway	1	nan	0
[conduct_1;K_01_060,parallel;H_03_067]	i	FullyOpen	0.0	nan	nan	Closed	0.0	SymmetricalOrAlternating	Curved	0	Neutral	Neutral	Neutral	0	1	1
[conduct_1;K_01_060,parallel;H_03_067]	i	FullyOpen	0.0	nan	nan	Closed	0.0	AsymmetricalSameHandshape	Curved	1	Neutral	Neutral	Neutral	0	1	1
[toy_3;H_03_070,screwdriver_2;K_03_041]	i	Bent	0.0	nan	nan	Open	1.0	OneHanded	nan	1	Neutral	Neutral	nan	0	baby_o	1
[toy_3;H_03_070,screwdriver_2;K_03_041]	i	Bent	0.0	nan	nan	Open	1.0	SymmetricalOrAlternating	nan	1	Neutral	Neutral	nan	0	nan	1
[poop;H_03_072,drown_3;K_02_111]	t	nan	nan	nan	nan	Open	nan	AsymmetricalDifferentHandshape	Straight	0	Hand	Other	HandAway	1	a	0
[poop;H_03_072,drown_3;K_02_111]	t	nan	nan	nan	nan	Open	nan	AsymmetricalSameHandshape	Straight	0	Hand	Other	HandAway	1	C	0
[lost;J_01_017,all_over_body;H_03_078]	imrp	FullyOpen	0.0	1.0	0.0	Open	0.0	SymmetricalOrAlternating	Straight	0	Neutral	Neutral	Neutral	1	5	1
[sandwich_4;K_01_015,all_over_body;H_03_078]	imrp	FullyOpen	0.0	0.0	0.0	Open	0.0	SymmetricalOrAlternating	Straight	0	Neutral	Neutral	Neutral	1	5	0
[sandwich_4;K_01_015,all_over_body;H_03_078]	imrp	FullyOpen	0.0	1.0	0.0	Open	0.0	SymmetricalOrAlternating	Straight	0	Neutral	Neutral	Neutral	1	open_b	0
[instagram;H_03_083,cross_3;K_03_028]	i	Curved	0.0	nan	nan	Open	0.0	OneHanded	X-shaped	1	Neutral	Neutral	Neutral	0	nan	0
[instagram;H_03_083,cross_3;K_03_028]	i	Curved	0.0	nan	nan	Open	0.0	OneHanded	Straight	0	Neutral	Neutral	Neutral	0	nan	0
[next_down;J_03_101,therapy;H_03_088]	i	Bent	0.0	nan	nan	Closed	1.0	AsymmetricalDifferentHandshape	Straight	1	Hand	Palm	nan	1	B	0
[next_down;J_03_101,therapy;H_03_088]	i	Bent	0.0	nan	nan	Open	0.0	AsymmetricalDifferentHandshape	Straight	1	Hand	Palm	nan	1	B	0
[space;H_03_093,tablet;K_02_126]	m	Flat	0.0	nan	nan	Open	0.0	AsymmetricalDifferentHandshape	Curved	1	Hand	Palm	HandAway	1	C	0
[space;H_03_093,tablet;K_02_126]	m	Flat	0.0	nan	nan	Open	0.0	AsymmetricalDifferentHandshape	Curved	1	Hand	PalmBack	HandAway	1	B	0
[philosophy;H_03_095,make_believe;J_02_097]	imrp	FullyOpen	0.0	1.0	1.0	Closed	0.0	OneHanded	Straight	0	Head	Forehead	HeadAway	1	nan	0
[philosophy;H_03_095,nose_bleed;K_01_092]	imrp	FullyOpen	0.0	1.0	1.0	Closed	0.0	OneHanded	Straight	1	Head	CheekNose	HeadAway	1	nan	0
[whistle_3;K_03_055,cool_3;H_03_099]	i	Curved	0.0	nan	nan	Open	0.0	OneHanded	nan	0	Head	Mouth	nan	1	nan	1
[whistle_3;K_03_055,cool_3;H_03_099]	i	Curved	0.0	nan	nan	Open	1.0	OneHanded	nan	0	Head	Mouth	nan	1	nan	0
[howl;J_02_019,opinion_2;H_03_101]	imrp	Curved	0.0	0.0	0.0	Open	1.0	OneHanded	Straight	0	Head	HeadAway	HeadAway	1	nan	0
[carrot_3;K_03_075,opinion_2;H_03_101]	imrp	Curved	1.0	0.0	0.0	Open	1.0	OneHanded	Straight	0	Head	Forehead	HeadAway	1	nan	0
[hoodie_1;K_02_044,hood;H_03_104]	i	Bent	0.0	nan	nan	Open	0.0	SymmetricalOrAlternating	Curved	0	Head	HeadAway	HeadAway	0	baby_o	0
[hoodie_1;K_02_044,hood;H_03_104]	i	Bent	0.0	nan	nan	Open	1.0	SymmetricalOrAlternating	Curved	0	Head	HeadAway	HeadAway	0	bent_l	0
[hoodie_2;K_02_122,hood;H_03_104]	i	Bent	0.0	nan	nan	Open	1.0	SymmetricalOrAlternating	Curved	1	Head	HeadAway	HeadAway	0	baby_o	0
[hoodie_2;K_02_122,hood;H_03_104]	i	Bent	0.0	nan	nan	Open	1.0	SymmetricalOrAlternating	Curved	0	Head	HeadAway	HeadAway	0	baby_o	1
[leave_alone;H_03_105,splash-ca;K_02_037]	imrp	FullyOpen	0.0	1.0	0.0	Open	0.0	SymmetricalOrAlternating	BackAndForth	0	Neutral	Neutral	Neutral	0	5	1
[grammar;J_03_078,group;J_01_001]	i	Flat	0.0	nan	nan	Open	0.0	SymmetricalOrAlternating	Straight	0	Neutral	Neutral	Neutral	1	g	1
[grammar;J_03_078,group;J_01_001]	i	Flat	0.0	nan	nan	Open	0.0	SymmetricalOrAlternating	Curved	1	Neutral	Neutral	Neutral	1	g	1
[cool_5;J_01_004,yay;J_01_030]	imrp	FullyOpen	0.0	1.0	0.0	Open	0.0	SymmetricalOrAlternating	nan	1	Head	HeadAway	nan	0	5	0
[cool_5;J_01_004,yay;J_01_030]	imrp	FullyOpen	1.0	1.0	0.0	Open	0.0	SymmetricalOrAlternating	nan	1	Head	HeadAway	nan	0	5	1
[organization;J_03_033,story_2;J_01_007]	imrp	Curved	0.0	0.0	0.0	Open	1.0	SymmetricalOrAlternating	Curved	1	Neutral	Neutral	Neutral	1	o	1
[organization;J_03_033,story_2;J_01_007]	imrp	Curved	0.0	0.0	0.0	Open	1.0	SymmetricalOrAlternating	Straight	0	Neutral	Neutral	Neutral	1	o	1
[lobster_2;K_03_039,fashion;J_01_010]	i	Flat	1.0	nan	nan	Open	1.0	SymmetricalOrAlternating	nan	1	Neutral	Neutral	Neutral	0	g	0
[lobster_2;K_03_039,fashion;J_01_010]	i	Flat	1.0	nan	nan	Open	1.0	SymmetricalOrAlternating	Curved	1	Neutral	Neutral	nan	0	g	0
[march;J_01_013,file_3;K_01_038]	imrp	Flat	1.0	0.0	1.0	Open	0.0	SymmetricalOrAlternating	Circular	1	Neutral	Neutral	Neutral	0	flat_b	0
[ski-ca;K_03_033,articulate_sign;J_01_014]	imrp	FullyClosed	0.0	nan	1.0	Closed	1.0	SymmetricalOrAlternating	Curved	1	Neutral	Neutral	Neutral	0	s	0
[ski-ca;K_03_033,articulate_sign;J_01_014]	imrp	FullyClosed	1.0	nan	nan	Closed	1.0	SymmetricalOrAlternating	Curved	1	Neutral	Neutral	Neutral	0	s	0
[popular;J_01_016,single_out;J_01_061]	imrp	FullyOpen	0.0	1.0	0.0	Closed	0.0	AsymmetricalDifferentHandshape	Straight	1	Hand	FingerRadial	nan	1	1	0
[long_ago;J_01_026,former;J_02_066]	imrp	FullyOpen	0.0	1.0	0.0	Open	0.0	OneHanded	Circular	1	Body	BodyAway	BodyAway	1	nan	0
[long_ago;J_01_026,former;J_02_066]	imrp	FullyOpen	0.0	0.0	0.0	Open	0.0	OneHanded	Circular	1	Body	Clavicle	BodyAway	1	nan	0
[meditate;J_01_037,expert;J_03_099]	m	Curved	0.0	nan	nan	Open	1.0	SymmetricalOrAlternating	nan	0	Neutral	Neutral	nan	0	1	0
[meditate;J_01_037,expert;J_03_099]	m	Curved	0.0	nan	nan	Open	1.0	SymmetricalOrAlternating	Straight	1	Neutral	Neutral	nan	0	1	0
[afternoon;J_01_040,boston;J_03_001]	imrp	FullyOpen	0.0	0.0	0.0	Closed	0.0	OneHanded	Straight	1	Neutral	Neutral	nan	0	nan	0
[afternoon;J_01_040,boston;J_03_001]	imrp	FullyOpen	0.0	0.0	0.0	Closed	0.0	OneHanded	nan	1	Neutral	Neutral	Neutral	0	nan	0
[sail_2;K_01_048,go_ahead;J_01_041]	imrp	Flat	0.0	0.0	0.0	Open	0.0	AsymmetricalDifferentHandshape	Straight	0	Neutral	Neutral	Neutral	0	flat_b	0
[sail_2;K_01_048,go_ahead;J_01_041]	imrp	Flat	0.0	0.0	0.0	Open	0.0	SymmetricalOrAlternating	Straight	0	Neutral	Neutral	Neutral	0	1	0
[bury;K_01_081,go_ahead;J_01_041]	imrp	Flat	1.0	0.0	0.0	Open	0.0	SymmetricalOrAlternating	Straight	0	Neutral	Neutral	Neutral	0	flat_b	0
[foul;J_01_049,toy_2;J_01_056]	i	Curved	0.0	nan	nan	Closed	0.0	OneHanded	Straight	1	Head	Other	HeadAway	1	nan	0
[foul;J_01_049,toy_2;J_01_056]	i	FullyOpen	0.0	nan	nan	Closed	0.0	OneHanded	Straight	1	Head	Chin	HeadAway	1	nan	0
[foul;J_01_049,iphone;K_01_021]	p	FullyOpen	0.0	nan	nan	Closed	0.0	OneHanded	Straight	1	Head	Other	HeadAway	1	nan	0
[foul;J_01_049,iphone;K_01_021]	i	FullyOpen	0.0	nan	nan	Closed	0.0	OneHanded	Straight	1	Head	Other	nan	1	nan	0
[bullshit;J_03_053,hard_of_hearing;J_01_050]	imrp	FullyOpen	nan	0.0	nan	Closed	0.0	OneHanded	Curved	0	Neutral	Neutral	Neutral	0	nan	0
[bullshit;J_03_053,hard_of_hearing;J_01_050]	im	FullyOpen	nan	0.0	nan	Closed	0.0	OneHanded	Straight	0	Neutral	Neutral	Neutral	0	nan	0
[kiss_fist;J_03_038,punch_face;J_01_051]	imrp	FullyClosed	0.0	nan	0.0	Closed	1.0	OneHanded	Straight	0	Head	Mouth	nan	1	nan	0
[kiss_fist;J_03_038,punch_face;J_01_051]	imrp	FullyClosed	0.0	nan	0.0	Closed	1.0	OneHanded	Straight	0	Head	CheekNose	HeadAway	1	nan	0
[carrot_2;K_01_105,punch_face;J_01_051]	imrp	FullyClosed	0.0	nan	0.0	Closed	1.0	OneHanded	Straight	0	Head	HeadAway	nan	1	nan	0
[carrot_2;K_01_105,punch_face;J_01_051]	imrp	FullyClosed	0.0	nan	0.0	Closed	1.0	OneHanded	Straight	0	Head	CheekNose	Mouth	1	nan	0
[glass_3;K_02_059,toy_2;J_01_056]	i	Curved	0.0	nan	nan	Closed	0.0	OneHanded	Straight	1	Head	Mouth	HeadAway	1	nan	0
[glass_3;K_02_059,toy_2;J_01_056]	i	Curved	0.0	nan	nan	Closed	0.0	OneHanded	Straight	1	Head	Chin	nan	1	nan	0
[major;J_01_057,develop;J_03_092]	imrp	FullyOpen	0.0	0.0	0.0	Closed	0.0	AsymmetricalSameHandshape	Straight	1	Hand	Palm	HandAway	1	closed_b	0
[triangle;J_02_080,square;J_01_060]	i	FullyOpen	0.0	nan	nan	Closed	0.0	SymmetricalOrAlternating	Other	0	Neutral	Neutral	Neutral	1	1	0
[triangle;J_02_080,square;J_01_060]	i	FullyOpen	1.0	nan	nan	Closed	0.0	SymmetricalOrAlternating	BackAndForth	0	Neutral	Neutral	Neutral	1	1	0
[remind;J_02_103,single_out;J_01_061]	imrp	Flat	0.0	0.0	0.0	Closed	0.0	AsymmetricalDifferentHandshape	Straight	1	Hand	FingerRadial	nan	1	1	0
[square_idiot;J_01_062,different_situation;J_01_075]	i	FullyOpen	0.0	nan	nan	Open	0.0	OneHanded	nan	0	Neutral	Neutral	nan	0	nan	1
[square_idiot;J_01_062,different_situation;J_01_075]	i	Flat	0.0	nan	nan	Open	0.0	OneHanded	nan	1	Neutral	Neutral	nan	0	nan	1
[gun_3;K_01_069,turn;J_01_065]	i	FullyOpen	0.0	nan	nan	Open	0.0	OneHanded	Curved	0	Neutral	Neutral	nan	0	nan	1
[gun_3;K_01_069,turn;J_01_065]	i	FullyOpen	0.0	nan	nan	Open	0.0	OneHanded	Curved	1	Neutral	Neutral	nan	0	nan	0
[iron_2;K_02_106,turn;J_01_065]	p	FullyOpen	0.0	nan	nan	Open	0.0	OneHanded	Curved	1	Neutral	Neutral	nan	0	nan	1
[iron_2;K_02_106,turn;J_01_065]	i	FullyOpen	0.0	nan	nan	Open	0.0	OneHanded	Curved	1	Neutral	Neutral	Neutral	0	nan	1
[regular;J_01_067,positive;J_02_050]	i	FullyOpen	0.0	nan	nan	Closed	0.0	AsymmetricalSameHandshape	Straight	1	Hand	FingerRadial	HandAway	1	1	0
[regular;J_01_067,positive;J_02_050]	i	FullyOpen	0.0	nan	nan	Closed	0.0	AsymmetricalSameHandshape	Curved	1	Hand	FingerRadial	nan	1	1	0
[kick_2;K_03_084,regular;J_01_067]	i	FullyOpen	0.0	nan	nan	Closed	0.0	AsymmetricalSameHandshape	Curved	0	Hand	FingerRadial	HandAway	1	1	0
[kick_2;K_03_084,regular;J_01_067]	i	FullyOpen	0.0	nan	nan	Closed	0.0	AsymmetricalSameHandshape	Curved	1	Hand	FingerFront	HandAway	1	1	0
[erase_5;K_03_095,goody_goody_shoe_opposite;J_01_072]	imp	FullyOpen	0.0	0.0	0.0	Open	0.0	OneHanded	Other	0	Neutral	Neutral	Neutral	0	nan	0
[catch_baseball;K_02_058,priority;J_01_074]	imrp	FullyClosed	0.0	nan	0.0	Closed	1.0	AsymmetricalDifferentHandshape	Curved	0	Hand	HandAway	Palm	1	5	0
[catch_baseball;K_02_058,priority;J_01_074]	imrp	FullyClosed	0.0	nan	0.0	Closed	1.0	AsymmetricalDifferentHandshape	Curved	0	Hand	HandAway	FingerTip	1	C	0
[screwdriver_2;K_03_041,different_situation;J_01_075]	i	Bent	0.0	nan	nan	Open	0.0	OneHanded	nan	1	Neutral	Neutral	nan	0	nan	1
[screwdriver_2;K_03_041,different_situation;J_01_075]	i	FullyOpen	0.0	nan	nan	Open	1.0	OneHanded	nan	1	Neutral	Neutral	nan	0	nan	1
[overnight;J_01_076,pour_2;K_01_094]	imrp	Curved	0.0	0.0	0.0	Open	0.0	AsymmetricalSameHandshape	Curved	0	Neutral	Neutral	Neutral	0	nan	1
[roar;J_03_062,fond;J_01_079]	imrp	Curved	0.0	1.0	0.0	Open	0.0	OneHanded	Curved	1	Head	HeadAway	HeadAway	0	nan	1
[jaw_drop;J_02_014,look_back;J_01_094]	im	FullyOpen	0.0	1.0	0.0	Closed	0.0	OneHanded	Curved	0	Head	Mouth	HeadAway	1	nan	0
[mexican_1;J_02_045,look_back;J_01_094]	im	FullyOpen	0.0	1.0	0.0	Closed	0.0	OneHanded	Curved	1	Head	Eye	HeadAway	1	nan	0
[dig;K_02_119,stack;J_01_096]	imrp	Curved	0.0	0.0	0.0	Open	0.0	AsymmetricalDifferentHandshape	Curved	1	Hand	FingerBack	HandAway	1	B	0
[board;J_01_105,committee;J_03_072]	imrp	Curved	0.0	0.0	0.0	Closed	0.0	OneHanded	Curved	0	Body	Clavicle	Clavicle	1	nan	0
[board;J_01_105,scarf_3;K_01_086]	imrp	FullyOpen	0.0	0.0	0.0	Closed	0.0	OneHanded	Curved	0	Body	TorsoTop	Clavicle	1	nan	0
[board;J_01_105,scarf_3;K_01_086]	imrp	FullyOpen	0.0	0.0	0.0	Closed	0.0	OneHanded	Curved	0	Body	Clavicle	Clavicle	1	nan	1
[confused;J_01_110,rest_all_day;J_03_043]	imrp	Curved	0.0	1.0	0.0	Open	0.0	OneHanded	Straight	0	Head	Forehead	nan	1	nan	0
[hear_2;J_02_006,howl;J_02_019]	imrp	Curved	0.0	0.0	0.0	Open	0.0	OneHanded	Straight	0	Head	Other	HeadAway	1	nan	0
[hear_2;J_02_006,rest_all_day;J_03_043]	imrp	Curved	0.0	1.0	0.0	Open	0.0	OneHanded	Straight	0	Head	Other	nan	1	nan	0
[shout_2;K_02_084,jaw_drop;J_02_014]	im	Curved	0.0	1.0	0.0	Open	0.0	OneHanded	Curved	0	Head	Mouth	HeadAway	1	nan	0
[shout_2;K_02_084,jaw_drop;J_02_014]	im	Curved	0.0	1.0	0.0	Closed	0.0	OneHanded	Straight	0	Head	Mouth	HeadAway	1	nan	0
[sandwich_4;K_01_015,swear_in;J_02_016]	imrp	FullyOpen	0.0	0.0	0.0	Open	0.0	AsymmetricalSameHandshape	Straight	0	Neutral	Neutral	Neutral	1	open_b	0
[chew_2;J_02_027,recite;J_02_078]	imrp	Curved	1.0	0.0	1.0	Open	1.0	OneHanded	Circular	1	Neutral	Neutral	Neutral	0	nan	0
[call_2;J_02_048,locker;K_01_126]	im	FullyOpen	0.0	0.0	0.0	Closed	0.0	DominanceViolation	Straight	0	Hand	FingerBack	nan	0	DominanceConditionViolation	0
[positive;J_02_050,tail_2;K_01_089]	i	FullyOpen	0.0	nan	nan	Closed	0.0	AsymmetricalSameHandshape	nan	1	Hand	FingerRadial	nan	1	1	0
[positive;J_02_050,tail_2;K_01_089]	i	FullyOpen	0.0	nan	nan	Closed	0.0	AsymmetricalSameHandshape	Straight	1	Hand	FingerTip	nan	1	1	0
[stack_4;K_01_019,fade;J_02_053]	imrp	Flat	0.0	0.0	0.0	Open	1.0	SymmetricalOrAlternating	Straight	0	Neutral	Neutral	Neutral	0	flat_o	0
[stack_4;K_01_019,fade;J_02_053]	imrp	Flat	1.0	0.0	0.0	Open	1.0	SymmetricalOrAlternating	Other	0	Neutral	Neutral	Neutral	0	flat_o	0
[recent;J_02_056,pipe_2;K_02_018]	i	Bent	0.0	nan	nan	Open	0.0	OneHanded	Straight	1	Head	CheekNose	nan	1	nan	0
[recent;J_02_056,pipe_2;K_02_018]	i	Bent	0.0	nan	nan	Closed	0.0	OneHanded	Straight	1	Head	Mouth	nan	1	nan	0
[recent;J_02_056,glass_3;K_02_059]	i	Curved	0.0	nan	nan	Closed	0.0	OneHanded	Straight	1	Head	CheekNose	nan	1	nan	0
[recent;J_02_056,glass_3;K_02_059]	i	Bent	0.0	nan	nan	Closed	0.0	OneHanded	Straight	1	Head	Mouth	nan	1	nan	0
[resent;J_03_039,admit;J_02_062]	imrp	FullyOpen	0.0	1.0	0.0	Open	0.0	OneHanded	Curved	0	Body	TorsoMid	BodyAway	1	nan	0
[resent;J_03_039,admit;J_02_062]	imrp	FullyOpen	0.0	0.0	0.0	Open	0.0	OneHanded	Curved	0	Body	TorsoMid	BodyAway	1	nan	1
[third;J_02_072,transfer;J_03_028]	im	Bent	0.0	1.0	0.0	Open	0.0	OneHanded	Curved	0	Neutral	Neutral	Neutral	0	nan	1
[deal_cards;J_02_074,vlog;J_03_027]	i	Bent	1.0	nan	nan	Open	1.0	SymmetricalOrAlternating	Curved	0	Neutral	Neutral	Neutral	1	baby_o	0
[deal_cards;J_02_074,vlog;J_03_027]	i	Bent	0.0	nan	nan	Open	1.0	SymmetricalOrAlternating	Straight	0	Neutral	Neutral	Neutral	1	baby_o	0
[deal_cards;J_02_074,knitting_2;K_02_025]	i	Bent	0.0	nan	nan	Open	1.0	SymmetricalOrAlternating	Curved	1	Neutral	Neutral	Neutral	1	baby_o	0
[deal_cards;J_02_074,knitting_2;K_02_025]	i	Bent	0.0	nan	nan	Open	1.0	SymmetricalOrAlternating	Curved	0	Neutral	Neutral	Neutral	1	baby_o	1
[triangle;J_02_080,electrocute;K_01_096]	i	Bent	0.0	nan	nan	Closed	0.0	SymmetricalOrAlternating	BackAndForth	0	Neutral	Neutral	Neutral	1	1	0
[triangle;J_02_080,electrocute;K_01_096]	i	FullyOpen	0.0	nan	nan	Closed	0.0	SymmetricalOrAlternating	BackAndForth	0	Neutral	Neutral	Neutral	1	bent_1	0
[make_believe;J_02_097,nose_bleed;K_01_092]	imrp	FullyOpen	0.0	1.0	0.0	Closed	0.0	OneHanded	Straight	0	Head	CheekNose	HeadAway	1	nan	0
[expert;J_03_099,eight;J_02_099]	m	Curved	0.0	nan	nan	Open	1.0	SymmetricalOrAlternating	nan	1	Neutral	Neutral	nan	0	nan	0
[expert;J_03_099,eight;J_02_099]	m	Curved	0.0	nan	nan	Open	1.0	OneHanded	nan	1	Neutral	Neutral	nan	0	1	0
[boston;J_03_001,greet_2;K_02_095]	imrp	Curved	0.0	0.0	0.0	Closed	0.0	OneHanded	Straight	1	Neutral	Neutral	Neutral	0	nan	0
[tradition;J_03_023,replace;J_03_007]	i	Bent	0.0	nan	nan	Open	1.0	SymmetricalOrAlternating	Straight	0	Neutral	Neutral	Neutral	0	baby_o	0
[tradition;J_03_023,replace;J_03_007]	i	Bent	0.0	nan	nan	Open	1.0	SymmetricalOrAlternating	Curved	0	Neutral	Neutral	Neutral	1	baby_o	0
[replace;J_03_007,tie_up_1;K_03_035]	i	Bent	0.0	nan	nan	Open	1.0	SymmetricalOrAlternating	Other	0	Neutral	Neutral	Neutral	0	baby_o	0
[replace;J_03_007,tie_up_1;K_03_035]	i	Bent	0.0	nan	nan	Open	1.0	SymmetricalOrAlternating	Curved	0	Neutral	Neutral	Neutral	1	baby_o	0
[advertise;J_03_015,stretch_1;K_02_108]	imrp	FullyClosed	0.0	nan	1.0	Closed	1.0	AsymmetricalSameHandshape	Straight	1	Hand	FingerUlnar	HandAway	1	s	0
[advertise;J_03_015,stretch_1;K_02_108]	imrp	FullyClosed	1.0	nan	nan	Closed	1.0	AsymmetricalSameHandshape	Straight	1	Hand	FingerUlnar	HandAway	1	s	0
[arizona;J_03_022,woman_2;K_01_101]	t	nan	nan	nan	nan	Open	nan	OneHanded	nan	0	Head	Chin	Chin	1	nan	0
[arizona;J_03_022,woman_2;K_01_101]	t	nan	nan	nan	nan	Open	nan	OneHanded	Curved	0	Head	Chin	nan	1	nan	0
[vlog;J_03_027,envelope_4;K_01_041]	i	Flat	1.0	nan	nan	Open	1.0	SymmetricalOrAlternating	Straight	0	Neutral	Neutral	Neutral	1	baby_o	0
[vlog;J_03_027,envelope_4;K_01_041]	i	Bent	1.0	nan	nan	Open	1.0	SymmetricalOrAlternating	Straight	0	Neutral	Neutral	Neutral	1	g	0
[vlog;J_03_027,tie_up_1;K_03_035]	i	Bent	0.0	nan	nan	Open	1.0	SymmetricalOrAlternating	Straight	0	Neutral	Neutral	Neutral	1	baby_o	0
[vlog;J_03_027,tie_up_1;K_03_035]	i	Bent	1.0	nan	nan	Open	1.0	SymmetricalOrAlternating	Other	0	Neutral	Neutral	Neutral	1	baby_o	0
[carrot_2;K_01_105,kiss_fist;J_03_038]	imrp	FullyClosed	0.0	nan	0.0	Closed	1.0	OneHanded	Straight	0	Head	HeadAway	HeadAway	1	nan	0
[carrot_2;K_01_105,kiss_fist;J_03_038]	imrp	FullyClosed	0.0	nan	0.0	Closed	1.0	OneHanded	Straight	0	Head	Mouth	Mouth	1	nan	0
[cellphone;K_01_128,rest_all_day;J_03_043]	imrp	Curved	0.0	1.0	0.0	Open	0.0	OneHanded	Straight	0	Head	CheekNose	nan	1	nan	0
[rest_all_day;J_03_043,bite_on_arm;K_03_082]	imrp	Curved	0.0	1.0	0.0	Open	0.0	OneHanded	Straight	0	Arm	Chin	nan	1	nan	0
[rest_all_day;J_03_043,bite_on_arm;K_03_082]	imrp	Curved	0.0	1.0	0.0	Open	0.0	OneHanded	Straight	0	Head	ForearmUlnar	nan	1	nan	0
[plus;J_03_045,banana_3;K_03_014]	i	FullyOpen	0.0	nan	nan	Closed	0.0	AsymmetricalSameHandshape	BackAndForth	0	Hand	FingerRadial	nan	1	1	0
[plus;J_03_045,banana_3;K_03_014]	i	FullyOpen	0.0	nan	nan	Closed	0.0	AsymmetricalSameHandshape	Straight	0	Hand	FingerRadial	FingerRadial	1	1	0
[scarf_2;K_03_085,hawaii;J_03_054]	im	FullyOpen	0.0	0.0	0.0	Closed	0.0	OneHanded	Circular	1	Head	HeadAway	HeadAway	0	nan	1
[pillow_3;K_02_049,focus;J_03_056]	imrp	FullyOpen	0.0	0.0	0.0	Open	0.0	SymmetricalOrAlternating	Straight	1	Head	Other	HeadAway	1	open_b	0
[two_weeks;J_03_066,relax_2;K_02_032]	im	FullyOpen	0.0	1.0	0.0	Closed	0.0	AsymmetricalDifferentHandshape	Straight	0	Hand	PalmBack	HandAway	1	B	0
[two_weeks;J_03_066,plow_2;K_02_089]	imrp	FullyOpen	0.0	1.0	0.0	Closed	0.0	AsymmetricalDifferentHandshape	Straight	0	Hand	Palm	HandAway	1	B	0
[two_weeks;J_03_066,plow_2;K_02_089]	im	FullyOpen	0.0	1.0	0.0	Closed	0.0	AsymmetricalDifferentHandshape	Straight	0	Hand	Heel	HandAway	1	B	0
[spaceship;J_03_074,walk_2;J_03_067]	im	Curved	0.0	1.0	0.0	Open	0.0	OneHanded	Straight	1	Neutral	Neutral	Neutral	0	nan	0
[stand_up;J_03_070,curtsey_2;K_03_038]	im	FullyOpen	1.0	1.0	0.0	Closed	0.0	AsymmetricalDifferentHandshape	Curved	0	Hand	Palm	nan	1	B	0
[conduct_1;K_01_060,incredible;J_03_080]	i	FullyOpen	0.0	nan	nan	Closed	0.0	SymmetricalOrAlternating	Curved	1	Neutral	Neutral	Neutral	0	l	1
[conduct_1;K_01_060,incredible;J_03_080]	i	FullyOpen	0.0	nan	nan	Open	0.0	SymmetricalOrAlternating	Curved	1	Neutral	Neutral	Neutral	0	1	1
[tuesday;J_03_087,conduct_2;K_02_091]	i	Bent	0.0	nan	nan	Open	1.0	OneHanded	Curved	1	Neutral	Neutral	Neutral	0	nan	0
[tuesday;J_03_087,conduct_2;K_02_091]	i	Bent	0.0	nan	nan	Open	1.0	OneHanded	Circular	1	Neutral	Neutral	Neutral	0	nan	1
[blur;J_03_088,castle_4;K_03_110]	imrp	Flat	0.0	0.0	1.0	Open	0.0	SymmetricalOrAlternating	Curved	0	Neutral	Neutral	Neutral	1	flat_b	0
[hatbrim;J_03_106,hairdryer_2;K_03_056]	i	Bent	0.0	nan	nan	Open	1.0	OneHanded	Z-shaped	1	Head	HeadAway	HeadAway	0	nan	0
[hatbrim;J_03_106,hairdryer_2;K_03_056]	i	Bent	0.0	nan	nan	Open	1.0	OneHanded	Curved	0	Head	HeadAway	HeadAway	0	nan	0
[light_2;K_01_102,lamp_2;K_01_004]	m	Curved	1.0	nan	nan	Open	1.0	OneHanded	nan	0	Head	UnderChin	nan	1	nan	0
[light_2;K_01_102,lamp_2;K_01_004]	m	Curved	1.0	nan	nan	Open	1.0	OneHanded	nan	0	Head	Chin	HeadAway	1	nan	0
[kiss_3;K_01_005,stack_4;K_01_019]	imrp	Flat	0.0	0.0	0.0	Open	1.0	SymmetricalOrAlternating	BackAndForth	0	Neutral	Neutral	Neutral	0	flat_o	0
[woman_2;K_01_101,suck_thumb;K_01_006]	t	nan	nan	nan	nan	Open	nan	OneHanded	nan	0	Head	Chin	nan	1	nan	1
[woman_2;K_01_101,suck_thumb;K_01_006]	t	nan	nan	nan	nan	Open	nan	OneHanded	nan	0	Head	Mouth	nan	1	nan	0
[magnify_2;K_03_089,pipe_4;K_01_011]	i	Curved	0.0	nan	nan	Open	0.0	DominanceViolation	Straight	0	Head	HeadAway	HeadAway	0	DominanceConditionViolation	0
[magnify_2;K_03_089,pipe_4;K_01_011]	i	Flat	0.0	nan	nan	Open	0.0	DominanceViolation	Straight	1	Head	HeadAway	HeadAway	0	DominanceConditionViolation	0
[fork_4;K_01_027,sunbathe_2;K_03_034]	im	FullyOpen	0.0	1.0	0.0	Closed	0.0	AsymmetricalDifferentHandshape	Circular	1	Hand	Palm	nan	1	B	1
[bark_2;K_01_074,file_3;K_01_038]	imrp	Flat	1.0	0.0	0.0	Open	0.0	SymmetricalOrAlternating	nan	1	Neutral	Neutral	Neutral	0	flat_b	0
[bark_2;K_01_074,file_3;K_01_038]	imrp	Flat	1.0	0.0	0.0	Open	0.0	SymmetricalOrAlternating	Circular	1	Neutral	Neutral	nan	0	flat_b	0
[bury;K_01_081,file_3;K_01_038]	imrp	Flat	1.0	0.0	0.0	Open	0.0	SymmetricalOrAlternating	Circular	0	Neutral	Neutral	Neutral	0	flat_b	0
[file_3;K_01_038,wade_2;K_03_024]	imrp	Flat	1.0	1.0	0.0	Open	0.0	SymmetricalOrAlternating	Circular	1	Neutral	Neutral	Neutral	0	flat_b	0
[file_3;K_01_038,wade_2;K_03_024]	imrp	Flat	1.0	0.0	0.0	Open	0.0	SymmetricalOrAlternating	Circular	1	Neutral	Neutral	Neutral	0	flatspread_5	0
[wristwatch_3;K_01_054,arrest_3;K_03_036]	m	Curved	0.0	nan	nan	Open	0.0	OneHanded	Other	1	Arm	WristBack	nan	1	nan	0
[wristwatch_3;K_01_054,arrest_3;K_03_036]	m	Curved	0.0	nan	nan	Open	0.0	OneHanded	Straight	0	Arm	WristBack	nan	1	nan	0
[dog_2;K_01_055,policeman_2;K_03_104]	imrp	Curved	0.0	0.0	0.0	Open	0.0	OneHanded	Straight	1	Body	Hips	nan	1	nan	0
[trim_2;K_01_062,sharpen_2;K_03_097]	im	FullyOpen	0.0	0.0	0.0	Closed	0.0	DominanceViolation	Z-shaped	1	Hand	FingerRadial	HandAway	1	DominanceConditionViolation	1
[throw_2;K_01_068,pour_2;K_01_094]	imrp	Curved	0.0	1.0	0.0	Open	0.0	OneHanded	Curved	0	Neutral	Neutral	Neutral	0	nan	1
[throw_2;K_01_068,erase_3;K_01_099]	imrp	Curved	0.0	1.0	0.0	Open	0.0	OneHanded	Other	0	Neutral	Neutral	Neutral	0	nan	0
[throw_2;K_01_068,file_4;K_02_036]	imrp	Curved	0.0	1.0	0.0	Open	0.0	OneHanded	Z-shaped	0	Neutral	Neutral	Neutral	0	nan	0
[gun_3;K_01_069,blow_candle_2;K_02_022]	i	FullyOpen	0.0	nan	nan	Closed	0.0	OneHanded	Curved	0	Neutral	Neutral	nan	0	nan	0
[gun_3;K_01_069,blow_candle_2;K_02_022]	i	FullyOpen	0.0	nan	nan	Open	0.0	OneHanded	nan	0	Neutral	Neutral	nan	0	nan	0
[gun_3;K_01_069,tiny;K_03_019]	i	Bent	0.0	nan	nan	Open	0.0	OneHanded	Curved	0	Neutral	Neutral	nan	0	nan	0
[gun_3;K_01_069,tiny;K_03_019]	i	FullyOpen	0.0	nan	nan	Open	0.0	OneHanded	Straight	0	Neutral	Neutral	nan	0	nan	0
[cracker_2;K_03_093,shoulder_3;K_01_078]	imrp	FullyOpen	0.0	1.0	0.0	Open	0.0	OneHanded	Straight	1	Arm	Shoulder	nan	1	nan	0
[rhino_3;K_01_088,carrot_3;K_03_075]	imrp	Curved	1.0	0.0	0.0	Open	1.0	OneHanded	Straight	0	Head	CheekNose	HeadAway	1	nan	0
[pour_2;K_01_094,erase_3;K_01_099]	imrp	Curved	0.0	0.0	0.0	Open	0.0	OneHanded	Other	0	Neutral	Neutral	Neutral	0	nan	1
[pour_2;K_01_094,file_4;K_02_036]	imrp	Curved	0.0	0.0	0.0	Open	0.0	OneHanded	Z-shaped	0	Neutral	Neutral	Neutral	0	nan	1
[greet_2;K_02_095,erase_3;K_01_099]	imrp	Curved	0.0	0.0	0.0	Open	0.0	OneHanded	Other	1	Neutral	Neutral	Neutral	0	nan	0
[parachute_2;K_03_005,follow_3;K_01_113]	imrp	Curved	0.0	1.0	0.0	Closed	0.0	AsymmetricalDifferentHandshape	Z-shaped	0	Neutral	Neutral	Neutral	0	1	0
[parachute_2;K_03_005,follow_3;K_01_113]	imrp	FullyOpen	0.0	1.0	0.0	Open	0.0	AsymmetricalDifferentHandshape	Z-shaped	0	Neutral	Neutral	Neutral	0	1	0
[bumpy;K_01_123,chew_3;K_02_041]	imrp	Curved	0.0	1.0	0.0	Open	0.0	AsymmetricalDifferentHandshape	Other	1	Hand	PalmBack	FingerBack	1	Lax	1
[bumpy;K_01_123,chew_3;K_02_041]	imrp	Curved	0.0	1.0	0.0	Open	0.0	AsymmetricalDifferentHandshape	Curved	0	Hand	PalmBack	FingerBack	1	Lax	1
[arm_3;K_02_002,bite_on_arm;K_03_082]	imrp	Curved	0.0	1.0	0.0	Open	0.0	OneHanded	Straight	0	Arm	ForearmUlnar	ElbowBack	1	nan	0
[arm_3;K_02_002,bite_on_arm;K_03_082]	imrp	Curved	0.0	0.0	0.0	Open	0.0	OneHanded	Straight	0	Arm	ForearmUlnar	nan	1	nan	0
[corn_3;K_02_078,microscope_3;K_02_008]	imrp	FullyClosed	0.0	nan	0.0	Closed	1.0	SymmetricalOrAlternating	nan	1	Head	HeadAway	nan	1	s	1
[corn_3;K_02_078,microscope_3;K_02_008]	imrp	FullyClosed	0.0	nan	0.0	Closed	1.0	SymmetricalOrAlternating	nan	1	Head	Eye	nan	0	s	1
[slice_4;K_03_067,bury_1;K_02_014]	im	FullyOpen	0.0	0.0	0.0	Closed	0.0	AsymmetricalDifferentHandshape	Straight	0	Hand	HandAway	HandAway	0	S	0
[pipe_2;K_02_018,glass_3;K_02_059]	i	Curved	0.0	nan	nan	Open	0.0	OneHanded	Straight	1	Head	Mouth	nan	1	nan	0
[pipe_2;K_02_018,glass_3;K_02_059]	i	Bent	0.0	nan	nan	Closed	0.0	OneHanded	Straight	1	Head	Mouth	nan	1	nan	0
[fireman_2;K_03_052,pipe_2;K_02_018]	i	Curved	0.0	nan	nan	Open	0.0	OneHanded	Straight	1	Head	Mouth	nan	1	nan	0
[fireman_2;K_03_052,pipe_2;K_02_018]	i	Bent	0.0	nan	nan	Open	0.0	OneHanded	Straight	1	Head	Forehead	nan	1	nan	0
[pipe_3;K_03_113,pipe_2;K_02_018]	m	Bent	0.0	nan	nan	Open	0.0	OneHanded	Straight	1	Head	Mouth	nan	1	nan	0
[pipe_3;K_03_113,pipe_2;K_02_018]	i	Stacked	0.0	nan	nan	Open	0.0	OneHanded	Straight	1	Head	Mouth	nan	1	nan	0
[greet_2;K_02_095,file_4;K_02_036]	imrp	Curved	0.0	0.0	0.0	Open	0.0	OneHanded	Z-shaped	1	Neutral	Neutral	Neutral	0	nan	0
[hoodie_1;K_02_044,crewcut;K_02_127]	i	Flat	0.0	nan	nan	Open	0.0	SymmetricalOrAlternating	Curved	0	Head	HeadAway	HeadAway	0	bent_l	0
[hoodie_1;K_02_044,crewcut;K_02_127]	i	Bent	0.0	nan	nan	Open	0.0	SymmetricalOrAlternating	Curved	0	Head	HeadAway	HeadAway	0	g	0
[cat_3;K_03_087,cat_2;K_02_047]	m	Flat	1.0	nan	nan	Open	1.0	SymmetricalOrAlternating	Straight	1	Head	CheekNose	HeadAway	1	g	0
[cat_3;K_03_087,cat_2;K_02_047]	i	Flat	1.0	nan	nan	Open	1.0	SymmetricalOrAlternating	Straight	1	Head	CheekNose	HeadAway	1	8	0
[teach_2;K_02_055,hat_2;K_03_099]	imrp	Flat	1.0	0.0	0.0	Open	1.0	SymmetricalOrAlternating	Straight	1	Head	HeadAway	HeadAway	0	flat_o	0
[teach_2;K_02_055,hat_2;K_03_099]	imrp	Flat	0.0	0.0	0.0	Open	1.0	SymmetricalOrAlternating	Straight	0	Head	HeadAway	HeadAway	0	flat_o	0
[slice_3;K_02_057,fold_2;K_02_072]	imrp	FullyOpen	0.0	0.0	0.0	Open	0.0	AsymmetricalSameHandshape	Curved	0	Hand	HandAway	Palm	1	open_b	1
[fireman_2;K_03_052,glass_3;K_02_059]	i	Curved	0.0	nan	nan	Open	0.0	OneHanded	Straight	1	Head	Mouth	nan	1	nan	0
[fireman_2;K_03_052,glass_3;K_02_059]	i	Curved	0.0	nan	nan	Closed	0.0	OneHanded	Straight	1	Head	Forehead	nan	1	nan	0
[erase_2;K_03_098,dribble;K_02_074]	t	nan	nan	nan	nan	Open	nan	OneHanded	Other	1	Neutral	Neutral	Neutral	0	nan	0
[erase_2;K_03_098,dribble;K_02_074]	t	nan	nan	nan	nan	Open	nan	OneHanded	Straight	0	Neutral	Neutral	Neutral	0	nan	0
[dribble;K_02_074,pinch_2;K_03_112]	t	nan	nan	nan	nan	Open	nan	OneHanded	Straight	0	Neutral	Neutral	Neutral	0	nan	0
[dribble;K_02_074,pinch_2;K_03_112]	t	nan	nan	nan	nan	Open	nan	OneHanded	Straight	1	Neutral	Neutral	Neutral	0	nan	1
[sweater_3;K_02_090,bathtub;K_02_101]	t	nan	nan	nan	nan	Open	nan	SymmetricalOrAlternating	Curved	1	Body	TorsoTop	Waist	1	a	0
[sweater_3;K_02_090,bathtub;K_02_101]	t	nan	nan	nan	nan	Open	nan	SymmetricalOrAlternating	Curved	0	Body	TorsoTop	TorsoMid	1	a	0
[screwdriver_2;K_03_041,conduct_2;K_02_091]	i	Bent	0.0	nan	nan	Open	1.0	OneHanded	nan	1	Neutral	Neutral	Neutral	0	nan	1
[screwdriver_2;K_03_041,conduct_2;K_02_091]	i	Bent	0.0	nan	nan	Open	1.0	OneHanded	Curved	1	Neutral	Neutral	nan	0	nan	1
[stack_2;K_02_102,stack_3;K_03_069]	imrp	FullyOpen	0.0	0.0	0.0	Open	0.0	SymmetricalOrAlternating	Other	0	Neutral	Neutral	Neutral	1	c	0
[stack_2;K_02_102,stack_3;K_03_069]	imrp	Curved	0.0	0.0	0.0	Open	0.0	SymmetricalOrAlternating	Other	0	Neutral	Neutral	Neutral	1	open_b	0
[dig;K_02_119,shovel_2;K_03_008]	imrp	Curved	1.0	0.0	0.0	Open	0.0	AsymmetricalDifferentHandshape	Curved	1	Hand	Palm	HandAway	1	B	0
[slice_4;K_03_067,strain_1;K_03_045]	imrp	FullyOpen	0.0	0.0	0.0	Closed	0.0	AsymmetricalDifferentHandshape	Straight	1	Hand	HandAway	HandAway	0	S	0
[erase_2;K_03_098,pinch_2;K_03_112]	t	nan	nan	nan	nan	Open	nan	OneHanded	Straight	0	Neutral	Neutral	Neutral	0	nan	0
[erase_2;K_03_098,pinch_2;K_03_112]	t	nan	nan	nan	nan	Open	nan	OneHanded	Other	0	Neutral	Neutral	Neutral	0	nan	1
