EntryID,LemmaID,Code,SelectedFingers.2.0,Flexion.2.0,FlexionChange.2.0,Spread.2.0,SpreadChange.2.0,ThumbPosition.2.0,ThumbContact.2.0,SignType.2.0,Movement.2.0,RepeatedMovement.2.0,MajorLocation.2.0,MinorLocation.2.0,SecondMinorLocation.2.0,Contact.2.0,NonDominantHandshape.2.0,UlnarRotation.2.0
tree,tree,A_01_002,imrp,FullyOpen,0.0,1.0,0.0,Open,0.0,OneHanded,,1,Neutral,Neutral,,0,,1
night,night,A_01_003,imrp,Flat,0.0,0.0,0.0,Open,0.0,AsymmetricalSameHandshape,Straight,1,Hand,PalmBack,,1,flat_b,0
hamburger,hamburger,A_01_004,imrp,Curved,0.0,0.0,0.0,Open,0.0,SymmetricalOrAlternating,Straight,0,Neutral,Neutral,Neutral,1,c,0
nephew,nephew,A_01_005,im,Flat,0.0,0.0,0.0,Closed,1.0,OneHanded,,1,Head,HeadAway,,0,,1
castle,castle,A_01_008,im,Curved,1.0,1.0,0.0,Closed,0.0,SymmetricalOrAlternating,Straight,1,Neutral,Neutral,Neutral,1,curved_v,0
humble,humble,A_01_009,i,FullyOpen,0.0,,,Closed,0.0,OneHanded,,0,Head,Mouth,,1,,0
cup,cup,A_01_010,imrp,Curved,0.0,0.0,0.0,Open,0.0,AsymmetricalDifferentHandshape,Straight,1,Hand,Palm,,1,B,0
english,english,A_01_011,imrp,Curved,0.0,0.0,0.0,Open,0.0,AsymmetricalSameHandshape,Straight,1,Hand,PalmBack,,1,c,0
eyeglasses,eyeglasses,A_01_012,i,Bent,0.0,,,Open,0.0,SymmetricalOrAlternating,Straight,1,Head,Eye,,1,bent_l,0
tie,tie,A_01_013,im,Flat,0.0,0.0,0.0,Closed,0.0,OneHanded,Curved,0,Body,Clavicle,TorsoMid,1,,0
dentist,dentist,A_01_014,imrp,FullyClosed,0.0,,0.0,Closed,1.0,OneHanded,Straight,1,Head,Mouth,,1,,0
sandwich,sandwich,A_01_015,imrp,Flat,0.0,0.0,0.0,Open,0.0,AsymmetricalDifferentHandshape,Straight,1,Head,HeadAway,HeadAway,0,B,0
monkey,monkey,A_01_016,imrp,Curved,1.0,1.0,0.0,Open,0.0,SymmetricalOrAlternating,,1,Body,Waist,,1,curved_5,0
chair,chair,A_01_017,im,FullyOpen,0.0,0.0,0.0,Closed,0.0,DominanceViolation,Straight,1,Hand,FingerBack,,1,DominanceConditionViolation,0
candy_1,candy_1,A_01_018,i,FullyOpen,0.0,,,Closed,0.0,OneHanded,,1,Head,CheekNose,,1,,1
wander,wander,A_01_019,i,FullyOpen,0.0,,,Closed,0.0,OneHanded,Z-shaped,0,Neutral,Neutral,Neutral,0,,0
scientist,scientist,A_01_020,t,,,,,Open,,SymmetricalOrAlternating,Circular,1,Neutral,Neutral,Neutral,0,a,0
parachute,parachute,A_01_021,imrp,FullyClosed,1.0,,1.0,Closed,1.0,SymmetryViolation,Straight,0,Hand,FingerTip,,0,1,0
read,read,A_01_022,im,FullyOpen,0.0,1.0,0.0,Closed,0.0,AsymmetricalDifferentHandshape,Straight,1,Hand,HandAway,HandAway,0,B,0
cat,cat,A_01_023,i,Curved,0.0,,,Open,1.0,OneHanded,Straight,1,Head,CheekNose,HeadAway,1,,0
room,room,A_01_024,imrp,FullyOpen,0.0,0.0,0.0,Open,0.0,SymmetricalOrAlternating,Straight,0,Neutral,Neutral,,0,open_b,0
island,island,A_01_025,p,FullyOpen,0.0,,,Closed,0.0,AsymmetricalDifferentHandshape,Circular,1,Hand,PalmBack,PalmBack,1,B,0
paper,paper,A_01_026,imrp,FullyOpen,0.0,1.0,0.0,Open,0.0,AsymmetricalSameHandshape,Curved,1,Hand,Palm,HandAway,1,5,0
book,book,A_01_027,imrp,FullyOpen,0.0,0.0,0.0,Open,0.0,SymmetricalOrAlternating,Curved,1,Neutral,Neutral,Neutral,1,open_b,1
shirt,shirt,A_01_028,i,Curved,0.0,,,Open,1.0,OneHanded,Straight,1,Body,TorsoTop,,1,,0
horse,horse,A_01_029,im,FullyOpen,1.0,0.0,0.0,Open,0.0,OneHanded,,1,Head,Forehead,,1,,0
rock,rock,A_01_030,imrp,FullyClosed,0.0,,0.0,Open,0.0,AsymmetricalSameHandshape,Straight,1,Hand,PalmBack,,1,a,0
dinosaur,dinosaur,A_01_031,imrp,Curved,0.0,0.0,0.0,Open,1.0,OneHanded,Straight,1,Neutral,Neutral,Neutral,0,,0
coffee,coffee,A_01_032,imrp,FullyClosed,0.0,,0.0,Closed,1.0,AsymmetricalSameHandshape,Circular,1,Hand,FingerRadial,FingerRadial,1,s,0
cow,cow,A_01_033,p,FullyOpen,0.0,,,Open,0.0,OneHanded,,1,Head,Forehead,,1,,1
butter,butter,A_01_034,im,Flat,1.0,0.0,0.0,Open,0.0,AsymmetricalDifferentHandshape,Straight,1,Hand,Palm,HandAway,1,B,0
trash,trash,A_01_035,i,FullyOpen,0.0,,,Closed,0.0,OneHanded,Curved,0,Arm,ForearmUlnar,ElbowBack,1,,1
moon,moon,A_01_036,i,Curved,0.0,,,Open,0.0,OneHanded,Curved,0,Head,Eye,HeadAway,1,,0
shorts,shorts,A_01_037,imrp,FullyOpen,0.0,0.0,0.0,Open,0.0,SymmetricalOrAlternating,Curved,1,Body,Other,BodyAway,0,open_b,1
scissors,scissors,A_01_038,im,FullyOpen,0.0,1.0,1.0,Closed,0.0,OneHanded,,1,Neutral,Neutral,,0,,0
soup,soup,A_01_039,im,Curved,0.0,0.0,0.0,Closed,0.0,AsymmetricalDifferentHandshape,Curved,1,Hand,Palm,HandAway,1,B,0
bird,bird,A_01_041,i,Flat,1.0,,,Open,1.0,OneHanded,,1,Head,Mouth,,1,,0
spaghetti,spaghetti,A_01_042,p,FullyOpen,0.0,,,Closed,0.0,SymmetricalOrAlternating,Circular,1,Neutral,Neutral,Neutral,0,i,0
snake,snake,A_01_043,im,Bent,0.0,1.0,0.0,Closed,0.0,OneHanded,Z-shaped,0,Head,Mouth,HeadAway,0,,0
bowtie,bowtie,A_01_044,im,FullyClosed,1.0,,0.0,Closed,1.0,SymmetricalOrAlternating,,0,Body,TorsoTop,,1,s,0
camping,camping,A_01_045,ip,FullyOpen,1.0,,,Closed,0.0,SymmetricalOrAlternating,Curved,1,Neutral,Neutral,Neutral,1,horns,0
skirt,skirt,A_01_046,imrp,FullyOpen,0.0,1.0,0.0,Open,0.0,SymmetricalOrAlternating,Curved,0,Body,Hips,BodyAway,0,5,0
stars,stars,A_01_047,i,FullyOpen,0.0,,,Closed,0.0,SymmetricalOrAlternating,Straight,1,Neutral,Neutral,Neutral,1,1,0
surf,surf,A_01_048,im,Bent,0.0,0.0,0.0,Closed,0.0,AsymmetricalDifferentHandshape,Straight,1,Hand,FingerBack,,1,1,0
wolf,wolf,A_01_049,imrp,Flat,1.0,1.0,0.0,Open,1.0,OneHanded,Curved,0,Head,HeadAway,HeadAway,1,,0
tiger,tiger,A_01_050,imrp,FullyOpen,1.0,1.0,0.0,Open,0.0,SymmetricalOrAlternating,Straight,1,Head,CheekNose,HeadAway,0,5,0
milk,milk,A_01_051,imrp,FullyClosed,1.0,,0.0,Open,1.0,OneHanded,,1,Neutral,Neutral,,0,,0
policeman,policeman,A_01_052,i,Curved,0.0,,,Open,0.0,OneHanded,Straight,1,Body,Clavicle,,1,,0
tennis,tennis,A_01_053,i,Bent,0.0,,,Open,1.0,OneHanded,BackAndForth,0,Neutral,Neutral,Neutral,0,,1
computer,computer,A_01_054,m,Flat,0.0,,,Open,0.0,SymmetricalOrAlternating,Circular,1,Neutral,Neutral,Neutral,0,open_8,0
mountain,mountain,A_01_055,t,,,,,Open,,AsymmetricalSameHandshape,Straight,0,Hand,PalmBack,,1,a,0
dog,dog,A_01_056,mrp,Curved,,0.0,,Open,1.0,OneHanded,,1,Neutral,Neutral,,0,,0
snow,snow,A_01_057,imrp,Flat,1.0,1.0,1.0,Open,1.0,OneHanded,Straight,0,Body,TorsoTop,BodyAway,1,,0
pants,pants,A_01_058,imrp,FullyOpen,0.0,0.0,0.0,Open,0.0,SymmetricalOrAlternating,Z-shaped,0,Body,BodyAway,BodyAway,0,open_b,0
dormitory,dormitory,A_01_059,m,Curved,0.0,,,Open,1.0,OneHanded,Curved,0,Head,Chin,Other,1,,0
bake_1,bake_1,A_01_060,imrp,FullyOpen,0.0,0.0,0.0,Closed,0.0,AsymmetricalSameHandshape,Straight,1,Hand,HandAway,HandAway,0,closed_b,0
waiter,waiter,A_01_061,imrp,FullyOpen,0.0,0.0,0.0,Open,0.0,SymmetricalOrAlternating,Straight,1,Neutral,Neutral,Neutral,0,open_b,0
street,street,A_01_062,imrp,FullyOpen,0.0,0.0,0.0,Open,0.0,SymmetricalOrAlternating,Straight,0,Neutral,Neutral,Neutral,0,open_b,0
office,office,A_01_063,imrp,Curved,0.0,0.0,0.0,Open,1.0,SymmetricalOrAlternating,Straight,0,Neutral,Neutral,,0,o,0
bag,bag,A_01_064,imrp,FullyClosed,0.0,,,Closed,1.0,OneHanded,Straight,1,Neutral,Neutral,Neutral,0,,0
shrimp,shrimp,A_01_065,i,FullyOpen,1.0,,,Closed,0.0,OneHanded,Straight,1,Neutral,Neutral,Neutral,0,,0
diamond,diamond,A_01_066,m,Curved,0.0,,,Open,1.0,AsymmetricalDifferentHandshape,Straight,0,Hand,FingerBack,HandAway,1,B,1
language,language,A_01_067,i,FullyOpen,0.0,,,Open,0.0,SymmetricalOrAlternating,Straight,1,Neutral,Neutral,Neutral,1,l,1
strawberry,strawberry,A_01_068,i,Curved,0.0,,,Open,1.0,OneHanded,Straight,1,Head,Mouth,HeadAway,1,,0
lemon,lemon,A_01_069,i,FullyOpen,1.0,,,Open,0.0,OneHanded,,1,Head,Chin,,1,,0
peach,peach,A_01_070,imrp,Flat,1.0,1.0,0.0,Open,1.0,OneHanded,,1,Head,CheekNose,HeadAway,1,,0
brush,brush,A_01_072,i,Bent,0.0,,,Open,1.0,OneHanded,Straight,1,Head,HeadAway,HeadAway,0,,0
month,month,A_01_073,i,FullyOpen,0.0,,,Closed,0.0,AsymmetricalSameHandshape,Straight,0,Hand,FingerBack,PalmBack,1,1,0
pie,pie,A_01_074,imrp,FullyOpen,0.0,0.0,0.0,Open,0.0,AsymmetricalDifferentHandshape,Other,0,Hand,Palm,Palm,1,B,0
radio,radio,A_01_075,imrp,Curved,0.0,1.0,0.0,Open,0.0,OneHanded,,1,Head,HeadAway,,0,,1
death,death,A_01_076,imrp,FullyOpen,0.0,0.0,0.0,Open,0.0,SymmetricalOrAlternating,Curved,0,Neutral,Neutral,Neutral,0,open_b,1
cloud_1,cloud,A_01_077,imrp,Bent,0.0,1.0,0.0,Open,0.0,SymmetricalOrAlternating,Circular,1,Head,HeadAway,HeadAway,0,spread_open_e,0
asia,asia,A_01_078,imrp,FullyClosed,1.0,,1.0,Open,0.0,OneHanded,Circular,0,Neutral,Neutral,Neutral,0,,0
devil,devil,A_01_079,im,FullyOpen,1.0,1.0,0.0,Open,0.0,OneHanded,,1,Head,Forehead,,1,,0
music,music,A_01_080,imrp,FullyOpen,0.0,0.0,0.0,Open,0.0,OneHanded,Curved,1,Arm,ArmAway,ArmAway,0,,0
pride,pride,A_01_081,t,,,,,Open,,OneHanded,Straight,0,Body,TorsoBottom,TorsoTop,1,,0
drawer,drawer,A_01_082,imrp,Curved,1.0,1.0,1.0,Open,1.0,SymmetricalOrAlternating,Straight,1,Neutral,Neutral,Neutral,0,curved_5,0
lettuce,lettuce,A_01_083,imrp,Bent,0.0,1.0,0.0,Open,0.0,OneHanded,Straight,1,Head,HeadTop,,1,,0
soap,soap,A_01_084,imrp,FullyOpen,1.0,0.0,0.0,Open,0.0,AsymmetricalDifferentHandshape,,1,Hand,Heel,HandAway,1,B,0
frenchfries,frenchfries,A_01_085,i,Curved,,,,Open,1.0,OneHanded,Curved,0,Neutral,Neutral,Neutral,0,,0
deodorant,deodorant,A_01_086,imrp,FullyClosed,0.0,,0.0,Closed,1.0,OneHanded,Curved,1,Body,Other,Other,0,,0
plunger,plunger,A_01_087,imrp,FullyClosed,0.0,,0.0,Closed,1.0,SymmetricalOrAlternating,Straight,1,Neutral,Neutral,Neutral,1,s,0
shovel,shovel,A_01_088,imrp,FullyClosed,0.0,,0.0,Closed,1.0,SymmetricalOrAlternating,Curved,1,Neutral,Neutral,Neutral,0,s,0
razor,razor,A_01_089,i,Bent,0.0,,,Closed,0.0,OneHanded,Straight,1,Head,CheekNose,Chin,1,,0
prison,prison,A_01_090,imrp,FullyOpen,0.0,1.0,0.0,Closed,0.0,SymmetricalOrAlternating,Straight,1,Neutral,Neutral,Neutral,1,4,0
shower,shower,A_02_001,imrp,FullyClosed,1.0,,1.0,Closed,1.0,OneHanded,,1,Head,HeadAway,HeadAway,0,,0
diaper,diaper,A_02_002,im,FullyOpen,1.0,0.0,0.0,Open,1.0,SymmetricalOrAlternating,,1,Body,Hips,,1,h,0
bowling,bowling,A_02_003,imrp,Curved,0.0,1.0,0.0,Open,0.0,OneHanded,Curved,1,Neutral,Neutral,Neutral,0,,0
sandals,sandals,A_02_004,i,Bent,0.0,,,Closed,0.0,AsymmetricalDifferentHandshape,Straight,1,Hand,Other,,1,5,0
electrician,electrician,A_02_005,i,Bent,0.0,,,Closed,0.0,SymmetricalOrAlternating,Straight,1,Neutral,Neutral,,1,bent_1,0
volleyball,volleyball,A_02_006,m,Curved,1.0,,,Open,1.0,SymmetricalOrAlternating,Straight,1,Neutral,Neutral,Neutral,0,1,0
surgeon,surgeon,A_02_007,t,,,,,Open,,AsymmetricalDifferentHandshape,Straight,0,Hand,FingerFront,Palm,1,B,0
cheat_1,cheat_1,A_02_008,im,FullyOpen,0.0,1.0,0.0,Open,0.0,AsymmetricalDifferentHandshape,Straight,1,Hand,FingerRadial,FingerRadial,1,B,0
turtle,turtle,A_02_009,t,,1.0,,,Open,,AsymmetricalDifferentHandshape,,1,Hand,Palm,,1,C,0
sheep,sheep,A_02_010,im,FullyOpen,0.0,1.0,1.0,Closed,0.0,OneHanded,Curved,1,Arm,ForearmBack,ArmAway,1,,0
student,student,A_02_012,imrp,Flat,1.0,1.0,1.0,Open,1.0,AsymmetricalDifferentHandshape,,0,Hand,Palm,,1,B,0
icecream,icecream,A_02_013,imrp,FullyClosed,0.0,,0.0,Closed,1.0,OneHanded,Curved,1,Head,HeadAway,HeadAway,0,,0
cereal,cereal,A_02_014,i,Bent,0.0,,,Closed,0.0,OneHanded,Straight,1,Head,Chin,Chin,1,,0
biology,biology,A_02_015,imrp,FullyOpen,0.0,0.0,0.0,Closed,0.0,SymmetricalOrAlternating,Circular,1,Neutral,Neutral,Neutral,0,closed_b,0
kitchen,kitchen,A_02_016,im,Stacked,0.0,,0.0,Open,1.0,AsymmetricalDifferentHandshape,Curved,0,Hand,Palm,Palm,1,B,1
golf,golf,A_02_017,i,Bent,0.0,,,Open,1.0,SymmetryViolation,Curved,0,Neutral,Neutral,Neutral,0,SymmetryViolation,1
swing,swing,A_02_018,imrp,FullyOpen,0.0,0.0,0.0,Open,0.0,OneHanded,Curved,1,Neutral,Neutral,Neutral,0,,1
pillow,pillow,A_02_019,imrp,FullyOpen,0.0,0.0,0.0,Open,0.0,SymmetricalOrAlternating,,0,Head,Other,,1,open_b,0
orange,orange,A_02_020,imrp,Curved,1.0,0.0,0.0,Open,1.0,OneHanded,,1,Head,Mouth,,1,,0
cheese,cheese,A_02_021,imrp,FullyOpen,0.0,1.0,0.0,Open,0.0,AsymmetricalSameHandshape,,1,Hand,Heel,,1,5,1
umbrella,umbrella,A_02_022,imrp,FullyClosed,0.0,,0.0,Closed,1.0,AsymmetricalSameHandshape,Straight,1,Hand,FingerRadial,HandAway,1,s,0
goat,goat,A_02_024,im,Bent,0.0,1.0,0.0,Closed,0.0,OneHanded,,0,Head,Chin,,1,,0
curtain,curtain,A_02_025,imrp,FullyOpen,0.0,1.0,0.0,Closed,0.0,SymmetricalOrAlternating,BackAndForth,0,Neutral,Neutral,Neutral,0,4,0
gloves,gloves,A_02_026,imrp,FullyOpen,1.0,1.0,1.0,Open,0.0,SymmetricalOrAlternating,Other,1,Hand,FingerBack,PalmBack,1,5,0
football,football,A_02_027,imrp,FullyOpen,0.0,1.0,0.0,Open,0.0,SymmetricalOrAlternating,Straight,1,Neutral,Neutral,,1,5,0
dumb,dumb,A_02_028,t,,,,,Open,,OneHanded,Straight,0,Head,Forehead,,1,,0
playground,playground,A_02_029,p,FullyOpen,0.0,,,Open,0.0,SymmetricalOrAlternating,,1,Neutral,Neutral,,0,y,1
kite,kite,A_02_030,imrp,FullyOpen,0.0,0.0,0.0,Open,0.0,AsymmetricalDifferentHandshape,Z-shaped,0,Hand,FingerTip,,1,1,0
water,water,A_02_031,p,Curved,0.0,,,Open,1.0,OneHanded,Straight,1,Head,Chin,,1,,0
pig,pig,A_02_032,imrp,FullyOpen,1.0,0.0,0.0,Open,0.0,OneHanded,,1,Head,UnderChin,,1,,0
teacher,teacher,A_02_033,imrp,Curved,1.0,0.0,0.0,Open,1.0,SymmetricalOrAlternating,Straight,0,Head,HeadAway,HeadAway,0,o,0
fishing,fishing,A_02_035,i,Bent,0.0,,,Open,1.0,SymmetryViolation,Straight,1,Neutral,Neutral,Neutral,0,SymmetryViolation,0
history,history,A_02_036,im,FullyOpen,0.0,0.0,0.0,Closed,0.0,OneHanded,Curved,1,Neutral,Neutral,,0,,0
spoon,spoon,A_02_037,im,FullyOpen,0.0,0.0,0.0,Closed,0.0,DominanceViolation,,0,Hand,FingerFront,,1,DominanceConditionViolation,0
toilet,bathroom,A_02_038,i,Bent,0.0,,,Open,1.0,OneHanded,Straight,1,Neutral,Neutral,Neutral,0,,0
fireman,fireman,A_02_039,imrp,FullyOpen,0.0,1.0,0.0,Closed,0.0,OneHanded,Straight,1,Head,Forehead,,1,,0
telephone,telephone,A_02_040,p,FullyOpen,0.0,,,Open,0.0,OneHanded,Straight,1,Head,CheekNose,,1,,0
library,library,A_02_041,i,FullyOpen,0.0,,,Open,0.0,OneHanded,Circular,1,Neutral,Neutral,Neutral,0,,0
picture,picture,A_02_042,imrp,Curved,0.0,0.0,0.0,Open,0.0,OneHanded,,0,Head,Eye,,1,,0
microwave,microwave,A_02_043,imrp,FullyClosed,1.0,,1.0,Closed,1.0,SymmetricalOrAlternating,BackAndForth,0,Neutral,Neutral,Neutral,0,s,0
gorilla,gorilla,A_02_044,t,,,,,Open,,SymmetricalOrAlternating,Straight,1,Body,TorsoTop,,1,a,0
hat,hat,A_02_045,imrp,FullyOpen,0.0,0.0,0.0,Open,0.0,OneHanded,Straight,1,Head,HeadTop,,1,,0
whistle,whistle,A_02_046,im,Bent,0.0,1.0,0.0,Closed,0.0,OneHanded,Straight,1,Head,Mouth,,1,,0
tornado,tornado,A_02_047,i,Flat,1.0,,,Open,0.0,SymmetricalOrAlternating,Straight,1,Neutral,Neutral,Neutral,0,g,1
windmill,windmill,A_02_048,im,FullyOpen,0.0,1.0,0.0,Open,0.0,AsymmetricalDifferentHandshape,,1,Hand,FingerTip,,1,1,1
tobacco,tobacco,A_02_049,imrp,Flat,0.0,0.0,0.0,Open,0.0,OneHanded,,1,Head,Chin,,1,,1
lazy,lazy,A_02_050,i,FullyOpen,0.0,,,Open,0.0,OneHanded,Straight,1,Body,Clavicle,,1,,0
bathroom,bathroom,A_02_051,i,Curved,0.0,,,Open,1.0,OneHanded,,1,Neutral,Neutral,,0,,0
tea,tea,A_02_052,i,Curved,0.0,,,Open,1.0,AsymmetricalDifferentHandshape,Circular,1,Hand,FingerRadial,FingerRadial,1,C,0
pencil,pencil,A_02_053,i,Curved,0.0,,,Open,1.0,OneHanded,,0,Head,Mouth,,1,,0
cafeteria,cafeteria,A_02_054,imrp,Curved,0.0,0.0,0.0,Open,0.0,OneHanded,Z-shaped,0,Head,Chin,Chin,1,,0
shoulder,shoulder,A_02_055,imrp,Flat,0.0,0.0,0.0,Open,0.0,OneHanded,Straight,1,Body,Shoulder,,1,,0
hair,hair,A_02_056,i,Flat,0.0,,,Open,1.0,OneHanded,Straight,1,Head,Other,Other,0,,0
bread,bread,A_02_058,imrp,Bent,0.0,0.0,0.0,Open,0.0,AsymmetricalDifferentHandshape,Straight,1,Hand,PalmBack,HandAway,1,B,1
elephant,elephant,A_02_059,imrp,FullyOpen,0.0,0.0,0.0,Open,0.0,OneHanded,Z-shaped,0,Head,CheekNose,HeadAway,1,,0
salad,salad,A_02_061,imrp,Curved,0.0,1.0,0.0,Open,0.0,SymmetricalOrAlternating,Curved,1,Neutral,Neutral,Neutral,0,curved_5,0
necklace,necklace,A_02_072,i,FullyOpen,0.0,,,Closed,0.0,SymmetricalOrAlternating,Curved,0,Body,TorsoTop,Clavicle,1,1,0
perfume,perfume,A_02_073,p,FullyOpen,0.0,,,Open,0.0,OneHanded,Curved,0,Body,Neck,Neck,1,,0
rollerskating,rollerskating,A_02_074,im,Bent,0.0,1.0,0.0,Closed,0.0,SymmetricalOrAlternating,Curved,1,Neutral,Neutral,Neutral,0,bent_v,0
heaven,heaven,A_02_075,imrp,Flat,0.0,1.0,1.0,Open,0.0,SymmetricalOrAlternating,Other,0,Neutral,Neutral,Neutral,0,flatspread_5,0
magazine,magazine,A_02_076,i,Bent,0.0,,,Open,0.0,AsymmetricalDifferentHandshape,Straight,1,Hand,FingerUlnar,FingerUlnar,1,B,0
guitar,guitar,A_02_077,imrp,Bent,0.0,1.0,0.0,Open,0.0,OneHanded,Curved,1,Arm,ArmAway,ArmAway,0,,0
turkey,turkey,A_02_078,i,Flat,0.0,,,Open,0.0,OneHanded,Straight,1,Head,CheekNose,HeadAway,1,,0
paintbrush,paintbrush,A_02_079,im,FullyOpen,1.0,0.0,0.0,Open,0.0,AsymmetricalDifferentHandshape,Straight,1,Hand,Palm,HandAway,0,B,0
popcorn,popcorn,A_02_080,i,Curved,1.0,,,Open,1.0,SymmetricalOrAlternating,Straight,1,Neutral,Neutral,Neutral,0,f,0
africa,africa,A_02_082,imrp,Flat,1.0,0.0,1.0,Open,1.0,OneHanded,Curved,0,Neutral,Neutral,Neutral,0,,1
carrot,carrot,A_02_083,imrp,FullyClosed,0.0,,0.0,Closed,1.0,OneHanded,,1,Head,Mouth,,0,,1
corn_1,corn_1,A_02_084,i,FullyOpen,0.0,,,Closed,0.0,OneHanded,Straight,1,Head,Mouth,Mouth,1,,1
pepper,pepper,A_02_085,i,Curved,0.0,,,Open,1.0,OneHanded,Straight,1,Neutral,Neutral,Neutral,0,,0
balloon,balloon,A_02_086,imrp,FullyClosed,1.0,,1.0,Closed,1.0,SymmetricalOrAlternating,Straight,0,Head,HeadAway,HeadAway,1,s,0
glove,glove,A_02_087,imrp,FullyOpen,0.0,1.0,0.0,Open,0.0,SymmetricalOrAlternating,Other,0,Hand,FingerBack,PalmBack,1,5,0
coconut,coconut,A_02_088,imrp,Curved,0.0,1.0,0.0,Open,0.0,SymmetricalOrAlternating,Straight,1,Head,HeadAway,HeadAway,0,curved_5,0
grapes,grapes,A_02_089,imrp,Curved,0.0,1.0,0.0,Open,0.0,AsymmetricalDifferentHandshape,Z-shaped,0,Hand,PalmBack,FingerBack,1,5,0
mop,mop,A_02_090,i,Bent,0.0,,,Open,1.0,SymmetricalOrAlternating,Straight,1,Neutral,Neutral,Neutral,0,baby_o,0
schedule,calendar,A_03_001,imrp,FullyOpen,0.0,1.0,0.0,Closed,0.0,AsymmetricalDifferentHandshape,X-shaped,0,Hand,Palm,HandAway,1,5,1
banana,banana,A_03_002,imrp,Flat,0.0,0.0,0.0,Open,1.0,AsymmetricalDifferentHandshape,Z-shaped,0,Hand,FingerRadial,FingerFront,1,1,0
homework,homework,A_03_003,imrp,Curved,0.0,0.0,0.0,Open,1.0,OneHanded,Curved,0,Head,Chin,CheekNose,1,,0
soccer,soccer,A_03_004,imrp,FullyOpen,0.0,0.0,0.0,Closed,0.0,AsymmetricalSameHandshape,Curved,1,Hand,FingerUlnar,,1,closed_b,0
verb,verb,A_03_005,im,FullyOpen,0.0,1.0,0.0,Closed,0.0,OneHanded,Straight,1,Head,Mouth,HeadAway,1,,0
insult,insult,A_03_006,i,FullyOpen,0.0,,,Closed,0.0,OneHanded,Curved,0,Neutral,Neutral,Neutral,0,,1
lawyer,lawyer,A_03_007,i,FullyOpen,0.0,,,Open,0.0,AsymmetricalDifferentHandshape,Curved,0,Hand,FingerFront,Palm,1,B,0
desert,desert,A_03_008,i,FullyOpen,1.0,,,Closed,0.0,OneHanded,Straight,0,Head,Chin,HeadAway,1,,0
mouse,mouse,A_03_009,i,FullyOpen,0.0,,,Closed,0.0,OneHanded,Straight,1,Head,CheekNose,HeadAway,1,,0
psychologist,psychologist,A_03_010,imrp,FullyOpen,0.0,0.0,0.0,Open,0.0,AsymmetricalDifferentHandshape,Straight,1,Hand,FingerRadial,,1,B,0
egg,egg,A_03_011,im,FullyOpen,0.0,0.0,0.0,Closed,0.0,SymmetricalOrAlternating,Curved,1,Neutral,Neutral,Neutral,1,h,1
lion,lion,A_03_012,imrp,Bent,0.0,1.0,0.0,Open,0.0,OneHanded,Curved,0,Head,HeadAway,HeadAway,0,,0
scarf,scarf,A_03_013,imrp,Flat,0.0,0.0,0.0,Open,0.0,SymmetryViolation,Other,0,Body,BodyAway,Neck,1,SymmetryViolation,1
engineer,engineer,A_03_014,p,FullyOpen,0.0,,,Open,0.0,DominanceViolation,,1,Hand,FingerTip,,1,DominanceConditionViolation,1
evaluate,evaluate,A_03_015,imrp,Bent,0.0,0.0,0.0,Closed,1.0,SymmetricalOrAlternating,Straight,1,Neutral,Neutral,Neutral,0,e,0
bridesmaid,bridesmaid,A_03_016,imrp,FullyClosed,0.0,,0.0,Closed,1.0,SymmetricalOrAlternating,Straight,1,Neutral,Neutral,,1,s,0
flower,flower,A_03_017,imrp,Flat,0.0,0.0,0.0,Open,1.0,OneHanded,Curved,0,Head,CheekNose,CheekNose,1,,1
witch,witch,A_03_018,i,Bent,0.0,,,Open,0.0,OneHanded,Curved,0,Head,HeadAway,HeadAway,1,,0
napkin,napkin,A_03_019,imrp,FullyOpen,0.0,0.0,0.0,Open,0.0,OneHanded,Circular,1,Head,HeadAway,HeadAway,0,,0
doctor,doctor,A_03_020,imrp,Flat,0.0,0.0,0.0,Open,1.0,OneHanded,Straight,1,Arm,WristFront,,1,,0
neutral,neutral,A_03_021,im,Flat,0.0,0.0,0.0,Closed,1.0,OneHanded,Straight,1,Neutral,Neutral,Neutral,0,,0
garage,garage,A_03_022,im,FullyOpen,0.0,1.0,0.0,Open,0.0,AsymmetricalDifferentHandshape,Straight,1,Hand,HandAway,HandAway,0,B,0
underwear,underwear,A_03_023,i,FullyOpen,1.0,,,Open,1.0,SymmetricalOrAlternating,Straight,1,Body,Hips,BodyAway,1,l,0
bracelet,bracelet,A_03_024,i,Curved,0.0,,,Open,0.0,OneHanded,Straight,1,Arm,WristBack,,1,,0
table,table,A_03_025,imrp,FullyOpen,0.0,0.0,0.0,Open,0.0,OneHanded,Straight,1,Arm,ForearmBack,,1,,0
math,math,A_03_027,imrp,Flat,0.0,0.0,0.0,Closed,1.0,SymmetricalOrAlternating,Straight,1,Neutral,Neutral,Neutral,1,flat_m,0
bra,bra,A_03_028,i,FullyOpen,0.0,,,Open,0.0,SymmetricalOrAlternating,Straight,1,Body,TorsoMid,TorsoMid,1,l,0
piano,piano,A_03_029,imrp,FullyOpen,0.0,1.0,0.0,Open,0.0,SymmetricalOrAlternating,Curved,1,Neutral,Neutral,Neutral,0,5,0
mechanic_1,mechanic,A_03_030,im,FullyOpen,0.0,1.0,0.0,Closed,0.0,AsymmetricalDifferentHandshape,Curved,1,Hand,Other,,1,1,0
grass,grass,A_03_031,imrp,Curved,0.0,1.0,0.0,Open,0.0,OneHanded,Curved,1,Head,UnderChin,HeadAway,1,,0
blanket,blanket,A_03_032,imrp,FullyOpen,0.0,0.0,0.0,Closed,0.0,SymmetricalOrAlternating,Straight,1,Body,Clavicle,,1,closed_b,0
mirror,mirror,A_03_034,imrp,FullyOpen,0.0,0.0,0.0,Open,0.0,OneHanded,,1,Head,HeadAway,,0,,1
river,river,A_03_035,p,Flat,0.0,,,Open,1.0,OneHanded,Straight,0,Head,Chin,,1,,0
belt,belt,A_03_036,i,Bent,0.0,,,Open,0.0,SymmetricalOrAlternating,Curved,1,Body,Hips,Hips,1,bent_l,0
bed,bed,A_03_037,imrp,FullyOpen,0.0,0.0,0.0,Open,0.0,OneHanded,Straight,0,Head,Other,,1,,0
onion,onion,A_03_038,i,Bent,0.0,,,Closed,0.0,OneHanded,,1,Head,Eye,,1,,1
earthquake,earthquake,A_03_039,m,Flat,0.0,,,Open,0.0,AsymmetricalDifferentHandshape,,1,Hand,PalmBack,,1,S,1
fish,fish,A_03_040,imrp,FullyOpen,1.0,0.0,0.0,Open,0.0,AsymmetricalSameHandshape,,1,Hand,FingerTip,,1,open_b,0
fox,fox,A_03_041,i,Curved,0.0,,,Open,1.0,OneHanded,Curved,1,Head,CheekNose,,1,,0
window,window,A_03_042,imrp,FullyOpen,0.0,0.0,0.0,Open,0.0,AsymmetricalSameHandshape,Straight,1,Hand,FingerRadial,HandAway,1,open_b,0
accountant,accountant,A_03_044,i,Curved,0.0,,,Open,1.0,AsymmetricalDifferentHandshape,Straight,1,Hand,Palm,,1,B,0
basketball,basketball,A_03_045,imrp,Curved,0.0,1.0,0.0,Open,0.0,SymmetricalOrAlternating,,1,Neutral,Neutral,,0,curved_5,1
dress,dress,A_03_046,imrp,FullyOpen,0.0,1.0,0.0,Open,0.0,SymmetricalOrAlternating,Curved,0,Body,Clavicle,BodyAway,1,5,1
actor,actor,A_03_047,t,,,,,Open,,SymmetricalOrAlternating,Circular,1,Body,TorsoTop,BodyAway,1,a,0
stairs,stairs,A_03_048,im,Bent,0.0,0.0,0.0,Open,0.0,OneHanded,Straight,1,Neutral,Neutral,Neutral,0,,0
giraffe,giraffe,A_03_049,imrp,Curved,0.0,0.0,0.0,Open,0.0,AsymmetricalSameHandshape,Straight,0,Body,BodyAway,BodyAway,0,c,0
potato,potato,A_03_050,im,Bent,0.0,1.0,0.0,Closed,0.0,AsymmetricalDifferentHandshape,Straight,1,Hand,PalmBack,,1,C,0
rooster,rooster,A_03_051,im,FullyOpen,0.0,1.0,0.0,Open,0.0,OneHanded,Straight,1,Head,Forehead,,1,,0
door,door,A_03_052,imrp,FullyOpen,0.0,0.0,0.0,Closed,0.0,AsymmetricalSameHandshape,Curved,1,Hand,FingerRadial,HandAway,1,closed_b,1
ring,ring,A_03_053,i,Flat,0.0,,,Open,0.0,AsymmetricalDifferentHandshape,Straight,1,Hand,FingerBack,FingerBack,1,5,0
apple,apple,A_03_054,i,Bent,0.0,,,Closed,0.0,OneHanded,,1,Head,CheekNose,,1,,1
queen,queen,A_03_055,i,Flat,0.0,,,Open,0.0,OneHanded,Curved,0,Body,Clavicle,Hips,1,,0
butterfly,butterfly,A_03_056,imrp,FullyOpen,1.0,0.0,0.0,Open,0.0,SymmetricalOrAlternating,,1,Neutral,Neutral,,1,open_b,0
dolphin,dolphin,A_03_057,im,Crossed,0.0,0.0,0.0,Open,0.0,OneHanded,Z-shaped,0,Arm,ArmAway,ArmAway,0,,0
pirate,pirate,A_03_058,imrp,FullyOpen,0.0,0.0,0.0,Open,0.0,OneHanded,Straight,1,Head,Eye,,1,,0
secretary,secretary,A_03_059,im,Stacked,0.0,,0.0,Open,1.0,OneHanded,,0,Head,Mouth,,1,,0
deer,deer,A_03_060,imrp,FullyOpen,0.0,1.0,0.0,Open,0.0,SymmetricalOrAlternating,Straight,1,Head,Forehead,HeadAway,1,5,0
rain,rain,A_03_061,imrp,Bent,0.0,1.0,0.0,Open,0.0,SymmetricalOrAlternating,Straight,1,Neutral,Neutral,Neutral,0,spread_open_e,0
bar,bar,A_03_072,t,,,,,Open,,OneHanded,Straight,1,Head,Mouth,,0,,0
bacon,bacon,A_03_073,im,Flat,0.0,0.0,0.0,Open,0.0,SymmetricalOrAlternating,Straight,1,Neutral,Neutral,Neutral,1,flat_h,0
binoculars,binoculars,A_03_074,imrp,Curved,0.0,0.0,0.0,Open,0.0,SymmetricalOrAlternating,Straight,1,Head,HeadAway,,0,c,0
drum,drum,A_03_075,i,Bent,0.0,,,Open,1.0,SymmetricalOrAlternating,Curved,1,Neutral,Neutral,Neutral,0,baby_o,0
microscope,microscope,A_03_076,imrp,Curved,1.0,1.0,0.0,Open,0.0,SymmetricalOrAlternating,,1,Head,HeadAway,,0,curved_5,0
whip,whip,A_03_077,i,Bent,0.0,,,Open,1.0,OneHanded,BackAndForth,0,Neutral,Neutral,Neutral,0,,0
machine,machine,A_03_078,imrp,Bent,0.0,1.0,0.0,Open,0.0,SymmetricalOrAlternating,Straight,1,Neutral,Neutral,Neutral,1,spread_open_e,0
wave,wave,A_03_079,imrp,FullyOpen,0.0,1.0,0.0,Open,0.0,SymmetricalOrAlternating,Z-shaped,0,Neutral,Neutral,Neutral,0,5,0
chance,chance,A_03_080,imrp,Curved,0.0,0.0,0.0,Open,0.0,SymmetricalOrAlternating,Curved,0,Neutral,Neutral,Neutral,0,c,1
bridge,bridge,A_03_081,im,FullyOpen,0.0,0.0,0.0,Closed,0.0,OneHanded,Curved,0,Arm,ForearmFront,ForearmFront,1,,0
violin,violin,A_03_083,i,Curved,0.0,,,Open,1.0,OneHanded,Straight,1,Arm,ArmAway,ArmAway,0,,0
flashlight,flashlight,A_03_084,m,Curved,0.0,,,Open,1.0,OneHanded,,0,Head,UnderChin,,1,,0
angel,angel,A_03_085,imrp,FullyOpen,1.0,0.0,0.0,Open,0.0,SymmetricalOrAlternating,Straight,1,Body,Shoulder,BodyAway,1,open_b,0
concept,concept,A_03_086,imrp,Curved,0.0,0.0,0.0,Open,0.0,OneHanded,Curved,0,Head,Forehead,HeadAway,1,,0
attention,attention,A_03_089,imrp,FullyOpen,0.0,0.0,0.0,Open,0.0,SymmetricalOrAlternating,Straight,1,Head,Eye,HeadAway,0,open_b,0
gas,gas,A_03_090,t,,,,,Open,,AsymmetricalDifferentHandshape,Straight,1,Hand,FingerRadial,,1,S,0
chocolate,chocolate,B_01_002,imrp,Curved,0.0,0.0,0.0,Open,0.0,AsymmetricalDifferentHandshape,Circular,1,Hand,PalmBack,PalmBack,1,B,0
counselor,counselor,B_01_005,imrp,Flat,1.0,0.0,1.0,Open,1.0,AsymmetricalDifferentHandshape,Straight,1,Hand,PalmBack,HandAway,1,B,0
college,college,B_01_009,imrp,FullyOpen,0.0,0.0,0.0,Open,0.0,AsymmetricalSameHandshape,Curved,0,Hand,Palm,HandAway,1,open_b,0
start,start,B_01_011,i,FullyOpen,0.0,,,Closed,0.0,AsymmetricalDifferentHandshape,,0,Hand,Other,,1,5,1
puzzled,puzzled,B_01_012,i,FullyOpen,1.0,,,Closed,0.0,OneHanded,,0,Head,Forehead,,0,,0
surprise,surprise,B_01_013,i,Curved,1.0,,,Open,1.0,SymmetricalOrAlternating,Straight,0,Head,Eye,HeadAway,1,f,0
hearing_aid,hearing_aid,B_01_015,i,Bent,0.0,,,Open,0.0,OneHanded,Straight,1,Head,Other,,1,,0
blind,blind,B_01_016,im,Curved,0.0,1.0,0.0,Closed,0.0,OneHanded,Curved,0,Head,Eye,,1,,0
bored,bored,B_01_017,i,FullyOpen,0.0,,,Closed,0.0,OneHanded,Straight,0,Head,CheekNose,HeadAway,1,,1
responsibility,responsibility,B_01_018,imrp,Flat,0.0,0.0,0.0,Open,0.0,SymmetricalOrAlternating,Straight,1,Body,Shoulder,,1,flat_b,0
bath,bath,B_01_019,t,,,,,Open,,SymmetricalOrAlternating,Straight,1,Body,TorsoTop,TorsoTop,1,a,0
some,some,B_01_020,imrp,FullyOpen,0.0,0.0,0.0,Open,0.0,AsymmetricalSameHandshape,Straight,0,Hand,Palm,Palm,1,open_b,0
mustache,mustache,B_01_021,i,Flat,1.0,,,Open,1.0,SymmetricalOrAlternating,Straight,1,Head,UpperLip,UpperLip,1,g,0
awkward,awkward,B_01_022,im,FullyOpen,0.0,1.0,0.0,Open,0.0,SymmetricalOrAlternating,Straight,1,Neutral,Neutral,Neutral,0,3,0
relationship,relationship,B_01_023,i,Curved,0.0,,,Open,1.0,SymmetricalOrAlternating,Straight,1,Hand,FingerTip,,1,f,0
favorite,favorite,B_01_024,m,Flat,0.0,,,Open,0.0,OneHanded,Straight,1,Head,Chin,,1,,0
hunt,hunt,B_01_025,im,FullyOpen,0.0,0.0,0.0,Open,0.0,SymmetricalOrAlternating,Straight,1,Neutral,Neutral,Neutral,0,open_h,0
rude,rude,B_01_026,m,Flat,0.0,,,Open,0.0,AsymmetricalDifferentHandshape,Straight,0,Hand,Palm,FingerFront,1,B,0
headache,headache,B_01_027,i,Flat,0.0,,,Closed,0.0,SymmetricalOrAlternating,Straight,1,Head,HeadAway,HeadAway,0,flat_1,0
honest,honest,B_01_028,im,FullyOpen,0.0,0.0,0.0,Closed,0.0,AsymmetricalDifferentHandshape,Straight,0,Hand,Palm,FingerFront,1,B,0
city,city,B_01_029,imrp,FullyOpen,0.0,0.0,0.0,Open,0.0,SymmetricalOrAlternating,Straight,1,Neutral,Neutral,Neutral,1,open_b,0
tall_2,tall_2,B_01_030,imrp,Flat,0.0,0.0,0.0,Open,0.0,OneHanded,Straight,0,Neutral,Neutral,Neutral,0,,0
rest,rest,B_01_031,imrp,FullyOpen,0.0,0.0,0.0,Open,0.0,SymmetricalOrAlternating,Straight,0,Body,TorsoTop,,1,open_b,0
impossible,impossible,B_01_032,p,FullyOpen,0.0,,,Open,0.0,AsymmetricalDifferentHandshape,Straight,1,Hand,Palm,,1,B,0
warn,warn,B_01_033,imrp,FullyOpen,0.0,0.0,0.0,Open,0.0,AsymmetricalSameHandshape,Straight,1,Hand,PalmBack,,1,open_b,0
new_york,new_york,B_01_034,p,FullyOpen,0.0,,,Open,0.0,AsymmetricalDifferentHandshape,Straight,1,Hand,Palm,Palm,1,B,0
hockey,hockey,B_01_035,i,Bent,0.0,,,Closed,0.0,AsymmetricalDifferentHandshape,Curved,1,Hand,Palm,HandAway,1,B,0
flag,flag,B_01_036,imrp,FullyOpen,1.0,0.0,0.0,Open,0.0,OneHanded,Straight,1,Neutral,Neutral,Neutral,0,,0
film,film,B_01_037,imrp,Flat,0.0,1.0,0.0,Open,0.0,AsymmetricalDifferentHandshape,Straight,1,Hand,FingerRadial,,1,B,0
last,last,B_01_038,p,FullyOpen,0.0,,,Closed,0.0,DominanceViolation,Straight,0,Hand,FingerFront,HandAway,1,DominanceConditionViolation,0
videophone,videophone,B_01_039,imrp,Flat,0.0,1.0,0.0,Open,0.0,SymmetricalOrAlternating,Straight,1,Neutral,Neutral,Neutral,1,flatspread_5,0
shy,shy,B_01_040,imrp,Curved,0.0,0.0,0.0,Open,0.0,OneHanded,,0,Head,CheekNose,,1,,1
look_at,look_at,B_01_041,im,Flat,0.0,1.0,0.0,Closed,0.0,OneHanded,Straight,0,Head,Eye,HeadAway,1,,0
learn,learn,B_01_042,imrp,Flat,1.0,1.0,1.0,Open,0.0,AsymmetricalDifferentHandshape,,0,Hand,Palm,,1,B,0
traffic,traffic,B_01_043,imrp,FullyOpen,0.0,1.0,0.0,Open,0.0,SymmetricalOrAlternating,Straight,1,Neutral,Neutral,,0,5,0
three,three,B_01_044,im,FullyOpen,0.0,1.0,0.0,Open,0.0,OneHanded,Straight,0,Neutral,Neutral,,0,,0
print,print,B_01_045,i,FullyOpen,1.0,,,Open,1.0,AsymmetricalDifferentHandshape,Straight,1,Hand,Palm,,1,B,0
mind,mind,B_01_046,i,Curved,0.0,,,Closed,0.0,OneHanded,Straight,1,Head,Forehead,,1,,0
body,body,B_01_047,imrp,FullyOpen,0.0,0.0,0.0,Open,0.0,SymmetricalOrAlternating,Straight,0,Body,Clavicle,Hips,1,open_b,0
fingerspell,fingerspell,B_01_048,imrp,Flat,0.0,1.0,0.0,Open,0.0,OneHanded,Straight,0,Neutral,Neutral,Neutral,0,,0
because,because,B_01_049,imrp,FullyOpen,1.0,0.0,0.0,Open,0.0,OneHanded,Curved,0,Head,Forehead,HeadAway,0,,0
pill,pill,B_01_050,i,Curved,1.0,,,Open,1.0,OneHanded,,0,Head,HeadAway,,0,,0
bake_2,bake_2,B_01_051,imrp,FullyOpen,0.0,0.0,0.0,Open,0.0,AsymmetricalSameHandshape,Straight,0,Hand,HandAway,HandAway,0,open_b,0
good,good,B_01_052,imrp,FullyOpen,0.0,0.0,0.0,Open,0.0,OneHanded,Straight,0,Head,Chin,HeadAway,1,,0
hotel,hotel,B_01_053,im,FullyOpen,1.0,0.0,0.0,Open,0.0,AsymmetricalDifferentHandshape,,1,Hand,FingerFront,,1,1,0
wrong_1,wrong,B_01_055,p,FullyOpen,0.0,,,Open,0.0,OneHanded,Straight,1,Head,Chin,,1,,0
type,type,B_01_056,im,Stacked,0.0,,0.0,Open,1.0,SymmetricalOrAlternating,Circular,0,Neutral,Neutral,Neutral,1,p,0
doubt,doubt,B_01_057,im,FullyOpen,1.0,1.0,0.0,Closed,0.0,OneHanded,,1,Head,HeadAway,,0,,0
judge,judge,B_01_058,i,Curved,0.0,,,Open,1.0,SymmetricalOrAlternating,Straight,1,Neutral,Neutral,Neutral,0,f,0
army,army,B_01_059,t,,,,,Open,,SymmetricalOrAlternating,Straight,1,Body,Clavicle,,1,a,0
patient_1,patient_1,B_01_060,im,Stacked,0.0,,0.0,Open,1.0,OneHanded,X-shaped,0,Arm,UpperArm,UpperArm,1,,0
much,much,B_01_061,imrp,Curved,0.0,1.0,0.0,Open,0.0,SymmetricalOrAlternating,Curved,0,Neutral,Neutral,Neutral,0,curved_5,0
5_dollars,5_dollars,B_01_062,imrp,FullyOpen,0.0,1.0,0.0,Open,0.0,OneHanded,,0,Neutral,Neutral,,0,,1
wristwatch,wristwatch,B_01_063,i,Curved,0.0,,,Open,1.0,OneHanded,Straight,1,Arm,WristBack,,1,,0
breakdown,breakdown,B_01_064,imrp,Curved,0.0,1.0,0.0,Open,0.0,SymmetricalOrAlternating,Straight,0,Neutral,Neutral,Neutral,1,curved_5,0
brother,brother,B_01_065,t,,,,,Open,,OneHanded,,0,Head,Forehead,,1,,0
person,person,B_01_066,im,Stacked,0.0,,0.0,Open,1.0,SymmetricalOrAlternating,Straight,0,Neutral,Neutral,Neutral,0,p,0
bug,bug,B_01_067,im,FullyOpen,1.0,1.0,0.0,Open,0.0,OneHanded,,1,Head,CheekNose,,1,,0
me,me,B_01_068,i,FullyOpen,0.0,,,Closed,0.0,OneHanded,Straight,0,Body,TorsoTop,,1,,0
salt,salt,B_01_069,im,Flat,1.0,1.0,0.0,Closed,0.0,DominanceViolation,,1,Hand,FingerBack,,1,DominanceConditionViolation,0
angry,angry,B_01_070,imrp,FullyOpen,1.0,1.0,0.0,Open,0.0,SymmetricalOrAlternating,Curved,0,Body,TorsoTop,BodyAway,1,5,0
serious,serious,B_01_071,i,FullyOpen,0.0,,,Closed,0.0,OneHanded,,0,Head,Chin,,1,,1
sick,sick,B_01_072,m,Flat,0.0,,,Open,0.0,SymmetricalOrAlternating,Straight,0,Head,Forehead,,1,open_8,0
cabbage,lettuce,B_01_073,imrp,Bent,0.0,1.0,0.0,Open,0.0,OneHanded,Straight,1,Head,Forehead,,1,,0
minute,minute,B_01_074,i,FullyOpen,0.0,,,Closed,0.0,AsymmetricalDifferentHandshape,Curved,0,Hand,Palm,,1,B,0
speakers,speakers,B_01_076,imrp,Curved,1.0,0.0,1.0,Open,1.0,SymmetricalOrAlternating,Straight,1,Neutral,Neutral,Neutral,0,o,0
father,father,B_01_077,imrp,FullyOpen,0.0,1.0,0.0,Open,0.0,OneHanded,Straight,1,Head,Forehead,,1,,0
prefer,prefer,B_01_078,imrp,Flat,1.0,0.0,0.0,Open,0.0,OneHanded,Straight,0,Body,Clavicle,BodyAway,1,,0
nothing,nothing,B_01_079,imrp,Curved,0.0,0.0,0.0,Open,1.0,SymmetricalOrAlternating,Straight,1,Neutral,Neutral,Neutral,0,o,0
certificate,certificate,B_01_080,imrp,Curved,0.0,0.0,0.0,Open,0.0,SymmetricalOrAlternating,Straight,1,Neutral,Neutral,Neutral,1,c,0
important,important,B_01_081,i,Curved,0.0,,,Open,1.0,SymmetricalOrAlternating,Curved,0,Neutral,Neutral,Neutral,1,f,1
delicious,delicious,B_01_082,m,Flat,1.0,,,Open,1.0,OneHanded,Straight,0,Head,Mouth,HeadAway,0,,0
freckles,freckles,B_01_083,imrp,Curved,0.0,1.0,0.0,Open,0.0,SymmetricalOrAlternating,Z-shaped,0,Head,Other,Other,1,curved_5,0
engagement,engagement,B_01_084,im,Bent,0.0,1.0,0.0,Closed,0.0,AsymmetricalDifferentHandshape,Circular,0,Hand,HandAway,FingerBack,1,B,1
patient_2,patient_2,B_01_085,t,,,,,Open,,OneHanded,Straight,0,Head,Mouth,Chin,1,,0
farm,farm,B_01_086,imrp,FullyOpen,0.0,1.0,0.0,Open,0.0,OneHanded,Straight,1,Head,Chin,Chin,1,,0
thief_2,thief_2,B_01_087,im,FullyOpen,1.0,1.0,0.0,Open,0.0,OneHanded,Straight,0,Arm,ForearmUlnar,ArmAway,1,,0
which,which,B_01_088,t,,,,,Open,,SymmetricalOrAlternating,Straight,1,Neutral,Neutral,Neutral,0,a,0
peace,peace,B_01_089,imrp,FullyOpen,0.0,0.0,0.0,Open,0.0,SymmetricalOrAlternating,Curved,0,Neutral,Neutral,Neutral,1,open_b,1
silly,silly,B_01_090,p,FullyOpen,0.0,,,Open,0.0,OneHanded,Straight,1,Head,CheekNose,HeadAway,0,,0
eat_1,eat,B_02_002,imrp,Curved,0.0,0.0,0.0,Open,1.0,OneHanded,Straight,1,Head,Mouth,,1,,0
about_2,about,B_02_003,i,FullyOpen,0.0,,,Closed,0.0,AsymmetricalDifferentHandshape,Circular,0,Hand,HandAway,FingerTip,1,O,1
possible,possible,B_02_005,imrp,FullyClosed,0.0,,0.0,Closed,1.0,SymmetricalOrAlternating,Straight,1,Neutral,Neutral,Neutral,0,s,0
black,black,B_02_006,i,FullyOpen,0.0,,,Closed,0.0,OneHanded,Straight,0,Head,Forehead,HeadAway,0,,1
please,please,B_02_007,imrp,FullyOpen,0.0,0.0,0.0,Open,0.0,OneHanded,Circular,1,Body,TorsoTop,TorsoTop,1,,0
mother,mother,B_02_008,imrp,FullyOpen,0.0,1.0,0.0,Open,0.0,OneHanded,Straight,1,Head,Chin,,1,,0
same_1,same_1,B_02_009,p,FullyOpen,0.0,,,Open,0.0,OneHanded,Straight,1,Neutral,Neutral,Neutral,0,,0
gallaudet,gallaudet,B_02_010,i,Flat,1.0,,,Open,1.0,OneHanded,Straight,1,Head,HeadAway,HeadAway,0,,0
knife,knife,B_02_011,i,FullyOpen,0.0,,,Closed,0.0,AsymmetricalSameHandshape,Curved,1,Hand,FingerRadial,HandAway,1,1,1
drink,drink,B_02_012,imrp,Curved,0.0,0.0,0.0,Open,0.0,OneHanded,Straight,0,Head,HeadAway,HeadAway,0,,1
scarcely,scarcely,B_02_014,m,Flat,0.0,,,Open,0.0,SymmetricalOrAlternating,Straight,1,Head,Chin,HeadAway,1,open_8,0
year,year,B_02_015,imrp,FullyClosed,0.0,,0.0,Closed,1.0,SymmetricalOrAlternating,Circular,0,Neutral,Neutral,Neutral,1,s,0
wait,wait,B_02_016,imrp,FullyOpen,1.0,1.0,0.0,Open,0.0,SymmetricalOrAlternating,,1,Neutral,Neutral,,0,5,0
israel,israel,B_02_018,p,FullyOpen,0.0,,,Closed,0.0,OneHanded,Z-shaped,0,Head,Chin,Chin,1,,0
swallow,swallow,B_02_019,i,FullyOpen,0.0,,,Closed,0.0,OneHanded,Curved,0,Body,Neck,Neck,0,,0
friday,friday,B_02_020,i,Curved,0.0,,,Open,1.0,OneHanded,Circular,1,Neutral,Neutral,Neutral,0,,0
really,really,B_02_021,i,FullyOpen,0.0,,,Closed,0.0,OneHanded,Curved,0,Head,Chin,HeadAway,1,,0
congratulations,congratulations,B_02_022,imrp,Curved,0.0,0.0,0.0,Open,0.0,SymmetricalOrAlternating,Straight,1,Neutral,Neutral,,1,c,0
ask,ask,B_02_023,i,FullyOpen,1.0,,,Closed,0.0,OneHanded,,0,Neutral,Neutral,,0,,0
alphabet,alphabet,B_02_024,t,,,,,Open,,OneHanded,,0,Neutral,Neutral,,0,,0
whatever,whatever,B_02_025,imrp,FullyOpen,0.0,1.0,0.0,Open,0.0,SymmetricalOrAlternating,Straight,1,Neutral,Neutral,Neutral,1,5,0
hospital,hospital,B_02_026,im,FullyOpen,0.0,0.0,0.0,Closed,0.0,OneHanded,X-shaped,0,Arm,UpperArm,UpperArm,1,,0
subtract,subtract,B_02_027,imrp,Curved,1.0,1.0,1.0,Open,1.0,AsymmetricalDifferentHandshape,Straight,0,Hand,Palm,HandAway,1,B,0
win,win,B_02_029,imrp,Curved,1.0,0.0,0.0,Open,1.0,AsymmetricalSameHandshape,Curved,0,Hand,FingerRadial,HandAway,1,o,1
after,after,B_02_030,imrp,FullyOpen,0.0,0.0,0.0,Open,0.0,AsymmetricalSameHandshape,Curved,0,Hand,FingerRadial,FingerBack,0,open_b,1
wear,wear,B_02_032,imrp,FullyOpen,0.0,1.0,0.0,Open,0.0,SymmetricalOrAlternating,Curved,0,Body,TorsoTop,BodyAway,1,5,0
key,key,B_02_033,i,Bent,0.0,,,Open,1.0,AsymmetricalDifferentHandshape,,1,Hand,Heel,,1,B,1
try,try,B_02_034,imrp,FullyClosed,0.0,,0.0,Closed,1.0,SymmetricalOrAlternating,Curved,0,Neutral,Neutral,,0,s,1
where,where,B_02_035,i,FullyOpen,0.0,,,Closed,0.0,OneHanded,Straight,1,Neutral,Neutral,,0,,0
grandfather,grandfather,B_02_036,imrp,FullyOpen,0.0,1.0,0.0,Open,0.0,OneHanded,,0,Head,Forehead,,1,,0
summer,summer,B_02_037,i,FullyOpen,1.0,,,Closed,0.0,OneHanded,Straight,1,Head,Forehead,HeadAway,0,,0
act,act,B_02_038,t,,,,,Open,,SymmetricalOrAlternating,Circular,1,Body,TorsoTop,TorsoTop,1,a,0
parade,parade,B_02_039,imrp,Flat,0.0,0.0,1.0,Open,0.0,SymmetricalOrAlternating,Straight,1,Neutral,Neutral,Neutral,0,flat_b,0
vote,vote,B_02_040,i,Curved,0.0,,,Open,1.0,AsymmetricalDifferentHandshape,Straight,1,Hand,FingerRadial,,1,C,0
slow,slow,B_02_041,imrp,FullyOpen,0.0,1.0,0.0,Open,0.0,AsymmetricalSameHandshape,Straight,0,Hand,FingerBack,PalmBack,1,5,0
grow,grow,B_02_042,imrp,Curved,1.0,0.0,1.0,Open,1.0,AsymmetricalDifferentHandshape,Straight,0,Hand,Palm,HandAway,1,C,0
other,other,B_02_043,t,,,,,Open,,OneHanded,Curved,0,Neutral,Neutral,Neutral,0,,1
thursday,thursday,B_02_045,i,Bent,,,,Open,1.0,OneHanded,,0,Neutral,Neutral,,0,,1
warm,warm,B_02_047,imrp,FullyClosed,1.0,,1.0,Open,1.0,OneHanded,Straight,0,Head,Mouth,HeadAway,0,,0
behind,behind,B_02_048,t,,,,,Open,,AsymmetricalSameHandshape,Curved,0,Hand,HandAway,Heel,1,a,1
boss,boss,B_02_052,imrp,Curved,0.0,1.0,0.0,Open,0.0,OneHanded,Straight,1,Body,Shoulder,,1,,0
sad,sad,B_02_053,imrp,FullyOpen,0.0,1.0,0.0,Open,0.0,SymmetricalOrAlternating,Straight,0,Head,HeadAway,HeadAway,0,5,0
cigar,cigar,B_02_055,im,Crossed,0.0,0.0,0.0,Open,0.0,OneHanded,Straight,1,Head,Mouth,,1,,0
zoom_in,zoom_in,B_02_056,i,FullyClosed,1.0,,,Open,1.0,SymmetricalOrAlternating,Straight,0,Neutral,Neutral,Neutral,1,s,0
credit_card,credit_card,B_02_057,imrp,FullyClosed,0.0,,0.0,Closed,1.0,AsymmetricalDifferentHandshape,Straight,1,Hand,Palm,Palm,1,B,0
accident,accident,B_02_059,imrp,FullyOpen,1.0,1.0,1.0,Open,1.0,SymmetricalOrAlternating,Straight,0,Neutral,Neutral,Neutral,1,5,0
government,government,B_02_062,i,FullyOpen,1.0,,,Closed,0.0,OneHanded,Circular,0,Head,HeadAway,Forehead,1,,1
experience,experience,B_02_064,imrp,FullyOpen,1.0,1.0,0.0,Open,1.0,OneHanded,Straight,1,Head,CheekNose,HeadAway,1,,0
wet,wet,B_02_065,imrp,FullyOpen,1.0,1.0,1.0,Open,1.0,SymmetricalOrAlternating,Straight,0,Neutral,Neutral,Neutral,0,5,0
disagreement,disagreement,B_02_066,i,FullyOpen,0.0,,,Closed,0.0,OneHanded,,0,Head,Forehead,,1,,0
purple,purple,B_02_067,im,Stacked,0.0,,0.0,Open,1.0,OneHanded,,1,Neutral,Neutral,,0,,1
look_appearance,look_appearance,B_02_068,i,FullyOpen,0.0,,,Closed,0.0,OneHanded,Circular,1,Head,HeadAway,HeadAway,0,,0
mean_1,mean_1,B_02_069,imrp,Curved,1.0,1.0,1.0,Open,1.0,SymmetricalOrAlternating,Straight,0,Neutral,Neutral,Neutral,1,curved_5,0
new,new,B_02_070,imrp,Curved,0.0,0.0,0.0,Open,0.0,AsymmetricalDifferentHandshape,Curved,0,Hand,Palm,HandAway,1,B,0
age,age,B_02_071,imrp,Curved,1.0,1.0,1.0,Open,1.0,OneHanded,Straight,0,Head,Chin,HeadAway,1,,0
about_1,about,B_02_072,i,FullyOpen,0.0,,,Closed,0.0,AsymmetricalSameHandshape,Circular,0,Hand,HandAway,FingerTip,1,1,1
sew,sew,B_02_073,i,Curved,0.0,,,Open,1.0,DominanceViolation,Curved,1,Hand,FingerTip,,1,DominanceConditionViolation,0
stress,stress,B_02_075,imrp,FullyOpen,0.0,1.0,0.0,Open,0.0,SymmetryViolation,Straight,1,Hand,FingerRadial,,1,S,0
hairdryer,hairdryer,B_02_078,i,FullyOpen,0.0,,,Open,0.0,OneHanded,Straight,1,Head,HeadAway,HeadAway,0,,0
week,week,B_02_079,i,FullyOpen,0.0,,,Closed,0.0,AsymmetricalDifferentHandshape,Straight,0,Hand,Palm,FingerFront,1,B,0
time,time,B_02_080,i,Bent,0.0,,,Closed,0.0,OneHanded,Straight,1,Arm,WristBack,,1,,0
blinds_1,blinds_1,B_02_081,imrp,FullyOpen,0.0,1.0,1.0,Closed,0.0,SymmetricalOrAlternating,,1,Neutral,Neutral,,0,4,0
bad,bad,B_02_082,imrp,FullyOpen,0.0,0.0,0.0,Open,0.0,OneHanded,Curved,0,Head,Chin,HeadAway,1,,1
health,health,B_02_083,imrp,Curved,1.0,1.0,1.0,Open,1.0,SymmetricalOrAlternating,Straight,0,Body,Shoulder,BodyAway,1,curved_5,0
leave,leave,B_02_084,imrp,FullyOpen,1.0,0.0,0.0,Open,0.0,SymmetricalOrAlternating,Straight,0,Neutral,Neutral,Neutral,0,open_b,0
green,green,B_02_085,i,Flat,0.0,,,Open,0.0,OneHanded,,1,Neutral,Neutral,,0,,1
son,son,B_02_086,imrp,FullyOpen,0.0,0.0,0.0,Closed,0.0,OneHanded,,0,Head,Forehead,,1,,0
sunset,sunset,B_02_087,imrp,Curved,0.0,0.0,0.0,Open,0.0,OneHanded,Curved,0,Arm,ArmAway,ForearmUlnar,1,,0
character,character,B_02_088,imrp,Curved,0.0,0.0,0.0,Open,0.0,OneHanded,Circular,0,Body,BodyAway,Clavicle,1,,1
travel,travel,B_02_089,im,Bent,0.0,1.0,0.0,Closed,0.0,OneHanded,Z-shaped,0,Neutral,Neutral,Neutral,0,,0
boy,boy,B_02_090,imrp,Flat,1.0,0.0,0.0,Open,1.0,OneHanded,,1,Head,Forehead,,0,,0
freeway,freeway,B_03_001,imrp,FullyOpen,0.0,1.0,0.0,Open,0.0,SymmetricalOrAlternating,Straight,1,Neutral,Neutral,Neutral,0,5,1
animal,animal,B_03_002,imrp,Flat,0.0,0.0,0.0,Open,0.0,SymmetricalOrAlternating,Straight,1,Body,TorsoTop,,1,flat_b,0
train,train,B_03_003,im,Flat,0.0,0.0,0.0,Closed,0.0,DominanceViolation,Straight,1,Hand,FingerBack,FingerBack,1,DominanceConditionViolation,0
remote_control,remote_control,B_03_004,t,,,,,Open,,OneHanded,,1,Neutral,Neutral,,0,,0
emotion,emotion,B_03_005,imrp,Bent,0.0,0.0,0.0,Closed,1.0,SymmetricalOrAlternating,Circular,1,Body,TorsoTop,BodyAway,1,e,0
videocamera,videocamera,B_03_006,imrp,Flat,0.0,1.0,0.0,Open,0.0,AsymmetricalDifferentHandshape,Straight,1,Hand,FingerFront,,1,B,0
get,get,B_03_007,imrp,Curved,1.0,0.0,1.0,Open,1.0,SymmetricalOrAlternating,Straight,0,Neutral,Neutral,Neutral,1,o,0
cookie,cookie,B_03_008,imrp,Curved,0.0,1.0,0.0,Open,0.0,SymmetryViolation,,1,Hand,Palm,Palm,1,B,1
starbucks,starbucks,B_03_010,mr,Curved,1.0,0.0,0.0,Open,1.0,SymmetricalOrAlternating,Straight,1,Neutral,Neutral,Neutral,1,horns,0
brag,brag,B_03_011,t,,,,,Open,,SymmetricalOrAlternating,Straight,1,Body,Waist,BodyAway,1,a,0
lie,lie,B_03_012,imrp,FullyOpen,0.0,0.0,0.0,Closed,0.0,OneHanded,Straight,0,Head,Chin,HeadAway,1,,0
communication,communication,B_03_013,imrp,Curved,0.0,0.0,0.0,Open,0.0,SymmetricalOrAlternating,Straight,1,Head,HeadAway,HeadAway,0,c,0
worm,worm,B_03_014,i,FullyOpen,1.0,,,Closed,0.0,AsymmetricalDifferentHandshape,Straight,1,Hand,Palm,FingerFront,1,B,0
run,run,B_03_015,i,FullyOpen,1.0,,,Open,0.0,SymmetryViolation,Straight,0,Hand,FingerFront,,1,SymmetryViolation,0
vacation,vacation,B_03_016,imrp,FullyOpen,0.0,1.0,0.0,Open,0.0,SymmetricalOrAlternating,Straight,1,Body,Clavicle,,1,5,0
shave,shave,B_03_017,imrp,FullyClosed,0.0,,0.0,Closed,1.0,OneHanded,Straight,1,Head,CheekNose,Chin,1,,0
imagine,imagine,B_03_018,p,FullyOpen,0.0,,,Closed,0.0,SymmetricalOrAlternating,Circular,1,Head,HeadAway,HeadAway,0,i,0
thief_1,thief_1,B_03_019,im,FullyOpen,1.0,0.0,0.0,Open,0.0,OneHanded,Straight,1,Head,UpperLip,HeadAway,1,,0
set_up,set_up,B_03_021,t,,,,,Open,,AsymmetricalDifferentHandshape,Circular,0,Hand,HandAway,PalmBack,1,B,1
world,world,B_03_023,p,Curved,0.0,,,Open,1.0,SymmetricalOrAlternating,Circular,0,Neutral,Neutral,Neutral,1,w,0
tall_1,tall_1,B_03_024,i,FullyOpen,0.0,,,Closed,0.0,AsymmetricalDifferentHandshape,Straight,0,Hand,Palm,HandAway,1,B,0
finish,finish,B_03_025,imrp,FullyOpen,0.0,1.0,0.0,Open,0.0,SymmetricalOrAlternating,,0,Neutral,Neutral,,0,5,1
call_tty,call_tty,B_03_026,i,Bent,0.0,,,Closed,0.0,AsymmetricalDifferentHandshape,Straight,0,Hand,FingerBack,HandAway,1,1,0
pipe,pipe,B_03_027,p,FullyOpen,0.0,,,Open,0.0,OneHanded,Straight,1,Head,Mouth,,1,,0
cry,cry,B_03_028,i,FullyOpen,0.0,,,Closed,0.0,SymmetricalOrAlternating,Straight,1,Head,Eye,CheekNose,1,1,0
religion,religion,B_03_029,im,Crossed,0.0,0.0,0.0,Closed,0.0,OneHanded,Curved,0,Body,Clavicle,BodyAway,1,,0
cabinet,cabinet,B_03_030,imrp,Curved,1.0,0.0,0.0,Open,1.0,SymmetricalOrAlternating,Straight,1,Neutral,Neutral,Neutral,1,curved_b,0
tournament,tournament,B_03_031,im,Bent,0.0,1.0,0.0,Closed,0.0,SymmetricalOrAlternating,Straight,1,Neutral,Neutral,Neutral,0,bent_v,0
more,more,B_03_032,imrp,Curved,0.0,0.0,0.0,Open,1.0,SymmetricalOrAlternating,Straight,1,Neutral,Neutral,Neutral,1,o,0
dont_mind,dont_mind,B_03_033,i,FullyOpen,0.0,,,Closed,0.0,OneHanded,,0,Head,CheekNose,,1,,0
glasses,glasses,B_03_036,i,Flat,1.0,,,Open,1.0,SymmetricalOrAlternating,Straight,1,Head,HeadAway,HeadAway,0,g,0
sleep,sleep,B_03_037,imrp,FullyOpen,1.0,1.0,1.0,Open,1.0,OneHanded,Straight,0,Head,HeadAway,HeadAway,0,,0
interest,interest,B_03_038,m,Flat,1.0,,,Open,1.0,SymmetricalOrAlternating,Straight,0,Body,TorsoTop,BodyAway,0,8,0
careful,careful,B_03_039,im,Stacked,0.0,,0.0,Open,1.0,SymmetricalOrAlternating,Straight,1,Neutral,Neutral,Neutral,1,p,0
check,check,B_03_040,m,Curved,0.0,,,Open,1.0,AsymmetricalDifferentHandshape,BackAndForth,0,Hand,FingerFront,HandAway,1,B,1
snob,snob,B_03_042,mr,Curved,0.0,0.0,0.0,Open,1.0,OneHanded,Curved,0,Head,CheekNose,HeadAway,1,,0
things,things,B_03_043,imrp,FullyOpen,0.0,0.0,0.0,Open,0.0,OneHanded,Z-shaped,0,Neutral,Neutral,Neutral,0,,0
parents,parents,B_03_044,imrp,FullyOpen,0.0,1.0,0.0,Open,0.0,OneHanded,,0,Head,Chin,,1,,0
look_for,look_for,B_03_045,imrp,Curved,0.0,0.0,0.0,Open,0.0,OneHanded,Circular,1,Head,HeadAway,HeadAway,0,,0
live_1,live,B_03_046,i,FullyOpen,0.0,,,Open,0.0,SymmetricalOrAlternating,Curved,0,Body,TorsoBottom,TorsoTop,1,l,0
problem_2,problem_2,B_03_047,im,Bent,0.0,1.0,0.0,Closed,0.0,SymmetricalOrAlternating,Straight,1,Neutral,Neutral,Neutral,1,bent_v,0
trouble,trouble,B_03_048,imrp,FullyOpen,0.0,0.0,0.0,Closed,0.0,SymmetricalOrAlternating,Circular,1,Head,HeadAway,HeadAway,0,closed_b,0
for,for,B_03_049,i,FullyOpen,0.0,,,Closed,0.0,OneHanded,Curved,0,Head,Forehead,HeadAway,1,,1
challenge,challenge,B_03_051,t,,,,,Open,,SymmetricalOrAlternating,Straight,0,Neutral,Neutral,Neutral,1,a,0
catholic,catholic,B_03_052,im,FullyOpen,1.0,0.0,0.0,Closed,0.0,OneHanded,X-shaped,0,Head,HeadAway,HeadAway,0,,0
text,text,B_03_054,t,,1.0,,,Open,,SymmetricalOrAlternating,Straight,1,Neutral,Neutral,Neutral,0,a,0
borrow,borrow,B_03_055,im,Stacked,0.0,,0.0,Open,1.0,SymmetricalOrAlternating,Curved,0,Neutral,Neutral,Neutral,1,p,1
wednesday,wednesday,B_03_056,p,Curved,0.0,,,Open,1.0,OneHanded,Circular,1,Neutral,Neutral,Neutral,0,,0
have,have,B_03_057,imrp,Flat,0.0,0.0,0.0,Open,0.0,SymmetricalOrAlternating,Straight,0,Body,TorsoTop,,1,flat_b,0
fight,fight,B_03_058,imrp,FullyClosed,0.0,,0.0,Closed,1.0,SymmetricalOrAlternating,Curved,0,Neutral,Neutral,Neutral,1,s,0
work,work,B_03_059,imrp,FullyClosed,0.0,,0.0,Closed,1.0,AsymmetricalSameHandshape,Straight,1,Hand,PalmBack,,1,s,0
live_2,live,B_03_061,t,,,,,Open,,SymmetricalOrAlternating,Curved,0,Body,TorsoBottom,TorsoTop,1,a,0
beer,beer,B_03_062,imrp,FullyOpen,0.0,0.0,0.0,Closed,0.0,OneHanded,Straight,1,Head,Chin,HeadAway,1,,0
home,home,B_03_063,imrp,Curved,0.0,0.0,0.0,Open,1.0,OneHanded,Straight,0,Head,Chin,,1,,0
fingerspelling,fingerspelling,B_03_065,imrp,Flat,0.0,1.0,0.0,Open,0.0,OneHanded,Circular,1,Neutral,Neutral,Neutral,0,,0
heart,heart,B_03_066,m,Flat,0.0,,,Open,0.0,SymmetricalOrAlternating,BackAndForth,0,Body,TorsoTop,TorsoMid,1,open_8,0
hotdog,hotdog,B_03_067,imrp,Curved,1.0,0.0,0.0,Open,1.0,SymmetricalOrAlternating,Straight,1,Neutral,Neutral,Neutral,0,o,0
class,class,B_03_068,imrp,Curved,0.0,0.0,0.0,Open,0.0,SymmetricalOrAlternating,,0,Neutral,Neutral,Neutral,0,c,1
keyboard,keyboard,B_03_070,imrp,Curved,1.0,1.0,0.0,Open,0.0,SymmetricalOrAlternating,,1,Neutral,Neutral,,0,curved_5,0
and,and,B_03_072,imrp,Flat,1.0,1.0,1.0,Open,1.0,OneHanded,Straight,0,Neutral,Neutral,Neutral,0,,0
camera,camera,B_03_073,i,FullyOpen,1.0,,,Open,0.0,AsymmetricalDifferentHandshape,,1,Head,HeadAway,,0,1,0
fall_1,fall_1,B_03_074,imrp,FullyOpen,0.0,0.0,0.0,Closed,0.0,OneHanded,Straight,1,Arm,ForearmUlnar,ArmAway,1,,0
war,war,B_03_075,imrp,Flat,0.0,1.0,0.0,Open,0.0,SymmetricalOrAlternating,Straight,1,Neutral,Neutral,Neutral,0,flatspread_5,0
find,find,B_03_076,i,Curved,0.0,,,Open,1.0,OneHanded,Straight,0,Neutral,Neutral,Neutral,0,,0
movies,movie,B_03_077,imrp,FullyOpen,0.0,1.0,0.0,Open,0.0,AsymmetricalSameHandshape,Straight,1,Hand,FingerRadial,,1,5,0
lonely,lonely,B_03_078,i,FullyOpen,0.0,,,Closed,0.0,OneHanded,Straight,1,Head,Chin,,1,,0
scared,scared,B_03_079,imrp,FullyOpen,0.0,1.0,0.0,Open,0.0,SymmetricalOrAlternating,Straight,1,Body,BodyAway,BodyAway,0,5,0
happen,happen,B_03_080,i,FullyOpen,0.0,,,Closed,0.0,SymmetricalOrAlternating,Curved,0,Neutral,Neutral,Neutral,0,1,1
graduate,graduate,B_03_081,i,Flat,0.0,,,Open,0.0,AsymmetricalDifferentHandshape,Circular,0,Hand,HandAway,Palm,1,B,1
email,email,B_03_083,i,FullyOpen,0.0,,,Closed,0.0,AsymmetricalDifferentHandshape,Straight,1,Hand,HandAway,HandAway,0,C,1
research,research,B_03_084,im,Crossed,0.0,0.0,0.0,Closed,0.0,AsymmetricalDifferentHandshape,Curved,1,Hand,Palm,HandAway,1,B,0
stubborn,stubborn,B_03_086,imrp,FullyOpen,1.0,0.0,0.0,Open,0.0,OneHanded,,0,Head,Forehead,,1,,0
cute_1,cute_1,B_03_087,im,FullyOpen,1.0,0.0,0.0,Closed,0.0,OneHanded,,1,Head,Chin,HeadAway,1,,0
fire,fire,B_03_090,imrp,FullyOpen,0.0,1.0,0.0,Open,0.0,SymmetricalOrAlternating,Circular,1,Neutral,Neutral,Neutral,0,5,0
understand,understand,C_01_006,i,Bent,1.0,,,Open,1.0,OneHanded,,0,Head,HeadAway,,0,,0
talk,talk,C_01_008,imrp,FullyOpen,0.0,1.0,0.0,Closed,0.0,OneHanded,Straight,1,Head,Chin,,1,,0
people,people,C_01_009,im,Stacked,0.0,,0.0,Open,1.0,SymmetricalOrAlternating,Circular,1,Neutral,Neutral,Neutral,0,p,0
hungry,hungry,C_01_010,imrp,Curved,0.0,0.0,0.0,Open,0.0,OneHanded,Straight,0,Body,TorsoTop,TorsoMid,1,,0
fat,fat,C_01_011,imrp,FullyOpen,0.0,1.0,0.0,Open,0.0,SymmetricalOrAlternating,Curved,0,Neutral,Neutral,Neutral,0,5,0
light_weight,light_weight,C_01_012,m,Flat,0.0,,,Open,0.0,SymmetricalOrAlternating,Curved,0,Neutral,Neutral,Neutral,0,open_8,1
late,late,C_01_013,imrp,FullyOpen,1.0,0.0,0.0,Open,0.0,OneHanded,,1,Neutral,Neutral,Neutral,0,,0
embarrass,embarrass,C_01_014,imrp,FullyOpen,0.0,1.0,0.0,Open,0.0,SymmetricalOrAlternating,Circular,1,Head,HeadAway,HeadAway,0,5,0
mock,mock,C_01_015,ip,FullyOpen,0.0,,,Closed,0.0,OneHanded,,0,Head,CheekNose,,1,,0
figure,figure,C_01_016,im,Stacked,0.0,,,Open,1.0,SymmetricalOrAlternating,Straight,1,Neutral,Neutral,Neutral,1,p,0
vegetable,vegetable,C_01_018,im,FullyOpen,0.0,1.0,0.0,Closed,0.0,OneHanded,,0,Head,Mouth,Mouth,1,,1
ugly,ugly,C_01_019,i,FullyOpen,1.0,,,Closed,0.0,OneHanded,Straight,0,Head,UpperLip,HeadAway,1,,0
sorry,sorry,C_01_020,t,,,,,Open,,OneHanded,Circular,1,Body,TorsoTop,TorsoTop,1,,0
pepsi,pepsi,C_01_021,p,FullyOpen,0.0,,,Closed,0.0,OneHanded,Z-shaped,0,Head,HeadAway,HeadAway,0,,0
pretty,pretty,C_01_022,imrp,FullyOpen,1.0,1.0,1.0,Open,1.0,OneHanded,,0,Head,HeadAway,HeadAway,0,,0
cousin,cousin,C_01_023,imrp,Curved,0.0,0.0,0.0,Open,0.0,OneHanded,,1,Head,HeadAway,,0,,1
museum,museum,C_01_024,imrp,Flat,0.0,0.0,0.0,Closed,1.0,SymmetricalOrAlternating,Curved,0,Neutral,Neutral,Neutral,1,flat_m,0
action,action,C_01_026,imrp,Curved,0.0,0.0,0.0,Open,0.0,SymmetricalOrAlternating,Circular,1,Neutral,Neutral,Neutral,0,c,0
center,center,C_01_027,imrp,FullyOpen,1.0,0.0,0.0,Open,0.0,AsymmetricalSameHandshape,Circular,0,Hand,HandAway,Palm,1,open_b,1
upload,upload,C_01_028,im,FullyOpen,1.0,1.0,0.0,Closed,0.0,SymmetricalOrAlternating,Straight,0,Neutral,Neutral,Neutral,0,v,0
four,four,C_01_029,imrp,FullyOpen,0.0,1.0,0.0,Closed,0.0,OneHanded,Straight,0,Neutral,Neutral,,0,,0
waste,waste,C_01_030,imrp,FullyOpen,0.0,1.0,0.0,Open,0.0,AsymmetricalDifferentHandshape,Straight,1,Hand,FingerFront,HandAway,1,B,0
letter,letter,C_01_031,t,,,,,Open,,OneHanded,,0,Head,Mouth,,1,,0
first,first,C_01_033,i,FullyOpen,0.0,,,Closed,0.0,OneHanded,,0,Neutral,Neutral,,0,,1
basement,basement,C_01_034,t,,,,,Open,,AsymmetricalDifferentHandshape,Circular,1,Hand,HandAway,HandAway,0,B,0
mcdonalds_2,mcdonalds,C_01_035,imrp,Flat,0.0,0.0,0.0,Closed,1.0,OneHanded,Z-shaped,0,Neutral,Neutral,Neutral,0,,0
hard,hard,C_01_036,im,Bent,0.0,1.0,0.0,Closed,0.0,SymmetricalOrAlternating,Straight,0,Neutral,Neutral,Neutral,1,bent_v,0
quiet,quiet,C_01_037,imrp,FullyOpen,0.0,0.0,0.0,Closed,0.0,SymmetricalOrAlternating,Curved,0,Head,Chin,HeadAway,1,closed_b,0
call_attention,call_attention,C_01_038,imrp,FullyOpen,1.0,0.0,0.0,Open,0.0,AsymmetricalDifferentHandshape,Straight,0,Hand,PalmBack,HandAway,1,B,0
front,front,C_01_039,imrp,FullyOpen,0.0,0.0,0.0,Open,0.0,OneHanded,Straight,1,Head,HeadAway,HeadAway,0,,0
money,money,C_01_042,imrp,Flat,0.0,0.0,0.0,Open,1.0,AsymmetricalDifferentHandshape,Straight,1,Hand,Palm,,1,B,0
fine_1,fine,C_01_043,imrp,FullyOpen,0.0,1.0,0.0,Open,0.0,OneHanded,Straight,1,Body,TorsoTop,,1,,0
day,day,C_01_044,i,FullyOpen,0.0,,,Closed,0.0,OneHanded,Curved,0,Neutral,Neutral,Neutral,0,,0
mean_2,mean_2,C_01_046,im,FullyOpen,0.0,1.0,0.0,Closed,0.0,SymmetryViolation,Other,0,Hand,Palm,Palm,1,B,1
strict,strict,C_01_047,im,Bent,0.0,1.0,0.0,Closed,0.0,OneHanded,Straight,0,Head,CheekNose,,1,,0
know,know,C_01_048,imrp,FullyOpen,0.0,0.0,0.0,Open,0.0,OneHanded,Straight,1,Head,Forehead,,1,,0
past,past,C_01_049,imrp,FullyOpen,1.0,0.0,0.0,Open,0.0,OneHanded,,0,Body,BodyAway,,0,,0
show,show,C_01_050,i,FullyOpen,0.0,,,Closed,0.0,AsymmetricalDifferentHandshape,Straight,0,Hand,Palm,,1,B,0
fault,fault,C_01_051,imrp,Flat,0.0,0.0,0.0,Open,0.0,OneHanded,Curved,0,Body,TorsoTop,,1,,1
equal,equal,C_01_052,imrp,Flat,0.0,0.0,0.0,Open,0.0,SymmetricalOrAlternating,Straight,1,Neutral,Neutral,,1,flat_b,0
headphones,headphones,C_01_054,imrp,Curved,0.0,1.0,0.0,Open,0.0,SymmetricalOrAlternating,Straight,1,Head,Other,,1,curved_5,0
downsize_1,downsize,C_01_055,i,FullyOpen,1.0,,,Open,0.0,SymmetricalOrAlternating,Straight,0,Neutral,Neutral,Neutral,0,l,0
king,king,C_01_056,im,Stacked,0.0,,0.0,Open,1.0,OneHanded,Curved,0,Body,Clavicle,Hips,1,,0
guess_1,guess,C_01_057,imrp,Curved,1.0,0.0,0.0,Open,1.0,OneHanded,Curved,0,Head,HeadAway,HeadAway,0,,0
stupid_1,stupid_1,C_01_058,im,FullyOpen,0.0,1.0,0.0,Closed,0.0,OneHanded,Straight,0,Head,Forehead,,1,,0
cigarette,cigarette,C_01_059,ip,FullyOpen,0.0,,,Closed,0.0,AsymmetricalDifferentHandshape,Straight,1,Hand,FingerBack,,1,1,0
my,my,C_01_060,imrp,FullyOpen,0.0,0.0,0.0,Open,0.0,OneHanded,Straight,0,Body,TorsoTop,,1,,0
complex,complex,C_01_061,i,FullyOpen,1.0,,,Closed,0.0,SymmetricalOrAlternating,Straight,1,Neutral,Neutral,Neutral,0,1,0
eyes,eyes,C_01_062,i,FullyOpen,0.0,,,Closed,0.0,OneHanded,Curved,0,Head,Eye,Eye,1,,0
divorce,divorce,C_01_063,m,Curved,0.0,,,Open,1.0,SymmetricalOrAlternating,Straight,0,Neutral,Neutral,Neutral,1,1,1
expensive,expensive,C_01_064,imrp,Flat,0.0,0.0,0.0,Open,1.0,AsymmetricalDifferentHandshape,BackAndForth,0,Hand,Palm,HandAway,1,B,1
right_1,right_1,C_01_065,i,FullyOpen,0.0,,,Closed,0.0,SymmetricalOrAlternating,Straight,0,Neutral,Neutral,,1,1,0
cross,cross,C_01_067,imrp,Curved,0.0,0.0,0.0,Open,0.0,OneHanded,X-shaped,0,Neutral,Neutral,Neutral,0,,0
hippo,hippo,C_01_069,p,FullyOpen,0.0,,,Open,0.0,SymmetricalOrAlternating,Curved,1,Neutral,Neutral,Neutral,0,y,0
right_2,right_2,C_01_070,im,Crossed,0.0,0.0,0.0,Closed,0.0,OneHanded,Straight,0,Neutral,Neutral,Neutral,0,,0
staff,staff,C_01_071,imrp,FullyClosed,,,,Closed,1.0,OneHanded,Straight,0,Body,Clavicle,Clavicle,1,,0
computer_mouse,computer_mouse,C_01_073,i,FullyOpen,1.0,,,Closed,0.0,OneHanded,,1,Head,CheekNose,HeadAway,1,,0
pink,pink,C_01_074,im,Stacked,0.0,,0.0,Open,1.0,OneHanded,Straight,1,Head,Chin,HeadAway,1,,0
art,art,C_01_075,p,FullyOpen,0.0,,,Closed,0.0,AsymmetricalDifferentHandshape,Z-shaped,0,Hand,HandAway,HandAway,0,B,0
reason,reason,C_01_076,im,Crossed,0.0,0.0,0.0,Closed,0.0,OneHanded,Circular,1,Head,HeadAway,HeadAway,0,,0
foreigner_1,foreigner,C_01_077,imrp,FullyOpen,0.0,0.0,0.0,Open,0.0,OneHanded,Circular,1,Arm,ForearmUlnar,ForearmUlnar,1,,0
requirement,demand,C_01_078,i,Bent,0.0,,,Closed,0.0,SymmetryViolation,Straight,0,Hand,Palm,,1,B,0
chat,chat,C_01_079,imrp,FullyOpen,0.0,0.0,0.0,Open,0.0,SymmetricalOrAlternating,Straight,1,Neutral,Neutral,Neutral,0,open_b,1
north,north,C_01_080,im,Flat,0.0,0.0,0.0,Closed,1.0,OneHanded,Straight,0,Neutral,Neutral,Neutral,0,,0
cracker,cracker,C_01_081,t,,,,,Open,,OneHanded,Straight,1,Arm,ElbowBack,,1,,0
temptation,temptation,C_01_082,i,FullyOpen,0.0,,,Closed,0.0,OneHanded,Straight,1,Arm,ForearmUlnar,,1,,0
cherry,cherry,C_01_083,imrp,Curved,0.0,1.0,0.0,Open,1.0,AsymmetricalDifferentHandshape,,1,Hand,FingerTip,,1,1,1
exercise,exercise,C_01_084,imrp,FullyClosed,0.0,,0.0,Closed,1.0,SymmetricalOrAlternating,Circular,1,Body,BodyAway,BodyAway,0,s,0
alarm,alarm,C_01_085,m,Curved,0.0,,,Open,1.0,AsymmetricalDifferentHandshape,Straight,1,Hand,Palm,,1,B,0
announce,announce,C_01_086,i,FullyOpen,0.0,,,Closed,0.0,SymmetricalOrAlternating,Curved,0,Head,Mouth,HeadAway,1,1,1
appointment,appointment,C_01_088,imrp,Curved,1.0,1.0,1.0,Open,1.0,AsymmetricalSameHandshape,Circular,0,Hand,HandAway,PalmBack,1,curved_5,0
owe,owe,C_01_089,i,FullyOpen,0.0,,,Closed,0.0,AsymmetricalDifferentHandshape,Straight,1,Hand,Heel,,1,B,0
skate,skate,C_01_090,i,Bent,0.0,,,Closed,0.0,SymmetricalOrAlternating,Curved,1,Neutral,Neutral,Neutral,0,bent_1,0
feel,feel,C_02_001,m,Flat,0.0,,,Open,0.0,OneHanded,Curved,1,Body,TorsoTop,BodyAway,1,,1
thin,thin,C_02_002,p,FullyOpen,0.0,,,Closed,0.0,SymmetricalOrAlternating,Straight,0,Neutral,Neutral,Neutral,1,i,0
sun,sun,C_02_003,imrp,Flat,1.0,0.0,1.0,Open,1.0,OneHanded,Circular,0,Head,HeadAway,,0,,1
price,price,C_02_004,i,Bent,0.0,,,Closed,0.0,AsymmetricalDifferentHandshape,Straight,0,Hand,Palm,HandAway,1,B,0
two,two,C_02_005,im,FullyOpen,0.0,1.0,0.0,Closed,0.0,OneHanded,Straight,0,Neutral,Neutral,,0,,0
america,america,C_02_006,imrp,FullyOpen,0.0,1.0,0.0,Open,0.0,SymmetricalOrAlternating,Circular,0,Neutral,Neutral,Neutral,1,5,0
invite,invite,C_02_007,imrp,FullyOpen,0.0,0.0,0.0,Open,0.0,OneHanded,Curved,0,Neutral,Neutral,Neutral,0,,0
jacket,jacket,C_02_008,t,,,,,Open,,SymmetricalOrAlternating,Curved,0,Body,Shoulder,TorsoMid,0,a,0
lose_game,lose_game,C_02_009,im,FullyOpen,0.0,1.0,0.0,Closed,0.0,AsymmetricalDifferentHandshape,Straight,0,Hand,Palm,,1,B,0
europe,europe,C_02_010,imrp,Bent,0.0,0.0,0.0,Closed,1.0,OneHanded,Circular,1,Head,HeadAway,HeadAway,0,,0
poor,poor,C_02_011,imrp,Flat,1.0,1.0,0.0,Open,1.0,OneHanded,Straight,1,Arm,ElbowBack,ElbowBack,1,,0
tell,tell,C_02_013,i,FullyOpen,0.0,,,Closed,0.0,OneHanded,Curved,0,Head,UnderChin,HeadAway,1,,0
tear,tear,C_02_016,i,FullyOpen,0.0,,,Closed,0.0,OneHanded,Straight,0,Head,Eye,CheekNose,1,,0
cancellation,cancellation,C_02_017,i,FullyOpen,0.0,,,Closed,0.0,AsymmetricalDifferentHandshape,X-shaped,0,Hand,Palm,HandAway,1,B,0
church,church,C_02_018,imrp,Curved,0.0,0.0,0.0,Open,0.0,AsymmetricalDifferentHandshape,Straight,1,Hand,PalmBack,,1,B,0
steal,steal,C_02_019,im,FullyOpen,1.0,1.0,0.0,Closed,0.0,OneHanded,Straight,0,Arm,ForearmUlnar,ArmAway,1,,0
french,french,C_02_022,i,Curved,0.0,,,Open,1.0,OneHanded,Curved,0,Neutral,Neutral,Neutral,0,,1
rabbit,rabbit,C_02_024,im,FullyOpen,1.0,0.0,0.0,Closed,0.0,SymmetricalOrAlternating,,1,Head,HeadAway,,0,h,0
1_dollar,1_dollar,C_02_025,imrp,Curved,1.0,0.0,,Open,0.0,AsymmetricalDifferentHandshape,Straight,1,Hand,FingerBack,HandAway,1,B,0
corn_2,corn_2,C_02_026,imrp,Curved,0.0,1.0,0.0,Open,0.0,SymmetricalOrAlternating,,1,Head,HeadAway,,0,curved_5,1
grandmother,grandmother,C_02_027,imrp,FullyOpen,0.0,1.0,0.0,Open,0.0,OneHanded,,0,Head,Chin,,0,,0
woman,woman,C_02_028,imrp,FullyOpen,0.0,1.0,0.0,Open,0.0,OneHanded,Straight,0,Head,Chin,,1,,0
south,south,C_02_029,imrp,FullyClosed,0.0,,0.0,Closed,1.0,OneHanded,Straight,0,Neutral,Neutral,Neutral,0,,0
see,see,C_02_030,im,Stacked,0.0,,,Open,1.0,OneHanded,Straight,0,Head,Eye,HeadAway,1,,0
friendly,friendly,C_02_031,imrp,FullyOpen,0.0,0.0,1.0,Open,0.0,SymmetricalOrAlternating,Straight,1,Head,HeadAway,HeadAway,0,open_b,0
internet,internet,C_02_032,m,Flat,0.0,,,Open,0.0,SymmetricalOrAlternating,,1,Neutral,Neutral,Neutral,1,open_8,1
department,department,C_02_033,m,Curved,0.0,,,Open,1.0,SymmetricalOrAlternating,Curved,0,Neutral,Neutral,Neutral,1,1,1
need,need,C_02_034,i,Bent,0.0,,,Closed,0.0,OneHanded,Curved,1,Neutral,Neutral,Neutral,0,,0
behavior,behavior,C_02_036,imrp,FullyOpen,0.0,0.0,0.0,Closed,0.0,SymmetricalOrAlternating,Curved,1,Neutral,Neutral,Neutral,0,closed_b,0
measure,measure,C_02_037,p,FullyOpen,0.0,,,Open,0.0,DominanceViolation,Straight,1,Hand,FingerTip,,1,DominanceConditionViolation,0
TV,TV,C_02_038,i,Bent,,,,Open,1.0,OneHanded,,0,Neutral,Neutral,,0,,0
color,color,C_02_039,imrp,FullyOpen,1.0,1.0,0.0,Open,0.0,OneHanded,,1,Head,Chin,,1,,0
jelly,jelly,C_02_040,p,FullyOpen,0.0,,,Closed,0.0,AsymmetricalDifferentHandshape,Curved,1,Hand,Palm,HandAway,1,B,0
punish,punish,C_02_041,i,FullyOpen,0.0,,,Closed,0.0,OneHanded,Curved,0,Arm,ForearmUlnar,ArmAway,1,,0
egypt,egypt,C_02_042,i,Bent,0.0,,,Closed,0.0,OneHanded,Straight,1,Head,Forehead,,1,,0
ball,ball,C_02_044,imrp,Curved,0.0,1.0,0.0,Open,0.0,SymmetricalOrAlternating,Straight,1,Neutral,Neutral,Neutral,1,curved_5,0
high,high,C_02_045,im,FullyOpen,0.0,0.0,0.0,Closed,0.0,OneHanded,Curved,0,Neutral,Neutral,Neutral,0,,0
balance,balance,C_02_046,imrp,Flat,0.0,0.0,0.0,Open,0.0,SymmetricalOrAlternating,Straight,1,Neutral,Neutral,Neutral,0,flat_b,0
stupid_2,stupid_2,C_02_047,i,Flat,0.0,,,Open,0.0,OneHanded,,0,Head,HeadAway,,0,,1
greece,greece,C_02_048,i,Flat,0.0,,,Open,0.0,OneHanded,Straight,1,Head,CheekNose,CheekNose,0,,0
doll,doll,C_02_049,i,Bent,0.0,,,Closed,0.0,OneHanded,Straight,1,Head,CheekNose,HeadAway,1,,0
frustrate,frustrate,C_02_050,imrp,FullyOpen,0.0,0.0,0.0,Closed,0.0,OneHanded,Straight,1,Head,Chin,,1,,0
numbers,numbers,C_02_051,imrp,Flat,0.0,0.0,0.0,Open,1.0,SymmetricalOrAlternating,Other,0,Neutral,Neutral,Neutral,1,flat_o,1
skateboarding,skateboarding,C_02_052,m,Flat,1.0,,,Open,1.0,AsymmetricalDifferentHandshape,,1,Hand,FingerBack,,1,B,0
what_for,what_for,C_02_054,i,FullyOpen,0.0,,,Closed,0.0,OneHanded,Curved,1,Head,Forehead,HeadAway,0,,1
8_hour,8_hour,C_02_055,m,Curved,0.0,,,Open,1.0,AsymmetricalDifferentHandshape,Circular,0,Hand,FingerFront,Palm,1,B,0
benefit,benefit,C_02_056,i,Curved,0.0,,,Open,1.0,OneHanded,Straight,1,Body,Clavicle,,1,,1
gullible,gullible,C_02_058,m,Curved,0.0,,,Open,1.0,OneHanded,Curved,0,Body,BodyAway,Neck,0,,0
high_school,high_school,C_02_060,im,FullyOpen,,0.0,,Closed,0.0,OneHanded,,0,Neutral,Neutral,,0,,1
call,call,C_02_061,p,FullyOpen,0.0,,,Open,0.0,OneHanded,Curved,0,Head,CheekNose,HeadAway,1,,0
blue,blue,C_02_062,imrp,FullyOpen,0.0,0.0,0.0,Closed,0.0,OneHanded,,1,Neutral,Neutral,,0,,1
university,university,C_02_063,im,FullyOpen,0.0,0.0,0.0,Closed,0.0,AsymmetricalDifferentHandshape,Curved,0,Hand,Palm,HandAway,1,B,0
order_1,order_1,C_02_064,imrp,FullyOpen,0.0,0.0,0.0,Open,0.0,SymmetricalOrAlternating,Z-shaped,0,Neutral,Neutral,Neutral,0,open_b,0
weak,weak,C_02_065,imrp,FullyOpen,1.0,1.0,0.0,Open,0.0,AsymmetricalDifferentHandshape,Straight,1,Hand,Palm,,1,B,0
children,children,C_02_066,imrp,FullyOpen,1.0,0.0,0.0,Open,0.0,SymmetricalOrAlternating,Straight,1,Neutral,Neutral,Neutral,0,open_b,0
few,few,C_02_067,imrp,Stacked,1.0,,1.0,Open,1.0,OneHanded,,0,Neutral,Neutral,Neutral,0,,0
cold,cold,C_02_068,imrp,FullyClosed,0.0,,0.0,Open,1.0,SymmetricalOrAlternating,Straight,1,Body,BodyAway,,0,s,0
comb,comb,C_02_070,imrp,Curved,0.0,1.0,0.0,Open,0.0,OneHanded,Straight,1,Head,HeadAway,HeadAway,0,,0
cough,cough,C_02_071,imrp,FullyClosed,0.0,,0.0,Closed,1.0,OneHanded,Straight,1,Body,TorsoTop,,1,,0
hour,hour,C_02_072,i,FullyOpen,0.0,,,Closed,0.0,AsymmetricalDifferentHandshape,Circular,0,Hand,HandAway,Palm,1,B,0
with,with,C_02_074,imrp,FullyClosed,0.0,,0.0,Open,0.0,SymmetricalOrAlternating,Straight,0,Neutral,Neutral,Neutral,1,a,0
birth,birth,C_02_076,imrp,FullyOpen,0.0,0.0,0.0,Open,0.0,AsymmetricalSameHandshape,Curved,0,Hand,HandAway,HandAway,0,open_b,1
never,never,C_02_079,imrp,FullyOpen,0.0,0.0,0.0,Closed,0.0,OneHanded,Z-shaped,0,Neutral,Neutral,Neutral,0,,0
9_oclock,9_oclock,C_02_080,i,Flat,0.0,,,Closed,0.0,OneHanded,Straight,0,Arm,WristBack,,1,,0
haircut,haircut,C_02_081,im,FullyOpen,0.0,1.0,1.0,Closed,0.0,SymmetricalOrAlternating,Curved,1,Head,HeadAway,HeadAway,0,v,0
percent,percent,C_02_082,imrp,Curved,0.0,0.0,0.0,Open,1.0,OneHanded,BackAndForth,0,Neutral,Neutral,Neutral,0,,0
fruit,fruit,C_02_083,i,Curved,0.0,,,Open,1.0,OneHanded,,1,Head,Mouth,,1,,1
accomplish,accomplish,C_02_085,i,FullyOpen,0.0,,,Closed,0.0,SymmetricalOrAlternating,Straight,1,Head,HeadAway,HeadAway,0,1,1
caption,caption,C_02_086,i,Curved,0.0,,,Open,1.0,SymmetricalOrAlternating,Straight,1,Neutral,Neutral,Neutral,1,f,0
pineapple,pineapple,C_02_088,i,Curved,0.0,,,Open,0.0,AsymmetricalDifferentHandshape,,1,Hand,Other,,1,S,1
jump,jump,C_02_089,im,FullyOpen,1.0,1.0,0.0,Closed,0.0,AsymmetricalDifferentHandshape,BackAndForth,0,Hand,Palm,HandAway,1,B,0
red,red,C_02_090,i,FullyOpen,1.0,,,Closed,0.0,OneHanded,,1,Head,Mouth,HeadAway,1,,0
earth,earth,C_03_002,m,Curved,0.0,,,Open,0.0,AsymmetricalDifferentHandshape,,1,Hand,PalmBack,,1,B,1
magnet,magnet,C_03_003,m,Flat,1.0,,,Open,1.0,SymmetricalOrAlternating,Straight,0,Neutral,Neutral,Neutral,1,8,0
emperor,emperor,C_03_005,imrp,Bent,0.0,0.0,0.0,Closed,1.0,OneHanded,Curved,0,Body,Clavicle,Hips,1,,0
deep,deep,C_03_006,i,Flat,0.0,,,Closed,0.0,AsymmetricalDifferentHandshape,Straight,0,Hand,Palm,HandAway,1,B,0
fall_2,fall_2,C_03_007,im,FullyOpen,0.0,1.0,0.0,Closed,0.0,OneHanded,Curved,0,Neutral,Neutral,Neutral,0,,1
adult,adult,C_03_008,imrp,Flat,0.0,0.0,0.0,Open,0.0,SymmetricalOrAlternating,Circular,1,Head,HeadAway,HeadAway,0,flat_b,0
indian,indian,C_03_009,t,,,,,Open,,OneHanded,,0,Head,Forehead,,1,,1
problem_1,problem_1,C_03_010,im,Bent,0.0,1.0,0.0,Closed,0.0,SymmetricalOrAlternating,,0,Neutral,Neutral,Neutral,1,bent_v,1
earring,earring,C_03_011,i,Curved,0.0,,,Open,1.0,SymmetricalOrAlternating,,1,Head,Other,,1,f,0
suspect,suspect,C_03_012,i,FullyOpen,1.0,,,Closed,0.0,OneHanded,,1,Head,Forehead,,1,,0
want,want,C_03_013,imrp,FullyOpen,1.0,1.0,0.0,Open,0.0,SymmetricalOrAlternating,Straight,0,Neutral,Neutral,Neutral,0,5,0
bone,bone,C_03_015,im,Bent,0.0,1.0,0.0,Closed,0.0,SymmetricalOrAlternating,Straight,1,Neutral,Neutral,,1,bent_v,0
strange,strange,C_03_018,imrp,Curved,0.0,0.0,0.0,Open,0.0,OneHanded,Curved,0,Head,HeadAway,HeadAway,0,,0
boots,boots,C_03_019,imrp,FullyOpen,0.0,0.0,0.0,Closed,0.0,SymmetricalOrAlternating,Straight,1,Neutral,Neutral,Neutral,1,closed_b,0
squirrel,squirrel,C_03_020,im,Bent,0.0,1.0,0.0,Closed,0.0,DominanceViolation,Straight,1,Hand,FingerTip,,1,DominanceConditionViolation,0
kneel,kneel,C_03_021,im,Bent,0.0,1.0,0.0,Closed,0.0,AsymmetricalDifferentHandshape,Straight,0,Hand,Palm,,1,B,0
pity,pity,C_03_022,m,Flat,0.0,,,Open,0.0,SymmetricalOrAlternating,Straight,1,Neutral,Neutral,Neutral,0,open_8,0
channel,channel,C_03_023,imrp,Curved,0.0,1.0,0.0,Open,0.0,OneHanded,,1,Neutral,Neutral,,0,,1
oral,oral,C_03_024,im,Bent,0.0,1.0,0.0,Closed,0.0,OneHanded,Circular,1,Head,HeadAway,HeadAway,0,,0
box,box,C_03_025,imrp,FullyOpen,0.0,0.0,0.0,Open,0.0,SymmetricalOrAlternating,,0,Neutral,Neutral,,0,open_b,0
dirty,dirty,C_03_026,imrp,FullyOpen,1.0,1.0,0.0,Open,0.0,OneHanded,,1,Head,UnderChin,,1,,0
misunderstand,misunderstand,C_03_027,im,FullyOpen,0.0,1.0,0.0,Closed,0.0,OneHanded,,0,Head,Forehead,Forehead,0,,1
laugh,laugh,C_03_028,i,FullyOpen,1.0,,,Open,0.0,SymmetricalOrAlternating,,1,Head,Mouth,HeadAway,1,l,0
dart,dart,C_03_029,i,Curved,1.0,,,Open,1.0,OneHanded,Straight,0,Neutral,Neutral,Neutral,0,,0
soda,soda,C_03_030,m,Flat,1.0,,,Open,0.0,AsymmetricalDifferentHandshape,BackAndForth,0,Hand,FingerRadial,HandAway,1,S,0
wood,wood,C_03_031,imrp,FullyOpen,0.0,0.0,0.0,Open,0.0,AsymmetricalSameHandshape,Straight,1,Hand,PalmBack,PalmBack,1,open_b,0
jewish,jewish,C_03_032,imrp,Flat,1.0,0.0,0.0,Open,1.0,OneHanded,Straight,1,Head,Chin,HeadAway,1,,0
pain,pain,C_03_033,i,Flat,0.0,,,Closed,0.0,SymmetricalOrAlternating,,1,Neutral,Neutral,,0,flat_1,1
canada,canada,C_03_034,t,,,,,Open,,OneHanded,Straight,1,Body,Clavicle,,1,,0
sports,sports,C_03_035,t,,,,,Open,,SymmetricalOrAlternating,,1,Neutral,Neutral,,0,a,1
order_2,order_2,C_03_036,m,Curved,0.0,,,Open,1.0,OneHanded,BackAndForth,0,Head,Mouth,HeadAway,1,,0
cover_up,cover_up,C_03_038,imrp,FullyOpen,0.0,0.0,0.0,Open,0.0,AsymmetricalSameHandshape,Curved,0,Hand,FingerFront,Palm,1,open_b,0
scan,scan,C_03_039,i,Bent,0.0,,,Closed,0.0,AsymmetricalDifferentHandshape,Straight,1,Hand,HandAway,HandAway,0,B,0
medicine,medicine,C_03_040,m,Flat,0.0,,,Open,0.0,AsymmetricalDifferentHandshape,Straight,1,Hand,Palm,,1,B,0
no,no,C_03_041,im,Flat,,0.0,,Open,1.0,OneHanded,,1,Neutral,Neutral,,0,,0
laptop,laptop,C_03_042,imrp,FullyOpen,0.0,0.0,0.0,Open,0.0,AsymmetricalSameHandshape,Curved,1,Hand,Palm,HandAway,1,open_b,1
arm,arm,C_03_043,imrp,Curved,0.0,0.0,0.0,Open,0.0,OneHanded,Straight,0,Arm,UpperArm,ForearmBack,1,,0
sure,sure,C_03_044,i,FullyOpen,0.0,,,Closed,0.0,OneHanded,Straight,0,Head,Mouth,HeadAway,1,,0
download,download,C_03_046,m,Curved,,,,Open,1.0,SymmetricalOrAlternating,Straight,0,Neutral,Neutral,Neutral,0,1,0
game,game,C_03_047,t,,,,,Open,,SymmetricalOrAlternating,Straight,1,Neutral,Neutral,Neutral,1,a,0
lecture,lecture,C_03_048,imrp,FullyOpen,0.0,0.0,0.0,Open,0.0,OneHanded,Curved,1,Neutral,Neutral,Neutral,0,,0
wrong_2,wrong,C_03_050,p,FullyOpen,0.0,,,Open,0.0,OneHanded,Straight,0,Head,Chin,,1,,0
jealous,jealous,C_03_051,p,Flat,0.0,,,Closed,0.0,OneHanded,Curved,0,Head,Mouth,HeadAway,1,,1
drop,drop,C_03_052,imrp,FullyClosed,1.0,,1.0,Closed,1.0,SymmetricalOrAlternating,Straight,0,Neutral,Neutral,Neutral,0,s,0
think,think,C_03_053,i,Flat,0.0,,,Closed,0.0,OneHanded,Straight,0,Head,Forehead,,1,,0
stomach,stomach,C_03_054,imrp,Flat,0.0,0.0,0.0,Open,0.0,OneHanded,Straight,1,Body,TorsoBottom,,1,,0
earn,earn,C_03_055,imrp,Curved,1.0,1.0,1.0,Open,1.0,AsymmetricalDifferentHandshape,Curved,0,Hand,FingerFront,Palm,1,B,0
go,go,C_03_056,i,FullyOpen,0.0,,,Closed,0.0,SymmetricalOrAlternating,Curved,0,Neutral,Neutral,Neutral,0,1,0
kid,kid,C_03_057,ip,FullyOpen,0.0,,,Closed,0.0,OneHanded,,1,Head,UpperLip,,1,,1
country,country,C_03_058,p,FullyOpen,0.0,,,Open,0.0,OneHanded,Circular,1,Arm,ElbowBack,ElbowBack,1,,0
that,that,C_03_059,p,FullyOpen,0.0,,,Open,0.0,OneHanded,Straight,0,Neutral,Neutral,Neutral,0,,0
candle,candle,C_03_060,imrp,FullyOpen,1.0,1.0,0.0,Open,0.0,AsymmetricalDifferentHandshape,,1,Hand,FingerTip,,1,1,0
voice,voice,C_03_061,im,Flat,1.0,1.0,0.0,Closed,0.0,OneHanded,Curved,1,Body,Neck,BodyAway,1,,0
now,now,C_03_062,p,FullyOpen,0.0,,,Open,0.0,SymmetricalOrAlternating,Straight,0,Neutral,Neutral,Neutral,0,y,0
stamp,stamp,C_03_063,im,FullyOpen,0.0,0.0,0.0,Closed,0.0,DominanceViolation,,0,Head,Mouth,,1,DominanceConditionViolation,0
appear,appear,C_03_064,i,FullyOpen,0.0,,,Closed,0.0,AsymmetricalDifferentHandshape,Straight,0,Hand,HandAway,Other,1,5,0
nurse,nurse,C_03_065,im,FullyOpen,0.0,0.0,0.0,Closed,0.0,OneHanded,Straight,1,Arm,WristFront,,1,,0
sneeze,sneeze,C_03_066,im,FullyClosed,1.0,,1.0,Closed,1.0,OneHanded,Straight,0,Head,UpperLip,HeadAway,1,,0
foreigner_2,foreigner,C_03_067,i,Curved,0.0,,,Open,1.0,OneHanded,Circular,1,Arm,ForearmUlnar,ForearmUlnar,1,,0
power,power,C_03_069,imrp,Curved,0.0,1.0,0.0,Open,0.0,OneHanded,BackAndForth,0,Arm,UpperArm,ArmAway,1,,0
monday,monday,C_03_070,imr,Flat,0.0,0.0,0.0,Closed,1.0,OneHanded,Circular,1,Neutral,Neutral,Neutral,0,,0
thirsty,thirsty,C_03_071,i,Flat,0.0,,,Closed,0.0,OneHanded,Straight,0,Body,Neck,Neck,1,,0
weather,weather,C_03_072,p,Curved,0.0,,,Open,1.0,SymmetricalOrAlternating,Z-shaped,0,Neutral,Neutral,Neutral,0,w,0
girl,girl,C_03_073,t,,,,,Open,,OneHanded,Curved,0,Head,CheekNose,HeadAway,1,,1
come,come,C_03_074,imrp,FullyOpen,1.0,0.0,0.0,Open,0.0,OneHanded,Curved,0,Neutral,Neutral,Neutral,0,,0
shop_1,shop_1,C_03_075,imrp,Flat,0.0,0.0,0.0,Open,1.0,AsymmetricalDifferentHandshape,Z-shaped,0,Hand,Palm,HandAway,1,B,0
secret,secret,C_03_076,t,,,,,Open,,OneHanded,Straight,1,Head,Chin,,1,,0
drunk,drunk,C_03_077,t,,,,,Open,,OneHanded,Curved,0,Head,HeadAway,HeadAway,0,,0
happy,happy,C_03_078,imrp,FullyOpen,0.0,0.0,0.0,Open,0.0,OneHanded,Curved,1,Body,TorsoTop,BodyAway,1,,0
honor,honor,C_03_079,im,FullyOpen,0.0,0.0,0.0,Closed,0.0,SymmetricalOrAlternating,Curved,0,Head,Forehead,HeadAway,0,h,0
future,future,C_03_080,imrp,FullyOpen,0.0,0.0,0.0,Open,0.0,OneHanded,Curved,0,Head,Other,HeadAway,0,,0
throw,throw,C_03_081,im,FullyClosed,1.0,,0.0,Closed,1.0,OneHanded,Curved,0,Neutral,Neutral,Neutral,0,,0
meeting,meeting,C_03_082,imrp,FullyOpen,1.0,1.0,0.0,Open,1.0,SymmetricalOrAlternating,,1,Neutral,Neutral,,1,5,0
scroll_down,scroll_down,C_03_084,i,Bent,0.0,,,Closed,0.0,OneHanded,Straight,0,Neutral,Neutral,Neutral,0,,0
beard,beard,C_03_085,imrp,Curved,0.0,0.0,0.0,Open,0.0,SymmetricalOrAlternating,Curved,0,Head,HeadAway,HeadAway,1,c,0
smoking,smoking,C_03_087,im,FullyOpen,0.0,1.0,0.0,Closed,0.0,OneHanded,BackAndForth,0,Head,Mouth,HeadAway,1,,1
all,all,C_03_088,imrp,FullyOpen,0.0,0.0,0.0,Open,0.0,AsymmetricalSameHandshape,Circular,0,Hand,HandAway,FingerFront,1,open_b,1
school,school,C_03_089,imrp,FullyOpen,0.0,1.0,0.0,Open,0.0,AsymmetricalSameHandshape,Straight,1,Hand,Palm,,1,5,0
prayer,prayer,C_03_090,imrp,FullyOpen,0.0,0.0,0.0,Open,0.0,SymmetricalOrAlternating,Straight,1,Neutral,Neutral,,1,open_b,0
old,old,D_01_007,imrp,Curved,1.0,0.0,0.0,Open,1.0,OneHanded,Straight,0,Head,Chin,HeadAway,0,,0
perfect,perfect,D_01_008,i,Curved,0.0,,,Open,1.0,SymmetricalOrAlternating,Other,0,Neutral,Neutral,Neutral,1,f,0
well,well,D_01_009,imrp,FullyOpen,0.0,1.0,0.0,Open,0.0,SymmetricalOrAlternating,Curved,0,Neutral,Neutral,,0,5,0
stop,stop,D_01_010,imrp,FullyOpen,0.0,0.0,0.0,Open,0.0,AsymmetricalSameHandshape,BackAndForth,0,Hand,Palm,HandAway,1,open_b,0
motorcycle,motorcycle,D_01_011,imrp,FullyClosed,0.0,,0.0,Closed,1.0,AsymmetricalSameHandshape,,1,Neutral,Neutral,,0,s,1
finally,finally,D_01_012,i,FullyOpen,0.0,,,Closed,0.0,SymmetricalOrAlternating,Circular,0,Head,HeadAway,HeadAway,0,1,1
ego,ego,D_01_014,p,FullyOpen,0.0,,,Open,0.0,OneHanded,Curved,1,Body,TorsoTop,BodyAway,1,,0
wine,wine,D_01_015,p,Curved,0.0,,,Open,1.0,OneHanded,Circular,1,Head,CheekNose,CheekNose,0,,0
address,address,D_01_016,t,,,,,Open,,SymmetricalOrAlternating,Straight,0,Body,TorsoMid,TorsoTop,1,a,0
drown,drown,D_01_017,imrp,FullyClosed,0.0,,0.0,Closed,1.0,AsymmetricalDifferentHandshape,Z-shaped,0,Hand,HandAway,Palm,1,C,0
coins,coins,D_01_018,imrp,Flat,0.0,0.0,0.0,Open,1.0,AsymmetricalDifferentHandshape,Straight,0,Hand,Palm,,1,B,0
yellow,yellow,D_01_020,p,FullyOpen,0.0,,,Open,0.0,OneHanded,,1,Neutral,Neutral,,0,,1
name,name,D_01_021,im,FullyOpen,0.0,0.0,0.0,Closed,0.0,DominanceViolation,Straight,1,Hand,FingerRadial,,1,DominanceConditionViolation,0
business,business,D_01_022,imrp,FullyOpen,0.0,0.0,0.0,Closed,0.0,AsymmetricalSameHandshape,BackAndForth,0,Hand,FingerRadial,FingerRadial,1,closed_b,0
yesterday,yesterday,D_01_024,t,,,,,Open,,OneHanded,Curved,0,Head,Chin,CheekNose,1,,0
off_the_point,off_the_point,D_01_025,i,FullyClosed,1.0,,,Open,1.0,AsymmetricalDifferentHandshape,Straight,0,Hand,FingerTip,HandAway,1,1,0
movie,movie,D_01_026,imrp,FullyOpen,0.0,1.0,0.0,Open,0.0,AsymmetricalSameHandshape,Straight,1,Hand,Heel,,1,5,0
cheat_2,cheat_2,D_01_027,ip,FullyOpen,0.0,,,Closed,0.0,OneHanded,Straight,1,Arm,ForearmUlnar,ForearmUlnar,1,,0
saturday,saturday,D_01_028,imrp,FullyClosed,0.0,,0.0,Closed,1.0,OneHanded,Circular,1,Neutral,Neutral,Neutral,0,,0
gossip,gossip,D_01_029,i,Flat,1.0,,,Open,1.0,SymmetricalOrAlternating,Circular,1,Head,Mouth,HeadAway,0,g,0
small,small,D_01_030,imrp,Curved,0.0,0.0,0.0,Open,0.0,SymmetricalOrAlternating,Straight,1,Neutral,Neutral,Neutral,0,c,0
smile,smile,D_01_031,i,Flat,0.0,,,Closed,0.0,SymmetricalOrAlternating,Curved,0,Head,Mouth,HeadAway,1,flat_1,1
cake,cake,D_01_033,imrp,Curved,0.0,1.0,0.0,Open,0.0,AsymmetricalDifferentHandshape,Straight,0,Hand,Palm,HandAway,1,B,0
zipper,zipper,D_01_034,i,Bent,0.0,,,Open,1.0,DominanceViolation,Straight,1,Body,Waist,TorsoTop,0,DominanceConditionViolation,0
disappear,disappear,D_01_036,i,FullyOpen,1.0,,,Closed,0.0,AsymmetricalDifferentHandshape,Straight,0,Hand,Other,HandAway,1,5,0
juggle,juggle,D_01_037,imrp,FullyClosed,1.0,,1.0,Closed,1.0,SymmetricalOrAlternating,Circular,1,Neutral,Neutral,Neutral,0,s,0
long_line,long_line,D_01_038,imrp,FullyOpen,0.0,1.0,0.0,Closed,0.0,SymmetricalOrAlternating,Straight,0,Neutral,Neutral,Neutral,1,4,0
teeth,teeth,D_01_040,i,Bent,0.0,,,Closed,0.0,OneHanded,Curved,1,Head,HeadAway,HeadAway,0,,0
list,list,D_01_041,imrp,Flat,0.0,0.0,0.0,Open,0.0,AsymmetricalDifferentHandshape,Z-shaped,0,Hand,FingerFront,Palm,1,B,0
help,help,D_01_042,t,,,,,Open,,AsymmetricalDifferentHandshape,Straight,1,Hand,Palm,,1,B,0
chicago,chicago,D_01_043,imrp,Curved,0.0,0.0,0.0,Open,0.0,OneHanded,BackAndForth,0,Neutral,Neutral,Neutral,0,,0
not_yet,not_yet,D_01_044,imrp,FullyOpen,1.0,0.0,0.0,Open,0.0,OneHanded,,1,Neutral,Neutral,,0,,0
canoe,canoe,D_01_045,imrp,FullyClosed,0.0,,0.0,Closed,1.0,SymmetricalOrAlternating,Curved,0,Neutral,Neutral,Neutral,0,s,0
japan,japan,D_01_046,i,Flat,1.0,,,Open,1.0,SymmetricalOrAlternating,Straight,1,Neutral,Neutral,Neutral,1,g,0
thanksgiving,thanksgiving,D_01_047,im,Flat,0.0,0.0,0.0,Open,0.0,OneHanded,,0,Head,Mouth,,1,,0
paint,paint,D_01_048,imrp,FullyOpen,1.0,0.0,0.0,Open,0.0,AsymmetricalSameHandshape,Straight,1,Hand,FingerFront,Palm,1,open_b,0
penny,penny,D_01_049,i,Flat,0.0,,,Closed,0.0,OneHanded,Straight,0,Head,Forehead,HeadAway,1,,0
match,match,D_01_050,imrp,Bent,0.0,1.0,0.0,Open,0.0,SymmetricalOrAlternating,Straight,0,Neutral,Neutral,Neutral,1,spread_open_e,0
write,write,D_01_051,i,Bent,0.0,,,Open,1.0,AsymmetricalDifferentHandshape,Straight,1,Hand,Palm,HandAway,1,B,0
theater,theater,D_01_052,t,,,,,Open,,SymmetricalOrAlternating,Circular,1,Body,Clavicle,BodyAway,1,a,0
corkscrew,corkscrew,D_01_053,imrp,FullyClosed,0.0,,0.0,Closed,1.0,AsymmetricalSameHandshape,Straight,1,Hand,FingerRadial,HandAway,0,s,1
birthday,birthday,D_01_054,m,Flat,0.0,,,Open,0.0,OneHanded,,0,Head,Chin,,1,,0
boat,boat,D_01_055,imrp,FullyOpen,0.0,0.0,0.0,Open,0.0,SymmetricalOrAlternating,Curved,1,Neutral,Neutral,,1,open_b,0
zoom_off,zoom_off,D_01_057,i,FullyOpen,1.0,,,Open,1.0,AsymmetricalDifferentHandshape,Straight,0,Hand,FingerBack,HandAway,0,1,0
yeah,yeah,D_01_058,p,FullyOpen,0.0,,,Open,0.0,OneHanded,Straight,1,Neutral,Neutral,,0,,0
from,from,D_01_059,i,Bent,0.0,,,Closed,0.0,AsymmetricalDifferentHandshape,Curved,0,Hand,FingerBack,HandAway,1,1,0
promote,promote,D_01_061,imrp,Flat,0.0,0.0,0.0,Open,0.0,SymmetricalOrAlternating,Curved,0,Neutral,Neutral,Neutral,0,flat_b,0
iron,iron,D_01_063,t,,,,,Open,,AsymmetricalDifferentHandshape,Straight,1,Hand,Palm,FingerFront,1,B,0
copy,copy,D_01_064,imrp,Flat,0.0,1.0,1.0,Open,1.0,AsymmetricalDifferentHandshape,Straight,0,Hand,Palm,HandAway,1,B,0
why,why,D_01_067,imr,FullyOpen,1.0,0.0,0.0,Open,0.0,OneHanded,Straight,0,Head,Forehead,HeadAway,0,,0
crawl,crawl,D_01_068,im,Bent,0.0,1.0,0.0,Closed,0.0,AsymmetricalDifferentHandshape,Straight,1,Hand,Palm,FingerFront,0,B,0
break,break,D_01_069,imrp,FullyClosed,0.0,,0.0,Closed,1.0,SymmetricalOrAlternating,Curved,0,Neutral,Neutral,Neutral,1,s,1
easy,easy,D_01_070,imrp,FullyOpen,0.0,0.0,0.0,Open,0.0,AsymmetricalSameHandshape,Straight,1,Hand,FingerBack,HandAway,1,open_b,0
mascara,mascara,D_01_071,i,FullyOpen,0.0,,,Closed,0.0,OneHanded,,1,Head,Eye,HeadAway,0,,0
lobster,lobster,D_01_072,imrp,Curved,1.0,0.0,0.0,Open,1.0,SymmetricalOrAlternating,,1,Neutral,Neutral,,0,o,0
sail,sail,D_01_074,imrp,Curved,0.0,0.0,0.0,Open,1.0,OneHanded,Straight,0,Neutral,Neutral,Neutral,0,,0
point,point,D_01_075,i,Flat,0.0,,,Closed,0.0,AsymmetricalDifferentHandshape,BackAndForth,0,Hand,FingerTip,HandAway,1,1,0
introduce,introduce,D_01_076,imrp,Flat,0.0,0.0,0.0,Open,0.0,SymmetricalOrAlternating,Curved,0,Neutral,Neutral,Neutral,0,flat_b,1
later,later,D_01_077,i,FullyOpen,0.0,,,Open,0.0,OneHanded,Straight,0,Neutral,Neutral,Neutral,0,,0
lock,lock,D_01_078,imrp,FullyClosed,0.0,,0.0,Closed,1.0,AsymmetricalSameHandshape,Circular,0,Hand,HandAway,FingerRadial,1,s,1
duck,duck,D_01_079,im,Flat,1.0,0.0,0.0,Open,1.0,OneHanded,,1,Head,Mouth,,1,,0
translate,translate,D_01_080,i,FullyOpen,0.0,,,Closed,0.0,SymmetricalOrAlternating,,1,Neutral,Neutral,,1,1,1
husband,husband,D_01_082,imrp,Curved,0.0,0.0,0.0,Open,0.0,OneHanded,,0,Head,Forehead,,1,,0
tail,tail,D_01_083,i,Curved,0.0,,,Open,1.0,OneHanded,Z-shaped,0,Other,Other,OtherAway,0,,0
enough,enough,D_01_084,imrp,FullyOpen,0.0,0.0,0.0,Open,0.0,AsymmetricalDifferentHandshape,Straight,0,Hand,FingerRadial,HandAway,1,S,0
idea,idea,D_01_085,p,FullyOpen,0.0,,,Closed,0.0,OneHanded,Straight,0,Head,Forehead,HeadAway,1,,0
sweep,sweep,D_01_086,imrp,FullyOpen,0.0,0.0,0.0,Open,0.0,AsymmetricalSameHandshape,Curved,1,Hand,Palm,HandAway,1,open_b,0
owl,owl,D_01_087,imrp,Curved,0.0,0.0,0.0,Open,1.0,SymmetricalOrAlternating,,1,Head,Eye,,0,o,1
here,here,D_01_089,imrp,FullyOpen,0.0,0.0,0.0,Open,0.0,SymmetricalOrAlternating,Circular,1,Neutral,Neutral,Neutral,0,open_b,0
sympathy,pity,D_01_090,m,Flat,0.0,,,Open,0.0,SymmetricalOrAlternating,Curved,1,Neutral,Neutral,Neutral,0,open_8,0
shiny,shiny,D_01_091,m,Flat,0.0,,,Open,0.0,AsymmetricalDifferentHandshape,Straight,0,Hand,PalmBack,HandAway,1,C,1
cloud_2,cloud,D_01_092,imrp,Curved,0.0,1.0,0.0,Open,0.0,SymmetricalOrAlternating,Circular,1,Neutral,Neutral,Neutral,0,curved_5,0
february,february,D_01_093,i,Curved,,,,Open,1.0,OneHanded,,0,Neutral,Neutral,,0,,0
peg,peg,D_02_006,i,Flat,0.0,,,Open,0.0,SymmetryViolation,Z-shaped,0,Hand,FingerBack,HandAway,1,SymmetryViolation,0
loud,loud,D_02_007,i,FullyOpen,0.0,,,Closed,0.0,SymmetricalOrAlternating,,0,Head,Other,,1,1,0
lucky,lucky,D_02_008,m,Curved,0.0,,,Open,0.0,OneHanded,Straight,0,Head,Chin,HeadAway,1,,1
gold,gold,D_02_009,ip,FullyOpen,0.0,,,Open,0.0,OneHanded,,0,Head,CheekNose,,1,,0
pool,pool,D_02_010,i,Bent,0.0,,,Open,1.0,AsymmetricalDifferentHandshape,Straight,1,Neutral,Neutral,Neutral,0,DominanceConditionViolation,0
uncle,uncle,D_02_011,im,FullyOpen,,0.0,,Closed,0.0,OneHanded,Straight,1,Head,Forehead,,0,,0
thermometer,thermometer,D_02_012,i,FullyOpen,0.0,,,Closed,0.0,AsymmetricalSameHandshape,Straight,1,Hand,FingerRadial,FingerRadial,1,1,0
kiss,kiss,D_02_014,imrp,Flat,0.0,0.0,0.0,Open,1.0,OneHanded,Curved,0,Head,Chin,CheekNose,1,,0
forgetful,forgetful,D_02_017,imrp,FullyOpen,1.0,0.0,0.0,Open,0.0,OneHanded,Straight,1,Head,HeadAway,HeadAway,0,,0
meet,meet,D_02_018,i,FullyOpen,0.0,,,Closed,0.0,SymmetricalOrAlternating,Straight,0,Neutral,Neutral,Neutral,1,1,0
meat,meat,D_02_022,imrp,Flat,1.0,0.0,0.0,Open,0.0,AsymmetricalDifferentHandshape,,1,Hand,PalmBack,,1,B,0
screwdriver,screwdriver,D_02_023,im,FullyOpen,0.0,0.0,0.0,Closed,0.0,AsymmetricalDifferentHandshape,,1,Hand,Palm,,1,B,1
alone,alone,D_02_024,i,FullyOpen,0.0,,,Closed,0.0,OneHanded,Circular,0,Neutral,Neutral,Neutral,0,,1
lighter,lighter,D_02_025,t,,1.0,,,Open,,OneHanded,,1,Neutral,Neutral,,0,,0
bicycle,bicycle,D_02_026,imrp,FullyClosed,0.0,,0.0,Closed,1.0,SymmetricalOrAlternating,Circular,1,Neutral,Neutral,Neutral,0,s,0
ski,ski,D_02_027,i,Bent,0.0,,,Closed,0.0,SymmetricalOrAlternating,Straight,1,Neutral,Neutral,Neutral,0,bent_1,0
let_know,let_know,D_02_028,imrp,Curved,0.0,0.0,0.0,Open,1.0,SymmetricalOrAlternating,,0,Head,Forehead,,0,o,0
dive_1,dive,D_02_029,im,Flat,1.0,0.0,1.0,Closed,0.0,AsymmetricalDifferentHandshape,Curved,0,Hand,FingerBack,HandAway,1,DominanceConditionViolation,0
insurance,insurance,D_02_030,p,FullyOpen,0.0,,,Closed,0.0,OneHanded,Straight,1,Neutral,Neutral,Neutral,0,,0
sign_language,sign_language,D_02_031,i,FullyOpen,0.0,,,Closed,0.0,SymmetricalOrAlternating,Circular,0,Neutral,Neutral,Neutral,0,1,0
bank,bank,D_02_032,imrp,FullyOpen,,0.0,,Closed,0.0,OneHanded,BackAndForth,0,Neutral,Neutral,Neutral,0,,0
helmet,helmet,D_02_034,imrp,Curved,0.0,0.0,0.0,Open,0.0,SymmetricalOrAlternating,Curved,0,Head,HeadAway,HeadAway,0,c,0
confident,confident,D_02_035,imrp,Curved,1.0,1.0,1.0,Open,1.0,SymmetricalOrAlternating,Straight,0,Neutral,Neutral,Neutral,0,curved_5,0
dice,dice,D_02_036,imrp,FullyClosed,1.0,,0.0,Closed,1.0,OneHanded,Straight,1,Neutral,Neutral,Neutral,0,,0
metal,metal,D_02_037,i,Bent,0.0,,,Closed,0.0,OneHanded,Straight,1,Head,UnderChin,HeadAway,1,,0
forfeit,forfeit,D_02_038,i,Curved,0.0,,,Open,1.0,OneHanded,Curved,0,Neutral,Neutral,Neutral,0,,0
deny,deny,D_02_039,t,,,,,Open,,SymmetricalOrAlternating,Straight,1,Head,UnderChin,HeadAway,1,a,0
cocacola,cocacola,D_02_040,t,,1.0,,,Open,,OneHanded,,1,Arm,UpperArm,,1,,0
steak,steak,D_02_041,i,Flat,0.0,,,Open,0.0,AsymmetricalDifferentHandshape,,0,Hand,PalmBack,,1,B,0
helicopter,helicopter,D_02_042,imrp,FullyOpen,0.0,1.0,0.0,Open,0.0,AsymmetricalDifferentHandshape,Curved,1,Hand,FingerTip,,1,1,0
drill,drill,D_02_044,i,FullyOpen,0.0,,,Open,0.0,AsymmetricalDifferentHandshape,Straight,0,Hand,Other,,1,5,0
restaurant,restaurant,D_02_045,im,Crossed,0.0,0.0,0.0,Closed,0.0,OneHanded,Z-shaped,0,Head,Mouth,Mouth,1,,0
tired,tired,D_02_050,imrp,Curved,0.0,0.0,0.0,Open,0.0,SymmetricalOrAlternating,Curved,0,Body,Clavicle,,1,c,0
impact,impact,D_02_051,imrp,FullyClosed,0.0,,0.0,Closed,1.0,AsymmetricalDifferentHandshape,BackAndForth,0,Hand,FingerRadial,HandAway,1,1,0
teach,teach,D_02_052,imrp,Curved,0.0,0.0,0.0,Open,1.0,SymmetricalOrAlternating,Straight,1,Head,Forehead,HeadAway,0,o,0
newspaper,newspaper,D_02_053,i,Flat,1.0,,,Open,1.0,AsymmetricalDifferentHandshape,Straight,1,Hand,Palm,,1,B,0
think_over,think_over,D_02_054,i,FullyOpen,0.0,,,Closed,0.0,OneHanded,,0,Head,Forehead,,0,,0
hello,hello,D_02_055,imrp,FullyOpen,0.0,0.0,0.0,Closed,0.0,OneHanded,Straight,0,Head,Forehead,HeadAway,1,,0
patient_3,patient_2,D_02_056,t,,,,,Open,,OneHanded,Straight,0,Head,UpperLip,Chin,1,,0
walk,walk,D_02_057,imrp,FullyOpen,1.0,0.0,0.0,Open,0.0,SymmetricalOrAlternating,Curved,1,Neutral,Neutral,Neutral,0,open_b,0
downsize_2,downsize,D_02_058,i,FullyOpen,0.0,,,Open,0.0,SymmetricalOrAlternating,Straight,1,Neutral,Neutral,Neutral,0,l,1
metaphor,metaphor,D_02_059,i,Bent,0.0,,,Closed,0.0,AsymmetricalDifferentHandshape,Curved,0,Hand,Palm,PalmBack,1,B,1
there,there,D_02_060,i,FullyOpen,0.0,,,Closed,0.0,OneHanded,Straight,0,Neutral,Neutral,,0,,0
pull,pull,D_02_062,i,Bent,0.0,,,Open,1.0,SymmetricalOrAlternating,Straight,0,Neutral,Neutral,Neutral,0,baby_o,0
bottle,bottle,D_02_064,imrp,Curved,1.0,0.0,0.0,Open,1.0,AsymmetricalDifferentHandshape,Straight,0,Hand,Palm,HandAway,1,B,0
interpreter,interpreter,D_02_066,i,Curved,0.0,,,Open,1.0,DominanceViolation,,1,Hand,FingerTip,,1,DominanceConditionViolation,1
god,god,D_02_068,imrp,FullyOpen,0.0,0.0,0.0,Closed,0.0,OneHanded,Curved,0,Head,HeadAway,HeadAway,0,,0
fraud,fraud,D_02_070,i,FullyOpen,0.0,,,Closed,0.0,OneHanded,BackAndForth,0,Body,Neck,BodyAway,1,,0
ear,ear,D_02_071,i,Bent,0.0,,,Open,1.0,OneHanded,Straight,1,Head,Other,,1,,0
vomit,vomit,D_02_072,imrp,FullyOpen,0.0,1.0,0.0,Open,0.0,SymmetricalOrAlternating,Curved,0,Head,UnderChin,HeadAway,0,5,0
nut,nut,D_02_073,t,,,,,Open,,OneHanded,Straight,1,Head,Mouth,HeadAway,1,,0
italy,italy,D_02_074,i,Curved,0.0,,,Open,0.0,OneHanded,Z-shaped,0,Neutral,Neutral,Neutral,0,,0
smart,smart,D_02_075,m,Flat,0.0,,,Open,0.0,OneHanded,Curved,0,Head,Forehead,HeadAway,1,,1
clock,clock,D_02_076,i,FullyOpen,0.0,,,Closed,0.0,OneHanded,Straight,0,Arm,WristBack,,1,,0
push,push,D_02_077,imrp,FullyOpen,0.0,1.0,0.0,Open,0.0,SymmetricalOrAlternating,Straight,0,Neutral,Neutral,Neutral,0,5,0
candy_2,candy_2,D_02_079,im,FullyOpen,1.0,0.0,0.0,Open,0.0,OneHanded,,1,Head,Chin,HeadAway,1,,0
toast,toast,D_02_080,im,Curved,0.0,1.0,0.0,Closed,0.0,AsymmetricalDifferentHandshape,Curved,0,Hand,Palm,PalmBack,1,B,1
rat,rat,D_02_081,im,Crossed,0.0,0.0,0.0,Closed,0.0,OneHanded,Straight,1,Head,CheekNose,HeadAway,1,,0
how,how,D_02_082,imrp,Curved,0.0,0.0,0.0,Open,0.0,SymmetricalOrAlternating,Curved,0,Neutral,Neutral,Neutral,1,c,1
leaf,leaf,D_02_083,i,FullyOpen,1.0,,,Open,1.0,DominanceViolation,Straight,0,Hand,FingerTip,HandAway,1,DominanceConditionViolation,0
what_1,what_1,D_02_084,imrp,FullyOpen,0.0,1.0,0.0,Open,0.0,SymmetricalOrAlternating,Straight,1,Neutral,Neutral,Neutral,0,5,0
trophy,trophy,D_02_086,p,FullyOpen,0.0,,,Open,0.0,SymmetricalOrAlternating,Straight,1,Neutral,Neutral,Neutral,1,y,0
germany,germany,D_02_088,imrp,FullyOpen,1.0,1.0,0.0,Open,0.0,SymmetricalOrAlternating,,1,Neutral,Neutral,,1,5,0
battery,battery,D_02_089,i,Bent,0.0,,,Closed,0.0,SymmetricalOrAlternating,Straight,1,Neutral,Neutral,Neutral,1,bent_1,0
tease,tease,D_02_090,i,Bent,0.0,,,Closed,0.0,DominanceViolation,Straight,1,Hand,FingerRadial,HandAway,1,DominanceConditionViolation,0
russia_2,russia,D_02_091,i,FullyOpen,0.0,,,Closed,0.0,OneHanded,BackAndForth,0,Head,Mouth,HeadAway,1,,0
sweater,sweater,D_02_092,imrp,Curved,0.0,0.0,0.0,Open,0.0,SymmetricalOrAlternating,Curved,0,Body,TorsoTop,Hips,1,c,1
far,far,D_03_007,t,,,,,Open,,AsymmetricalSameHandshape,Curved,0,Hand,FingerBack,HandAway,1,a,0
shame,shame,D_03_008,imrp,Curved,1.0,0.0,0.0,Open,0.0,SymmetricalOrAlternating,Curved,0,Head,UnderChin,HeadAway,1,c,0
inject,inject,D_03_009,t,,1.0,,,Open,,OneHanded,Straight,0,Arm,UpperArm,,1,,0
friend,friend,D_03_010,i,Curved,0.0,,,Closed,0.0,SymmetricalOrAlternating,Other,0,Neutral,Neutral,Neutral,1,curved_1,0
gay,gay,D_03_011,i,Flat,0.0,,,Open,0.0,OneHanded,Straight,1,Head,Chin,,1,,0
rope,rope,D_03_012,im,Crossed,0.0,0.0,0.0,Closed,0.0,DominanceViolation,Other,1,Hand,FingerTip,HandAway,1,DominanceConditionViolation,1
young,young,D_03_013,imrp,Curved,0.0,0.0,0.0,Open,0.0,OneHanded,Curved,1,Neutral,Neutral,,0,,1
since,since,D_03_014,i,Flat,1.0,,,Closed,0.0,SymmetricalOrAlternating,Curved,0,Body,Shoulder,BodyAway,1,flat_1,0
wedding,wedding,D_03_015,imrp,FullyOpen,1.0,1.0,1.0,Open,0.0,SymmetricalOrAlternating,Curved,0,Neutral,Neutral,Neutral,1,5,1
rhino,rhino,D_03_016,p,FullyOpen,0.0,,,Closed,0.0,OneHanded,Straight,1,Head,CheekNose,,1,,0
loyal,loyal,D_03_017,i,FullyOpen,0.0,,,Open,0.0,OneHanded,Circular,0,Body,BodyAway,Clavicle,1,,1
magic,magic,D_03_018,imrp,Curved,1.0,1.0,1.0,Closed,1.0,SymmetricalOrAlternating,,0,Neutral,Neutral,,0,curved_5,0
mime,mime,D_03_019,imrp,Flat,0.0,0.0,0.0,Closed,1.0,SymmetricalOrAlternating,Curved,1,Body,TorsoTop,BodyAway,1,flat_m,0
beat,beat,D_03_020,imrp,FullyClosed,0.0,,0.0,Closed,1.0,AsymmetricalDifferentHandshape,Curved,0,Hand,FingerTip,,1,1,0
rake,rake,D_03_021,imrp,Curved,0.0,1.0,0.0,Open,0.0,AsymmetricalDifferentHandshape,Curved,1,Hand,Palm,HandAway,1,B,0
contact,contact,D_03_022,m,Flat,0.0,,,Open,0.0,SymmetricalOrAlternating,Straight,1,Neutral,Neutral,Neutral,1,open_8,0
pop,pop,D_03_023,i,Bent,0.0,,,Open,1.0,AsymmetricalDifferentHandshape,BackAndForth,0,Hand,HandAway,HandAway,0,C,0
myself,myself,D_03_024,t,,,,,Open,,OneHanded,Straight,1,Body,TorsoTop,,1,,0
wife,wife,D_03_025,imrp,Curved,0.0,0.0,0.0,Open,0.0,OneHanded,,0,Head,Chin,,1,,0
priest,priest,D_03_026,i,Flat,0.0,,,Open,0.0,OneHanded,Straight,1,Body,Neck,BodyAway,0,,0
can,can,D_03_027,imrp,FullyClosed,0.0,,0.0,Closed,1.0,SymmetricalOrAlternating,Straight,0,Neutral,Neutral,Neutral,0,s,0
stethoscope,stethoscope,D_03_028,i,Bent,0.0,,,Open,1.0,SymmetricalOrAlternating,,0,Head,Other,,1,baby_o,0
back,back,D_03_029,t,,,,,Open,,OneHanded,Straight,0,Body,BodyAway,BodyAway,0,,0
but,but,D_03_030,i,FullyOpen,0.0,,,Closed,0.0,SymmetricalOrAlternating,Curved,0,Neutral,Neutral,Neutral,1,1,0
holiday,holiday,D_03_031,imrp,FullyOpen,0.0,1.0,0.0,Open,0.0,SymmetricalOrAlternating,Straight,1,Body,TorsoTop,BodyAway,1,5,0
continue,continue,D_03_032,t,,,,,Open,,SymmetricalOrAlternating,Curved,1,Neutral,Neutral,Neutral,1,a,0
enjoy,enjoy,D_03_033,imrp,FullyOpen,0.0,0.0,0.0,Open,0.0,SymmetricalOrAlternating,Circular,1,Body,TorsoTop,TorsoTop,1,open_b,0
sit,sit,D_03_034,im,Curved,0.0,0.0,0.0,Closed,0.0,AsymmetricalDifferentHandshape,Straight,0,Hand,FingerBack,,1,DominanceConditionViolation,0
disney,disney,D_03_035,m,Curved,0.0,,,Open,1.0,OneHanded,,1,Head,Chin,,1,,1
lamp,lamp,D_03_037,imrp,Curved,1.0,0.0,1.0,Open,1.0,OneHanded,,0,Neutral,Neutral,,0,,0
TRUE,TRUE,D_03_038,i,FullyOpen,0.0,,,Closed,0.0,OneHanded,Curved,0,Head,Mouth,HeadAway,1,,0
elegance,elegance,D_03_042,imrp,FullyOpen,0.0,1.0,0.0,Open,0.0,OneHanded,Curved,1,Body,TorsoTop,BodyAway,1,,0
use,use,D_03_043,im,FullyOpen,0.0,0.0,0.0,Closed,0.0,DominanceViolation,Curved,1,Hand,FingerRadial,HandAway,1,DominanceConditionViolation,0
not_care,not_care,D_03_044,imrp,Flat,1.0,0.0,1.0,Open,1.0,OneHanded,Curved,0,Head,CheekNose,HeadAway,1,,1
brown,brown,D_03_045,imrp,FullyOpen,0.0,0.0,0.0,Closed,0.0,OneHanded,Straight,0,Head,Chin,Chin,1,,0
own,own,D_03_046,imrp,FullyOpen,1.0,1.0,0.0,Open,1.0,SymmetricalOrAlternating,Straight,0,Body,TorsoTop,,1,5,0
horrible,horrible,D_03_049,m,Curved,1.0,,,Open,1.0,SymmetricalOrAlternating,Curved,0,Head,Eye,HeadAway,0,1,0
sister,sister,D_03_050,i,FullyOpen,0.0,,,Open,0.0,OneHanded,,0,Head,CheekNose,,1,,0
breathe,breathe,D_03_051,imrp,FullyOpen,0.0,1.0,0.0,Open,0.0,SymmetricalOrAlternating,BackAndForth,0,Body,TorsoTop,BodyAway,1,5,0
excuse,excuse,D_03_052,imrp,Flat,0.0,0.0,0.0,Open,0.0,AsymmetricalDifferentHandshape,Straight,1,Hand,Palm,HandAway,1,B,0
west,west,D_03_053,p,Curved,0.0,,,Open,1.0,OneHanded,Straight,0,Neutral,Neutral,Neutral,0,,0
stir,stir,D_03_055,i,Bent,0.0,,,Open,1.0,AsymmetricalDifferentHandshape,Circular,1,Hand,HandAway,HandAway,0,C,1
oops,oops,D_03_056,imrp,FullyOpen,0.0,0.0,0.0,Open,0.0,OneHanded,Straight,0,Head,Mouth,,1,,0
decide_2,decide,D_03_057,i,FullyOpen,0.0,,,Open,1.0,SymmetricalOrAlternating,Straight,0,Neutral,Neutral,Neutral,0,l,0
shop_2,shop_2,D_03_058,imrp,Flat,0.0,0.0,0.0,Open,1.0,SymmetricalOrAlternating,Curved,1,Neutral,Neutral,Neutral,0,flat_o,1
frog,frog,D_03_059,im,FullyClosed,1.0,,1.0,Closed,1.0,OneHanded,Straight,1,Head,UnderChin,HeadAway,1,,0
saw,saw,D_03_060,imrp,FullyClosed,0.0,,0.0,Closed,1.0,OneHanded,Straight,1,Neutral,Neutral,Neutral,0,,0
china,china,D_03_061,i,FullyOpen,0.0,,,Closed,0.0,OneHanded,BackAndForth,0,Body,BodyAway,BodyAway,1,,0
bear,bear,D_03_063,imrp,FullyOpen,1.0,1.0,0.0,Open,0.0,SymmetricalOrAlternating,Straight,1,Body,TorsoTop,,1,5,0
lose,lose,D_03_064,im,FullyOpen,0.0,1.0,0.0,Closed,0.0,AsymmetricalDifferentHandshape,BackAndForth,0,Hand,Palm,HandAway,1,B,0
many,many,D_03_065,imrp,FullyClosed,1.0,,1.0,Closed,1.0,SymmetricalOrAlternating,,1,Neutral,Neutral,,0,s,0
eagle,eagle,D_03_066,i,Bent,0.0,,,Open,0.0,OneHanded,Straight,1,Head,CheekNose,,1,,0
airplane,airplane,D_03_068,ip,FullyOpen,0.0,,,Open,0.0,OneHanded,Straight,1,Neutral,Neutral,Neutral,0,,0
ignore,ignore,D_03_069,imrp,FullyOpen,0.0,1.0,0.0,Closed,0.0,OneHanded,Curved,0,Head,CheekNose,HeadAway,1,,1
fly,fly,D_03_070,imrp,FullyOpen,0.0,0.0,0.0,Open,0.0,SymmetricalOrAlternating,Straight,1,Body,BodyAway,,0,open_b,0
toothbrush,toothbrush,D_03_073,i,Flat,0.0,,,Closed,0.0,OneHanded,Straight,1,Head,HeadAway,HeadAway,0,,0
sing,sing,D_03_075,imrp,FullyOpen,0.0,0.0,0.0,Open,0.0,OneHanded,Curved,1,Arm,ArmAway,ArmAway,0,,1
create,create,D_03_076,imrp,FullyClosed,0.0,,0.0,Closed,1.0,SymmetricalOrAlternating,,0,Neutral,Neutral,Neutral,1,s,1
weigh,weigh,D_03_077,im,FullyOpen,0.0,0.0,0.0,Closed,0.0,DominanceViolation,Curved,1,Hand,FingerRadial,,1,DominanceConditionViolation,0
cook,cook,D_03_078,imrp,FullyOpen,0.0,0.0,0.0,Open,0.0,AsymmetricalSameHandshape,Other,0,Hand,Palm,Palm,1,open_b,1
relax,relax,D_03_081,imrp,FullyOpen,0.0,0.0,0.0,Open,0.0,SymmetricalOrAlternating,Straight,1,Body,TorsoTop,,1,open_b,0
east,east,D_03_082,imrp,Bent,0.0,0.0,0.0,Closed,1.0,OneHanded,Straight,0,Neutral,Neutral,Neutral,0,,0
lesson,lesson,D_03_083,imrp,Flat,0.0,0.0,0.0,Open,0.0,AsymmetricalDifferentHandshape,Curved,0,Hand,FingerFront,Palm,1,B,0
vacuum,vacuum,D_03_084,i,Bent,0.0,,,Open,1.0,OneHanded,Z-shaped,0,Neutral,Neutral,Neutral,0,,0
guilty,guilty,D_03_085,i,Flat,0.0,,,Open,0.0,OneHanded,Straight,1,Body,Clavicle,,1,,0
house,house,D_03_086,imrp,Flat,1.0,0.0,0.0,Open,0.0,SymmetricalOrAlternating,Curved,0,Neutral,Neutral,Neutral,1,flat_b,0
revenge,revenge,D_03_088,i,Bent,0.0,,,Open,1.0,OneHanded,,0,Head,Mouth,,1,,0
forbid,forbid,D_03_089,i,FullyOpen,0.0,,,Open,0.0,AsymmetricalDifferentHandshape,BackAndForth,0,Hand,Palm,HandAway,1,B,0
move,move,D_03_090,imrp,Curved,0.0,0.0,0.0,Open,1.0,SymmetricalOrAlternating,Curved,0,Neutral,Neutral,Neutral,0,o,0
silver,silver,D_03_091,imrp,FullyClosed,0.0,,0.0,Closed,1.0,OneHanded,,0,Head,Other,,1,,0
sushi,sushi,D_03_092,im,FullyOpen,0.0,0.0,0.0,Closed,0.0,AsymmetricalDifferentHandshape,Straight,1,Hand,Palm,,1,B,0
glow,glow,D_03_093,m,Flat,0.0,,,Open,0.0,SymmetricalOrAlternating,Straight,1,Head,CheekNose,HeadAway,1,open_8,1
wink,wink,D_03_094,i,Flat,1.0,,,Open,1.0,OneHanded,,0,Head,HeadAway,HeadAway,0,,0
hurt,hurt,E_01_002,i,FullyOpen,0.0,,,Closed,0.0,SymmetricalOrAlternating,Circular,1,Neutral,Neutral,Neutral,0,1,0
prince,prince,E_01_003,im,Crossed,0.0,0.0,0.0,Closed,0.0,OneHanded,Curved,0,Body,Clavicle,TorsoBottom,1,,0
bus,bus,E_01_004,imrp,FullyOpen,,0.0,,Closed,0.0,OneHanded,,0,Neutral,Neutral,,0,,0
sarcastic,sarcastic,E_01_005,ip,Flat,0.0,,,Closed,0.0,SymmetricalOrAlternating,BackAndForth,0,Neutral,Neutral,Neutral,1,flat_horns,0
grasp,grasp,E_01_006,imrp,Curved,1.0,1.0,0.0,Open,1.0,OneHanded,Curved,0,Neutral,Neutral,Neutral,0,,1
egg_beater,egg_beater,E_01_007,i,Bent,0.0,,,Open,1.0,OneHanded,Circular,1,Arm,ArmAway,ArmAway,0,,1
tanktop,tanktop,E_01_009,i,Curved,0.0,,,Open,0.0,SymmetricalOrAlternating,Straight,1,Body,TorsoTop,TorsoTop,1,curved_l,0
yucky,yucky,E_01_011,m,Curved,1.0,,,Open,1.0,SymmetricalOrAlternating,Curved,0,Neutral,Neutral,Neutral,0,1,0
plenty,plenty,E_01_014,imrp,FullyOpen,0.0,1.0,0.0,Open,0.0,AsymmetricalDifferentHandshape,Straight,0,Hand,FingerRadial,HandAway,1,S,0
story_1,story_1,E_01_015,m,Flat,1.0,,,Open,1.0,SymmetricalOrAlternating,Straight,1,Neutral,Neutral,Neutral,1,8,1
rocket_1,rocket_1,E_01_016,im,Crossed,0.0,0.0,0.0,Closed,0.0,AsymmetricalDifferentHandshape,Straight,1,Hand,Palm,HandAway,1,B,0
spend,spend,E_01_017,i,Bent,1.0,,,Open,1.0,SymmetricalOrAlternating,Curved,0,Body,Hips,BodyAway,1,baby_o,0
sweatshirt,sweatshirt,E_01_018,imrp,Curved,0.0,1.0,0.0,Closed,0.0,SymmetricalOrAlternating,Straight,0,Head,Forehead,HeadAway,1,curved_4,0
stuck,stuck,E_01_019,im,FullyOpen,0.0,1.0,0.0,Closed,0.0,OneHanded,Straight,0,Body,Neck,,0,,0
plug_1,plug,E_01_022,im,Flat,0.0,1.0,0.0,Closed,0.0,AsymmetricalDifferentHandshape,Straight,1,Hand,Other,,1,1,0
request,request,E_01_024,imrp,FullyOpen,0.0,0.0,0.0,Open,0.0,SymmetricalOrAlternating,Curved,0,Neutral,Neutral,Neutral,1,open_b,0
hot_competition,hot_competition,E_01_026,t,,,,,Open,,SymmetricalOrAlternating,,1,Neutral,Neutral,,1,a,1
off,off,E_01_027,imrp,Curved,,0.0,,Open,1.0,OneHanded,BackAndForth,0,Neutral,Neutral,Neutral,0,,0
suspenders_2,suspenders_2,E_01_028,im,Bent,1.0,0.0,0.0,Open,1.0,SymmetricalOrAlternating,Curved,0,Body,Clavicle,Waist,1,bent_v,0
plant,plant,E_01_029,imrp,Curved,1.0,0.0,1.0,Open,1.0,AsymmetricalDifferentHandshape,Curved,1,Hand,Other,HandAway,1,C,0
change,change,E_01_031,i,Bent,0.0,,,Closed,0.0,SymmetricalOrAlternating,Curved,0,Neutral,Neutral,Neutral,1,bent_1,1
ghost,ghost,E_01_032,i,Curved,0.0,,,Open,1.0,SymmetricalOrAlternating,Straight,0,Neutral,Neutral,Neutral,1,f,0
wash_1,wash_1,E_01_033,t,,,,,Open,,SymmetricalOrAlternating,Circular,1,Neutral,Neutral,Neutral,1,a,0
category,category,E_01_034,imrp,Curved,0.0,0.0,0.0,Open,0.0,SymmetricalOrAlternating,Curved,0,Neutral,Neutral,Neutral,0,c,0
car_battery,car_battery,E_01_039,im,Bent,0.0,1.0,0.0,Open,0.0,SymmetricalOrAlternating,Straight,0,Neutral,Neutral,Neutral,0,bent_v,0
avoid,avoid,E_01_040,t,,,,,Open,,AsymmetricalSameHandshape,Straight,0,Hand,Heel,HandAway,1,a,0
reduce,reduce,E_01_042,imrp,Flat,0.0,0.0,0.0,Open,0.0,AsymmetricalSameHandshape,Straight,0,Hand,HandAway,HandAway,0,flat_b,0
vitamins,vitamins,E_01_043,im,FullyOpen,0.0,1.0,0.0,Closed,0.0,OneHanded,Straight,1,Neutral,Neutral,Neutral,0,,0
fed_up,fed_up,E_01_047,imrp,Flat,0.0,0.0,0.0,Closed,0.0,OneHanded,Straight,0,Head,HeadAway,UnderChin,1,,0
fork_1,fork,E_01_049,im,FullyOpen,0.0,1.0,0.0,Closed,0.0,AsymmetricalDifferentHandshape,Straight,1,Hand,Palm,,1,B,0
eleven,eleven,E_01_052,i,FullyClosed,1.0,,,Open,1.0,OneHanded,,1,Neutral,Neutral,,0,,0
cleftchin,cleftchin,E_01_054,i,FullyOpen,0.0,,,Closed,0.0,OneHanded,Straight,1,Head,Chin,Chin,1,,0
gift,gift,E_01_055,i,Bent,0.0,,,Closed,0.0,SymmetricalOrAlternating,Curved,0,Neutral,Neutral,Neutral,0,bent_1,0
turn_key,turn_key,E_01_056,i,Bent,0.0,,,Open,1.0,OneHanded,Curved,0,Neutral,Neutral,,0,,1
get_information_out_of,get_information_out_of,E_01_057,imrp,FullyClosed,0.0,,0.0,Closed,1.0,AsymmetricalSameHandshape,Circular,1,Hand,HandAway,HandAway,0,s,1
bye,bye,E_01_058,imrp,FullyOpen,1.0,1.0,0.0,Open,0.0,OneHanded,,1,Neutral,Neutral,,0,,0
bachelor,bachelor,E_01_059,imrp,FullyOpen,0.0,0.0,0.0,Open,0.0,OneHanded,Curved,0,Head,Chin,Chin,1,,0
basket_2,basket_2,E_01_060,imrp,Curved,0.0,1.0,0.0,Open,0.0,SymmetricalOrAlternating,Curved,0,Neutral,Neutral,Neutral,1,curved_5,1
stockings,stockings,E_01_061,i,Flat,1.0,,,Open,1.0,SymmetricalOrAlternating,Z-shaped,1,Body,BodyAway,BodyAway,0,g,0
slipper,slipper,E_01_062,imrp,Curved,0.0,0.0,0.0,Open,0.0,AsymmetricalDifferentHandshape,Straight,1,Hand,Other,Other,1,B,0
carousel,carousel,E_01_063,im,Curved,0.0,1.0,0.0,Closed,0.0,SymmetricalOrAlternating,Circular,1,Neutral,Neutral,Neutral,0,curved_v,0
flip_switch,flip_switch,E_01_066,i,Bent,0.0,,,Open,1.0,OneHanded,Straight,0,Neutral,Neutral,Neutral,0,,0
tube_top,tube_top,E_01_067,imrp,Curved,0.0,0.0,0.0,Open,0.0,SymmetricalOrAlternating,Curved,0,Body,TorsoMid,TorsoMid,1,c,0
close_eyes,close_eyes,E_01_068,i,FullyOpen,1.0,,,Open,1.0,SymmetricalOrAlternating,,0,Head,Eye,,0,l,0
up,up,E_01_069,i,FullyOpen,0.0,,,Closed,0.0,OneHanded,Straight,0,Neutral,Neutral,Neutral,0,,0
step,step,E_01_070,imrp,Flat,0.0,0.0,0.0,Closed,0.0,AsymmetricalSameHandshape,Curved,0,Neutral,Neutral,Neutral,0,flat_b,0
team,team,E_01_071,i,Bent,0.0,,,Open,1.0,SymmetricalOrAlternating,Curved,0,Neutral,Neutral,Neutral,1,baby_o,1
accent,accent,E_01_073,i,FullyOpen,0.0,,,Closed,0.0,OneHanded,,1,Body,Neck,,1,,1
end,end,E_01_074,imrp,FullyOpen,0.0,0.0,0.0,Open,0.0,AsymmetricalSameHandshape,Straight,0,Hand,FingerTip,HandAway,1,open_b,0
put_in_back_mind,put_in_back_mind,E_01_076,imrp,Curved,0.0,0.0,0.0,Open,1.0,OneHanded,Curved,0,Head,Forehead,Other,1,,0
nail_clipper,nail_clipper,E_01_077,i,Bent,0.0,,,Open,1.0,AsymmetricalDifferentHandshape,Z-shaped,1,Hand,FingerTip,FingerTip,0,5,0
deflate,deflate,E_01_079,imrp,FullyOpen,1.0,0.0,0.0,Open,0.0,AsymmetricalDifferentHandshape,Straight,0,Hand,FingerBack,,1,1,0
niece,niece,E_01_080,im,Flat,0.0,0.0,0.0,Closed,1.0,OneHanded,Straight,1,Head,CheekNose,HeadAway,0,,0
bulldozer,bulldozer,E_01_083,imrp,Curved,0.0,0.0,0.0,Open,0.0,AsymmetricalDifferentHandshape,Straight,1,Hand,Palm,FingerFront,1,B,0
everyday,everyday,E_01_084,t,,,,,Open,,OneHanded,Straight,1,Head,CheekNose,HeadAway,1,,0
most,most,E_01_085,t,,,,,Open,,AsymmetricalSameHandshape,Straight,0,Hand,FingerBack,HandAway,1,a,0
fascinated,fascinated,E_01_087,imrp,Curved,1.0,1.0,1.0,Open,1.0,SymmetricalOrAlternating,Straight,1,Head,HeadAway,HeadAway,1,curved_5,0
wall,wall,E_01_089,imrp,FullyOpen,0.0,0.0,0.0,Closed,0.0,SymmetricalOrAlternating,Straight,0,Neutral,Neutral,Neutral,1,closed_b,0
closet_2,closet_2,E_01_091,im,FullyOpen,0.0,0.0,0.0,Closed,0.0,SymmetricalOrAlternating,Other,1,Neutral,Neutral,Neutral,1,h,0
let_me_see,let_me_see,E_01_092,im,Stacked,0.0,,,Open,1.0,OneHanded,Straight,1,Head,Eye,,1,,0
berry,berry,E_01_095,imrp,Curved,0.0,0.0,0.0,Open,1.0,AsymmetricalDifferentHandshape,,1,Hand,FingerTip,,1,1,1
do_do,do_do,E_01_096,m,Curved,0.0,,,Open,1.0,SymmetricalOrAlternating,,0,Neutral,Neutral,,0,1,0
hear_1,hear_1,E_01_097,i,FullyOpen,0.0,,,Closed,0.0,OneHanded,,0,Head,Other,,1,,0
bull,bull,E_01_098,p,FullyOpen,0.0,,,Open,0.0,OneHanded,Straight,1,Head,Forehead,,1,,0
budget,budget,E_01_099,imrp,FullyOpen,0.0,0.0,0.0,Open,0.0,AsymmetricalSameHandshape,Other,0,Hand,Palm,Palm,1,open_b,0
not,not,E_01_100,t,,,,,Open,,OneHanded,Straight,0,Head,UnderChin,HeadAway,1,,0
basic,basic,E_01_101,imrp,FullyOpen,0.0,0.0,0.0,Open,0.0,AsymmetricalSameHandshape,Circular,1,Hand,HandAway,HandAway,0,open_b,0
snorkel,snorkel,E_01_102,i,FullyOpen,0.0,,,Open,0.0,OneHanded,Straight,1,Head,Mouth,,1,,0
passport,passport,E_01_103,imrp,FullyClosed,0.0,,0.0,Closed,1.0,AsymmetricalDifferentHandshape,Straight,1,Hand,Palm,,1,B,0
freedom,freedom,E_02_001,imrp,FullyClosed,0.0,,0.0,Closed,1.0,SymmetricalOrAlternating,Curved,0,Neutral,Neutral,Neutral,0,s,1
hold_together,hold_together,E_02_003,imrp,Curved,1.0,1.0,1.0,Open,1.0,SymmetricalOrAlternating,,0,Neutral,Neutral,,1,curved_5,0
today,today,E_02_006,p,FullyOpen,0.0,,,Open,0.0,SymmetricalOrAlternating,Straight,1,Neutral,Neutral,Neutral,0,y,0
send,send,E_02_009,imrp,Curved,1.0,0.0,1.0,Open,1.0,OneHanded,Straight,0,Neutral,Neutral,Neutral,0,,0
grenade,grenade,E_02_010,imrp,FullyClosed,0.0,,0.0,Closed,1.0,AsymmetricalSameHandshape,Straight,0,Hand,FingerRadial,HandAway,1,s,0
tent,tent,E_02_012,ip,FullyOpen,1.0,,,Open,0.0,SymmetricalOrAlternating,BackAndForth,0,Neutral,Neutral,Neutral,0,ily,0
dont_want,dont_want,E_02_014,imrp,Curved,0.0,1.0,0.0,Open,0.0,SymmetricalOrAlternating,,0,Neutral,Neutral,,0,curved_5,0
too_much,too_much,E_02_015,imrp,Curved,0.0,1.0,0.0,Open,0.0,SymmetricalOrAlternating,Curved,0,Neutral,Neutral,Neutral,1,curved_5,0
sshh,sshh,E_02_016,i,FullyOpen,0.0,,,Closed,0.0,OneHanded,Straight,0,Head,Mouth,,1,,0
missing,missing,E_02_017,imrp,Flat,1.0,1.0,1.0,Open,1.0,AsymmetricalDifferentHandshape,Straight,0,Hand,Palm,HandAway,0,C,0
come_out,come_out,E_02_020,imrp,Curved,1.0,1.0,1.0,Open,1.0,AsymmetricalDifferentHandshape,Straight,0,Hand,Palm,HandAway,1,C,0
lick_1,lick_1,E_02_021,im,FullyOpen,0.0,0.0,0.0,Closed,0.0,AsymmetricalDifferentHandshape,,0,Hand,Mouth,,1,B,0
daughter,daughter,E_02_023,imrp,FullyOpen,0.0,0.0,0.0,Closed,0.0,OneHanded,,0,Head,Chin,,1,,0
spontaneous,spontaneous,E_02_024,i,Bent,1.0,,,Open,1.0,SymmetricalOrAlternating,Curved,0,Neutral,Neutral,Neutral,0,baby_o,1
forever_2,forever_2,E_02_025,p,FullyOpen,0.0,,,Open,0.0,OneHanded,Straight,0,Head,Forehead,HeadAway,1,,0
peekaboo,peekaboo,E_02_026,imrp,Curved,0.0,0.0,0.0,Open,0.0,SymmetricalOrAlternating,Curved,1,Head,HeadAway,HeadAway,1,c,1
aunt,aunt,E_02_027,t,,,,,Open,,OneHanded,,1,Head,HeadAway,,0,,1
vase,vase,E_02_028,i,Curved,0.0,,,Open,0.0,SymmetricalOrAlternating,Z-shaped,0,Neutral,Neutral,Neutral,1,curved_l,0
ticket,ticket,E_02_029,im,Bent,0.0,1.0,0.0,Closed,0.0,AsymmetricalDifferentHandshape,Straight,1,Hand,FingerUlnar,,1,B,0
add,add,E_02_030,imrp,Flat,1.0,1.0,1.0,Open,1.0,DominanceViolation,Curved,0,Hand,HandAway,FingerUlnar,1,DominanceConditionViolation,0
noise,noise,E_02_031,imrp,FullyOpen,0.0,1.0,0.0,Open,0.0,SymmetricalOrAlternating,Curved,1,Head,Other,HeadAway,1,5,1
apart,apart,E_02_033,imrp,FullyOpen,1.0,0.0,0.0,Open,0.0,SymmetricalOrAlternating,Straight,0,Neutral,Neutral,Neutral,1,open_b,0
cameraman,cameraman,E_02_034,i,Bent,0.0,,,Open,1.0,DominanceViolation,Circular,1,Head,HeadAway,HeadAway,0,DominanceConditionViolation,1
mischievous,mischievous,E_02_035,im,FullyOpen,1.0,1.0,0.0,Open,0.0,SymmetricalOrAlternating,Curved,1,Head,Forehead,,1,3,0
flute,flute,E_02_036,imrp,Flat,1.0,1.0,0.0,Open,0.0,SymmetricalOrAlternating,,1,Head,HeadAway,,0,flatspread_5,0
sometimes,sometimes,E_02_038,i,FullyOpen,0.0,,,Closed,0.0,AsymmetricalDifferentHandshape,Curved,1,Hand,Palm,HandAway,1,B,0
busy,busy,E_02_040,imrp,FullyOpen,0.0,0.0,0.0,Closed,0.0,AsymmetricalSameHandshape,Straight,1,Hand,FingerRadial,FingerRadial,1,closed_b,0
learn_lesson,learn_lesson,E_02_041,imrp,Curved,0.0,0.0,0.0,Open,1.0,OneHanded,Straight,0,Head,Forehead,,1,,0
sink,sink,E_02_042,im,FullyOpen,0.0,1.0,0.0,Open,0.0,AsymmetricalDifferentHandshape,Straight,0,Hand,Palm,HandAway,1,B,0
less,less,E_02_043,imrp,Flat,0.0,0.0,0.0,Open,0.0,AsymmetricalDifferentHandshape,Straight,0,Hand,HandAway,HandAway,0,C,0
cut_1,cut_1,E_02_046,im,FullyOpen,0.0,1.0,1.0,Closed,0.0,OneHanded,Curved,0,Neutral,Neutral,Neutral,0,,0
smell,smell,E_02_049,imrp,FullyOpen,0.0,0.0,0.0,Open,0.0,OneHanded,Curved,1,Head,HeadAway,HeadAway,0,,0
wrap,wrap,E_02_050,imrp,Curved,0.0,0.0,0.0,Open,0.0,SymmetricalOrAlternating,Circular,1,Neutral,Neutral,Neutral,1,curved_b,0
bubbles,bubbles,E_02_052,imrp,FullyClosed,1.0,,1.0,Closed,1.0,SymmetricalOrAlternating,Straight,1,Head,Mouth,HeadAway,1,s,0
hose,hose,E_02_054,i,Bent,0.0,,,Open,0.0,OneHanded,Straight,1,Neutral,Neutral,Neutral,0,,0
chain,chain,E_02_055,i,Curved,0.0,,,Open,1.0,SymmetricalOrAlternating,Straight,1,Neutral,Neutral,Neutral,1,f,1
charge_card,charge_card,E_02_056,imrp,FullyClosed,0.0,,0.0,Closed,1.0,AsymmetricalDifferentHandshape,BackAndForth,0,Hand,Palm,HandAway,1,B,0
fun,fun,E_02_057,im,FullyOpen,0.0,0.0,0.0,Closed,0.0,OneHanded,,0,Head,CheekNose,,1,,0
depress,depress,E_02_059,m,Flat,0.0,,,Open,0.0,SymmetricalOrAlternating,Straight,0,Body,TorsoTop,TorsoBottom,1,open_8,0
shelf,shelf,E_02_060,imrp,Flat,0.0,0.0,0.0,Closed,0.0,SymmetricalOrAlternating,Straight,0,Neutral,Neutral,Neutral,1,flat_b,0
view,view,E_02_061,im,Flat,0.0,1.0,0.0,Closed,0.0,OneHanded,,0,Head,Eye,,1,,0
hang,hang,E_02_063,imrp,Curved,1.0,0.0,0.0,Open,1.0,OneHanded,Straight,0,Body,Neck,BodyAway,1,,0
chimney,chimney,E_02_064,imrp,Curved,0.0,0.0,0.0,Open,0.0,AsymmetricalSameHandshape,Straight,0,Hand,FingerRadial,HandAway,1,c,0
out,out,E_02_066,imrp,Flat,1.0,1.0,1.0,Open,1.0,AsymmetricalDifferentHandshape,Straight,0,Hand,Palm,HandAway,1,C,0
danger,danger,E_02_067,t,,,,,Open,,AsymmetricalDifferentHandshape,Curved,1,Hand,PalmBack,HandAway,1,B,0
bison,bison,E_02_068,imrp,Curved,1.0,1.0,1.0,Open,1.0,SymmetricalOrAlternating,Curved,0,Head,Forehead,HeadAway,1,curved_5,1
beans,beans,E_02_069,i,Flat,0.0,,,Open,1.0,AsymmetricalDifferentHandshape,Straight,0,Hand,FingerRadial,FingerRadial,1,1,0
throw_away,throw_away,E_02_070,imrp,FullyClosed,1.0,,1.0,Closed,1.0,OneHanded,Straight,0,Neutral,Neutral,Neutral,0,,0
shark_2,shark_2,E_02_071,imrp,FullyOpen,0.0,0.0,0.0,Closed,0.0,AsymmetricalSameHandshape,Straight,0,Hand,FingerRadial,,1,closed_b,0
empty_1,empty_1,E_02_072,m,Flat,0.0,,,Open,0.0,AsymmetricalDifferentHandshape,Straight,0,Hand,PalmBack,FingerBack,1,B,0
gate_close,gate_close,E_02_073,imrp,FullyOpen,0.0,0.0,0.0,Closed,0.0,AsymmetricalSameHandshape,Curved,0,Hand,HandAway,FingerBack,1,closed_b,0
contact_lens,contact_lens,E_02_074,m,Flat,0.0,,,Open,0.0,OneHanded,Other,0,Head,Eye,Eye,1,,0
window_open,window_open,E_02_075,imrp,FullyOpen,0.0,0.0,0.0,Open,0.0,AsymmetricalSameHandshape,Straight,0,Hand,FingerRadial,HandAway,1,open_b,0
peanut_butter,peanut_butter,E_02_077,t,,,,,Open,,OneHanded,Straight,0,Head,Mouth,HeadAway,1,,0
walrus,walrus,E_02_078,imrp,Curved,1.0,1.0,1.0,Open,1.0,SymmetricalOrAlternating,Curved,0,Head,Mouth,HeadAway,1,curved_5,1
hair_clipper,hair_clipper,E_02_080,imrp,Flat,0.0,0.0,0.0,Open,0.0,OneHanded,Z-shaped,0,Head,HeadAway,HeadAway,1,,0
yourself,yourself,E_02_081,t,,,,,Open,,AsymmetricalDifferentHandshape,Straight,1,Hand,FingerRadial,,1,1,0
spend_lots_of_money,spend_lots_of_money,E_02_083,i,Bent,1.0,,,Open,1.0,SymmetricalOrAlternating,Curved,1,Body,BodyAway,BodyAway,0,baby_o,0
pizza_cutter,pizza_cutter,E_02_084,i,Bent,0.0,,,Open,0.0,SymmetricalOrAlternating,Straight,0,Neutral,Neutral,Neutral,0,bent_l,0
pizza_2,pizza_2,E_02_085,im,Stacked,,,,Open,1.0,OneHanded,Straight,0,Neutral,Neutral,Neutral,0,,0
scrub,scrub,E_02_086,t,,,,,Open,,AsymmetricalDifferentHandshape,Straight,1,Hand,Palm,Palm,1,B,0
under,under,E_02_087,t,,,,,Open,,AsymmetricalDifferentHandshape,Curved,0,Hand,HandAway,HandAway,0,B,0
rocket_2,rocket_2,E_02_088,im,Crossed,0.0,0.0,0.0,Closed,0.0,AsymmetricalDifferentHandshape,Straight,0,Hand,Palm,HandAway,1,B,0
mushroom,mushroom,E_02_089,imrp,Curved,0.0,1.0,0.0,Open,0.0,AsymmetricalDifferentHandshape,Straight,1,Hand,FingerTip,,1,1,0
paragraph,paragraph,E_02_090,imrp,Curved,0.0,1.0,0.0,Open,0.0,AsymmetricalDifferentHandshape,BackAndForth,0,Hand,Palm,HandAway,1,B,0
specific,specific,E_02_091,i,Bent,0.0,,,Open,1.0,DominanceViolation,Circular,0,Hand,HandAway,FingerTip,1,DominanceConditionViolation,1
belt_2,belt,E_02_093,im,FullyOpen,1.0,0.0,0.0,Closed,0.0,SymmetricalOrAlternating,Curved,0,Body,Waist,Waist,1,h,0
cannot,cannot,E_02_094,i,FullyOpen,0.0,,,Closed,0.0,AsymmetricalSameHandshape,Curved,0,Hand,FingerTip,HandAway,1,1,0
lollipop,lollipop,E_02_095,i,Bent,0.0,,,Open,1.0,OneHanded,Straight,1,Head,Mouth,,1,,0
blow,blow,E_02_096,imrp,Curved,1.0,0.0,1.0,Open,1.0,SymmetricalOrAlternating,Curved,0,Head,Mouth,HeadAway,1,o,0
pen,pen,E_02_097,i,Bent,0.0,,,Open,1.0,AsymmetricalDifferentHandshape,Z-shaped,0,Hand,Palm,FingerFront,1,B,0
ears_up,ears_up,E_02_099,im,FullyClosed,1.0,,0.0,Closed,1.0,SymmetricalOrAlternating,Straight,0,Head,Other,HeadAway,0,s,0
salt_shaker,salt_shaker,E_02_100,imrp,Curved,0.0,1.0,0.0,Open,0.0,OneHanded,Straight,1,Neutral,Neutral,,0,,0
share,share,E_02_101,imrp,FullyOpen,0.0,0.0,0.0,Open,0.0,AsymmetricalSameHandshape,,1,Hand,FingerRadial,FingerRadial,1,open_b,1
blond,blond,E_02_102,ip,FullyOpen,0.0,,,Open,0.0,OneHanded,,0,Head,Other,,1,,0
restless,restless,E_03_003,im,Bent,0.0,1.0,0.0,Closed,0.0,AsymmetricalDifferentHandshape,Curved,1,Hand,Palm,,1,B,1
on,on,E_03_004,imrp,FullyOpen,0.0,0.0,0.0,Open,0.0,AsymmetricalSameHandshape,Straight,0,Hand,PalmBack,,1,open_b,0
snowsuit,snowsuit,E_03_005,imrp,Curved,1.0,0.0,0.0,Open,1.0,SymmetricalOrAlternating,,0,Body,Clavicle,,1,o,0
falling_asleep,falling_asleep,E_03_006,imrp,Flat,0.0,0.0,0.0,Open,0.0,SymmetricalOrAlternating,Curved,1,Head,HeadAway,HeadAway,0,flat_b,1
navel,navel,E_03_007,i,Curved,0.0,,,Open,1.0,OneHanded,Straight,0,Body,Waist,,1,,0
memorize_memorize,memorize_memorize,E_03_010,imrp,Curved,1.0,1.0,1.0,Open,1.0,OneHanded,Straight,1,Head,Forehead,HeadAway,0,,0
roll,roll,E_03_011,i,FullyOpen,0.0,,,Closed,0.0,SymmetricalOrAlternating,Circular,1,Neutral,Neutral,Neutral,0,1,1
alcohol,alcohol,E_03_012,ip,Flat,0.0,,,Closed,0.0,DominanceViolation,Straight,1,Hand,FingerRadial,,1,DominanceConditionViolation,0
soft,soft,E_03_013,imrp,Flat,1.0,1.0,1.0,Open,1.0,SymmetricalOrAlternating,,1,Neutral,Neutral,,0,flatspread_5,0
physics,physics,E_03_014,im,Bent,0.0,0.0,1.0,Closed,0.0,SymmetricalOrAlternating,Straight,1,Neutral,Neutral,Neutral,1,bent_v,0
wand,wand,E_03_016,i,Bent,0.0,,,Open,1.0,OneHanded,Circular,1,Neutral,Neutral,Neutral,0,,1
technology,technology,E_03_017,m,Flat,0.0,,,Open,0.0,AsymmetricalDifferentHandshape,Straight,1,Hand,FingerUlnar,,1,S,0
bee_1,bee,E_03_018,i,Curved,0.0,,,Open,1.0,OneHanded,,0,Head,CheekNose,,1,,0
camcorder,camcorder,E_03_021,imrp,FullyOpen,0.0,1.0,0.0,Open,0.0,OneHanded,Straight,1,Neutral,Neutral,,0,,0
winter,winter,E_03_022,imrp,FullyClosed,0.0,,0.0,Closed,1.0,SymmetricalOrAlternating,Straight,1,Neutral,Neutral,,0,s,0
shark_1,shark_1,E_03_023,imrp,FullyOpen,0.0,0.0,0.0,Closed,0.0,OneHanded,Straight,1,Head,HeadTop,,1,,0
rocking_chair_1,rocking_chair,E_03_024,im,Curved,0.0,1.0,0.0,Open,0.0,SymmetricalOrAlternating,Curved,1,Neutral,Neutral,,1,curved_v,0
hop,hop,E_03_025,im,Curved,0.0,1.0,0.0,Closed,0.0,OneHanded,Curved,0,Neutral,Neutral,Neutral,0,,0
scream,scream,E_03_027,imrp,Curved,0.0,1.0,0.0,Open,0.0,OneHanded,Straight,0,Head,Mouth,HeadAway,1,,0
park,park,E_03_028,im,FullyOpen,0.0,1.0,0.0,Open,0.0,AsymmetricalDifferentHandshape,Straight,0,Hand,Palm,,1,B,0
car_accident,car_accident,E_03_029,im,FullyOpen,1.0,1.0,1.0,Open,1.0,SymmetricalOrAlternating,Straight,0,Neutral,Neutral,Neutral,1,3,0
easter,easter,E_03_032,imrp,Bent,0.0,0.0,0.0,Closed,1.0,SymmetricalOrAlternating,,1,Neutral,Neutral,,0,e,1
bite_on_neck,bite_on_neck,E_03_035,im,Curved,0.0,1.0,0.0,Open,0.0,OneHanded,Curved,0,Body,Neck,,1,,0
reflect,reflect,E_03_036,im,Flat,0.0,1.0,0.0,Closed,0.0,OneHanded,Curved,0,Head,Eye,HeadAway,1,,0
funny,funny,E_03_038,im,Flat,1.0,0.0,0.0,Closed,0.0,OneHanded,,1,Head,CheekNose,,1,,0
grab,grab,E_03_039,imrp,FullyOpen,1.0,1.0,1.0,Open,1.0,SymmetricalOrAlternating,,0,Neutral,Neutral,,0,5,0
picnic,picnic,E_03_040,i,Flat,1.0,,,Open,1.0,SymmetricalOrAlternating,Straight,1,Head,Mouth,HeadAway,1,g,0
handsome_3,handsome_3,E_03_041,imrp,Bent,1.0,0.0,0.0,Open,1.0,OneHanded,,1,Head,Chin,,1,,0
zoo,zoo,E_03_042,i,FullyOpen,,,,Closed,0.0,OneHanded,Z-shaped,0,Neutral,Neutral,Neutral,0,,0
float_1,float,E_03_043,im,Stacked,0.0,,0.0,Open,1.0,OneHanded,Z-shaped,0,Neutral,Neutral,Neutral,0,,0
head,head,E_03_044,imrp,Flat,0.0,0.0,0.0,Open,0.0,OneHanded,Straight,0,Head,Forehead,Chin,1,,0
sculpture,sculpture,E_03_045,t,,,,,Open,,AsymmetricalDifferentHandshape,Curved,1,Hand,Palm,HandAway,1,B,0
white,white,E_03_046,imrp,Flat,1.0,1.0,1.0,Open,1.0,OneHanded,Straight,1,Body,TorsoTop,BodyAway,0,,0
lipread,lipread,E_03_047,im,FullyOpen,0.0,1.0,0.0,Closed,0.0,OneHanded,Straight,1,Head,HeadAway,HeadAway,0,,0
goal,goal,E_03_048,i,FullyOpen,0.0,,,Closed,0.0,SymmetricalOrAlternating,Straight,0,Head,Forehead,HeadAway,1,1,0
dont_know,dont_know,E_03_049,imrp,FullyOpen,0.0,0.0,0.0,Open,0.0,SymmetricalOrAlternating,,0,Head,Forehead,,1,open_b,0
destroy,destroy,E_03_052,imrp,FullyOpen,1.0,1.0,1.0,Open,0.0,SymmetricalOrAlternating,BackAndForth,0,Neutral,Neutral,Neutral,1,5,0
swim,swim,E_03_053,imrp,Flat,0.0,0.0,0.0,Open,0.0,SymmetricalOrAlternating,Curved,1,Neutral,Neutral,Neutral,0,flat_b,0
rush,rush,E_03_054,im,FullyOpen,0.0,0.0,0.0,Closed,0.0,SymmetricalOrAlternating,Circular,1,Neutral,Neutral,Neutral,0,h,0
guide,guide,E_03_057,t,,,,,Open,,SymmetryViolation,Straight,0,Hand,FingerBack,,1,B,0
connection,connection,E_03_060,m,Flat,0.0,,,Open,1.0,SymmetricalOrAlternating,,1,Neutral,Neutral,,1,8,0
in,in,E_03_062,imrp,Flat,0.0,1.0,1.0,Open,1.0,AsymmetricalDifferentHandshape,Straight,0,Hand,Palm,,1,C,0
gate,gate,E_03_064,imrp,FullyOpen,0.0,0.0,0.0,Closed,0.0,AsymmetricalSameHandshape,Curved,1,Hand,FingerBack,HandAway,1,closed_b,0
answer,answer,E_03_065,i,FullyOpen,0.0,,,Closed,0.0,SymmetricalOrAlternating,Straight,0,Head,Mouth,HeadAway,0,1,0
lights_on,lights_on,E_03_066,imrp,Flat,1.0,0.0,1.0,Open,1.0,SymmetricalOrAlternating,,0,Neutral,Neutral,Neutral,0,flat_o,0
true_business,true_business,E_03_068,i,FullyOpen,0.0,,,Closed,0.0,OneHanded,,0,Head,Mouth,HeadAway,1,,0
outside,outside,E_03_071,imrp,Flat,1.0,1.0,1.0,Open,1.0,OneHanded,Straight,1,Neutral,Neutral,Neutral,0,,0
elevator_1,elevator,E_03_072,imrp,Bent,0.0,0.0,0.0,Closed,1.0,AsymmetricalDifferentHandshape,Straight,1,Hand,PalmBack,HandAway,1,B,0
hamster,hamster,E_03_073,im,FullyOpen,0.0,0.0,0.0,Closed,0.0,OneHanded,Straight,1,Head,CheekNose,,1,,0
spring,spring,E_03_074,imrp,Curved,1.0,0.0,1.0,Open,1.0,AsymmetricalDifferentHandshape,Straight,1,Hand,Palm,HandAway,1,C,0
word,word,E_03_075,i,Flat,0.0,,,Open,0.0,AsymmetricalDifferentHandshape,Straight,1,Hand,FingerFront,,1,1,0
disrupt,disrupt,E_03_076,imrp,Curved,0.0,1.0,0.0,Open,0.0,SymmetricalOrAlternating,Straight,0,Neutral,Neutral,Neutral,0,curved_5,1
suspenders_1,suspenders_1,E_03_077,im,FullyOpen,1.0,0.0,0.0,Open,1.0,SymmetricalOrAlternating,Straight,1,Body,TorsoTop,Waist,1,h,0
soap_2,soap_2,E_03_078,t,,,,,Open,,OneHanded,Z-shaped,0,Body,TorsoTop,TorsoTop,1,,0
next,next,E_03_080,imrp,FullyOpen,0.0,0.0,0.0,Open,0.0,AsymmetricalSameHandshape,Curved,0,Hand,FingerTip,HandAway,1,open_b,0
discuss,discuss,E_03_081,i,FullyOpen,0.0,,,Closed,0.0,AsymmetricalDifferentHandshape,Straight,1,Hand,Palm,,1,B,0
catapult,catapult,E_03_083,imrp,Curved,0.0,0.0,0.0,Open,0.0,OneHanded,Curved,0,Neutral,Neutral,Neutral,0,,0
famous,famous,E_03_085,i,FullyOpen,0.0,,,Closed,0.0,SymmetricalOrAlternating,Straight,0,Head,Chin,HeadAway,1,1,0
to,to,E_03_086,i,FullyOpen,0.0,,,Closed,0.0,AsymmetricalSameHandshape,Straight,0,Hand,FingerTip,,1,1,0
orange_eyes,orange_eyes,E_03_087,imrp,FullyClosed,1.0,,1.0,Closed,1.0,SymmetricalOrAlternating,,0,Head,HeadAway,HeadAway,0,s,0
kiss_2,kiss_2,E_03_088,imrp,Flat,0.0,0.0,0.0,Open,1.0,OneHanded,,0,Head,Mouth,,1,,0
beanie,beanie,E_03_091,imrp,Bent,1.0,0.0,0.0,Open,0.0,SymmetricalOrAlternating,Straight,1,Head,Other,Other,1,open_e,0
bind,bind,E_03_092,i,Bent,0.0,,,Open,0.0,SymmetricalOrAlternating,Other,0,Neutral,Neutral,Neutral,0,bent_l,1
hold_accountable,hold_accountable,E_03_093,imrp,Curved,1.0,1.0,1.0,Open,1.0,OneHanded,Straight,1,Head,HeadAway,HeadAway,0,,0
slave,slave,E_03_094,imrp,FullyClosed,0.0,,0.0,Closed,1.0,SymmetricalOrAlternating,Curved,1,Neutral,Neutral,Neutral,1,s,0
clothes,clothes,E_03_096,imrp,FullyOpen,0.0,1.0,0.0,Open,0.0,SymmetricalOrAlternating,Curved,1,Body,TorsoTop,BodyAway,1,5,1
heart_touch,heart_touch,E_03_097,m,Flat,0.0,,,Open,0.0,OneHanded,,0,Body,TorsoTop,,1,,0
deaf_2,deaf,E_03_098,i,FullyOpen,0.0,,,Closed,0.0,OneHanded,Straight,0,Head,Other,,1,,0
edge,edge,E_03_099,imrp,FullyOpen,0.0,0.0,0.0,Open,0.0,AsymmetricalSameHandshape,Straight,1,Hand,FingerTip,,1,open_b,0
grieve,grieve,E_03_100,imrp,FullyOpen,1.0,1.0,1.0,Open,1.0,SymmetricalOrAlternating,Curved,0,Body,BodyAway,BodyAway,0,5,1
sword,sword,E_03_101,i,Bent,0.0,,,Open,1.0,OneHanded,Z-shaped,0,Neutral,Neutral,Neutral,0,,1
pjs,pjs,E_03_102,im,Stacked,,,,Open,1.0,OneHanded,Curved,0,Neutral,Neutral,,0,,1
calculator,calculator,E_03_103,m,Flat,0.0,,,Open,0.0,AsymmetricalDifferentHandshape,Circular,0,Hand,Palm,Palm,1,B,0
decline,decline,F_01_001,imrp,FullyOpen,0.0,0.0,0.0,Open,0.0,OneHanded,Z-shaped,0,Arm,UpperArm,ForearmBack,1,,0
wow,wow,F_01_002,m,Curved,1.0,,,Open,1.0,OneHanded,Straight,0,Neutral,Neutral,,0,,0
handsome_1,handsome_1,F_01_003,i,FullyOpen,0.0,,,Closed,0.0,OneHanded,Circular,0,Head,HeadAway,HeadAway,0,,0
cape,cape,F_01_004,imrp,FullyOpen,0.0,1.0,0.0,Open,0.0,SymmetricalOrAlternating,Straight,0,Body,Shoulder,BodyAway,1,5,0
shape,shape,F_01_005,t,,,,,Open,,SymmetricalOrAlternating,Z-shaped,0,Neutral,Neutral,Neutral,0,a,0
intuitive,intuitive,F_01_006,imrp,Flat,0.0,0.0,0.0,Open,0.0,OneHanded,Straight,1,Body,Waist,,1,,0
towel,towel,F_01_007,imrp,FullyClosed,0.0,,0.0,Closed,1.0,SymmetricalOrAlternating,Straight,1,Body,BodyAway,BodyAway,0,s,0
switzerland,switzerland,F_01_009,imrp,Curved,0.0,0.0,0.0,Open,0.0,OneHanded,Straight,0,Body,TorsoTop,TorsoBottom,1,,1
dragon,dragon,F_01_011,imrp,Flat,0.0,0.0,1.0,Open,1.0,OneHanded,Straight,1,Head,Mouth,HeadAway,1,,0
suck,suck,F_01_012,i,FullyOpen,0.0,,,Closed,0.0,OneHanded,Straight,0,Head,HeadAway,HeadAway,0,,0
axe_1,axe,F_01_013,imrp,FullyOpen,0.0,0.0,0.0,Open,0.0,OneHanded,Straight,1,Arm,ForearmUlnar,,1,,0
cool_1,cool_1,F_01_014,imrp,FullyOpen,1.0,1.0,0.0,Open,0.0,OneHanded,,1,Body,TorsoTop,,1,,0
unique,unique,F_01_015,i,Flat,1.0,,,Open,0.0,AsymmetricalDifferentHandshape,Straight,0,Hand,FingerTip,,1,1,0
crown,crown,F_01_016,i,Curved,0.0,0.0,0.0,Closed,0.0,SymmetricalOrAlternating,Straight,0,Head,HeadAway,Other,0,curved_b,0
peas_1,peas_1,F_01_017,i,Curved,0.0,,,Open,1.0,AsymmetricalDifferentHandshape,Straight,0,Hand,FingerTip,,1,1,0
cowboy,cowboy,F_01_018,im,FullyOpen,0.0,1.0,0.0,Open,0.0,SymmetricalOrAlternating,Circular,1,Body,Hips,BodyAway,0,3,0
planet,planet,F_01_019,m,Flat,0.0,,,Open,0.0,AsymmetricalDifferentHandshape,Curved,1,Hand,PalmBack,,1,C,1
take_off,take_off,F_01_020,ip,FullyOpen,0.0,,,Open,0.0,AsymmetricalDifferentHandshape,Curved,0,Hand,Palm,HandAway,1,B,0
register,register,F_01_021,im,Crossed,0.0,0.0,0.0,Closed,0.0,AsymmetricalDifferentHandshape,Curved,0,Hand,FingerFront,Heel,1,B,0
give,give,F_01_023,imrp,Flat,0.0,0.0,0.0,Open,1.0,OneHanded,Curved,0,Neutral,Neutral,Neutral,0,,1
antlers,antlers,F_01_027,imrp,FullyOpen,0.0,1.0,0.0,Open,0.0,SymmetricalOrAlternating,Curved,0,Head,Forehead,HeadAway,1,5,0
rough,rough,F_01_028,imrp,Curved,0.0,1.0,0.0,Open,0.0,AsymmetricalDifferentHandshape,Curved,0,Hand,Palm,HandAway,1,B,0
then,then,F_01_031,i,FullyOpen,0.0,,,Closed,0.0,AsymmetricalDifferentHandshape,Curved,0,Hand,FingerTip,FingerTip,1,1,0
twins_1,twins,F_01_032,im,FullyOpen,0.0,1.0,0.0,Closed,0.0,OneHanded,Z-shaped,0,Head,Chin,Chin,1,,0
dont_like,dont_like,F_01_033,m,Flat,1.0,,,Open,1.0,OneHanded,Straight,0,Body,TorsoTop,BodyAway,1,,0
escalator,escalator,F_01_036,im,Bent,0.0,1.0,0.0,Closed,0.0,OneHanded,Straight,0,Neutral,Neutral,Neutral,0,,0
chaos,chaos,F_01_037,imrp,Curved,0.0,1.0,0.0,Open,0.0,SymmetricalOrAlternating,Curved,0,Neutral,Neutral,Neutral,0,curved_5,1
roof,roof,F_01_039,imrp,Flat,0.0,0.0,0.0,Open,0.0,SymmetricalOrAlternating,Straight,0,Neutral,Neutral,Neutral,1,flat_b,0
drug,drug,F_01_040,imrp,FullyClosed,0.0,,0.0,Closed,1.0,OneHanded,Straight,1,Arm,ForearmFront,,1,,0
back_out,back_out,F_01_041,im,Bent,0.0,1.0,0.0,Closed,0.0,AsymmetricalDifferentHandshape,Curved,0,Hand,FingerUlnar,HandAway,1,C,0
knock,knock,F_01_042,t,,,,,Open,,OneHanded,,1,Neutral,Neutral,Neutral,0,,0
seem,seem,F_01_043,imrp,Flat,0.0,0.0,0.0,Open,0.0,OneHanded,,0,Head,HeadAway,,0,,1
easel,easel,F_01_044,p,FullyOpen,0.0,,,Closed,0.0,AsymmetricalDifferentHandshape,Straight,1,Hand,Palm,Palm,1,B,0
take_pill,take_pill,F_01_045,i,Bent,1.0,,,Open,1.0,OneHanded,Straight,0,Head,HeadAway,HeadAway,0,,0
perfume_2,perfume_2,F_01_046,i,FullyOpen,1.0,,,Closed,0.0,OneHanded,Curved,1,Body,BodyAway,BodyAway,0,,0
cancer_2,cancer,F_01_047,imrp,Bent,1.0,0.0,0.0,Open,0.0,AsymmetricalDifferentHandshape,Straight,1,Hand,Palm,FingerFront,1,B,0
shooting,shooting,F_01_049,i,FullyOpen,0.0,,,Open,0.0,SymmetricalOrAlternating,Z-shaped,0,Neutral,Neutral,Neutral,0,l,0
melt,melt,F_01_050,imrp,FullyOpen,1.0,0.0,0.0,Open,1.0,SymmetricalOrAlternating,Curved,0,Neutral,Neutral,Neutral,0,open_b,0
your,your,F_01_052,imrp,FullyOpen,0.0,1.0,0.0,Open,0.0,OneHanded,Straight,0,Neutral,Neutral,Neutral,0,,0
wash_hands,wash_hands,F_01_056,imrp,FullyOpen,0.0,0.0,0.0,Open,0.0,AsymmetricalSameHandshape,Circular,1,Hand,FingerFront,Palm,1,open_b,0
sneak_adventure,sneak_adventure,F_01_057,i,FullyOpen,0.0,,,Closed,0.0,AsymmetricalDifferentHandshape,Z-shaped,0,Hand,HandAway,HandAway,0,B,0
predict,predict,F_01_058,im,FullyOpen,0.0,1.0,0.0,Closed,0.0,AsymmetricalDifferentHandshape,,0,Head,Eye,,1,B,0
bow_3,bow_3,F_01_060,imrp,FullyClosed,0.0,,0.0,Closed,1.0,AsymmetricalDifferentHandshape,Curved,0,Hand,Neutral,Neutral,0,1,0
better,better,F_01_062,imrp,FullyOpen,1.0,0.0,0.0,Open,0.0,OneHanded,Curved,0,Head,Chin,HeadAway,1,,0
pet,pet,F_01_063,imrp,FullyOpen,1.0,0.0,0.0,Open,0.0,AsymmetricalDifferentHandshape,,1,Hand,FingerRadial,,1,1,0
cut_2,cut_2,F_01_065,im,FullyOpen,0.0,1.0,1.0,Closed,0.0,AsymmetricalDifferentHandshape,Curved,0,Hand,FingerTip,HandAway,1,1,0
stopwatch,stopwatch,F_01_067,t,,1.0,,,Open,,OneHanded,Straight,1,Neutral,Neutral,Neutral,0,,0
edit_1,edit,F_01_068,i,Bent,0.0,,,Closed,0.0,SymmetricalOrAlternating,Straight,0,Neutral,Neutral,Neutral,0,bent_1,1
signature,signature,F_01_069,im,FullyOpen,0.0,0.0,0.0,Closed,0.0,AsymmetricalDifferentHandshape,Curved,0,Hand,Palm,,1,B,1
wash_dishes,wash_dishes,F_01_070,t,,,,,Open,,AsymmetricalDifferentHandshape,Circular,1,Hand,Palm,Palm,1,B,0
donut,donut,F_01_071,im,Crossed,0.0,0.0,0.0,Closed,0.0,SymmetricalOrAlternating,Curved,0,Neutral,Neutral,Neutral,1,r,0
audience,audience,F_01_072,imrp,FullyOpen,1.0,1.0,0.0,Open,0.0,SymmetricalOrAlternating,Curved,0,Neutral,Neutral,Neutral,0,5,0
breakfast_1,breakfast,F_01_073,imrp,Curved,0.0,0.0,0.0,Open,1.0,OneHanded,Straight,0,Head,Mouth,,1,,0
lousy,lousy,F_01_074,im,FullyOpen,0.0,1.0,0.0,Open,0.0,OneHanded,Curved,0,Head,CheekNose,HeadAway,1,,0
upset_1,upset_1,F_01_075,imrp,FullyOpen,0.0,0.0,1.0,Closed,0.0,OneHanded,Curved,0,Body,TorsoBottom,TorsoBottom,1,,1
lunch_1,lunch,F_01_076,i,FullyOpen,0.0,,,Open,0.0,OneHanded,Straight,1,Head,Chin,,0,,0
braille,braille,F_01_078,imr,FullyOpen,0.0,0.0,0.0,Open,0.0,AsymmetricalDifferentHandshape,Straight,1,Hand,Palm,FingerFront,1,B,0
quit,quit,F_01_079,im,FullyOpen,0.0,0.0,0.0,Closed,0.0,AsymmetricalDifferentHandshape,Curved,0,Hand,Palm,HandAway,1,C,0
wallet,wallet,F_01_081,imrp,FullyOpen,0.0,0.0,0.0,Open,0.0,SymmetricalOrAlternating,Curved,1,Neutral,Neutral,Neutral,1,open_b,0
pay,pay,F_01_082,i,FullyOpen,0.0,,,Closed,0.0,AsymmetricalDifferentHandshape,Curved,0,Hand,Palm,HandAway,1,B,1
fencing,fencing,F_01_083,i,Bent,0.0,,,Open,1.0,OneHanded,Z-shaped,1,Neutral,Neutral,Neutral,0,,1
mad,mad,F_01_084,imrp,FullyOpen,1.0,1.0,0.0,Open,0.0,OneHanded,Curved,0,Head,HeadAway,HeadAway,0,,0
heavy,heavy,F_01_085,imrp,Curved,0.0,1.0,0.0,Open,0.0,SymmetricalOrAlternating,Straight,1,Neutral,Neutral,Neutral,0,curved_5,0
state,state,F_01_086,imrp,FullyClosed,0.0,,0.0,Closed,1.0,AsymmetricalDifferentHandshape,Curved,0,Hand,FingerFront,Heel,0,B,0
sideburns,sideburns,F_01_087,i,Flat,1.0,,,Open,1.0,SymmetricalOrAlternating,Straight,0,Head,CheekNose,CheekNose,1,g,0
penguin,penguin,F_01_088,imrp,FullyOpen,0.0,0.0,0.0,Open,0.0,SymmetricalOrAlternating,Straight,1,Body,Hips,,0,open_b,0
bolt,bolt,F_01_089,im,Flat,0.0,0.0,0.0,Closed,0.0,OneHanded,Straight,1,Neutral,Neutral,Neutral,0,,1
skin,skin,F_01_091,i,Bent,0.0,,,Open,0.0,OneHanded,,0,Head,CheekNose,,1,,0
option,option,F_01_092,i,Flat,1.0,,,Open,1.0,AsymmetricalDifferentHandshape,Z-shaped,1,Hand,FingerTip,FingerTip,0,DominanceConditionViolation,0
guillotine_2,guillotine_2,F_01_093,imrp,Flat,0.0,0.0,0.0,Open,0.0,OneHanded,Curved,0,Body,BodyAway,BodyAway,0,,1
dessert,dessert,F_01_094,m,Curved,0.0,,,Open,1.0,SymmetricalOrAlternating,Straight,1,Neutral,Neutral,,1,1,0
inspiring,inspiring,F_01_095,imrp,Curved,1.0,0.0,1.0,Open,1.0,OneHanded,Straight,0,Body,TorsoMid,TorsoTop,1,,0
glue_2,glue_2,F_01_096,m,Flat,1.0,,,Open,1.0,SymmetricalOrAlternating,Straight,0,Neutral,Neutral,,0,8,0
damn,damn,F_01_098,m,Curved,0.0,,,Open,1.0,OneHanded,Straight,0,Neutral,Neutral,Neutral,0,,0
party_1,party,F_02_001,im,Stacked,0.0,,0.0,Open,1.0,SymmetricalOrAlternating,Curved,1,Neutral,Neutral,Neutral,0,p,0
than,than,F_02_002,imrp,FullyOpen,0.0,0.0,0.0,Closed,0.0,AsymmetricalSameHandshape,Curved,0,Hand,FingerBack,HandAway,1,closed_b,1
delinquent,delinquent,F_02_003,i,FullyOpen,0.0,,,Closed,0.0,AsymmetricalDifferentHandshape,Curved,0,Hand,FingerTip,HandAway,1,DominanceConditionViolation,0
must,must,F_02_004,i,Bent,0.0,,,Closed,0.0,OneHanded,Curved,0,Neutral,Neutral,Neutral,0,,0
hit_1,hit_1,F_02_005,imrp,FullyClosed,0.0,,0.0,Closed,1.0,OneHanded,Curved,0,Neutral,Neutral,Neutral,0,,0
pear,pear,F_02_006,imrp,Curved,1.0,1.0,1.0,Open,1.0,AsymmetricalDifferentHandshape,Straight,1,Hand,FingerBack,HandAway,1,O,0
marry,marry,F_02_007,imrp,Bent,1.0,1.0,1.0,Open,0.0,SymmetricalOrAlternating,Curved,0,Neutral,Neutral,Neutral,1,spread_open_e,0
high_heels,high_heels,F_02_008,i,Curved,0.0,,,Open,0.0,AsymmetricalDifferentHandshape,Straight,1,Hand,Heel,,1,B,0
cream,cream,F_02_010,imrp,Curved,1.0,0.0,0.0,Open,0.0,AsymmetricalDifferentHandshape,Curved,0,Hand,FingerFront,Palm,1,B,0
hurdle_1,hurdle/trip,F_02_012,im,Stacked,1.0,,0.0,Open,0.0,AsymmetricalDifferentHandshape,Straight,0,Hand,FingerRadial,HandAway,1,1,0
interested,interested,F_02_014,i,Bent,1.0,,,Open,1.0,SymmetricalOrAlternating,Straight,0,Head,CheekNose,HeadAway,1,baby_o,0
eclipse,eclipse,F_02_015,i,Curved,0.0,,,Open,0.0,SymmetricalOrAlternating,Straight,0,Neutral,Neutral,Neutral,1,curved_l,0
snap,snap,F_02_017,m,Curved,1.0,,,Open,1.0,OneHanded,Curved,0,Neutral,Neutral,Neutral,0,,1
fold,fold,F_02_019,imrp,FullyOpen,0.0,0.0,0.0,Open,0.0,SymmetricalOrAlternating,Curved,1,Neutral,Neutral,Neutral,0,open_b,1
band_aid_1,band_aid,F_02_020,im,Flat,0.0,0.0,0.0,Closed,0.0,AsymmetricalDifferentHandshape,Straight,1,Hand,PalmBack,HandAway,1,C,0
look_forward,look_forward,F_02_022,im,FullyOpen,0.0,1.0,0.0,Closed,0.0,SymmetricalOrAlternating,Curved,1,Head,Eye,HeadAway,1,v,0
experienced,experienced,F_02_023,imrp,Flat,1.0,1.0,1.0,Open,1.0,OneHanded,Straight,1,Head,CheekNose,CheekNose,1,,0
fraction,fraction,F_02_024,i,Curved,0.0,,,Open,1.0,AsymmetricalDifferentHandshape,Curved,0,Hand,HandAway,HandAway,0,1,0
buttons,buttons,F_02_025,i,Curved,0.0,,,Open,1.0,OneHanded,Straight,0,Body,TorsoTop,TorsoMid,1,,0
risk,risk,F_02_026,m,Curved,1.0,,,Open,1.0,SymmetricalOrAlternating,Straight,0,Neutral,Neutral,Neutral,1,1,0
bet,bet,F_02_027,imrp,FullyOpen,0.0,0.0,0.0,Closed,0.0,SymmetricalOrAlternating,Curved,0,Neutral,Neutral,Neutral,0,closed_b,1
spit_out,spit_out,F_02_030,i,Bent,1.0,,,Open,1.0,OneHanded,Straight,0,Head,Mouth,HeadAway,1,,0
unicorn,unicorn,F_02_031,i,FullyOpen,0.0,,,Closed,0.0,OneHanded,Straight,1,Head,HeadTop,,0,,0
impress,impress,F_02_032,t,,,,,Open,,AsymmetricalDifferentHandshape,Curved,0,Hand,Palm,,1,B,1
isolated,isolated,F_02_033,i,FullyOpen,0.0,,,Closed,0.0,OneHanded,Circular,1,Neutral,Neutral,Neutral,0,,0
normal,normal,F_02_036,im,FullyOpen,0.0,0.0,0.0,Closed,0.0,AsymmetricalDifferentHandshape,Circular,0,Hand,HandAway,PalmBack,1,B,1
beg,beg,F_02_037,imrp,Flat,1.0,1.0,0.0,Open,0.0,AsymmetricalDifferentHandshape,,1,Hand,FingerBack,,1,1,0
leak,leak,F_02_038,imrp,FullyOpen,0.0,1.0,0.0,Closed,0.0,AsymmetricalSameHandshape,Straight,1,Hand,FingerUlnar,HandAway,1,4,0
orange_throat,orange_throat,F_02_039,imrp,Flat,1.0,1.0,1.0,Open,1.0,OneHanded,Straight,0,Body,Neck,BodyAway,0,,0
tomorrow,tomorrow,F_02_040,t,,,,,Open,,OneHanded,Curved,0,Head,CheekNose,HeadAway,0,,0
member,member,F_02_046,imrp,Flat,0.0,0.0,0.0,Open,0.0,OneHanded,Curved,0,Body,Clavicle,Clavicle,1,,0
accordion,accordion,F_02_048,imrp,FullyClosed,0.0,,,Closed,1.0,SymmetricalOrAlternating,Straight,1,Neutral,Neutral,Neutral,0,s,0
peas_2,peas_2,F_02_052,i,Bent,1.0,,,Open,1.0,AsymmetricalDifferentHandshape,Straight,1,Hand,FingerRadial,FingerTip,1,1,0
microscope_2,microscope,F_02_053,i,Curved,0.0,,,Open,1.0,DominanceViolation,,1,Head,HeadAway,,0,DominanceConditionViolation,0
big,big,F_02_054,i,Bent,0.0,,,Open,0.0,SymmetricalOrAlternating,Curved,0,Neutral,Neutral,Neutral,0,bent_l,1
bomb,bomb,F_02_055,imrp,FullyOpen,1.0,0.0,0.0,Closed,1.0,SymmetricalOrAlternating,Straight,0,Neutral,Neutral,Neutral,1,closed_b,0
cheap,cheap,F_02_056,imrp,FullyOpen,0.0,0.0,0.0,Closed,0.0,AsymmetricalSameHandshape,Curved,0,Hand,Palm,HandAway,1,closed_b,1
frown_1,frown_1,F_02_057,imrp,Curved,1.0,1.0,0.0,Open,0.0,OneHanded,Straight,0,Head,HeadAway,HeadAway,0,,0
his,his,F_02_058,imrp,FullyOpen,0.0,0.0,0.0,Open,0.0,OneHanded,Straight,0,Neutral,Neutral,Neutral,0,,0
each,each,F_02_059,t,,,,,Open,,AsymmetricalSameHandshape,Z-shaped,0,Hand,Heel,HandAway,1,a,0
plate,plate,F_02_060,i,Curved,0.0,,,Open,0.0,SymmetricalOrAlternating,Straight,1,Neutral,Neutral,Neutral,0,curved_l,0
hurricane,hurricane,F_02_061,im,FullyOpen,1.0,0.0,0.0,Open,0.0,SymmetricalOrAlternating,Straight,1,Neutral,Neutral,Neutral,1,open_h,0
pour,pour,F_02_063,p,Curved,0.0,,,Open,0.0,OneHanded,Curved,0,Neutral,Neutral,Neutral,0,,0
honey_1,honey_1,F_02_064,im,FullyOpen,0.0,0.0,0.0,Closed,0.0,OneHanded,Circular,1,Head,Chin,Chin,1,,0
vagina,vagina,F_02_065,i,FullyOpen,0.0,,,Open,0.0,SymmetricalOrAlternating,Straight,1,Neutral,Neutral,Neutral,1,l,0
beaver,beaver,F_02_067,imrp,FullyOpen,0.0,0.0,0.0,Open,0.0,OneHanded,Straight,1,Arm,ForearmBack,ArmAway,1,,0
slingshot,slingshot,F_02_069,mr,Curved,1.0,0.0,0.0,Open,1.0,DominanceViolation,Straight,0,Hand,HandAway,HandAway,1,DominanceConditionViolation,0
chin_2,chin_2,F_02_070,i,Flat,0.0,,,Closed,0.0,OneHanded,,0,Head,Chin,,1,,0
away,away,F_02_071,imrp,Flat,1.0,0.0,0.0,Open,0.0,OneHanded,Curved,0,Neutral,Neutral,Neutral,0,,1
tan,tan,F_02_072,i,Bent,0.0,,,Open,1.0,OneHanded,Straight,0,Head,CheekNose,Chin,1,,0
harp,harp,F_02_073,imrp,FullyOpen,1.0,1.0,1.0,Open,0.0,OneHanded,Straight,1,Arm,ArmAway,ArmAway,0,,0
psychology,psychology,F_02_074,imrp,FullyOpen,0.0,0.0,0.0,Closed,0.0,AsymmetricalDifferentHandshape,Straight,1,Hand,FingerRadial,,1,B,0
race,race,F_02_075,t,,,,,Open,,SymmetricalOrAlternating,,1,Neutral,Neutral,Neutral,0,a,1
grade,grade,F_02_076,i,Flat,0.0,,,Open,0.0,AsymmetricalDifferentHandshape,Straight,1,Hand,Palm,,1,B,0
hate,hate,F_02_078,imrp,FullyOpen,0.0,1.0,0.0,Open,0.0,SymmetricalOrAlternating,Curved,0,Head,Chin,HeadAway,1,5,0
yawn_1,yawn_1,F_02_079,imrp,FullyOpen,0.0,0.0,0.0,Open,0.0,OneHanded,Straight,1,Head,Mouth,,1,,0
hold,hold,F_02_080,imrp,Curved,1.0,1.0,1.0,Open,1.0,SymmetricalOrAlternating,,0,Neutral,Neutral,Neutral,1,curved_5,0
neck,neck,F_02_081,i,Flat,0.0,,,Open,0.0,OneHanded,Straight,1,Body,Neck,Neck,1,,0
road,road,F_02_083,imrp,FullyOpen,0.0,0.0,0.0,Closed,0.0,SymmetricalOrAlternating,Straight,0,Neutral,Neutral,Neutral,0,closed_b,0
how_2,how_2,F_02_086,imrp,Curved,0.0,0.0,0.0,Open,0.0,AsymmetricalSameHandshape,Curved,0,Hand,FingerBack,,1,c,1
third_1,third,F_02_088,im,FullyOpen,0.0,1.0,0.0,Open,0.0,OneHanded,,0,Neutral,Neutral,,0,,1
sticky,sticky,F_02_089,m,Flat,1.0,,,Open,1.0,SymmetricalOrAlternating,,1,Neutral,Neutral,,0,8,0
lick_2,lick_2,F_02_090,im,FullyOpen,0.0,0.0,0.0,Open,0.0,OneHanded,Curved,0,Head,Palm,HeadAway,1,,0
hot,hot,F_02_093,imrp,Flat,0.0,1.0,0.0,Open,0.0,OneHanded,Curved,0,Head,HeadAway,HeadAway,0,,1
sailboat,sailboat,F_02_094,imrp,Flat,0.0,0.0,0.0,Open,0.0,AsymmetricalDifferentHandshape,Straight,0,Hand,FingerTip,,1,1,0
microphone,microphone,F_02_096,imrp,FullyClosed,0.0,,0.0,Closed,1.0,OneHanded,,0,Head,HeadAway,,0,,0
distracted,distracted,F_02_098,im,FullyOpen,0.0,1.0,0.0,Closed,0.0,OneHanded,Circular,1,Neutral,Neutral,Neutral,0,,1
chop,chop,F_02_099,imrp,FullyOpen,0.0,0.0,0.0,Open,0.0,AsymmetricalSameHandshape,Other,1,Hand,Palm,Palm,1,open_b,0
bald,bald,F_02_100,m,Curved,0.0,,,Open,0.0,OneHanded,Circular,0,Head,HeadAway,HeadAway,0,,0
firetruck,firetruck,F_02_101,imrp,FullyOpen,0.0,1.0,0.0,Closed,0.0,OneHanded,Straight,0,Head,Forehead,,1,,0
drip,drip,F_02_102,i,Bent,1.0,,,Open,1.0,OneHanded,,0,Neutral,Neutral,Neutral,0,,0
rainbow,rainbow,F_03_001,imrp,FullyOpen,0.0,1.0,0.0,Closed,0.0,OneHanded,Curved,0,Neutral,Neutral,Neutral,0,,0
practice,practice,F_03_002,t,,,,,Open,,AsymmetricalDifferentHandshape,BackAndForth,0,Hand,FingerRadial,HandAway,1,1,0
octopus,octopus,F_03_007,imrp,Stacked,1.0,,1.0,Open,0.0,AsymmetricalDifferentHandshape,Straight,1,Hand,FingerTip,,1,O,0
next_to,next_to,F_03_008,imrp,Flat,0.0,0.0,0.0,Open,0.0,AsymmetricalSameHandshape,Curved,0,Hand,FingerBack,HandAway,1,flat_b,0
burp,burp,F_03_009,imrp,Flat,1.0,0.0,1.0,Open,1.0,OneHanded,,0,Body,TorsoTop,,1,,0
autism_1,autism,F_03_011,imrp,FullyOpen,0.0,0.0,0.0,Open,0.0,SymmetricalOrAlternating,Straight,0,Head,CheekNose,HeadAway,1,open_b,0
clause,clause,F_03_013,im,FullyOpen,1.0,1.0,0.0,Closed,0.0,SymmetricalOrAlternating,,0,Neutral,Neutral,,0,v,1
thunder,thunder,F_03_015,i,FullyOpen,0.0,,,Closed,0.0,AsymmetricalSameHandshape,Z-shaped,0,Hand,FingerTip,HandAway,1,1,0
chase,chase,F_03_017,t,,,,,Open,,AsymmetricalSameHandshape,Other,1,Hand,HandAway,HandAway,0,a,1
kiss_on_cheek,kiss_on_cheek,F_03_018,imrp,Curved,0.0,0.0,0.0,Open,1.0,OneHanded,Straight,0,Head,CheekNose,,1,,0
santa  ,santa  ,F_03_019,imrp,Curved,0.0,1.0,0.0,Open,0.0,SymmetricalOrAlternating,Curved,0,Head,CheekNose,HeadAway,1,curved_5,0
bandage,bandage,F_03_020,imrp,FullyOpen,0.0,0.0,0.0,Closed,0.0,AsymmetricalSameHandshape,Circular,1,Hand,HandAway,FingerBack,1,closed_b,0
meat_2,meat_2,F_03_021,m,Flat,0.0,,,Open,0.0,AsymmetricalDifferentHandshape,,1,Hand,PalmBack,,1,B,0
water_ski,water_ski,F_03_022,p,Curved,0.0,,,Open,1.0,OneHanded,Straight,0,Head,Chin,,1,,0
ride_1,ride_1,F_03_023,im,Curved,0.0,1.0,0.0,Closed,0.0,AsymmetricalDifferentHandshape,Straight,0,Hand,FingerUlnar,,1,C,0
hypocrite,hypocrite,F_03_024,imr,FullyOpen,1.0,0.0,0.0,Open,0.0,SymmetricalOrAlternating,,0,Neutral,Neutral,,1,y,0
will,will,F_03_025,imrp,FullyOpen,0.0,0.0,0.0,Open,0.0,OneHanded,Curved,0,Head,CheekNose,HeadAway,0,,0
smell_money,smell_money,F_03_026,imrp,FullyOpen,0.0,0.0,0.0,Open,0.0,OneHanded,Curved,0,Head,HeadAway,HeadAway,0,,0
bright,bright,F_03_028,imrp,Curved,1.0,0.0,1.0,Open,1.0,SymmetricalOrAlternating,Curved,0,Neutral,Neutral,Neutral,1,o,0
red_faced,red_faced,F_03_030,i,FullyOpen,0.0,,,Closed,0.0,OneHanded,Straight,0,Head,Chin,HeadAway,1,,0
soccer_2,soccer_2,F_03_032,mr,Curved,1.0,0.0,0.0,Open,1.0,AsymmetricalDifferentHandshape,Curved,0,Hand,Palm,HandAway,1,B,0
fiance,fiance,F_03_034,i,Curved,0.0,,,Open,1.0,AsymmetricalDifferentHandshape,Circular,0,Hand,HandAway,FingerBack,1,5,1
dictionary,dictionary,F_03_035,m,Curved,0.0,,,Open,1.0,AsymmetricalDifferentHandshape,Curved,1,Hand,Palm,HandAway,1,B,0
pay_off_bills,pay_off_bills,F_03_036,m,Flat,0.0,,,Open,0.0,AsymmetricalDifferentHandshape,Straight,0,Hand,Palm,HandAway,1,B,0
deaf_1,deaf,F_03_038,i,FullyOpen,0.0,,,Closed,0.0,OneHanded,Curved,0,Head,Other,Chin,1,,1
half,half,F_03_040,i,FullyOpen,,,,Closed,0.0,OneHanded,Straight,0,Neutral,Neutral,Neutral,0,,0
ready,ready,F_03_042,im,Crossed,0.0,0.0,0.0,Closed,0.0,SymmetricalOrAlternating,Straight,0,Neutral,Neutral,Neutral,0,r,0
bat_1,bat_1,F_03_043,i,FullyOpen,1.0,,,Closed,0.0,SymmetricalOrAlternating,,1,Body,TorsoTop,,1,1,0
cocaine,cocaine,F_03_044,t,,,,,Open,,OneHanded,Curved,1,Head,CheekNose,HeadAway,1,,1
invest,invest,F_03_045,im,Curved,0.0,1.0,0.0,Open,0.0,AsymmetricalDifferentHandshape,BackAndForth,0,Hand,Palm,HandAway,1,B,0
get_through,get_through,F_03_047,imrp,FullyOpen,0.0,0.0,0.0,Open,0.0,AsymmetricalDifferentHandshape,Straight,0,Hand,FingerFront,HandAway,1,5,0
event,event,F_03_049,m,Flat,0.0,,,Open,0.0,SymmetricalOrAlternating,Curved,0,Body,TorsoTop,BodyAway,1,open_8,0
curious,curious,F_03_051,i,Curved,0.0,,,Open,1.0,OneHanded,Circular,1,Body,Neck,,1,,0
fan,fan,F_03_055,imrp,FullyOpen,0.0,1.0,0.0,Open,0.0,AsymmetricalDifferentHandshape,,1,Hand,FingerTip,,1,1,1
cheese_grater,cheese_grater,F_03_064,imrp,Curved,0.0,0.0,0.0,Open,0.0,AsymmetricalDifferentHandshape,Curved,1,Hand,FingerBack,HandAway,1,S,1
bow_1,bow_1,F_03_065,im,FullyClosed,1.0,,1.0,Closed,1.0,SymmetricalOrAlternating,,0,Head,HeadTop,,1,s,0
support_2,support_2,F_03_066,imrp,FullyClosed,0.0,,0.0,Closed,1.0,SymmetricalOrAlternating,Straight,0,Neutral,Neutral,Neutral,1,s,0
crack,crack,F_03_067,imrp,FullyOpen,0.0,0.0,0.0,Open,0.0,AsymmetricalSameHandshape,Z-shaped,0,Hand,Palm,Palm,1,open_b,0
signing_fluently,signing_fluently,F_03_069,imrp,FullyClosed,1.0,,1.0,Closed,1.0,SymmetricalOrAlternating,,0,Neutral,Neutral,Neutral,0,s,0
argue,argue,F_03_072,i,FullyOpen,0.0,,,Closed,0.0,SymmetricalOrAlternating,Curved,1,Neutral,Neutral,Neutral,0,1,0
marionette,marionette,F_03_073,m,Curved,0.0,,,Open,1.0,SymmetricalOrAlternating,Straight,1,Neutral,Neutral,Neutral,0,1,0
Q_tip,q_tip,F_03_074,i,Bent,0.0,,,Open,1.0,OneHanded,,1,Head,HeadAway,,0,,0
dresser,dresser,F_03_075,imrp,Curved,1.0,1.0,1.0,Open,1.0,SymmetricalOrAlternating,Z-shaped,1,Neutral,Neutral,Neutral,0,curved_5,0
assistant,assistant,F_03_076,t,,,,,Open,,AsymmetricalSameHandshape,Straight,1,Hand,FingerUlnar,,1,a,0
flipflops,flipflops,F_03_077,i,FullyOpen,0.0,,,Closed,0.0,AsymmetricalDifferentHandshape,Straight,1,Hand,Other,,1,5,0
over,over,F_03_079,imrp,FullyOpen,0.0,0.0,0.0,Closed,0.0,AsymmetricalSameHandshape,Curved,0,Hand,FingerRadial,HandAway,0,closed_b,0
ok,ok,F_03_080,imrp,Curved,,0.0,,Open,1.0,OneHanded,Straight,0,Neutral,Neutral,Neutral,0,,0
or,or,F_03_081,i,FullyOpen,0.0,,,Closed,0.0,DominanceViolation,Curved,0,Hand,FingerTip,FingerTip,0,DominanceConditionViolation,0
clueless,clueless,F_03_082,i,Curved,0.0,,,Open,1.0,OneHanded,Straight,1,Head,HeadAway,HeadAway,0,,0
criticize,CANCEL,F_03_083,i,FullyOpen,0.0,,,Closed,0.0,AsymmetricalDifferentHandshape,X-shaped,0,Hand,Palm,HandAway,1,B,1
emphasis,emphasis,F_03_086,t,,,,,Open,,AsymmetricalDifferentHandshape,,0,Hand,Palm,,1,B,1
seven,seven,F_03_087,r,Curved,0.0,,,Open,1.0,OneHanded,Straight,0,Neutral,Neutral,,0,,0
sausage,sausage,F_03_088,imrp,Curved,1.0,0.0,0.0,Open,1.0,SymmetricalOrAlternating,Straight,1,Neutral,Neutral,Neutral,1,o,0
scar_memory,scar_memory,F_03_089,i,Bent,0.0,,,Closed,0.0,OneHanded,Straight,0,Head,HeadAway,HeadAway,0,,0
turban,turban,F_03_090,imrp,Flat,0.0,0.0,0.0,Open,1.0,OneHanded,Circular,1,Head,HeadAway,HeadAway,0,,1
wrap_up,wrap_up,F_03_091,i,Bent,0.0,,,Open,1.0,SymmetricalOrAlternating,Other,1,Neutral,Neutral,Neutral,0,baby_o,1
stamp_2,stamp_2,F_03_093,imrp,FullyClosed,0.0,,0.0,Closed,1.0,AsymmetricalDifferentHandshape,Curved,0,Hand,FingerFront,Heel,1,B,0
take_notes,take_notes,F_03_094,imrp,Curved,0.0,0.0,0.0,Open,1.0,AsymmetricalDifferentHandshape,Z-shaped,0,Hand,FingerFront,Palm,1,B,0
penis,penis,F_03_095,im,Stacked,0.0,,0.0,Open,1.0,OneHanded,Straight,1,Head,CheekNose,,1,,0
badge,badge,F_03_096,i,Curved,0.0,,,Open,0.0,SymmetricalOrAlternating,Straight,1,Body,Clavicle,,1,curved_l,0
closet_1,closet_1,F_03_097,i,Curved,0.0,,,Closed,0.0,AsymmetricalDifferentHandshape,Straight,0,Hand,FingerBack,FingerTip,1,1,0
ostrich,ostrich,F_03_098,imrp,FullyClosed,0.0,,0.0,Closed,1.0,AsymmetricalDifferentHandshape,Curved,0,Hand,HandAway,HandAway,0,C,0
go_to_jail,go_to_jail,F_03_099,imrp,FullyOpen,0.0,1.0,0.0,Closed,0.0,SymmetricalOrAlternating,BackAndForth,0,Neutral,Neutral,Neutral,1,4,0
child,child,F_03_101,imrp,Flat,0.0,0.0,0.0,Open,0.0,OneHanded,Straight,1,Neutral,Neutral,Neutral,0,,0
rich,rich,F_03_103,imrp,FullyClosed,1.0,,1.0,Closed,1.0,AsymmetricalDifferentHandshape,Straight,0,Hand,Palm,HandAway,1,C,0
refrigerator,refrigerator,G_01_001,t,,,,,Open,,SymmetricalOrAlternating,Straight,1,Body,BodyAway,BodyAway,0,a,0
spot_something,spot_something,G_01_002,i,FullyOpen,0.0,,,Closed,0.0,OneHanded,,0,Head,Eye,,1,,0
limited,limited,G_01_003,imrp,Flat,0.0,0.0,0.0,Open,0.0,SymmetricalOrAlternating,Straight,0,Neutral,Neutral,,0,flat_b,1
soon_1,soon_1,G_01_004,i,Curved,0.0,,,Open,1.0,OneHanded,Straight,1,Head,Chin,,1,,0
blame,blame,G_01_005,imrp,Curved,1.0,1.0,1.0,Open,0.0,AsymmetricalDifferentHandshape,Straight,0,Hand,PalmBack,HandAway,1,B,0
hoe,hoe,G_01_007,imrp,Flat,0.0,0.0,0.0,Open,0.0,AsymmetricalSameHandshape,Straight,1,Hand,Palm,HandAway,1,flat_b,0
guillotine_1,guillotine_1,G_01_008,imrp,Flat,0.0,0.0,0.0,Open,0.0,OneHanded,Curved,1,Body,BodyAway,BodyAway,0,,1
rocking_chair_2,rocking_chair,G_01_010,im,Curved,0.0,1.0,0.0,Closed,0.0,SymmetricalOrAlternating,Straight,1,Neutral,Neutral,Neutral,1,curved_v,0
wash_face_1,wash_face_1,G_01_011,t,,,,,Open,,SymmetricalOrAlternating,Circular,1,Head,CheekNose,CheekNose,1,a,0
escape,escape,G_01_012,i,FullyOpen,0.0,,,Closed,0.0,AsymmetricalDifferentHandshape,Straight,0,Hand,Other,HandAway,1,5,0
pizza_1,pizza_1,G_01_013,i,FullyOpen,0.0,,,Open,0.0,SymmetricalOrAlternating,,1,Neutral,Neutral,,0,l,1
near,near,G_01_014,imrp,FullyOpen,0.0,0.0,0.0,Open,0.0,AsymmetricalSameHandshape,Straight,1,Hand,FingerBack,,1,open_b,0
tape,tape,G_01_017,im,FullyOpen,0.0,0.0,0.0,Closed,0.0,DominanceViolation,Straight,0,Hand,FingerBack,HandAway,1,DominanceConditionViolation,0
early,early,G_01_018,m,Flat,0.0,,,Open,0.0,AsymmetricalDifferentHandshape,Straight,0,Hand,PalmBack,HandAway,1,B,0
jump_rope,jump_rope,G_01_019,i,Bent,0.0,,,Open,1.0,SymmetricalOrAlternating,Circular,1,Neutral,Neutral,Neutral,0,baby_o,0
highlighter,highlighter,G_01_020,i,Bent,0.0,,,Open,1.0,AsymmetricalDifferentHandshape,Straight,0,Hand,Palm,FingerFront,1,B,0
two_more,two_more,G_01_021,im,FullyOpen,1.0,1.0,0.0,Closed,0.0,OneHanded,,1,Neutral,Neutral,,0,,0
busted,busted,G_01_022,imrp,FullyOpen,0.0,1.0,0.0,Open,0.0,SymmetricalOrAlternating,Curved,0,Neutral,Neutral,Neutral,1,5,0
complain,complain,G_01_023,imrp,Curved,0.0,1.0,0.0,Open,0.0,OneHanded,Straight,1,Body,TorsoMid,,1,,0
lungs,lungs,G_01_026,imrp,Curved,0.0,1.0,0.0,Open,0.0,SymmetricalOrAlternating,Straight,1,Body,TorsoMid,TorsoMid,1,curved_5,0
free,free,G_01_027,i,Curved,0.0,,,Open,1.0,SymmetricalOrAlternating,Curved,0,Neutral,Neutral,Neutral,1,f,0
pitcher,pitcher,G_01_028,p,FullyOpen,0.0,,,Open,0.0,OneHanded,Curved,1,Neutral,Neutral,,0,,1
place,place,G_01_029,im,Stacked,0.0,,0.0,Open,1.0,SymmetricalOrAlternating,Curved,0,Neutral,Neutral,Neutral,1,p,0
skunk,skunk,G_01_032,im,Stacked,0.0,,0.0,Open,1.0,OneHanded,Curved,0,Head,HeadTop,HeadTop,0,,0
porcupine,porcupine,G_01_033,imrp,Bent,0.0,1.0,0.0,Closed,0.0,AsymmetricalDifferentHandshape,Curved,0,Hand,PalmBack,PalmBack,1,C,0
stare,stare,G_01_034,im,Flat,0.0,1.0,0.0,Closed,0.0,OneHanded,Straight,0,Head,CheekNose,HeadAway,1,,0
tty,tty,G_01_035,i,Bent,,,,Open,1.0,OneHanded,Straight,0,Neutral,Neutral,Neutral,0,,0
forest,forest,G_01_038,imrp,FullyOpen,0.0,1.0,0.0,Open,0.0,OneHanded,Curved,1,Neutral,Neutral,Neutral,0,,1
abbreviate,abbreviate,G_01_040,im,FullyOpen,0.0,0.0,0.0,Closed,0.0,DominanceViolation,Straight,0,Hand,FingerRadial,HandAway,1,DominanceConditionViolation,1
eyes_awake,eyes_awake,G_01_041,imrp,Curved,0.0,0.0,0.0,Open,0.0,SymmetricalOrAlternating,Straight,0,Head,Eye,,1,c,0
camel,camel,G_01_042,imrp,Flat,0.0,0.0,0.0,Open,0.0,OneHanded,Z-shaped,0,Neutral,Neutral,Neutral,0,,0
tired_of,tired_of,G_01_043,imrp,Flat,1.0,0.0,1.0,Open,1.0,OneHanded,Straight,0,Head,UnderChin,HeadAway,1,,0
maid,maid,G_01_044,mr,Curved,0.0,0.0,0.0,Open,1.0,OneHanded,Straight,1,Head,Chin,,1,,0
click,click,G_01_047,m,Flat,0.0,,,Open,0.0,OneHanded,BackAndForth,0,Neutral,Neutral,Neutral,0,,0
convince,convince,G_01_048,imrp,FullyOpen,0.0,0.0,0.0,Closed,0.0,AsymmetricalDifferentHandshape,Curved,0,Hand,HandAway,FingerFront,1,1,1
not_understand,not_understand,G_01_049,i,Bent,1.0,,,Open,1.0,SymmetricalOrAlternating,Curved,0,Head,HeadAway,HeadAway,0,baby_o,0
support_1,support_1,G_01_052,imrp,FullyClosed,0.0,,0.0,Closed,1.0,AsymmetricalSameHandshape,Straight,1,Hand,FingerUlnar,FingerUlnar,1,s,0
sharp_1,sharp_1,G_01_055,m,Flat,0.0,,,Open,0.0,AsymmetricalDifferentHandshape,Curved,0,Hand,FingerBack,HandAway,1,1,0
long,long,G_01_059,i,FullyOpen,0.0,,,Closed,0.0,OneHanded,Curved,0,Arm,ForearmBack,ArmAway,1,,0
shake_1,shake_1,G_01_062,imrp,FullyOpen,0.0,1.0,0.0,Open,0.0,SymmetryViolation,Straight,1,Hand,FingerRadial,,1,O,0
backpack_2,backpack,G_01_064,t,,,,,Open,,SymmetricalOrAlternating,Circular,1,Body,Clavicle,,1,a,0
hands,hands,G_01_065,imrp,FullyOpen,0.0,0.0,0.0,Open,0.0,SymmetricalOrAlternating,Other,0,Hand,PalmBack,FingerBack,1,open_b,0
snail,snail,G_01_067,im,FullyClosed,1.0,,1.0,Closed,1.0,AsymmetricalDifferentHandshape,Curved,0,Hand,Palm,HandAway,1,C,0
love,love,G_01_068,t,,,,,Open,,SymmetricalOrAlternating,,0,Body,TorsoTop,,1,a,0
so,so,G_01_069,imrp,FullyClosed,,,,Closed,1.0,OneHanded,Straight,0,Neutral,Neutral,Neutral,0,,0
page,page,G_01_070,t,,,,,Open,,AsymmetricalDifferentHandshape,Curved,1,Hand,Heel,HandAway,1,B,0
holy,holy,G_01_072,im,FullyOpen,0.0,0.0,1.0,Closed,0.0,AsymmetricalDifferentHandshape,Straight,1,Hand,Palm,,1,B,0
magnify_1,magnify_1,G_01_073,i,Bent,0.0,,,Open,1.0,OneHanded,Straight,1,Head,Eye,HeadAway,1,,0
goatee,goatee,G_01_074,imrp,Curved,0.0,0.0,0.0,Open,0.0,OneHanded,Straight,0,Head,Chin,,1,,0
hurry,hurry,G_01_075,im,FullyOpen,0.0,0.0,0.0,Closed,0.0,SymmetricalOrAlternating,Straight,1,Neutral,Neutral,Neutral,0,h,0
jar,jar,G_01_076,imrp,Curved,0.0,1.0,0.0,Open,0.0,AsymmetricalDifferentHandshape,,0,Hand,FingerRadial,,1,C,1
run_out_of,run_out_of,G_01_077,imrp,Flat,1.0,0.0,1.0,Open,1.0,AsymmetricalDifferentHandshape,Straight,0,Hand,Palm,HandAway,1,B,0
choke,choke,G_01_079,imrp,Curved,0.0,0.0,0.0,Open,0.0,OneHanded,Straight,0,Body,Neck,,1,,0
fair,fair,G_01_080,imrp,Flat,0.0,0.0,0.0,Open,0.0,SymmetricalOrAlternating,Straight,1,Neutral,Neutral,Neutral,1,flat_b,0
champion,champion,G_01_081,imrp,Curved,0.0,1.0,0.0,Open,0.0,AsymmetricalDifferentHandshape,BackAndForth,0,Hand,FingerTip,HandAway,1,1,0
handcuffs,handcuffs,G_01_088,i,Curved,0.0,,,Open,0.0,SymmetricalOrAlternating,Other,0,Arm,WristBack,,1,curved_l,0
hand_soap,hand_soap,G_01_089,i,FullyOpen,1.0,,,Closed,0.0,AsymmetricalDifferentHandshape,,0,Hand,HandAway,HandAway,0,B,0
study,study,G_01_090,imrp,Flat,1.0,1.0,0.0,Open,0.0,AsymmetricalDifferentHandshape,,1,Hand,HandAway,HandAway,0,B,0
straw,straw,G_01_092,i,Curved,0.0,,,Open,1.0,DominanceViolation,Straight,0,Head,Mouth,HeadAway,1,DominanceConditionViolation,0
take,take,G_01_093,imrp,Curved,1.0,1.0,1.0,Open,1.0,OneHanded,Straight,0,Neutral,Neutral,Neutral,0,,0
spain,spain,G_01_094,i,Bent,0.0,,,Open,1.0,OneHanded,Circular,0,Body,BodyAway,Clavicle,1,,1
muscle,muscle,G_01_095,imrp,Flat,0.0,0.0,0.0,Open,0.0,OneHanded,Straight,1,Arm,UpperArm,,1,,0
together,together,G_01_097,imrp,Curved,1.0,1.0,1.0,Open,0.0,SymmetricalOrAlternating,Circular,1,Neutral,Neutral,Neutral,1,curved_5,0
handsome_2,handsome_2,G_01_098,im,Flat,0.0,0.0,0.0,Closed,0.0,OneHanded,Straight,1,Head,HeadAway,HeadAway,0,,0
barrette,barrette,G_01_101,im,Flat,1.0,0.0,0.0,Open,1.0,OneHanded,,1,Head,HeadTop,,1,,0
back_up,back_up,G_01_102,i,FullyOpen,0.0,,,Closed,0.0,SymmetricalOrAlternating,Other,0,Neutral,Neutral,Neutral,0,1,0
suit,suit,G_01_103,t,,,,,Open,,SymmetricalOrAlternating,Curved,0,Body,BodyAway,TorsoMid,0,a,1
pass_out,pass_out,G_02_002,im,Stacked,,,,Open,1.0,OneHanded,Straight,0,Head,HeadAway,HeadAway,0,,0
zebra,zebra,G_02_003,imrp,Flat,0.0,1.0,0.0,Closed,0.0,SymmetricalOrAlternating,Straight,1,Body,TorsoTop,TorsoMid,1,flat_4,0
hongkong,hongkong,G_02_004,imrp,Flat,1.0,0.0,1.0,Open,1.0,OneHanded,,1,Head,HeadAway,,0,,0
stapler,stapler,G_02_005,t,,1.0,,,Open,,OneHanded,BackAndForth,0,Neutral,Neutral,Neutral,0,,0
leather,leather,G_02_008,imrp,Flat,0.0,0.0,0.0,Open,0.0,OneHanded,Curved,1,Body,Clavicle,BodyAway,1,,1
gum,gum,G_02_010,im,FullyOpen,1.0,1.0,0.0,Closed,0.0,OneHanded,Straight,1,Head,Mouth,,1,,0
noon_2,noon,G_02_014,imrp,FullyOpen,0.0,0.0,0.0,Open,0.0,OneHanded,Straight,1,Neutral,Neutral,Neutral,0,,0
bless,bless,G_02_016,t,,,,,Open,,SymmetricalOrAlternating,,0,Head,Mouth,,1,a,0
vain,vain,G_02_017,im,FullyOpen,1.0,1.0,0.0,Closed,0.0,SymmetricalOrAlternating,Curved,0,Body,BodyAway,BodyAway,0,v,0
bell,bell,G_02_018,i,Curved,0.0,,,Open,1.0,AsymmetricalDifferentHandshape,Z-shaped,0,Hand,Palm,HandAway,1,B,0
dig_up,dig_up,G_02_019,t,,,,,Open,,SymmetricalOrAlternating,Curved,1,Neutral,Neutral,Neutral,0,a,1
confidential,confidential,G_02_022,t,,,,,Open,,OneHanded,Straight,1,Head,Mouth,Mouth,1,,0
wise,wise,G_02_023,i,Bent,0.0,,,Closed,0.0,OneHanded,Straight,1,Head,HeadAway,HeadAway,0,,0
operate_machine,operate_machine,G_02_026,imrp,FullyOpen,0.0,0.0,0.0,Open,0.0,AsymmetricalSameHandshape,Curved,1,Hand,FingerFront,HandAway,1,open_b,0
garlic,garlic,G_02_028,imrp,Flat,1.0,0.0,1.0,Open,0.0,OneHanded,Straight,1,Head,Chin,HeadAway,1,,0
beach,beach,G_02_029,imrp,Flat,1.0,0.0,1.0,Open,1.0,AsymmetricalDifferentHandshape,BackAndForth,1,Hand,PalmBack,HandAway,1,B,0
hanukkah,hanukkah,G_02_030,imrp,FullyOpen,0.0,1.0,0.0,Closed,0.0,SymmetricalOrAlternating,Curved,0,Neutral,Neutral,Neutral,1,4,0
tissue,tissue,G_02_032,i,Flat,1.0,,,Open,1.0,OneHanded,Straight,1,Head,CheekNose,HeadAway,0,,0
catch_1,catch,G_02_033,imrp,Curved,1.0,1.0,0.0,Open,1.0,SymmetricalOrAlternating,Straight,0,Neutral,Neutral,Neutral,0,curved_5,0
frame,frame,G_02_034,i,Flat,0.0,,,Open,0.0,SymmetricalOrAlternating,BackAndForth,0,Neutral,Neutral,Neutral,1,g,0
halloween_2,halloween,G_02_035,im,FullyOpen,0.0,1.0,1.0,Closed,0.0,SymmetricalOrAlternating,Straight,1,Head,HeadAway,HeadAway,0,v,0
cannon,cannon,G_02_037,i,FullyOpen,0.0,,,Closed,0.0,OneHanded,Straight,1,Arm,WristBack,ArmAway,1,,0
skill,skill,G_02_038,imrp,Flat,1.0,0.0,0.0,Open,0.0,AsymmetricalDifferentHandshape,Curved,0,Hand,FingerUlnar,HandAway,1,B,1
very_interested,very_interested,G_02_039,imrp,Flat,0.0,0.0,0.0,Open,0.0,SymmetricalOrAlternating,Curved,0,Head,HeadAway,HeadAway,0,flat_b,1
lips,lips,G_02_043,i,FullyOpen,0.0,,,Closed,0.0,OneHanded,Circular,1,Head,Mouth,Mouth,1,,0
effect,effect,G_02_044,imrp,Flat,1.0,0.0,1.0,Open,1.0,AsymmetricalDifferentHandshape,Straight,0,Hand,PalmBack,HandAway,1,B,0
nerve,nerve,G_02_045,im,Bent,0.0,1.0,0.0,Closed,0.0,OneHanded,,0,Head,Chin,,1,,1
fringe,fringe,G_02_046,imrp,FullyOpen,0.0,1.0,0.0,Closed,0.0,OneHanded,Curved,0,Arm,UpperArm,ForearmBack,1,,0
concerned,concerned,G_02_047,m,Flat,0.0,,,Open,0.0,SymmetricalOrAlternating,Straight,1,Body,TorsoTop,BodyAway,1,open_8,0
celery,celery,G_02_048,imrp,FullyClosed,0.0,,0.0,Closed,1.0,OneHanded,Curved,0,Head,Mouth,HeadAway,1,,1
miss,miss,G_02_049,i,FullyOpen,0.0,,,Closed,0.0,OneHanded,,0,Head,Chin,,1,,0
inspire,inspire,G_02_051,imrp,Flat,1.0,0.0,1.0,Open,1.0,SymmetricalOrAlternating,Curved,0,Body,BodyAway,BodyAway,0,flat_o,0
before,before,G_02_053,imrp,Flat,0.0,0.0,0.0,Open,0.0,AsymmetricalSameHandshape,Curved,0,Hand,FingerFront,HandAway,1,flat_b,0
count,count,G_02_054,i,Curved,0.0,,,Open,1.0,AsymmetricalDifferentHandshape,Straight,0,Hand,Palm,FingerFront,1,B,0
blink,blink,G_02_055,i,FullyOpen,1.0,,,Open,1.0,SymmetricalOrAlternating,Straight,0,Head,Eye,HeadAway,0,l,0
energy,energy,G_02_056,imrp,Bent,0.0,0.0,0.0,Closed,1.0,OneHanded,Curved,0,Arm,UpperArm,ForearmRadial,1,,1
edit_2,edit,G_02_057,i,Bent,0.0,,,Open,1.0,SymmetricalOrAlternating,Straight,0,Neutral,Neutral,Neutral,1,baby_o,1
boyfriend,boyfriend,G_02_058,imrp,Flat,1.0,0.0,0.0,Open,1.0,OneHanded,,0,Head,HeadAway,,0,,0
ruin,ruin,G_02_060,i,Bent,0.0,,,Closed,0.0,DominanceViolation,Straight,0,Hand,FingerRadial,HandAway,1,DominanceConditionViolation,0
innocent,innocent,G_02_062,im,FullyOpen,0.0,0.0,0.0,Closed,0.0,SymmetricalOrAlternating,Curved,0,Head,Chin,HeadAway,1,h,1
land,land,G_02_066,imrp,Flat,1.0,0.0,1.0,Open,1.0,SymmetricalOrAlternating,Curved,0,Neutral,Neutral,Neutral,0,flat_o,1
our,our,G_02_067,imrp,Flat,0.0,0.0,0.0,Open,0.0,OneHanded,Curved,0,Body,TorsoTop,TorsoTop,1,,1
dreadlocks,dreadlocks,G_02_069,im,Crossed,0.0,0.0,0.0,Closed,0.0,SymmetricalOrAlternating,Other,0,Head,Other,HeadAway,0,r,1
thrilled,thrilled,G_02_070,m,Flat,0.0,,,Open,0.0,SymmetricalOrAlternating,Curved,0,Body,TorsoMid,BodyAway,1,open_8,1
claw,claw,G_02_071,i,Flat,1.0,,,Open,1.0,AsymmetricalDifferentHandshape,Curved,1,Hand,FingerTip,HandAway,1,C,0
easy_to_do,easy_to_do,G_02_073,imrp,FullyOpen,1.0,0.0,0.0,Open,0.0,AsymmetricalSameHandshape,,1,Hand,FingerBack,HandAway,1,open_b,0
save_money,save_money,G_02_074,imrp,Curved,0.0,0.0,0.0,Open,1.0,AsymmetricalSameHandshape,Straight,1,Hand,Other,,1,o,0
analyze,analyze,G_02_075,im,FullyOpen,1.0,1.0,0.0,Closed,0.0,SymmetricalOrAlternating,Curved,1,Neutral,Neutral,Neutral,1,v,0
noose,noose,G_02_076,i,Curved,0.0,,,Open,0.0,OneHanded,,0,Body,Neck,,1,,0
pope,pope,G_02_077,imrp,FullyOpen,1.0,0.0,0.0,Open,0.0,SymmetricalOrAlternating,Other,0,Head,HeadAway,HeadAway,1,open_b,0
watch,watch,G_02_078,i,Bent,0.0,,,Open,0.0,OneHanded,Straight,0,Head,HeadAway,HeadAway,0,,0
should,should,G_02_079,i,Bent,0.0,,,Closed,0.0,OneHanded,Straight,1,Neutral,Neutral,Neutral,0,,0
windy,windy,G_02_080,imrp,FullyOpen,1.0,1.0,0.0,Open,0.0,SymmetricalOrAlternating,Straight,1,Neutral,Neutral,Neutral,0,5,0
lift_1,lift,G_02_082,imrp,FullyOpen,0.0,0.0,0.0,Open,0.0,SymmetricalOrAlternating,Curved,0,Neutral,Neutral,Neutral,0,open_b,0
sophisticated,sophisticated,G_02_083,mr,Curved,0.0,0.0,0.0,Open,1.0,OneHanded,Curved,1,Head,CheekNose,HeadAway,1,,0
program,program,G_02_084,im,Stacked,0.0,,0.0,Open,1.0,AsymmetricalDifferentHandshape,BackAndForth,0,Hand,HandAway,HandAway,0,B,0
still,still,G_02_085,p,FullyOpen,0.0,,,Open,0.0,SymmetricalOrAlternating,Curved,0,Neutral,Neutral,Neutral,0,y,1
ruler,ruler,G_02_086,p,FullyOpen,0.0,,,Open,0.0,SymmetricalOrAlternating,Straight,1,Neutral,Neutral,,1,y,0
peacock,peacock,G_02_088,imrp,FullyClosed,1.0,,1.0,Closed,1.0,AsymmetricalDifferentHandshape,Curved,0,Hand,FingerRadial,,1,S,0
W.H.A.T,w.h.a.t,G_02_089,p,Curved,,,,Open,1.0,OneHanded,,0,Neutral,Neutral,,0,,1
valley,valley,G_02_090,imrp,FullyOpen,0.0,0.0,0.0,Closed,0.0,SymmetricalOrAlternating,Curved,0,Neutral,Neutral,Neutral,1,closed_b,0
rob,rob,G_02_093,im,FullyOpen,0.0,0.0,0.0,Open,0.0,SymmetricalOrAlternating,Curved,0,Neutral,Neutral,Neutral,0,open_h,0
pin_on,pin_on,G_02_096,i,Flat,1.0,,,Open,1.0,OneHanded,,0,Body,TorsoTop,,1,,0
finger,finger,G_02_097,i,FullyOpen,1.0,,,Closed,0.0,OneHanded,,1,Neutral,Neutral,,0,,0
stamp_1,stamp_1,G_02_098,t,,,,,Open,,AsymmetricalDifferentHandshape,BackAndForth,0,Hand,Palm,HandAway,1,B,0
bite,bite,G_02_099,imrp,Curved,1.0,1.0,1.0,Open,0.0,AsymmetricalDifferentHandshape,Curved,0,Hand,FingerBack,,1,B,0
very,very,G_02_101,im,FullyOpen,0.0,1.0,0.0,Closed,0.0,SymmetricalOrAlternating,Curved,0,Neutral,Neutral,Neutral,1,v,0
dispatch,dispatch,G_02_102,imrp,Flat,1.0,0.0,0.0,Open,0.0,AsymmetricalSameHandshape,Curved,0,Hand,PalmBack,HandAway,1,flat_b,0
haha,haha,G_02_103,im,Curved,,0.0,,Open,0.0,OneHanded,,0,Neutral,Neutral,,0,,0
noon_1,noon,G_03_002,im,Bent,1.0,0.0,1.0,Closed,1.0,OneHanded,,1,Neutral,Neutral,,0,,0
gym,gym,G_03_003,i,Bent,0.0,,,Open,1.0,SymmetricalOrAlternating,Circular,1,Body,BodyAway,BodyAway,0,baby_o,1
hell,hell,G_03_008,im,FullyOpen,0.0,0.0,0.0,Closed,0.0,OneHanded,Straight,0,Neutral,Neutral,Neutral,0,,0
nail,nail,G_03_010,i,Bent,0.0,,,Open,1.0,AsymmetricalDifferentHandshape,Straight,1,Hand,HandAway,HandAway,0,S,0
halloween_1,halloween,G_03_011,imrp,Curved,0.0,0.0,0.0,Open,0.0,SymmetricalOrAlternating,Curved,1,Head,HeadAway,HeadAway,0,c,1
whale,whale,G_03_013,p,FullyOpen,0.0,,,Open,0.0,OneHanded,Z-shaped,0,Arm,ArmAway,ArmAway,0,,0
bloom,bloom,G_03_014,imrp,Curved,1.0,0.0,1.0,Open,1.0,SymmetricalOrAlternating,,0,Neutral,Neutral,,1,o,0
saxophone,saxophone,G_03_015,imrp,Flat,1.0,1.0,0.0,Open,0.0,SymmetricalOrAlternating,,1,Neutral,Neutral,,0,flatspread_5,0
if,if,G_03_017,p,FullyOpen,0.0,,,Closed,0.0,OneHanded,Straight,1,Head,Eye,,1,,0
disappoint,disappoint,G_03_018,i,FullyOpen,0.0,,,Closed,0.0,OneHanded,Straight,0,Head,Chin,,1,,0
we,we,G_03_019,i,FullyOpen,0.0,,,Closed,0.0,OneHanded,Curved,0,Body,Clavicle,Clavicle,1,,1
ice,ice,G_03_020,p,FullyOpen,,,,Closed,0.0,OneHanded,,0,Neutral,Neutral,,0,,0
going_through_a_hard_time,going_through_a_hard_time,G_03_021,imrp,FullyClosed,0.0,,0.0,Closed,1.0,SymmetricalOrAlternating,Circular,1,Head,Chin,HeadAway,1,s,0
juice_1,juice_1,G_03_022,p,FullyOpen,0.0,,,Closed,0.0,OneHanded,Curved,1,Neutral,Neutral,,0,,1
form,form,G_03_023,i,Curved,0.0,,,Open,1.0,SymmetricalOrAlternating,BackAndForth,0,Neutral,Neutral,Neutral,1,f,0
rose,rose,G_03_024,im,Crossed,0.0,0.0,0.0,Closed,0.0,OneHanded,Curved,0,Head,CheekNose,CheekNose,1,,1
melon,melon,G_03_025,m,Curved,1.0,,,Open,1.0,AsymmetricalDifferentHandshape,Straight,1,Hand,PalmBack,HandAway,1,C,0
shut_out,shut_out,G_03_026,imrp,FullyOpen,0.0,0.0,0.0,Closed,0.0,SymmetricalOrAlternating,Curved,0,Neutral,Neutral,Neutral,1,closed_b,1
strong,strong,G_03_027,imrp,FullyClosed,0.0,,0.0,Closed,1.0,SymmetricalOrAlternating,Straight,1,Body,BodyAway,,0,s,0
plummet,plummet,G_03_028,i,FullyOpen,0.0,,,Closed,0.0,AsymmetricalDifferentHandshape,Curved,0,Hand,Palm,HandAway,1,B,0
look_like,look_like,G_03_029,ip,FullyOpen,0.0,,,Open,0.0,OneHanded,Circular,0,Head,HeadAway,HeadAway,0,,0
resist,resist,G_03_030,imrp,FullyClosed,0.0,,0.0,Closed,1.0,OneHanded,Straight,0,Neutral,Neutral,,0,,0
bend,bend,G_03_031,i,Bent,0.0,,,Open,0.0,SymmetricalOrAlternating,Curved,0,Neutral,Neutral,Neutral,1,bent_l,0
tend_your,tend_your,G_03_032,m,Flat,0.0,,,Open,0.0,OneHanded,Straight,0,Body,Clavicle,,1,,0
six,six,G_03_034,p,Curved,0.0,,,Open,1.0,OneHanded,Straight,0,Neutral,Neutral,,0,,0
juice_2,juice_2,G_03_035,p,FullyOpen,0.0,,,Closed,0.0,OneHanded,Curved,0,Head,Mouth,HeadAway,0,,1
elevator_2,elevator,G_03_036,imrp,Bent,0.0,0.0,0.0,Closed,1.0,AsymmetricalDifferentHandshape,Straight,1,Hand,Palm,FingerFront,1,B,0
join,join,G_03_039,im,FullyOpen,0.0,0.0,0.0,Closed,0.0,AsymmetricalDifferentHandshape,Curved,0,Hand,FingerUlnar,,1,C,0
hinge,hinge,G_03_041,im,FullyOpen,0.0,0.0,0.0,Closed,0.0,DominanceViolation,Curved,1,Hand,FingerTip,,1,DominanceConditionViolation,1
beak,beak,G_03_048,i,Curved,0.0,,,Open,0.0,OneHanded,Curved,0,Head,CheekNose,HeadAway,1,,1
jellyfish,jellyfish,G_03_049,imrp,Flat,1.0,1.0,0.0,Open,0.0,OneHanded,Z-shaped,1,Neutral,Neutral,Neutral,0,,0
average,average,G_03_050,imrp,FullyOpen,0.0,0.0,0.0,Open,0.0,AsymmetricalSameHandshape,Straight,1,Hand,FingerRadial,,1,open_b,0
cheek,cheek,G_03_052,i,Bent,0.0,,,Open,1.0,OneHanded,Straight,1,Head,CheekNose,,1,,0
harmonica,harmonica,G_03_054,imrp,Flat,0.0,0.0,0.0,Open,0.0,SymmetricalOrAlternating,Straight,1,Head,HeadAway,HeadAway,0,flat_b,0
cancer_1,cancer,G_03_056,imrp,Curved,,0.0,0.0,Open,0.0,OneHanded,Straight,0,Neutral,Neutral,Neutral,0,,0
tongue,tongue,G_03_057,im,Flat,1.0,0.0,0.0,Closed,0.0,OneHanded,,1,Head,Mouth,,1,,0
nice,nice,G_03_059,imrp,FullyOpen,0.0,0.0,0.0,Open,0.0,AsymmetricalSameHandshape,Straight,0,Hand,Palm,FingerFront,1,open_b,0
archeology,archeology,G_03_060,i,Curved,0.0,,,Closed,0.0,AsymmetricalDifferentHandshape,Circular,1,Hand,Palm,HandAway,1,B,0
save,save,G_03_061,im,FullyOpen,0.0,1.0,0.0,Closed,0.0,AsymmetricalDifferentHandshape,Straight,0,Hand,FingerUlnar,,1,S,0
touch,touch,G_03_063,m,Flat,0.0,,,Open,0.0,AsymmetricalDifferentHandshape,BackAndForth,0,Hand,PalmBack,HandAway,1,5,0
overwhelmed,overwhelmed,G_03_064,imrp,Flat,0.0,0.0,0.0,Open,0.0,SymmetricalOrAlternating,Curved,0,Head,HeadAway,HeadAway,0,flat_b,0
axe_2,axe,G_03_066,imrp,FullyOpen,0.0,0.0,0.0,Open,0.0,OneHanded,Curved,0,Arm,ForearmUlnar,,1,,0
temporary,temporary,G_03_067,im,FullyOpen,0.0,0.0,0.0,Closed,0.0,DominanceViolation,Straight,1,Hand,FingerRadial,FingerRadial,1,DominanceConditionViolation,0
basket_1,basket_1,G_03_070,imrp,FullyOpen,0.0,0.0,0.0,Closed,0.0,OneHanded,Curved,0,Arm,ForearmUlnar,ElbowBack,1,,1
nonsense,nonsense,G_03_071,imrp,FullyOpen,0.0,1.0,0.0,Closed,0.0,OneHanded,Curved,0,Head,Forehead,HeadAway,1,,0
snowman,snowman,G_03_073,imrp,Curved,0.0,0.0,0.0,Open,1.0,SymmetricalOrAlternating,,0,Body,Clavicle,,1,o,0
yes,yes,G_03_074,imrp,FullyClosed,0.0,,0.0,Closed,1.0,OneHanded,Straight,1,Neutral,Neutral,,0,,0
nose,nose,G_03_075,i,FullyOpen,0.0,,,Closed,0.0,OneHanded,Straight,1,Head,CheekNose,,1,,0
ocean,ocean,G_03_076,imrp,FullyOpen,0.0,1.0,0.0,Open,0.0,SymmetricalOrAlternating,,0,Head,Chin,,1,5,0
invisible,invisible,G_03_078,m,Flat,1.0,,,Open,1.0,SymmetricalOrAlternating,Straight,0,Neutral,Neutral,Neutral,0,8,0
fake,fake,G_03_080,i,FullyOpen,0.0,,,Closed,0.0,OneHanded,Curved,0,Head,CheekNose,HeadAway,1,,0
memorize,memorize,G_03_081,imrp,FullyOpen,1.0,1.0,1.0,Open,1.0,OneHanded,Straight,0,Head,Forehead,HeadAway,1,,0
dont_care,dont_care,G_03_082,imrp,Flat,0.0,0.0,0.0,Open,1.0,OneHanded,,0,Head,CheekNose,,1,,0
goody_goody,goody_goody,G_03_083,imp,FullyOpen,0.0,0.0,0.0,Open,0.0,OneHanded,,0,Neutral,Neutral,,0,,0
kick_1,kick,G_03_087,imrp,FullyOpen,0.0,0.0,0.0,Closed,0.0,AsymmetricalSameHandshape,Curved,0,Hand,HandAway,FingerUlnar,1,closed_b,0
tendency,tendency,G_03_089,m,Flat,0.0,,,Open,0.0,SymmetricalOrAlternating,Straight,0,Body,Clavicle,BodyAway,1,open_8,0
backpack_1,backpack,G_03_091,imrp,Curved,0.0,1.0,0.0,Open,0.0,SymmetricalOrAlternating,Circular,1,Body,Clavicle,,1,curved_5,0
permission,permission,G_03_093,im,Stacked,0.0,,0.0,Open,1.0,SymmetricalOrAlternating,Curved,0,Neutral,Neutral,Neutral,0,p,0
goosebumps,goosebumps,G_03_096,imrp,Curved,0.0,1.0,0.0,Closed,0.0,OneHanded,Straight,0,Arm,ForearmBack,ForearmBack,1,,0
senate,senate,G_03_099,imrp,FullyClosed,0.0,,0.0,Closed,1.0,OneHanded,Curved,0,Body,Clavicle,Clavicle,1,,0
megaphone,megaphone,G_03_102,imrp,FullyClosed,1.0,,0.0,Closed,1.0,SymmetricalOrAlternating,Straight,0,Head,Mouth,HeadAway,1,s,0
evidence,evidence,G_03_103,imrp,Bent,0.0,0.0,0.0,Closed,1.0,AsymmetricalDifferentHandshape,Straight,1,Hand,Palm,,1,B,0
only_one_2,only_one_2,H_01_001,i,FullyOpen,0.0,,,Closed,0.0,OneHanded,Circular,1,Body,TorsoTop,,1,,0
linguistics,linguistics,H_01_004,i,FullyOpen,,,,Open,0.0,SymmetricalOrAlternating,Straight,0,Neutral,Neutral,Neutral,1,l,0
perspective,perspective,H_01_006,im,Flat,0.0,1.0,0.0,Closed,0.0,AsymmetricalDifferentHandshape,Curved,0,Hand,HandAway,HandAway,0,1,0
cross_2,cross_2,H_01_007,imrp,FullyOpen,0.0,0.0,0.0,Closed,0.0,AsymmetricalSameHandshape,Curved,0,Hand,FingerRadial,HandAway,1,closed_b,0
weekend_2,weekend,H_01_009,p,Curved,0.0,,,Open,1.0,AsymmetricalDifferentHandshape,BackAndForth,0,Hand,FingerRadial,HandAway,1,B,0
worse,worse,H_01_011,im,FullyOpen,0.0,1.0,0.0,Closed,0.0,SymmetricalOrAlternating,Straight,0,Neutral,Neutral,Neutral,1,v,0
postpone,postpone,H_01_012,i,Curved,0.0,,,Open,1.0,DominanceViolation,Curved,0,Neutral,Neutral,Neutral,0,DominanceConditionViolation,0
ooh,ooh,H_01_013,p,FullyOpen,0.0,,,Open,0.0,OneHanded,Straight,1,Head,HeadAway,HeadAway,0,,0
self,self,H_01_015,imrp,Flat,0.0,0.0,0.0,Open,0.0,OneHanded,Straight,0,Body,BodyAway,BodyAway,0,,0
suspend,suspend,H_01_016,i,Bent,0.0,,,Closed,0.0,SymmetricalOrAlternating,Straight,0,Neutral,Neutral,Neutral,1,bent_1,0
single,single,H_01_018,i,FullyOpen,0.0,,,Closed,0.0,OneHanded,Z-shaped,0,Head,Chin,Chin,1,,0
waterdrop,waterdrop,H_01_019,i,FullyClosed,1.0,,,Open,1.0,OneHanded,Straight,0,Neutral,Neutral,,0,,0
socialize,socialize,H_01_021,imrp,FullyOpen,0.0,0.0,1.0,Open,0.0,SymmetricalOrAlternating,Circular,1,Neutral,Neutral,Neutral,0,open_b,0
deaf_school,deaf_school,H_01_022,i,FullyOpen,0.0,,,Closed,0.0,OneHanded,,0,Head,Other,,0,,0
talk_2,talk_2,H_01_023,imrp,Flat,1.0,0.0,0.0,Open,1.0,OneHanded,,1,Head,Mouth,,0,,0
powder,powder,H_01_026,imrp,Flat,0.0,0.0,1.0,Open,1.0,OneHanded,Circular,1,Neutral,Neutral,Neutral,0,,0
visualize,visualize,H_01_027,imrp,FullyClosed,1.0,,0.0,Closed,1.0,SymmetricalOrAlternating,Straight,0,Head,HeadAway,HeadAway,1,s,0
wring,wring,H_01_029,imrp,Curved,1.0,1.0,1.0,Open,1.0,SymmetricalOrAlternating,Straight,0,Neutral,Neutral,Neutral,0,curved_5,1
principal,principal,H_01_030,im,Stacked,0.0,,0.0,Open,1.0,AsymmetricalDifferentHandshape,Circular,0,Hand,HandAway,PalmBack,1,C,1
pregnant,pregnant,H_01_031,imrp,FullyOpen,1.0,0.0,1.0,Open,0.0,SymmetricalOrAlternating,Curved,0,Body,Hips,BodyAway,1,open_b,0
generation,generation,H_01_032,imrp,Flat,0.0,0.0,0.0,Open,1.0,SymmetricalOrAlternating,Circular,1,Body,BodyAway,BodyAway,0,flat_o,0
escalate,escalate,H_01_033,imrp,FullyOpen,0.0,0.0,0.0,Closed,0.0,OneHanded,Straight,0,Neutral,Neutral,Neutral,0,,0
acquire,acquire,H_01_034,m,Flat,1.0,,,Open,1.0,SymmetricalOrAlternating,Straight,1,Neutral,Neutral,Neutral,0,8,0
structure,structure,H_01_035,imrp,FullyClosed,0.0,,0.0,Closed,1.0,SymmetricalOrAlternating,Other,0,Neutral,Neutral,Neutral,1,s,0
wade,wade,H_01_036,im,FullyOpen,0.0,1.0,0.0,Closed,0.0,SymmetricalOrAlternating,Circular,1,Neutral,Neutral,Neutral,0,v,0
specialist,specialist,H_01_038,i,FullyOpen,0.0,,,Closed,0.0,AsymmetricalSameHandshape,Straight,0,Hand,FingerRadial,HandAway,1,1,0
middle,middle,H_01_039,m,Flat,0.0,,,Open,0.0,AsymmetricalDifferentHandshape,Circular,0,Hand,HandAway,Palm,1,B,1
bother,bother,H_01_040,imrp,FullyOpen,0.0,0.0,0.0,Open,0.0,AsymmetricalSameHandshape,Straight,1,Hand,FingerRadial,,0,open_b,0
ponder,ponder,H_01_043,imrp,Curved,1.0,1.0,0.0,Open,1.0,SymmetricalOrAlternating,,1,Head,HeadAway,,0,curved_5,0
agency,agency,H_01_044,t,,,,,Open,,SymmetricalOrAlternating,Curved,0,Neutral,Neutral,Neutral,1,a,1
provide,provide,H_01_045,imrp,Flat,1.0,0.0,0.0,Open,1.0,SymmetricalOrAlternating,Curved,0,Neutral,Neutral,Neutral,0,flat_o,1
smoke,smoke,H_01_046,imrp,Flat,0.0,1.0,0.0,Open,0.0,AsymmetricalDifferentHandshape,Circular,1,Hand,HandAway,HandAway,0,C,1
short_distance,short_distance,H_01_049,i,Curved,0.0,,,Open,1.0,OneHanded,Curved,0,Head,CheekNose,HeadAway,1,,1
develop_2,develop,H_01_050,m,Curved,0.0,,,Open,1.0,AsymmetricalDifferentHandshape,Straight,0,Hand,Palm,FingerFront,1,B,0
culture,culture,H_01_051,imrp,Curved,0.0,0.0,0.0,Open,0.0,AsymmetricalDifferentHandshape,Curved,0,Hand,HandAway,HandAway,1,1,1
explode,explode,H_01_053,imrp,Flat,1.0,0.0,0.0,Open,1.0,SymmetricalOrAlternating,Straight,0,Neutral,Neutral,Neutral,1,flat_o,0
knight_1,knight,H_01_054,i,Bent,0.0,,,Open,1.0,OneHanded,Curved,0,Neutral,Neutral,Neutral,0,,0
inch,inch,H_01_056,t,,,,,Open,,AsymmetricalSameHandshape,Straight,1,Hand,FingerTip,HandAway,1,a,0
lesbian,lesbian,H_01_057,i,FullyOpen,0.0,,,Open,0.0,OneHanded,Straight,1,Head,Chin,,1,,0
bitch,bitch,H_01_058,imrp,FullyOpen,0.0,0.0,0.0,Closed,0.0,OneHanded,Straight,0,Head,Chin,,1,,0
score,score,H_01_060,i,Curved,0.0,,,Open,1.0,AsymmetricalDifferentHandshape,Straight,0,Hand,Palm,HandAway,1,B,0
system,system,H_01_061,imrp,FullyClosed,0.0,,0.0,Closed,1.0,SymmetricalOrAlternating,BackAndForth,0,Neutral,Neutral,Neutral,1,s,0
relief,relief,H_01_063,imrp,FullyOpen,0.0,0.0,0.0,Closed,0.0,SymmetricalOrAlternating,Straight,0,Body,TorsoTop,TorsoBottom,1,closed_b,0
stink,stink,H_01_064,i,Flat,0.0,,,Open,0.0,OneHanded,,0,Head,CheekNose,,1,,0
top,top,H_01_065,imrp,FullyOpen,0.0,0.0,0.0,Open,0.0,AsymmetricalSameHandshape,Straight,0,Hand,FingerTip,,1,open_b,0
shame_on_you,shame_on_you,H_01_066,i,FullyOpen,0.0,,,Closed,0.0,AsymmetricalSameHandshape,Curved,1,Hand,FingerBack,HandAway,1,1,0
special_1,special,H_01_068,m,Flat,0.0,,,Open,0.0,AsymmetricalDifferentHandshape,Straight,0,Hand,FingerTip,,1,5,0
fry ,fry ,H_01_069,imrp,FullyOpen,0.0,0.0,0.0,Open,0.0,AsymmetricalSameHandshape,,1,Hand,HandAway,HandAway,0,open_b,1
total,total,H_01_071,imrp,Flat,1.0,1.0,1.0,Open,1.0,SymmetricalOrAlternating,Straight,0,Neutral,Neutral,Neutral,1,flatspread_5,0
honk,honk,H_01_074,imrp,Bent,0.0,0.0,0.0,Open,0.0,OneHanded,Straight,1,Neutral,Neutral,Neutral,0,,0
sow,sow,H_01_075,imrp,Flat,1.0,0.0,0.0,Open,1.0,OneHanded,Straight,0,Neutral,Neutral,Neutral,0,,0
both,both,H_01_076,im,FullyOpen,0.0,1.0,1.0,Closed,0.0,AsymmetricalDifferentHandshape,Straight,0,Hand,Palm,HandAway,1,C,0
fail,fail,H_01_077,im,Stacked,0.0,,0.0,Open,1.0,DominanceViolation,Straight,0,Hand,FingerRadial,HandAway,1,DominanceConditionViolation,0
news_to_me,news_to_me,H_01_078,im,FullyOpen,1.0,1.0,0.0,Closed,0.0,SymmetricalOrAlternating,Straight,0,Neutral,Neutral,Neutral,1,v,0
instead,instead,H_01_079,i,Curved,0.0,,,Open,1.0,SymmetricalOrAlternating,Circular,0,Neutral,Neutral,Neutral,1,f,0
vocabulary,vocabulary,H_01_082,im,FullyOpen,0.0,1.0,0.0,Closed,0.0,AsymmetricalDifferentHandshape,Straight,1,Hand,FingerBack,,1,1,0
all_way,all_way,H_01_084,imrp,FullyOpen,0.0,1.0,0.0,Open,0.0,OneHanded,Curved,0,Neutral,Neutral,Neutral,0,,0
stripe,stripe,H_01_085,imrp,FullyOpen,0.0,1.0,0.0,Closed,0.0,OneHanded,Straight,0,Body,TorsoTop,TorsoTop,1,,0
tow_1,tow_1,H_01_086,i,Bent,0.0,,,Closed,0.0,DominanceViolation,Straight,0,Hand,FingerFront,,1,DominanceConditionViolation,0
naked,naked,H_01_087,m,Flat,0.0,,,Open,0.0,AsymmetricalDifferentHandshape,Curved,0,Hand,PalmBack,HandAway,1,C,0
band_aid_2,band_aid,H_01_088,im,FullyOpen,0.0,0.0,0.0,Closed,0.0,AsymmetricalDifferentHandshape,Curved,0,Hand,PalmBack,PalmBack,1,B,0
had_enough,had_enough,H_01_090,imrp,Flat,0.0,0.0,0.0,Open,0.0,OneHanded,Straight,0,Head,HeadAway,HeadAway,0,,0
league,league,H_01_092,i,FullyOpen,0.0,,,Open,0.0,SymmetricalOrAlternating,Curved,0,Neutral,Neutral,Neutral,1,l,1
get_off,get_off,H_01_093,im,Curved,0.0,0.0,0.0,Closed,0.0,AsymmetricalDifferentHandshape,Curved,0,Hand,FingerUlnar,HandAway,1,C,0
pinch_1,pinch,H_01_095,i,Bent,0.0,,,Open,1.0,OneHanded,,0,Arm,UpperArm,,1,,1
all_of_sudden,all_of_sudden,H_01_096,imrp,Curved,1.0,0.0,0.0,Open,1.0,OneHanded,,0,Neutral,Neutral,,0,,0
document,document,H_01_097,imrp,Curved,0.0,0.0,0.0,Open,1.0,AsymmetricalDifferentHandshape,Straight,0,Hand,Palm,,1,B,0
fill_out,fill_out,H_01_099,imrp,Curved,0.0,0.0,0.0,Open,1.0,AsymmetricalDifferentHandshape,Straight,0,Hand,HandAway,HandAway,0,B,0
massage,massage,H_01_100,imrp,Curved,1.0,1.0,1.0,Open,0.0,SymmetricalOrAlternating,Curved,1,Neutral,Neutral,Neutral,0,curved_5,0
range,range,H_01_101,imrp,FullyOpen,0.0,0.0,0.0,Closed,0.0,AsymmetricalSameHandshape,Curved,0,Hand,Palm,Palm,1,closed_b,0
excited,excited,H_01_102,m,Flat,0.0,,,Open,0.0,SymmetricalOrAlternating,Curved,1,Body,TorsoTop,BodyAway,1,open_8,0
topic,topic,H_01_103,im,Bent,0.0,1.0,0.0,Closed,0.0,SymmetricalOrAlternating,Curved,1,Neutral,Neutral,,0,bent_v,0
dont_need,dont_need,H_01_104,i,Curved,0.0,,,Open,0.0,OneHanded,Straight,0,Head,UnderChin,HeadAway,1,,0
sharp_2,sharp_2,H_01_105,m,Flat,0.0,,,Open,0.0,AsymmetricalDifferentHandshape,BackAndForth,0,Hand,PalmBack,HandAway,1,C,1
improve,improve,H_02_003,imrp,FullyOpen,0.0,0.0,0.0,Open,0.0,OneHanded,Curved,0,Arm,ForearmBack,UpperArm,1,,0
basketball_2,basketball,H_02_004,imrp,Flat,0.0,1.0,0.0,Open,0.0,OneHanded,Straight,1,Neutral,Neutral,Neutral,0,,0
sweetheart,sweetheart,H_02_005,t,,1.0,,,Open,,SymmetricalOrAlternating,,1,Body,TorsoTop,,1,a,0
blank,blank,H_02_006,m,Flat,0.0,,,Open,0.0,SymmetricalOrAlternating,Straight,0,Neutral,Neutral,Neutral,1,open_8,0
curly_hair,curly_hair,H_02_007,imrp,Curved,0.0,1.0,0.0,Open,0.0,SymmetricalOrAlternating,Circular,1,Head,HeadAway,HeadAway,0,curved_5,1
deliberate,deliberate,H_02_009,imrp,Curved,0.0,1.0,1.0,Open,1.0,SymmetricalOrAlternating,Circular,1,Neutral,Neutral,Neutral,1,curved_5,0
weird,weird,H_02_011,imr,Flat,1.0,1.0,0.0,Open,0.0,OneHanded,Straight,1,Head,HeadAway,HeadAway,0,,0
sunbathe,sunbathe,H_02_013,imrp,Flat,0.0,1.0,0.0,Open,0.0,OneHanded,Circular,1,Head,HeadAway,HeadAway,0,,0
pole,pole,H_02_014,i,Curved,0.0,,,Open,1.0,DominanceViolation,Straight,0,Neutral,Neutral,Neutral,0,DominanceConditionViolation,0
area,area,H_02_015,imrp,FullyOpen,0.0,1.0,0.0,Open,0.0,AsymmetricalDifferentHandshape,Circular,1,Hand,FingerRadial,FingerRadial,1,S,0
profoundly_deaf,profoundly_deaf,H_02_016,imrp,FullyClosed,1.0,,0.0,Open,1.0,OneHanded,,0,Head,Other,,1,,0
lock_2,lock_2,H_02_017,i,Bent,0.0,,,Closed,0.0,AsymmetricalDifferentHandshape,,0,Hand,Palm,,1,B,1
until,until,H_02_018,i,FullyOpen,0.0,,,Closed,0.0,AsymmetricalSameHandshape,Straight,0,Hand,HandAway,FingerFront,1,1,0
same_time,same_time,H_02_021,i,FullyOpen,1.0,,,Open,0.0,SymmetricalOrAlternating,Straight,0,Neutral,Neutral,Neutral,1,l,0
align,align,H_02_022,imrp,Curved,0.0,1.0,0.0,Open,0.0,SymmetricalOrAlternating,Straight,0,Neutral,Neutral,Neutral,1,curved_5,1
philadelphia,philadelphia,H_02_023,im,Stacked,0.0,,0.0,Open,1.0,OneHanded,BackAndForth,0,Neutral,Neutral,Neutral,0,,0
boiling_mad,boiling_mad,H_02_025,imrp,Flat,1.0,1.0,0.0,Open,0.0,AsymmetricalDifferentHandshape,,1,Body,TorsoBottom,,0,B,0
hands_off,hands_off,H_02_027,m,Flat,1.0,,,Open,0.0,SymmetricalOrAlternating,,1,Body,Shoulder,BodyAway,1,open_8,0
dent,dent,H_02_030,imrp,Flat,1.0,0.0,0.0,Open,0.0,SymmetricalOrAlternating,,0,Neutral,Neutral,,1,flat_b,0
why_not,why_not,H_02_034,imrp,FullyOpen,1.0,0.0,0.0,Open,0.0,OneHanded,,0,Head,HeadAway,,0,,0
stimulate,stimulate,H_02_035,i,FullyClosed,1.0,,,Open,1.0,AsymmetricalDifferentHandshape,Straight,1,Hand,HandAway,HandAway,0,1,0
assign,assign,H_02_036,imrp,Curved,1.0,0.0,0.0,Open,1.0,OneHanded,Curved,0,Body,TorsoMid,BodyAway,1,,0
toss_out,toss_out,H_02_037,imrp,FullyClosed,1.0,,0.0,Closed,1.0,SymmetricalOrAlternating,BackAndForth,0,Neutral,Neutral,Neutral,0,s,0
california,california,H_02_038,ip,Flat,0.0,,,Open,0.0,OneHanded,,0,Head,Other,,1,,0
teenager,teenager,H_02_039,i,Bent,0.0,,,Open,1.0,OneHanded,Straight,0,Head,Mouth,CheekNose,1,,0
from_then_on,from_then_on,H_02_040,imrp,FullyOpen,0.0,0.0,0.0,Open,0.0,AsymmetricalSameHandshape,Curved,0,Hand,FingerBack,HandAway,1,open_b,0
every_year,every_year,H_02_041,i,FullyClosed,1.0,,,Open,1.0,AsymmetricalDifferentHandshape,Straight,1,Hand,FingerRadial,HandAway,1,S,0
accept,accept,H_02_042,imrp,Flat,1.0,1.0,1.0,Open,1.0,SymmetricalOrAlternating,Straight,0,Body,TorsoTop,,1,flatspread_5,0
one_year_ago,one_year_ago,H_02_043,i,Bent,0.0,,,Open,1.0,AsymmetricalDifferentHandshape,Straight,0,Hand,FingerRadial,,1,S,0
commute,commute,H_02_044,t,,,,,Open,,AsymmetricalDifferentHandshape,Straight,1,Hand,PalmBack,HandAway,1,B,0
cheerleader_1,cheerleader,H_02_045,imrp,FullyClosed,0.0,,0.0,Closed,1.0,SymmetricalOrAlternating,Z-shaped,0,Neutral,Neutral,Neutral,0,s,0
talk_dirty,talk_dirty,H_02_046,imrp,Curved,0.0,0.0,0.0,Open,0.0,AsymmetricalDifferentHandshape,Straight,1,Hand,PalmBack,FingerBack,1,B,0
long_word,long_word,H_02_047,i,FullyOpen,0.0,,,Closed,0.0,SymmetricalOrAlternating,Straight,0,Neutral,Neutral,Neutral,0,1,0
quarter,quarter,H_02_049,i,Flat,0.0,,,Open,0.0,OneHanded,Straight,1,Neutral,Neutral,Neutral,0,,0
sweat,sweat,H_02_051,imrp,Flat,0.0,1.0,0.0,Open,0.0,OneHanded,Straight,0,Head,CheekNose,HeadAway,1,,0
graduate_school,graduate_school,H_02_052,im,FullyOpen,0.0,1.0,0.0,Closed,0.0,OneHanded,Straight,1,Arm,WristFront,,1,,0
thank_you,thank_you,H_02_053,imrp,FullyOpen,0.0,0.0,0.0,Open,0.0,OneHanded,Curved,0,Head,Mouth,HeadAway,1,,0
interview,interview,H_02_054,p,FullyOpen,0.0,,,Closed,0.0,SymmetricalOrAlternating,Straight,1,Head,HeadAway,HeadAway,0,i,0
plow_1,plow,H_02_058,imrp,Curved,0.0,1.0,0.0,Open,0.0,SymmetricalOrAlternating,Straight,0,Neutral,Neutral,Neutral,0,curved_5,0
pack,pack,H_02_060,imrp,Flat,0.0,0.0,0.0,Open,1.0,SymmetricalOrAlternating,Curved,1,Neutral,Neutral,Neutral,0,flat_o,0
time_progress,time_progress,H_02_061,imrp,FullyOpen,0.0,0.0,0.0,Open,0.0,AsymmetricalSameHandshape,Curved,0,Hand,Palm,FingerFront,1,open_b,0
volunteer,volunteer,H_02_062,i,Curved,0.0,,,Open,1.0,OneHanded,Straight,1,Body,Clavicle,BodyAway,1,,0
heartbody,heartbody,H_02_063,m,Flat,0.0,,,Open,0.0,OneHanded,Straight,1,Body,TorsoTop,,1,,0
know_nothing,know_nothing,H_02_064,i,Curved,0.0,,,Open,1.0,OneHanded,Straight,0,Head,Forehead,,1,,0
caught,caught,H_02_069,imrp,Curved,1.0,1.0,1.0,Open,1.0,AsymmetricalDifferentHandshape,Curved,0,Hand,HandAway,Other,1,5,1
april,april,H_02_070,t,,,,,Open,,OneHanded,Straight,0,Neutral,Neutral,Neutral,0,,0
gotcha,gotcha,H_02_072,im,FullyOpen,0.0,0.0,0.0,Closed,0.0,OneHanded,BackAndForth,0,Neutral,Neutral,Neutral,0,,0
addict,addict,H_02_073,i,Bent,0.0,,,Closed,0.0,OneHanded,Straight,0,Head,Mouth,,1,,0
come_here,come_here,H_02_074,i,Bent,1.0,,,Closed,0.0,OneHanded,,1,Neutral,Neutral,,0,,0
hold_hands,hold_hands,H_02_075,imrp,Curved,1.0,0.0,0.0,Open,0.0,SymmetricalOrAlternating,,0,Neutral,Neutral,,1,c,0
needle,needle,H_02_077,i,FullyOpen,0.0,,,Open,0.0,OneHanded,Straight,1,Arm,UpperArm,,1,,0
oil_1,oil,H_02_078,t,,,,,Open,,AsymmetricalDifferentHandshape,Straight,1,Hand,HandAway,HandAway,0,C,0
really_into,really_into,H_02_079,im,Curved,0.0,1.0,0.0,Closed,0.0,OneHanded,,0,Head,CheekNose,,1,,0
intelligent,intelligent,H_02_080,i,FullyOpen,0.0,,,Closed,0.0,OneHanded,Straight,0,Head,Forehead,HeadAway,1,,0
weave,weave,H_02_081,imrp,FullyOpen,1.0,1.0,0.0,Closed,0.0,SymmetricalOrAlternating,Straight,1,Neutral,Neutral,Neutral,1,4,0
coach,coach,H_02_083,imrp,Curved,0.0,0.0,0.0,Open,0.0,OneHanded,Curved,1,Body,Shoulder,BodyAway,1,,1
scratch,scratch,H_02_084,i,Bent,0.0,,,Closed,0.0,AsymmetricalDifferentHandshape,Straight,0,Hand,PalmBack,PalmBack,1,Lax,0
brick,brick,H_02_085,i,Curved,1.0,,,Open,1.0,SymmetricalOrAlternating,Straight,0,Neutral,Neutral,Neutral,1,f,0
access,access,H_02_086,imrp,FullyOpen,0.0,0.0,0.0,Open,0.0,AsymmetricalDifferentHandshape,Straight,1,Hand,Palm,HandAway,1,B,0
alaska,alaska,H_02_087,imrp,FullyClosed,1.0,,1.0,Open,0.0,OneHanded,Curved,0,Head,HeadTop,CheekNose,1,,0
model_1,model_1,H_02_089,m,Flat,0.0,,,Open,0.0,OneHanded,,0,Body,Shoulder,,1,,0
two_of_us,two_of_us,H_02_090,im,Stacked,0.0,,0.0,Open,1.0,OneHanded,Straight,1,Neutral,Neutral,Neutral,0,,0
sound,sound,H_02_096,i,FullyOpen,0.0,,,Closed,0.0,OneHanded,Straight,1,Head,Other,,1,,0
vanish,vanish,H_02_098,imrp,Flat,1.0,1.0,1.0,Open,0.0,SymmetricalOrAlternating,Curved,0,Neutral,Neutral,Neutral,0,flatspread_5,0
scout,scout,H_02_099,p,Curved,0.0,,,Open,1.0,OneHanded,Straight,0,Head,HeadTop,,1,,0
pageant,pageant,H_02_100,imrp,Curved,0.0,0.0,0.0,Open,0.0,OneHanded,Curved,0,Body,Shoulder,Hips,1,,0
smooth,smooth,H_02_101,imrp,Stacked,1.0,,0.0,Open,1.0,SymmetricalOrAlternating,Straight,0,Neutral,Neutral,Neutral,0,stacked_5,0
dizzy,dizzy,H_02_102,imrp,Curved,0.0,1.0,0.0,Open,0.0,OneHanded,Circular,1,Head,HeadAway,HeadAway,0,,0
dog_4,dog,H_02_103,imrp,FullyOpen,0.0,0.0,0.0,Open,0.0,OneHanded,Straight,0,Body,Hips,,1,,0
cranky,cranky,H_02_104,imrp,FullyOpen,1.0,1.0,0.0,Open,0.0,OneHanded,,1,Head,HeadAway,,0,,0
delegate,delegate,H_03_001,i,Bent,0.0,,,Open,0.0,OneHanded,Straight,1,Body,Clavicle,TorsoTop,1,,0
experiment,experiment,H_03_002,imrp,Bent,0.0,0.0,0.0,Closed,1.0,SymmetricalOrAlternating,Circular,1,Neutral,Neutral,Neutral,0,e,0
against,against,H_03_003,imrp,FullyOpen,0.0,0.0,0.0,Open,0.0,AsymmetricalSameHandshape,Straight,0,Hand,Palm,,1,open_b,0
fourth,fourth,H_03_004,imrp,FullyOpen,0.0,1.0,0.0,Closed,0.0,OneHanded,,0,Neutral,Neutral,,0,,1
keep,keep,H_03_005,im,Stacked,0.0,,0.0,Open,1.0,DominanceViolation,Straight,0,Hand,FingerRadial,,1,DominanceConditionViolation,0
press,press,H_03_006,i,Flat,0.0,,,Closed,0.0,AsymmetricalDifferentHandshape,Straight,0,Hand,Palm,,1,B,0
duty,duty,H_03_008,mrp,Curved,0.0,0.0,0.0,Open,1.0,AsymmetricalDifferentHandshape,Straight,1,Hand,PalmBack,,1,B,0
luck,luck,H_03_009,i,FullyOpen,0.0,,,Open,0.0,OneHanded,Straight,1,Head,Chin,HeadAway,1,,0
tough,tough,H_03_010,im,Bent,0.0,1.0,0.0,Closed,0.0,DominanceViolation,Curved,0,Hand,FingerRadial,HandAway,1,DominanceConditionViolation,1
due,due,H_03_011,i,FullyOpen,0.0,,,Closed,0.0,AsymmetricalDifferentHandshape,Straight,0,Hand,Heel,,1,B,0
downhill,downhill,H_03_012,imrp,Flat,0.0,0.0,0.0,Closed,0.0,AsymmetricalSameHandshape,Straight,0,Hand,Palm,HandAway,1,flat_b,0
yoyo,yoyo,H_03_016,imrp,FullyClosed,1.0,,1.0,Open,0.0,OneHanded,Straight,1,Neutral,Neutral,Neutral,0,,0
erupt_1,erupt_1,H_03_017,imrp,Curved,1.0,0.0,1.0,Open,1.0,AsymmetricalDifferentHandshape,Straight,0,Hand,Other,HandAway,1,C,0
squeeze,squeeze,H_03_019,imrp,Curved,1.0,1.0,1.0,Open,0.0,OneHanded,Straight,0,Neutral,Neutral,Neutral,0,,0
sting,sting,H_03_022,i,Bent,0.0,,,Open,1.0,AsymmetricalDifferentHandshape,Straight,0,Hand,PalmBack,,1,C,0
soon_3,soon_3,H_03_023,i,Curved,0.0,,,Open,1.0,OneHanded,Straight,1,Head,CheekNose,,1,,0
oldest,oldest,H_03_024,imrp,Curved,1.0,0.0,0.0,Open,1.0,OneHanded,Curved,0,Head,Chin,HeadAway,1,,0
a_little_bit,a_little_bit,H_03_025,t,,1.0,,,Closed,,OneHanded,,1,Neutral,Neutral,,0,,0
protest,protest,H_03_026,imrp,FullyClosed,0.0,,0.0,Closed,1.0,OneHanded,Curved,0,Neutral,Neutral,,0,,1
hundred,hundred,H_03_027,imrp,Curved,0.0,0.0,0.0,Open,0.0,OneHanded,Straight,0,Neutral,Neutral,Neutral,0,,0
give_up,give_up,H_03_028,imrp,Curved,1.0,0.0,0.0,Open,0.0,SymmetricalOrAlternating,Straight,0,Neutral,Neutral,Neutral,0,c,0
pair,pair,H_03_031,im,FullyOpen,0.0,1.0,0.0,Closed,0.0,DominanceViolation,Straight,1,Hand,FingerTip,,1,DominanceConditionViolation,0
cool_4,cool_3,H_03_032,i,Bent,0.0,,,Open,1.0,OneHanded,,0,Head,Mouth,,1,,1
pass,pass,H_03_033,t,,,,,Open,,AsymmetricalSameHandshape,Curved,0,Hand,FingerBack,HandAway,1,a,1
roll_up_sleeves,roll_up_sleeves,H_03_034,imrp,Curved,1.0,1.0,1.0,Open,0.0,SymmetricalOrAlternating,Other,0,Arm,WristBack,ArmAway,1,curved_5,0
knock_off,knock_off,H_03_035,imrp,FullyOpen,0.0,0.0,0.0,Open,0.0,OneHanded,Curved,0,Neutral,Neutral,Neutral,0,,1
role,role,H_03_036,im,Crossed,0.0,0.0,0.0,Closed,0.0,AsymmetricalDifferentHandshape,Circular,0,Hand,HandAway,Palm,1,B,1
barely,barely,H_03_037,i,Curved,0.0,,,Open,1.0,OneHanded,Straight,0,Head,HeadTop,HeadAway,1,,0
eye_turn,eye_turn,H_03_039,i,Curved,0.0,,,Open,1.0,SymmetricalOrAlternating,Straight,0,Head,HeadAway,HeadAway,0,f,0
jewelry,jewelry,H_03_040,imrp,FullyOpen,1.0,1.0,0.0,Closed,0.0,SymmetricalOrAlternating,Curved,1,Body,TorsoTop,Shoulder,1,4,0
one_more_1,one_more_1,H_03_041,i,FullyOpen,1.0,,,Open,1.0,AsymmetricalDifferentHandshape,,1,Hand,FingerTip,,1,O,0
surgery,surgery,H_03_046,t,,,,,Open,,AsymmetricalDifferentHandshape,Straight,0,Hand,Palm,Heel,1,B,0
upset_2,upset_2,H_03_047,im,Stacked,0.0,,0.0,Open,1.0,OneHanded,Curved,0,Body,TorsoMid,TorsoMid,1,,1
capture,capture,H_03_048,imrp,Curved,1.0,1.0,0.0,Open,1.0,AsymmetricalDifferentHandshape,Straight,0,Hand,HandAway,FingerRadial,1,C,0
navy,navy,H_03_049,imrp,Flat,1.0,0.0,0.0,Open,1.0,SymmetricalOrAlternating,Straight,1,Body,BodyAway,BodyAway,0,flat_o,0
take_off,take_off,H_03_050,imrp,FullyOpen,1.0,0.0,0.0,Open,0.0,AsymmetricalSameHandshape,Curved,0,Hand,Palm,HandAway,1,open_b,0
peel_1,peel_1,H_03_052,i,Bent,0.0,,,Closed,0.0,AsymmetricalDifferentHandshape,Straight,1,Hand,FingerRadial,FingerRadial,1,1,0
mosquito,mosquito,H_03_053,i,Curved,0.0,,,Open,1.0,AsymmetricalDifferentHandshape,Straight,0,Hand,PalmBack,,1,B,0
us,us,H_03_055,im,Flat,0.0,0.0,0.0,Closed,0.0,OneHanded,Curved,0,Body,Clavicle,Clavicle,1,,0
pissed_off,pissed_off,H_03_056,im,Stacked,,,,Open,1.0,OneHanded,Straight,0,Head,CheekNose,HeadAway,1,,1
comfortable,comfortable,H_03_058,imrp,Curved,1.0,0.0,0.0,Open,0.0,SymmetricalOrAlternating,Other,1,Neutral,Neutral,Neutral,1,c,0
sharpen_1,sharpen_1,H_03_060,i,Bent,0.0,,,Open,1.0,AsymmetricalSameHandshape,Straight,1,Hand,FingerBack,HandAway,1,baby_o,0
kindergarten,kindergarten,H_03_062,im,Stacked,0.0,,0.0,Open,1.0,AsymmetricalDifferentHandshape,Straight,1,Hand,HandAway,HandAway,0,B,0
humor,humor,H_03_063,im,Flat,0.0,0.0,0.0,Closed,0.0,OneHanded,Straight,1,Head,CheekNose,HeadAway,1,,0
maple,maple,H_03_064,m,Curved,1.0,,,Open,1.0,OneHanded,,1,Neutral,Neutral,,0,,0
react,react,H_03_065,im,Crossed,0.0,0.0,0.0,Closed,0.0,SymmetricalOrAlternating,Curved,0,Head,Mouth,HeadAway,1,r,0
situation,situation,H_03_066,imrp,FullyClosed,0.0,,0.0,Closed,1.0,AsymmetricalDifferentHandshape,Curved,0,Hand,FingerRadial,HandAway,1,1,1
parallel,parallel,H_03_067,i,FullyOpen,0.0,,,Closed,0.0,AsymmetricalSameHandshape,Curved,0,Neutral,Neutral,Neutral,0,1,1
toy_3,toy_3,H_03_070,i,Bent,0.0,,,Open,1.0,SymmetricalOrAlternating,,1,Neutral,Neutral,,0,baby_o,1
identity,identity,H_03_071,p,FullyOpen,0.0,,,Closed,0.0,AsymmetricalDifferentHandshape,Straight,0,Hand,Palm,,1,B,0
poop,poop,H_03_072,t,,,,,Open,,AsymmetricalSameHandshape,Straight,0,Hand,Other,HandAway,1,a,0
whisper,whisper,H_03_075,imrp,Flat,1.0,1.0,0.0,Closed,0.0,OneHanded,,1,Head,Mouth,,1,,0
all_over_body,all_over_body,H_03_078,imrp,FullyOpen,0.0,1.0,0.0,Open,0.0,SymmetricalOrAlternating,Straight,0,Neutral,Neutral,Neutral,1,5,0
script,script,H_03_081,imrp,FullyClosed,0.0,,0.0,Closed,1.0,AsymmetricalDifferentHandshape,Straight,0,Hand,FingerFront,Heel,1,B,0
instagram,instagram,H_03_083,i,Curved,0.0,,,Open,0.0,OneHanded,Straight,1,Neutral,Neutral,Neutral,0,,0
double,double,H_03_084,im,Stacked,0.0,,0.0,Open,1.0,AsymmetricalDifferentHandshape,Curved,0,Hand,Palm,HandAway,1,B,1
therapy,therapy,H_03_088,i,Bent,0.0,,,Open,1.0,AsymmetricalDifferentHandshape,Straight,1,Hand,Palm,,1,B,0
recent_1,recent,H_03_090,i,Bent,0.0,,,Closed,0.0,OneHanded,,1,Head,CheekNose,,1,,0
mexican_2,mexican_2,H_03_091,imr,Flat,0.0,0.0,0.0,Closed,1.0,OneHanded,Straight,1,Head,CheekNose,HeadAway,1,,0
space,space,H_03_093,m,Flat,0.0,,,Open,0.0,AsymmetricalDifferentHandshape,Curved,1,Hand,PalmBack,HandAway,1,C,0
philosophy,philosophy,H_03_095,imrp,FullyOpen,0.0,1.0,1.0,Closed,0.0,OneHanded,Straight,1,Head,Forehead,HeadAway,1,,0
heap,heap,H_03_096,imrp,Curved,0.0,0.0,0.0,Open,0.0,OneHanded,Curved,0,Arm,ArmAway,ArmAway,0,,0
senior_citizen,senior_citizen,H_03_097,imrp,FullyClosed,,,,Closed,1.0,OneHanded,Straight,0,Head,Chin,Chin,1,,0
pickle,pickle,H_03_098,im,Stacked,0.0,,0.0,Open,1.0,OneHanded,,1,Head,Mouth,,1,,1
cool_3,cool_3,H_03_099,i,Curved,0.0,,,Open,1.0,OneHanded,,0,Head,Mouth,,1,,1
opinion_2,opinion_2,H_03_101,imrp,Curved,0.0,0.0,0.0,Open,1.0,OneHanded,Straight,0,Head,Forehead,HeadAway,1,,0
hood,hood,H_03_104,i,Bent,0.0,,,Open,1.0,SymmetricalOrAlternating,Curved,0,Head,HeadAway,HeadAway,0,baby_o,0
leave_alone,leave_alone,H_03_105,imrp,FullyOpen,0.0,1.0,0.0,Open,0.0,SymmetricalOrAlternating,BackAndForth,0,Neutral,Neutral,Neutral,0,5,0
group,group,J_01_001,i,Flat,0.0,,,Open,0.0,SymmetricalOrAlternating,Curved,0,Neutral,Neutral,Neutral,1,g,1
feedback,feedback,J_01_002,i,Curved,1.0,,,Open,1.0,SymmetricalOrAlternating,Straight,0,Neutral,Neutral,Neutral,0,f,0
cool_5,cool_5,J_01_004,imrp,FullyOpen,1.0,1.0,0.0,Open,0.0,SymmetricalOrAlternating,,1,Head,HeadAway,,0,5,0
dont_feel_like,dont_feel_like,J_01_005,i,FullyOpen,0.0,,,Closed,0.0,OneHanded,Curved,0,Head,CheekNose,HeadAway,1,,1
fingers_crossed,fingers_crossed,J_01_006,im,Crossed,0.0,0.0,0.0,Closed,0.0,SymmetricalOrAlternating,,0,Neutral,Neutral,,0,r,0
story_2,story_2,J_01_007,imrp,Curved,0.0,0.0,0.0,Open,1.0,SymmetricalOrAlternating,Straight,1,Neutral,Neutral,Neutral,1,o,1
negative,negative,J_01_008,i,Flat,0.0,,,Closed,0.0,AsymmetricalDifferentHandshape,Straight,1,Hand,Palm,,1,B,0
express,express,J_01_009,imrp,FullyClosed,1.0,,1.0,Closed,1.0,SymmetricalOrAlternating,Curved,0,Body,TorsoMid,BodyAway,1,s,0
fashion,fashion,J_01_010,i,Flat,1.0,,,Open,1.0,SymmetricalOrAlternating,Curved,1,Neutral,Neutral,Neutral,0,g,0
steam,steam,J_01_011,imrp,FullyClosed,1.0,,1.0,Open,0.0,SymmetricalOrAlternating,Straight,1,Neutral,Neutral,Neutral,0,a,0
donkey,donkey,J_01_012,imrp,FullyOpen,1.0,0.0,0.0,Open,0.0,SymmetricalOrAlternating,,1,Head,Other,Other,1,open_b,0
march,march,J_01_013,imrp,Flat,1.0,0.0,1.0,Open,0.0,SymmetricalOrAlternating,Straight,1,Neutral,Neutral,Neutral,0,flat_b,0
articulate_sign,articulate_sign,J_01_014,imrp,FullyClosed,1.0,,1.0,Closed,1.0,SymmetricalOrAlternating,Curved,1,Neutral,Neutral,Neutral,0,s,0
community,community,J_01_015,imrp,Flat,0.0,0.0,0.0,Open,0.0,SymmetricalOrAlternating,Straight,1,Neutral,Neutral,Neutral,1,flat_b,1
popular,popular,J_01_016,imrp,FullyOpen,0.0,1.0,0.0,Open,0.0,AsymmetricalDifferentHandshape,Straight,1,Hand,FingerRadial,,1,1,0
lost,lost,J_01_017,imrp,FullyOpen,0.0,1.0,0.0,Open,0.0,SymmetricalOrAlternating,Curved,0,Neutral,Neutral,Neutral,1,5,1
supervise,supervise,J_01_018,im,Stacked,0.0,,0.0,Open,1.0,SymmetricalOrAlternating,Circular,1,Neutral,Neutral,Neutral,1,p,0
environment,environment,J_01_022,imrp,Bent,0.0,0.0,0.0,Closed,1.0,AsymmetricalDifferentHandshape,Curved,0,Hand,FingerRadial,FingerUlnar,1,1,1
shoot_1,shoot,J_01_024,i,FullyOpen,0.0,,,Open,0.0,SymmetryViolation,Curved,0,Neutral,Neutral,Neutral,0,C,0
vision,vision,J_01_025,im,Stacked,0.0,,0.0,Open,1.0,SymmetricalOrAlternating,Straight,1,Head,Eye,HeadAway,1,p,0
long_ago,long_ago,J_01_026,imrp,FullyOpen,0.0,0.0,0.0,Open,0.0,OneHanded,Circular,1,Body,BodyAway,BodyAway,1,,0
respect,respect,J_01_029,im,Crossed,0.0,0.0,0.0,Closed,0.0,SymmetricalOrAlternating,Curved,0,Head,Forehead,HeadAway,1,r,0
yay,yay,J_01_030,imrp,FullyOpen,0.0,1.0,0.0,Open,0.0,SymmetricalOrAlternating,,1,Head,HeadAway,,0,5,1
client,client,J_01_031,imrp,Curved,0.0,0.0,0.0,Open,0.0,SymmetricalOrAlternating,Straight,0,Body,TorsoTop,TorsoBottom,1,c,0
wrestle,wrestle,J_01_033,imrp,FullyOpen,0.0,1.0,0.0,Open,0.0,SymmetricalOrAlternating,Curved,1,Neutral,Neutral,Neutral,1,5,1
slice_1,slice,J_01_035,imrp,FullyOpen,0.0,0.0,0.0,Closed,0.0,AsymmetricalDifferentHandshape,Straight,1,Hand,FingerTip,HandAway,1,O,0
meditate_1,meditate,J_01_037,m,Curved,0.0,,,Open,1.0,SymmetricalOrAlternating,Straight,0,Neutral,Neutral,,0,1,0
photography,photography,J_01_038,i,FullyOpen,1.0,,,Open,0.0,SymmetricalOrAlternating,Circular,1,Neutral,Neutral,Neutral,0,l,0
result,result,J_01_039,im,Crossed,0.0,0.0,0.0,Closed,0.0,AsymmetricalDifferentHandshape,BackAndForth,0,Hand,FingerRadial,HandAway,1,B,0
afternoon,afternoon,J_01_040,imrp,FullyOpen,0.0,0.0,0.0,Closed,0.0,OneHanded,,1,Neutral,Neutral,,0,,0
go_ahead,go_ahead,J_01_041,imrp,Flat,0.0,0.0,0.0,Open,0.0,SymmetricalOrAlternating,Straight,0,Neutral,Neutral,Neutral,0,flat_b,0
all_together,all_together,J_01_044,imrp,Curved,1.0,1.0,1.0,Open,1.0,SymmetricalOrAlternating,Curved,0,Neutral,Neutral,Neutral,1,curved_5,1
fantasy,fantasy,J_01_045,i,Curved,0.0,,,Open,1.0,SymmetricalOrAlternating,Circular,1,Head,HeadAway,HeadAway,0,f,0
lead,lead,J_01_046,t,,,,,Open,,AsymmetricalDifferentHandshape,Straight,1,Hand,FingerTip,,1,B,0
breaktime,breaktime,J_01_047,imrp,FullyOpen,0.0,0.0,0.0,Closed,0.0,AsymmetricalDifferentHandshape,Straight,0,Hand,Other,,1,5,0
automatic,automatic,J_01_048,i,Bent,0.0,,,Closed,0.0,AsymmetricalDifferentHandshape,BackAndForth,0,Hand,FingerUlnar,FingerUlnar,1,B,0
foul,foul,J_01_049,i,FullyOpen,0.0,,,Closed,0.0,OneHanded,Straight,1,Head,Other,HeadAway,1,,0
hard_of_hearing,hard_of_hearing,J_01_050,im,FullyOpen,,0.0,,Closed,0.0,OneHanded,Curved,0,Neutral,Neutral,Neutral,0,,0
punch_face,punch_face,J_01_051,imrp,FullyClosed,0.0,,0.0,Closed,1.0,OneHanded,Straight,0,Head,CheekNose,,1,,0
curl,curl,J_01_052,im,Crossed,0.0,0.0,0.0,Closed,0.0,OneHanded,Z-shaped,0,Head,HeadTop,HeadTop,1,,0
breakfast_2,breakfast,J_01_053,imrp,FullyOpen,0.0,0.0,0.0,Closed,0.0,OneHanded,Circular,1,Head,Chin,HeadAway,1,,0
project,project,J_01_054,im,Stacked,,,,Open,1.0,AsymmetricalDifferentHandshape,BackAndForth,0,Hand,FingerFront,FingerBack,1,B,0
at,at,J_01_055,imrp,Flat,0.0,0.0,0.0,Open,0.0,AsymmetricalSameHandshape,Straight,0,Hand,PalmBack,,1,flat_b,0
toy_2,toy_2,J_01_056,i,Curved,0.0,,,Closed,0.0,OneHanded,Straight,1,Head,Chin,HeadAway,1,,0
major,major,J_01_057,imrp,FullyOpen,0.0,0.0,0.0,Closed,0.0,AsymmetricalSameHandshape,Straight,1,Hand,FingerRadial,HandAway,1,closed_b,0
square,square,J_01_060,i,FullyOpen,1.0,,,Closed,0.0,SymmetricalOrAlternating,Other,0,Neutral,Neutral,Neutral,1,1,0
single_out,single_out,J_01_061,imrp,FullyOpen,0.0,0.0,0.0,Closed,0.0,AsymmetricalDifferentHandshape,Straight,1,Hand,FingerRadial,,1,1,0
square_idiot,square_idiot,J_01_062,i,Flat,0.0,,,Open,0.0,OneHanded,,0,Neutral,Neutral,,0,,1
dip_1,dip_1,J_01_063,imrp,Curved,0.0,0.0,0.0,Open,1.0,AsymmetricalDifferentHandshape,Curved,0,Hand,HandAway,HandAway,0,C,1
cross_heart,cross_heart,J_01_064,i,Flat,0.0,,,Closed,0.0,OneHanded,X-shaped,0,Body,TorsoTop,TorsoTop,1,,1
turn,turn,J_01_065,i,FullyOpen,0.0,,,Open,0.0,OneHanded,Curved,1,Neutral,Neutral,,0,,1
regular,regular,J_01_067,i,FullyOpen,0.0,,,Closed,0.0,AsymmetricalSameHandshape,Curved,1,Hand,FingerRadial,HandAway,1,1,0
elementary_school,elementary_school,J_01_070,imrp,Bent,0.0,1.0,0.0,Closed,1.0,AsymmetricalDifferentHandshape,Circular,1,Hand,HandAway,HandAway,0,B,0
goody_goody_shoe_opposite,goody_goody_shoe_opposite,J_01_072,imp,FullyOpen,0.0,0.0,0.0,Open,0.0,OneHanded,Curved,0,Neutral,Neutral,Neutral,0,,0
priority,priority,J_01_074,imrp,FullyClosed,0.0,,0.0,Closed,1.0,AsymmetricalDifferentHandshape,Curved,0,Hand,HandAway,FingerTip,1,5,0
different_situation,different_situation,J_01_075,i,FullyOpen,0.0,,,Open,0.0,OneHanded,,1,Neutral,Neutral,,0,,1
overnight,overnight,J_01_076,imrp,Curved,0.0,0.0,0.0,Open,0.0,AsymmetricalSameHandshape,Curved,0,Neutral,Neutral,Neutral,0,c,1
wash_face_2,wash_face_2,J_01_078,imrp,FullyOpen,0.0,0.0,0.0,Open,0.0,SymmetricalOrAlternating,Circular,1,Head,CheekNose,CheekNose,1,open_b,0
fond,fond,J_01_079,imrp,Curved,0.0,1.0,0.0,Open,0.0,OneHanded,Curved,0,Head,HeadAway,HeadAway,0,,1
transgender,transgender,J_01_082,imrp,Curved,0.0,1.0,1.0,Open,1.0,OneHanded,Curved,0,Body,TorsoTop,TorsoMid,1,,1
clip,clip,J_01_083,im,FullyOpen,0.0,1.0,1.0,Closed,0.0,AsymmetricalDifferentHandshape,Straight,0,Hand,FingerTip,HandAway,1,DominanceConditionViolation,0
resign,resign,J_01_084,im,Curved,0.0,1.0,0.0,Closed,0.0,AsymmetricalDifferentHandshape,Curved,0,Hand,FingerUlnar,HandAway,1,C,0
either,either,J_01_085,im,Flat,1.0,1.0,0.0,Closed,0.0,DominanceViolation,,1,Hand,FingerTip,,1,DominanceConditionViolation,0
polish,polish,J_01_086,t,,,,,Open,,AsymmetricalDifferentHandshape,Straight,1,Hand,FingerRadial,FingerRadial,1,1,0
ceiling,ceiling,J_01_091,imrp,Flat,0.0,0.0,0.0,Open,0.0,SymmetricalOrAlternating,Straight,0,Head,HeadAway,HeadAway,0,flat_b,0
kitten,kitten,J_01_092,im,Stacked,0.0,,0.0,Open,1.0,OneHanded,Straight,1,Head,CheekNose,HeadAway,1,,0
look_back,look_back,J_01_094,im,FullyOpen,0.0,1.0,0.0,Closed,0.0,OneHanded,Curved,0,Head,Eye,HeadAway,1,,0
will_go,will_go,J_01_095,imrp,FullyOpen,0.0,0.0,0.0,Open,0.0,OneHanded,Straight,0,Head,CheekNose,HeadAway,0,,0
stack_1,stack,J_01_096,imrp,Curved,0.0,0.0,0.0,Open,0.0,AsymmetricalDifferentHandshape,Curved,0,Hand,FingerBack,HandAway,1,B,0
visitor,visitor,J_01_097,im,Stacked,0.0,,0.0,Open,1.0,SymmetricalOrAlternating,Circular,1,Head,Eye,HeadAway,1,p,0
several,several,J_01_099,imrp,Stacked,1.0,,1.0,Open,0.0,OneHanded,Curved,0,Neutral,Neutral,Neutral,0,,1
consume,consume,J_01_101,imrp,Curved,1.0,1.0,1.0,Open,1.0,OneHanded,Curved,0,Head,HeadAway,Other,1,,0
board,board,J_01_105,imrp,FullyOpen,0.0,0.0,0.0,Closed,0.0,OneHanded,Curved,0,Body,Clavicle,Clavicle,1,,0
proximalization,proximalization,J_01_106,im,Bent,0.0,1.0,0.0,Closed,0.0,OneHanded,Curved,0,Arm,ArmAway,ArmAway,0,,1
sophomore,sophomore,J_01_107,i,FullyOpen,1.0,,,Closed,0.0,AsymmetricalDifferentHandshape,Straight,1,Hand,FingerTip,,1,5,0
opinion_1,opinion_1,J_01_108,imrp,Curved,0.0,0.0,0.0,Open,1.0,OneHanded,Straight,1,Head,HeadAway,HeadAway,0,,0
confused_1,confused,J_01_110,imrp,Curved,0.0,1.0,0.0,Open,0.0,OneHanded,,0,Head,Forehead,,1,,0
sunday_2,Sunday,J_02_001,m,Flat,0.0,,,Open,0.0,DominanceViolation,Straight,0,Hand,PalmBack,,1,DominanceConditionViolation,0
model_2,model_2,J_02_005,imrp,Flat,0.0,0.0,0.0,Closed,1.0,AsymmetricalDifferentHandshape,Straight,1,Hand,Palm,,1,B,0
hear_2,hear_2,J_02_006,imrp,Curved,0.0,0.0,0.0,Open,0.0,OneHanded,Straight,0,Head,Other,,1,,0
overtake,overtake,J_02_007,imrp,FullyOpen,1.0,1.0,1.0,Open,0.0,AsymmetricalDifferentHandshape,Straight,0,Hand,Palm,FingerFront,1,B,0
interpret,interpret,J_02_009,i,Curved,0.0,,,Open,1.0,SymmetricalOrAlternating,,0,Neutral,Neutral,,1,f,1
again,again,J_02_013,imrp,Flat,0.0,0.0,0.0,Open,0.0,AsymmetricalSameHandshape,Curved,0,Hand,HandAway,Palm,1,flat_b,1
jaw_drop,jaw_drop,J_02_014,im,Curved,0.0,1.0,0.0,Closed,0.0,OneHanded,Curved,0,Head,Mouth,HeadAway,1,,0
swear_in,swear_in,J_02_016,imrp,FullyOpen,0.0,0.0,0.0,Open,0.0,AsymmetricalSameHandshape,Straight,0,Neutral,Neutral,Neutral,0,open_b,0
crash,crash,J_02_017,imrp,Curved,1.0,1.0,1.0,Open,1.0,AsymmetricalDifferentHandshape,Straight,0,Hand,HandAway,Palm,1,B,0
shave_2,shave_2,J_02_018,imrp,FullyClosed,0.0,,0.0,Closed,1.0,AsymmetricalSameHandshape,Curved,0,Hand,PalmBack,Other,1,s,0
howl,howl,J_02_019,imrp,Curved,0.0,0.0,0.0,Open,0.0,OneHanded,Straight,0,Head,HeadAway,HeadAway,1,,0
special_2,special,J_02_020,i,Flat,0.0,,,Open,0.0,SymmetryViolation,Straight,0,Hand,FingerTip,,1,1,0
paranoid,paranoid,J_02_021,im,Stacked,0.0,,0.0,Open,1.0,SymmetricalOrAlternating,,1,Head,Eye,,1,p,1
hospital_2,hospital,J_02_022,im,FullyOpen,0.0,0.0,0.0,Closed,0.0,OneHanded,Straight,0,Head,Forehead,Forehead,1,,0
dinner_2,dinner,J_02_023,mrp,Curved,0.0,0.0,0.0,Open,1.0,OneHanded,Straight,1,Head,Chin,HeadAway,1,,0
half_hour,half_hour,J_02_024,imrp,FullyOpen,1.0,0.0,0.0,Closed,0.0,AsymmetricalSameHandshape,Curved,0,Hand,FingerFront,Palm,1,closed_b,0
chew_2,chew_2,J_02_027,imrp,Curved,1.0,1.0,1.0,Open,1.0,OneHanded,Circular,1,Neutral,Neutral,Neutral,0,,0
inept,inept,J_02_032,imrp,FullyClosed,1.0,,0.0,Open,0.0,AsymmetricalDifferentHandshape,Curved,0,Hand,FingerRadial,HandAway,1,S,0
cherish,cherish,J_02_033,imrp,Curved,1.0,1.0,1.0,Open,1.0,SymmetricalOrAlternating,Straight,0,Head,Chin,HeadAway,1,curved_5,0
hitchhike,hitchhike,J_02_034,t,,,,,Open,,OneHanded,Straight,1,Body,BodyAway,BodyAway,0,,0
article,article,J_02_041,i,Curved,0.0,,,Open,0.0,AsymmetricalDifferentHandshape,Straight,0,Hand,HandAway,HandAway,0,B,0
mexican_1,mexican_1,J_02_045,im,FullyOpen,0.0,1.0,0.0,Closed,0.0,OneHanded,Curved,1,Head,Forehead,HeadAway,1,,0
institute,institute,J_02_047,p,FullyOpen,0.0,,,Closed,0.0,DominanceViolation,Straight,1,Hand,FingerRadial,,1,DominanceConditionViolation,0
call_2,call_2,J_02_048,im,FullyOpen,0.0,0.0,0.0,Closed,0.0,DominanceViolation,Straight,0,Hand,FingerRadial,,0,DominanceConditionViolation,0
positive,positive,J_02_050,i,FullyOpen,0.0,,,Closed,0.0,AsymmetricalSameHandshape,Straight,1,Hand,FingerRadial,,1,1,0
bark_1,bark,J_02_051,imrp,Flat,0.0,1.0,0.0,Open,0.0,SymmetricalOrAlternating,Curved,1,Neutral,Neutral,,0,flatspread_5,0
fade,fade,J_02_053,imrp,Flat,1.0,0.0,0.0,Open,1.0,SymmetricalOrAlternating,Straight,0,Neutral,Neutral,Neutral,0,flat_o,0
welcome_1,welcome,J_02_054,imrp,Curved,0.0,0.0,0.0,Open,0.0,OneHanded,Curved,0,Body,BodyAway,TorsoBottom,1,,1
workshop,workshop,J_02_055,p,Curved,,,,Open,1.0,SymmetricalOrAlternating,Curved,0,Neutral,Neutral,Neutral,1,w,1
recent_2,recent,J_02_056,i,Bent,0.0,,,Closed,0.0,OneHanded,Straight,1,Head,CheekNose,,1,,0
every_night,every_night,J_02_058,imrp,Flat,0.0,0.0,0.0,Open,0.0,SymmetryViolation,Straight,0,Neutral,Neutral,Neutral,1,B,0
once,once,J_02_059,i,Flat,0.0,,,Closed,0.0,AsymmetricalDifferentHandshape,Curved,0,Hand,Palm,HandAway,1,B,1
stay_awake_24hrs,stay_awake_24hrs,J_02_060,imrp,Curved,0.0,0.0,0.0,Open,0.0,SymmetricalOrAlternating,,0,Head,Eye,,1,c,0
faculty,faculty,J_02_061,i,Curved,0.0,,,Open,1.0,OneHanded,Straight,0,Body,Clavicle,Clavicle,1,,0
admit,admit,J_02_062,imrp,FullyOpen,0.0,0.0,0.0,Open,0.0,OneHanded,Curved,0,Body,TorsoMid,BodyAway,1,,0
perceive,perceive,J_02_063,im,FullyOpen,1.0,1.0,0.0,Open,0.0,SymmetricalOrAlternating,,0,Head,Eye,,1,3,0
former,former,J_02_066,imrp,FullyOpen,0.0,1.0,0.0,Open,0.0,OneHanded,Circular,1,Body,Clavicle,BodyAway,1,,0
dog_3,dog,J_02_068,mrp,Stacked,,0.0,,Open,1.0,OneHanded,,1,Neutral,Neutral,,0,,0
hatch_1,hatch,J_02_069,im,Curved,0.0,1.0,0.0,Open,0.0,SymmetricalOrAlternating,Curved,0,Neutral,Neutral,Neutral,1,curved_v,0
function,function,J_02_071,i,Curved,0.0,,,Open,1.0,AsymmetricalDifferentHandshape,BackAndForth,0,Hand,PalmBack,PalmBack,1,B,0
third_2,third,J_02_072,im,FullyOpen,0.0,1.0,0.0,Open,0.0,OneHanded,Curved,0,Neutral,Neutral,Neutral,0,,1
deal_cards,deal_cards,J_02_074,i,Bent,0.0,,,Open,1.0,SymmetricalOrAlternating,Curved,0,Neutral,Neutral,Neutral,1,baby_o,0
network,network,J_02_075,m,Flat,0.0,,,Open,0.0,SymmetricalOrAlternating,Circular,1,Neutral,Neutral,Neutral,1,open_8,0
triple,triple,J_02_077,im,FullyOpen,0.0,1.0,0.0,Open,0.0,AsymmetricalDifferentHandshape,Curved,0,Hand,Palm,HandAway,1,B,1
recite,recite,J_02_078,imrp,Curved,1.0,0.0,1.0,Open,1.0,OneHanded,Straight,1,Neutral,Neutral,Neutral,0,,0
triangle,triangle,J_02_080,i,FullyOpen,0.0,,,Closed,0.0,SymmetricalOrAlternating,BackAndForth,0,Neutral,Neutral,Neutral,1,1,0
turn_around,turn_around,J_02_086,i,FullyOpen,0.0,,,Closed,0.0,OneHanded,Circular,1,Neutral,Neutral,Neutral,0,,1
short_word,short_word,J_02_087,im,FullyOpen,0.0,0.0,0.0,Closed,0.0,SymmetricalOrAlternating,Straight,0,Neutral,Neutral,Neutral,0,h,0
twins_2,twins,J_02_089,i,Bent,0.0,,,Open,1.0,OneHanded,Z-shaped,0,Head,Chin,Chin,1,,0
opportunity,opportunity,J_02_090,imrp,Curved,,0.0,,Open,1.0,SymmetricalOrAlternating,Straight,0,Neutral,Neutral,Neutral,0,o,0
sensitive,sensitive,J_02_091,m,Flat,0.0,,,Open,0.0,OneHanded,BackAndForth,0,Body,TorsoTop,BodyAway,1,,1
remove,remove,J_02_092,imrp,Curved,1.0,0.0,1.0,Open,0.0,AsymmetricalDifferentHandshape,BackAndForth,0,Hand,Palm,HandAway,1,B,0
grind,grind,J_02_094,imrp,FullyClosed,0.0,,0.0,Closed,1.0,AsymmetricalSameHandshape,Circular,1,Hand,HandAway,HandAway,0,s,0
quality,quality,J_02_095,i,Flat,0.0,,,Open,0.0,OneHanded,Circular,0,Body,BodyAway,Clavicle,1,,1
make_believe,make_believe,J_02_097,imrp,FullyOpen,0.0,1.0,0.0,Closed,0.0,OneHanded,Straight,0,Head,Forehead,HeadAway,1,,0
eight,eight,J_02_099,m,Curved,0.0,,,Open,1.0,OneHanded,,1,Neutral,Neutral,,0,,0
celebrate,celebrate,J_02_100,i,Bent,0.0,,,Closed,0.0,SymmetricalOrAlternating,Circular,1,Head,HeadAway,HeadAway,0,bent_1,0
remind,remind,J_02_103,imrp,Flat,0.0,0.0,0.0,Open,0.0,AsymmetricalDifferentHandshape,Straight,1,Hand,FingerRadial,,1,1,0
blouse,blouse,J_02_104,imrp,Flat,0.0,1.0,0.0,Open,0.0,OneHanded,Curved,0,Body,TorsoTop,Hips,1,,1
label,label,J_02_105,im,FullyOpen,0.0,0.0,0.0,Closed,0.0,AsymmetricalDifferentHandshape,Straight,0,Hand,Palm,Palm,1,B,0
often,often,J_02_106,imrp,Flat,0.0,0.0,0.0,Open,0.0,AsymmetricalDifferentHandshape,Z-shaped,0,Hand,Palm,FingerFront,1,B,0
boston,boston,J_03_001,imrp,FullyOpen,0.0,0.0,0.0,Closed,0.0,OneHanded,Straight,1,Neutral,Neutral,Neutral,0,,0
replace,replace,J_03_007,i,Bent,0.0,,,Open,1.0,SymmetricalOrAlternating,Curved,0,Neutral,Neutral,Neutral,0,baby_o,0
toss,toss,J_03_009,imrp,FullyClosed,1.0,,1.0,Closed,1.0,OneHanded,Curved,0,Neutral,Neutral,Neutral,0,,0
get_in_bed,get_in_bed,J_03_010,im,Flat,0.0,0.0,0.0,Closed,0.0,AsymmetricalDifferentHandshape,Straight,0,Hand,Other,,1,C,0
adopt,adopt,J_03_014,imrp,Flat,1.0,1.0,1.0,Open,1.0,SymmetricalOrAlternating,Straight,0,Neutral,Neutral,Neutral,0,flatspread_5,0
advertise,advertise,J_03_015,imrp,FullyClosed,1.0,,1.0,Closed,1.0,AsymmetricalSameHandshape,Straight,1,Hand,FingerUlnar,HandAway,1,s,0
go_through,go_through,J_03_017,imrp,Flat,0.0,0.0,0.0,Open,0.0,AsymmetricalDifferentHandshape,Straight,0,Hand,FingerFront,FingerFront,1,5,0
handsome_4,handsome_4,J_03_018,m,Flat,0.0,,,Open,0.0,OneHanded,Curved,0,Head,Chin,Forehead,1,,0
arizona,arizona,J_03_022,t,,,,,Open,,OneHanded,Curved,0,Head,Chin,Chin,1,,0
tradition,tradition,J_03_023,i,Bent,0.0,,,Open,1.0,SymmetricalOrAlternating,Straight,0,Neutral,Neutral,Neutral,1,baby_o,0
sell,sell,J_03_024,imrp,Curved,0.0,0.0,0.0,Open,1.0,SymmetricalOrAlternating,Curved,0,Neutral,Neutral,Neutral,0,o,1
ride_2,ride_2,J_03_026,im,FullyOpen,0.0,1.0,0.0,Open,0.0,AsymmetricalDifferentHandshape,Straight,0,Hand,FingerRadial,,1,B,0
vlog,vlog,J_03_027,i,Bent,1.0,,,Open,1.0,SymmetricalOrAlternating,Straight,0,Neutral,Neutral,Neutral,1,baby_o,0
transfer,transfer,J_03_028,im,Bent,0.0,1.0,0.0,Closed,0.0,OneHanded,Curved,0,Neutral,Neutral,Neutral,0,,1
sweet,sweet,J_03_029,imrp,FullyOpen,1.0,0.0,0.0,Open,0.0,OneHanded,,1,Head,Chin,HeadAway,1,,0
champ,champ,J_03_030,imrp,Curved,0.0,1.0,0.0,Open,0.0,AsymmetricalDifferentHandshape,Straight,0,Hand,FingerTip,,1,1,0
nothing_at_all,nothing_at_all,J_03_032,imrp,FullyClosed,1.0,,0.0,Closed,1.0,SymmetricalOrAlternating,Straight,0,Head,UnderChin,,1,s,0
organization,organization,J_03_033,imrp,Curved,0.0,0.0,0.0,Open,1.0,SymmetricalOrAlternating,Curved,0,Neutral,Neutral,Neutral,1,o,1
friends_no_more_1,friends_no_more_1,J_03_034,im,Crossed,1.0,0.0,1.0,Closed,0.0,OneHanded,Straight,0,Neutral,Neutral,,0,,0
spicy,spicy,J_03_036,imrp,Flat,0.0,0.0,1.0,Open,0.0,OneHanded,Straight,1,Head,Mouth,HeadAway,1,,0
kiss_fist,kiss_fist,J_03_038,imrp,FullyClosed,0.0,,0.0,Closed,1.0,OneHanded,Straight,0,Head,Mouth,HeadAway,1,,0
resent,resent,J_03_039,imrp,FullyOpen,0.0,1.0,0.0,Open,0.0,OneHanded,Curved,0,Body,TorsoMid,BodyAway,1,,1
independent,independent,J_03_040,p,FullyOpen,0.0,,,Closed,0.0,SymmetricalOrAlternating,Curved,0,Neutral,Neutral,Neutral,1,i,1
theory_1,theory,J_03_042,i,Bent,0.0,,,Open,1.0,OneHanded,Straight,1,Head,Forehead,HeadAway,1,,0
rest_all_day,rest_all_day,J_03_043,imrp,Curved,0.0,1.0,0.0,Open,0.0,OneHanded,Straight,0,Head,Chin,,1,,0
scoop,scoop,J_03_044,imrp,FullyClosed,0.0,,0.0,Closed,1.0,AsymmetricalDifferentHandshape,Z-shaped,0,Hand,HandAway,HandAway,0,C,1
plus,plus,J_03_045,i,FullyOpen,0.0,,,Closed,0.0,AsymmetricalSameHandshape,Straight,0,Hand,FingerRadial,,1,1,0
inhale,inhale,J_03_048,imrp,Flat,0.0,1.0,1.0,Open,1.0,OneHanded,Straight,0,Head,HeadAway,Mouth,1,,0
admire,admire,J_03_049,im,Flat,1.0,1.0,0.0,Closed,0.0,SymmetricalOrAlternating,Curved,0,Neutral,Neutral,Neutral,0,flat_v,0
vest,vest,J_03_050,imrp,Curved,0.0,0.0,0.0,Open,0.0,SymmetricalOrAlternating,Curved,0,Body,TorsoTop,TorsoBottom,1,c,0
produce_sign,produce_sign,J_03_051,imrp,Curved,1.0,1.0,0.0,Open,1.0,SymmetricalOrAlternating,,1,Neutral,Neutral,,0,curved_5,0
honey_2,honey_2,J_03_052,i,Bent,0.0,,,Closed,0.0,OneHanded,Other,0,Head,Chin,Chin,1,,0
bullshit,bullshit,J_03_053,imrp,FullyOpen,,0.0,,Closed,0.0,OneHanded,Straight,0,Neutral,Neutral,Neutral,0,,0
hawaii,hawaii,J_03_054,im,FullyOpen,0.0,0.0,0.0,Closed,0.0,OneHanded,Circular,1,Head,HeadAway,HeadAway,0,,0
side,side,J_03_055,imrp,FullyOpen,0.0,0.0,0.0,Open,0.0,OneHanded,Straight,0,Body,BodyAway,BodyAway,0,,0
focus,focus,J_03_056,imrp,FullyOpen,0.0,0.0,0.0,Open,0.0,SymmetricalOrAlternating,Straight,0,Head,Other,HeadAway,1,open_b,0
fired,fired,J_03_058,imrp,FullyOpen,0.0,0.0,0.0,Open,0.0,AsymmetricalDifferentHandshape,Curved,0,Hand,FingerRadial,HandAway,1,S,0
cheer,cheer,J_03_060,imrp,FullyClosed,0.0,,0.0,Closed,1.0,SymmetricalOrAlternating,Circular,1,Head,HeadAway,HeadAway,0,s,0
christmas_3,christmas,J_03_061,imrp,Curved,0.0,0.0,0.0,Open,0.0,OneHanded,Curved,0,Neutral,Neutral,,0,,1
roar,roar,J_03_062,imrp,Curved,0.0,1.0,0.0,Open,0.0,OneHanded,Curved,1,Head,HeadAway,HeadAway,0,,0
policy,policy,J_03_063,im,Stacked,0.0,,0.0,Open,1.0,AsymmetricalDifferentHandshape,Curved,0,Hand,FingerFront,Heel,1,B,0
cards,cards,J_03_065,i,Bent,,,,Open,1.0,DominanceViolation,Z-shaped,1,Hand,FingerRadial,HandAway,1,DominanceConditionViolation,0
two_weeks,two_weeks,J_03_066,im,FullyOpen,0.0,1.0,0.0,Closed,0.0,AsymmetricalDifferentHandshape,Straight,0,Hand,Palm,HandAway,1,B,0
walk_2,walk_2,J_03_067,im,Flat,0.0,1.0,0.0,Open,0.0,OneHanded,Straight,1,Neutral,Neutral,Neutral,0,,0
athlete,athlete,J_03_068,t,,,,,Open,,OneHanded,Straight,1,Neutral,Neutral,,0,,0
stand_up,stand_up,J_03_070,im,FullyOpen,0.0,1.0,0.0,Closed,0.0,AsymmetricalDifferentHandshape,Curved,0,Hand,Palm,,1,B,0
committee,committee,J_03_072,imrp,Curved,0.0,0.0,0.0,Open,0.0,OneHanded,Curved,0,Body,Clavicle,Clavicle,1,,0
spaceship,spaceship,J_03_074,im,Curved,0.0,0.0,0.0,Open,0.0,OneHanded,Straight,1,Neutral,Neutral,Neutral,0,,0
minimum,minimum,J_03_077,imrp,FullyOpen,0.0,0.0,0.0,Open,0.0,AsymmetricalSameHandshape,Curved,1,Hand,FingerBack,HandAway,1,open_b,0
grammar,grammar,J_03_078,i,Flat,0.0,,,Open,0.0,SymmetricalOrAlternating,Straight,1,Neutral,Neutral,Neutral,1,g,1
undergraduate,undergraduate,J_03_079,im,FullyOpen,,0.0,,Closed,0.0,AsymmetricalDifferentHandshape,Straight,0,Hand,FingerFront,Heel,1,B,0
incredible,incredible,J_03_080,i,FullyOpen,0.0,,,Open,0.0,SymmetricalOrAlternating,Curved,1,Neutral,Neutral,Neutral,0,l,1
junior,junior,J_03_082,imrp,FullyOpen,0.0,1.0,0.0,Open,0.0,AsymmetricalSameHandshape,Straight,1,Hand,FingerTip,,1,5,0
next_year,next_year,J_03_083,imrp,FullyClosed,0.0,,0.0,Closed,1.0,AsymmetricalDifferentHandshape,Straight,0,Hand,FingerRadial,,1,S,0
retire,retire,J_03_084,im,Crossed,0.0,0.0,0.0,Open,0.0,SymmetricalOrAlternating,Straight,0,Body,Shoulder,,1,r,0
tuesday,tuesday,J_03_087,i,Bent,0.0,,,Open,1.0,OneHanded,Circular,1,Neutral,Neutral,Neutral,0,,0
blur,blur,J_03_088,imrp,Flat,0.0,0.0,1.0,Closed,0.0,SymmetricalOrAlternating,Curved,0,Neutral,Neutral,Neutral,1,flat_b,0
attitude,attitude,J_03_091,t,,,,,Open,,OneHanded,Circular,0,Body,BodyAway,Clavicle,1,,1
develop_1,develop,J_03_092,imrp,FullyOpen,0.0,0.0,0.0,Closed,0.0,AsymmetricalSameHandshape,Straight,0,Hand,Palm,HandAway,1,closed_b,0
assist,assist,J_03_093,t,,,,,Open,,AsymmetricalSameHandshape,Straight,1,Hand,FingerUlnar,,0,a,0
dark_2,dark,J_03_094,imrp,FullyOpen,0.0,0.0,0.0,Open,0.0,SymmetricalOrAlternating,Curved,0,Head,HeadAway,HeadAway,0,open_b,0
assembly,assembly,J_03_096,t,,,,,Open,,OneHanded,Straight,0,Body,Clavicle,Clavicle,1,,0
expert,expert,J_03_099,m,Curved,0.0,,,Open,1.0,SymmetricalOrAlternating,,1,Neutral,Neutral,,0,1,0
blush,blush,J_03_100,i,FullyClosed,1.0,,,Open,1.0,SymmetricalOrAlternating,,0,Head,Chin,,1,s,0
next_down,next_down,J_03_101,i,Bent,0.0,,,Closed,0.0,AsymmetricalDifferentHandshape,Straight,1,Hand,Palm,,1,B,0
file_2,file_2,J_03_102,imrp,FullyOpen,0.0,0.0,0.0,Open,0.0,AsymmetricalDifferentHandshape,Z-shaped,0,Hand,HandAway,HandAway,0,5,0
design,design,J_03_104,m,Curved,0.0,,,Open,1.0,AsymmetricalDifferentHandshape,Z-shaped,0,Hand,Palm,HandAway,1,B,0
hatbrim,hatbrim,J_03_106,i,Bent,0.0,,,Open,1.0,OneHanded,Curved,1,Head,HeadAway,HeadAway,0,,0
cry_2,cry_2,K_01_003,i,Curved,0.0,,,Closed,0.0,SymmetricalOrAlternating,Straight,1,Head,Eye,HeadAway,1,curved_1,0
lamp_2,lamp_2,K_01_004,m,Curved,1.0,,,Open,1.0,OneHanded,,0,Head,Chin,,1,,0
kiss_3,kiss_3,K_01_005,imrp,Flat,0.0,0.0,0.0,Open,1.0,SymmetricalOrAlternating,BackAndForth,0,Neutral,Neutral,Neutral,1,flat_o,0
suck_thumb,suck_thumb,K_01_006,t,,,,,Open,,OneHanded,,0,Head,Mouth,,1,,1
sweater_2,sweater_2,K_01_008,imrp,FullyClosed,,,,Closed,1.0,SymmetricalOrAlternating,Curved,0,Body,TorsoTop,TorsoBottom,1,s,0
grapes_2,grapes_2,K_01_010,imrp,Curved,0.0,0.0,0.0,Open,1.0,AsymmetricalDifferentHandshape,Other,0,Hand,PalmBack,FingerBack,1,1,0
pipe_4,pipe_4,K_01_011,i,Flat,0.0,,,Open,0.0,DominanceViolation,Straight,0,Head,HeadAway,HeadAway,0,DominanceConditionViolation,0
gloves_3,gloves_3,K_01_012,imrp,FullyOpen,0.0,1.0,0.0,Open,0.0,AsymmetricalDifferentHandshape,Straight,0,Hand,Other,Other,1,C,0
basketball_3,basketball,K_01_013,im,Curved,0.0,1.0,0.0,Open,0.0,SymmetricalOrAlternating,,1,Neutral,Neutral,,0,curved_v,1
sandwich_4,sandwich_4,K_01_015,imrp,FullyOpen,0.0,0.0,0.0,Open,0.0,SymmetricalOrAlternating,Straight,0,Neutral,Neutral,Neutral,1,open_b,0
cheerleader_2,cheerleader_2,K_01_016,imrp,FullyOpen,0.0,0.0,0.0,Closed,0.0,SymmetricalOrAlternating,Straight,1,Body,TorsoTop,,1,closed_b,0
castle_2,castle_2,K_01_017,im,Curved,1.0,1.0,0.0,Closed,0.0,SymmetricalOrAlternating,BackAndForth,1,Neutral,Neutral,Neutral,0,curved_v,0
bridge_2,bridge_2,K_01_018,im,Curved,0.0,1.0,0.0,Closed,0.0,OneHanded,Curved,0,Arm,ForearmFront,ElbowBack,1,,0
stack_4,stack_4,K_01_019,imrp,Flat,0.0,0.0,0.0,Open,1.0,SymmetricalOrAlternating,Other,0,Neutral,Neutral,Neutral,0,flat_o,0
iphone,iphone,K_01_021,p,FullyOpen,0.0,,,Closed,0.0,OneHanded,Straight,1,Head,Other,,1,,0
drag,drag,K_01_022,imrp,FullyClosed,0.0,,,Closed,1.0,OneHanded,Straight,0,Neutral,Neutral,Neutral,0,,0
arrest_2,arrest_2,K_01_023,imrp,FullyOpen,0.0,1.0,0.0,Open,0.0,SymmetricalOrAlternating,Straight,0,Body,BodyAway,BodyAway,0,5,0
walk-tightrope-cl,walk-tightrope-cl,K_01_024,im,Curved,1.0,1.0,0.0,Closed,0.0,AsymmetricalDifferentHandshape,Straight,1,Hand,FingerRadial,FingerRadial,1,1,0
magnet_3,magnet_3,K_01_026,ip,FullyOpen,0.0,,,Closed,0.0,AsymmetricalDifferentHandshape,Curved,0,Hand,Palm,,1,B,1
fork_4,fork_4,K_01_027,im,FullyOpen,0.0,1.0,0.0,Closed,0.0,AsymmetricalDifferentHandshape,Straight,1,Hand,Palm,,1,B,1
clash,clash,K_01_032,imrp,Curved,1.0,0.0,1.0,Open,1.0,SymmetricalOrAlternating,BackAndForth,0,Neutral,Neutral,Neutral,1,o,0
meditate_3,meditate_3,K_01_033,imrp,Stacked,1.0,,0.0,Open,1.0,SymmetricalOrAlternating,Circular,1,Head,HeadAway,HeadAway,0,stacked_5,0
crash_plane,crash_plane,K_01_034,ip,FullyOpen,0.0,,,Open,0.0,AsymmetricalDifferentHandshape,Straight,0,Hand,HandAway,PalmBack,1,5,0
file_3,file_3,K_01_038,imrp,Flat,1.0,0.0,0.0,Open,0.0,SymmetricalOrAlternating,Circular,1,Neutral,Neutral,Neutral,0,flat_b,0
autism_2,autism_2,K_01_040,imrp,Flat,,1.0,1.0,Open,1.0,AsymmetricalDifferentHandshape,Curved,0,Body,BodyAway,TorsoTop,1,C,0
envelope_4,envelope_4,K_01_041,i,Flat,1.0,,,Open,1.0,SymmetricalOrAlternating,Straight,0,Neutral,Neutral,Neutral,1,g,0
baby_2,baby_2,K_01_042,imrp,FullyOpen,0.0,0.0,0.0,Open,0.0,OneHanded,Straight,1,Body,TorsoTop,,1,,0
drown_5,drown_5,K_01_045,imrp,Curved,0.0,1.0,0.0,Open,0.0,AsymmetricalDifferentHandshape,Straight,0,Hand,FingerRadial,HandAway,1,5,0
cream_2,cream_2,K_01_046,imrp,Curved,0.0,0.0,0.0,Open,0.0,AsymmetricalDifferentHandshape,Straight,0,Hand,FingerFront,Palm,1,Lax,0
devour,devour,K_01_047,imrp,Curved,0.0,0.0,0.0,Open,1.0,SymmetricalOrAlternating,Circular,1,Head,HeadAway,HeadAway,0,o,0
sail_2,sail_2,K_01_048,imrp,Flat,0.0,0.0,0.0,Open,0.0,AsymmetricalDifferentHandshape,Straight,0,Neutral,Neutral,Neutral,0,1,0
pop_2,pop_2,K_01_049,imrp,FullyClosed,1.0,,1.0,Closed,1.0,SymmetricalOrAlternating,BackAndForth,0,Neutral,Neutral,Neutral,1,s,0
fishing_2,fishing_2,K_01_050,i,Bent,0.0,,,Open,1.0,AsymmetricalDifferentHandshape,Circular,1,Neutral,Neutral,Neutral,0,A,1
lobster_3,lobster_3,K_01_051,im,FullyOpen,1.0,1.0,1.0,Closed,0.0,SymmetricalOrAlternating,,1,Neutral,Neutral,,0,v,0
peel_2,peel_2,K_01_052,t,,,,,Open,,AsymmetricalSameHandshape,Curved,1,Hand,Other,HandAway,1,a,1
knight_2,knight_2,K_01_053,i,Bent,0.0,,,Open,1.0,OneHanded,Curved,0,Body,Shoulder,Shoulder,1,,0
wristwatch_3,wristwatch_3,K_01_054,m,Curved,0.0,,,Open,0.0,OneHanded,Straight,1,Arm,WristBack,,1,,0
dog_2,dog_2,K_01_055,imrp,FullyOpen,0.0,0.0,0.0,Open,0.0,OneHanded,Straight,1,Body,Hips,,1,,0
slide_2,slide_2,K_01_058,im,Flat,0.0,0.0,0.0,Closed,0.0,DominanceViolation,Curved,0,Neutral,Neutral,Neutral,0,DominanceConditionViolation,0
parachute_3,parachute_3,K_01_059,im,Bent,0.0,1.0,0.0,Open,0.0,AsymmetricalDifferentHandshape,Straight,0,Neutral,Neutral,Neutral,0,1,0
conduct_1,conduct_1,K_01_060,i,FullyOpen,0.0,,,Closed,0.0,SymmetricalOrAlternating,Curved,1,Neutral,Neutral,Neutral,0,1,1
banana_4,banana_4,K_01_061,i,Flat,0.0,,,Open,1.0,AsymmetricalDifferentHandshape,Straight,1,Hand,FingerRadial,FingerRadial,1,1,0
trim_2,trim_2,K_01_062,im,FullyOpen,0.0,0.0,0.0,Closed,0.0,DominanceViolation,Z-shaped,1,Hand,FingerRadial,HandAway,1,DominanceConditionViolation,0
plug_2,plug_2,K_01_063,im,Flat,0.0,1.0,0.0,Closed,0.0,DominanceViolation,Straight,0,Hand,Other,,1,DominanceConditionViolation,0
spill_2,spill_2,K_01_064,imrp,Curved,1.0,0.0,1.0,Open,1.0,AsymmetricalDifferentHandshape,Curved,0,Hand,FingerRadial,HandAway,1,S,0
dip_2,dip_2,K_01_065,im,Flat,0.0,0.0,0.0,Closed,0.0,AsymmetricalDifferentHandshape,Curved,0,Hand,Palm,HandAway,1,B,1
helmet_2,helmet_2,K_01_066,im,Curved,0.0,1.0,0.0,Open,0.0,SymmetricalOrAlternating,Straight,0,Head,HeadAway,HeadAway,0,curved_v,0
throw_2,throw_2,K_01_068,imrp,Curved,0.0,1.0,0.0,Open,0.0,OneHanded,Curved,0,Neutral,Neutral,Neutral,0,,0
gun_3,gun_3,K_01_069,i,FullyOpen,0.0,,,Open,0.0,OneHanded,Curved,0,Neutral,Neutral,,0,,0
blow_candle_1,blow_candle_1,K_01_070,imrp,Flat,0.0,0.0,0.0,Open,1.0,AsymmetricalDifferentHandshape,,0,Head,Mouth,,1,1,0
necklace_2,necklace_2,K_01_071,i,Flat,0.0,,,Closed,0.0,SymmetricalOrAlternating,Straight,0,Body,Clavicle,TorsoTop,1,flat_1,0
curl_2,curl_2,K_01_072,im,Crossed,0.0,0.0,0.0,Closed,0.0,OneHanded,Circular,0,Head,HeadAway,Other,1,,1
bark_2,bark_2,K_01_074,imrp,Flat,1.0,0.0,0.0,Open,0.0,SymmetricalOrAlternating,,1,Neutral,Neutral,,0,flat_b,0
stethoscope_3,stethoscope_3,K_01_075,i,Bent,0.0,,,Open,1.0,SymmetricalOrAlternating,Straight,0,Head,Other,,1,baby_o,0
strain_2,strain_2,K_01_076,imrp,FullyOpen,0.0,1.0,0.0,Closed,0.0,DominanceViolation,Straight,1,Hand,FingerFront,FingerFront,1,DominanceConditionViolation,0
oil_3,oil_3,K_01_077,i,FullyOpen,0.0,,,Open,0.0,AsymmetricalDifferentHandshape,Straight,1,Hand,HandAway,HandAway,0,C,0
shoulder_3,shoulder_3,K_01_078,imrp,FullyOpen,0.0,1.0,0.0,Open,0.0,OneHanded,Straight,1,Body,Shoulder,,1,,0
skateboarding_2,skateboarding_2,K_01_079,im,Curved,0.0,1.0,0.0,Closed,0.0,SymmetricalOrAlternating,Straight,1,Neutral,Neutral,Neutral,0,curved_v,0
bury,bury,K_01_081,imrp,Flat,1.0,0.0,0.0,Open,0.0,SymmetricalOrAlternating,Curved,0,Neutral,Neutral,Neutral,0,flat_b,0
float_3,float_3,K_01_082,im,FullyOpen,0.0,1.0,0.0,Open,0.0,OneHanded,Z-shaped,0,Arm,ArmAway,ArmAway,0,,0
spread_3,spread_3,K_01_083,imrp,FullyOpen,0.0,0.0,0.0,Open,0.0,AsymmetricalSameHandshape,Z-shaped,0,Hand,FingerFront,Palm,1,open_b,0
pineapple_5,pineapple_5,K_01_084,imrp,FullyOpen,0.0,1.0,0.0,Open,0.0,AsymmetricalSameHandshape,Straight,1,Hand,PalmBack,,1,5,0
corkscrew_2,corkscrew_2,K_01_085,im,Bent,0.0,1.0,0.0,Closed,0.0,AsymmetricalDifferentHandshape,Straight,1,Hand,HandAway,HandAway,0,Lax,1
scarf_3,scarf_3,K_01_086,imrp,FullyOpen,0.0,0.0,0.0,Closed,0.0,OneHanded,Curved,0,Body,TorsoTop,Clavicle,1,,1
knight_5,knight_5,K_01_087,im,FullyOpen,0.0,0.0,0.0,Closed,0.0,OneHanded,Curved,0,Body,Shoulder,Shoulder,1,,0
rhino_3,rhino_3,K_01_088,imrp,Curved,1.0,0.0,0.0,Open,1.0,OneHanded,Curved,0,Head,CheekNose,HeadAway,1,,0
tail_2,tail_2,K_01_089,i,FullyOpen,0.0,,,Closed,0.0,AsymmetricalSameHandshape,,1,Hand,FingerTip,,1,1,0
bra_2,bra_2,K_01_090,i,Curved,0.0,,,Open,0.0,OneHanded,Straight,0,Body,TorsoMid,TorsoMid,1,,0
hairdryer_3,hairdryer_3,K_01_091,im,FullyOpen,0.0,0.0,0.0,Open,0.0,OneHanded,Circular,1,Head,HeadAway,HeadAway,0,,0
nose_bleed,nose_bleed,K_01_092,imrp,FullyOpen,0.0,1.0,0.0,Closed,0.0,OneHanded,Straight,1,Head,CheekNose,HeadAway,1,,0
drown_2,drown_2,K_01_093,im,FullyOpen,1.0,0.0,1.0,Closed,0.0,AsymmetricalDifferentHandshape,Straight,1,Hand,Other,Other,1,C,0
pour_2,pour_2,K_01_094,imrp,Curved,0.0,0.0,0.0,Open,0.0,OneHanded,Curved,0,Neutral,Neutral,Neutral,0,,1
arm_2,arm_2,K_01_095,i,FullyOpen,0.0,,,Closed,0.0,OneHanded,Straight,1,Arm,ForearmBack,ForearmBack,1,,0
electrocute,electrocute,K_01_096,i,Bent,0.0,,,Closed,0.0,SymmetricalOrAlternating,BackAndForth,0,Neutral,Neutral,Neutral,1,bent_1,0
tow_2,tow_2,K_01_098,imrp,Curved,0.0,0.0,0.0,Open,0.0,DominanceViolation,Straight,0,Neutral,Neutral,Neutral,1,DominanceConditionViolation,0
erase_3,erase_3,K_01_099,imrp,Curved,0.0,0.0,0.0,Open,0.0,OneHanded,Other,0,Neutral,Neutral,Neutral,0,,0
chew_2_mouth,chew_2_mouth,K_01_100,imrp,Curved,1.0,0.0,0.0,Open,1.0,OneHanded,Circular,0,Head,HeadAway,HeadAway,0,,0
woman_2,woman_2,K_01_101,t,,,,,Open,,OneHanded,,0,Head,Chin,,1,,0
light_2,light_2,K_01_102,m,Curved,1.0,,,Open,1.0,OneHanded,,0,Head,UnderChin,HeadAway,1,,0
peg_3,peg_3,K_01_103,im,Flat,1.0,0.0,0.0,Open,0.0,AsymmetricalDifferentHandshape,Other,1,Hand,PalmBack,FingerBack,1,B,0
money_2,money_2,K_01_104,imrp,Stacked,1.0,,0.0,Open,1.0,OneHanded,,1,Neutral,Neutral,,0,,0
carrot_2,carrot_2,K_01_105,imrp,FullyClosed,0.0,,0.0,Closed,1.0,OneHanded,Straight,0,Head,HeadAway,Mouth,1,,0
shirt_2,shirt_2,K_01_108,i,Curved,0.0,,,Open,1.0,SymmetricalOrAlternating,Straight,1,Body,Clavicle,BodyAway,1,f,0
sharpen_3,sharpen_3,K_01_109,i,Flat,0.0,,,Closed,0.0,SymmetricalOrAlternating,Curved,1,Neutral,Neutral,Neutral,1,flat_1,1
yawn_4,yawn_4,K_01_110,im,Bent,1.0,0.0,1.0,Closed,1.0,OneHanded,Circular,0,Head,Mouth,,1,,0
hit_2,hit_2,K_01_111,i,FullyOpen,0.0,,,Closed,0.0,AsymmetricalSameHandshape,Curved,0,Hand,HandAway,FingerFront,1,1,1
follow_3,follow_3,K_01_113,imrp,FullyOpen,0.0,1.0,0.0,Closed,0.0,AsymmetricalDifferentHandshape,Z-shaped,0,Neutral,Neutral,Neutral,0,1,0
award,award,K_01_114,p,FullyOpen,0.0,,,Open,0.0,SymmetricalOrAlternating,Curved,0,Neutral,Neutral,Neutral,0,y,0
jacket_2,jacket_2,K_01_116,imrp,Curved,0.0,0.0,0.0,Open,1.0,SymmetricalOrAlternating,Curved,0,Body,Shoulder,TorsoMid,1,o,0
listen,listen,K_01_117,im,Curved,1.0,1.0,0.0,Open,0.0,OneHanded,,1,Head,Other,,1,,0
erupt_2,erupt_2,K_01_119,imrp,Bent,1.0,0.0,1.0,Open,0.0,SymmetricalOrAlternating,Curved,0,Neutral,Neutral,Neutral,1,open_e,0
think_ponder,think_ponder,K_01_120,imrp,Stacked,1.0,,,Open,1.0,OneHanded,Circular,1,Head,HeadAway,HeadAway,0,,0
ribbon_award,ribbon_award,K_01_122,im,Flat,0.0,0.0,0.0,Closed,0.0,OneHanded,Circular,0,Body,BodyAway,TorsoTop,1,,1
bumpy,bumpy,K_01_123,imrp,Curved,0.0,1.0,0.0,Open,0.0,AsymmetricalDifferentHandshape,Curved,1,Hand,PalmBack,FingerBack,1,Lax,1
crumple,crumple,K_01_124,imrp,Curved,1.0,1.0,1.0,Open,1.0,SymmetricalOrAlternating,Straight,1,Neutral,Neutral,Neutral,1,curved_5,0
locker,locker,K_01_126,im,FullyOpen,0.0,0.0,0.0,Closed,0.0,DominanceViolation,Straight,0,Hand,FingerBack,,1,DominanceConditionViolation,0
universe,universe,K_01_127,im,FullyOpen,0.0,0.0,0.0,Closed,0.0,SymmetricalOrAlternating,Circular,0,Neutral,Neutral,Neutral,1,h,1
cellphone,cellphone,K_01_128,imrp,Curved,0.0,1.0,0.0,Open,0.0,OneHanded,Straight,1,Head,CheekNose,,1,,0
arm_3,arm_3,K_02_002,imrp,Curved,0.0,0.0,0.0,Open,0.0,OneHanded,Straight,0,Arm,ForearmUlnar,ElbowBack,1,,0
load_2,load_2,K_02_003,imrp,FullyClosed,1.0,,1.0,Closed,1.0,SymmetricalOrAlternating,Straight,1,Neutral,Neutral,Neutral,0,s,0
helicopter_2,helicopter_2,K_02_004,im,FullyOpen,0.0,1.0,0.0,Open,0.0,DominanceViolation,,1,Hand,FingerTip,,1,DominanceConditionViolation,1
curtsey_1,curtsey_1,K_02_006,i,Curved,0.0,,,Open,1.0,SymmetricalOrAlternating,Curved,0,Body,BodyAway,BodyAway,0,f,1
saw_2,saw_2,K_02_007,imrp,FullyOpen,0.0,0.0,0.0,Open,0.0,AsymmetricalDifferentHandshape,Z-shaped,0,Hand,FingerRadial,HandAway,1,S,0
microscope_3,microscope_3,K_02_008,imrp,FullyClosed,0.0,,0.0,Closed,1.0,SymmetricalOrAlternating,,1,Head,Eye,,1,s,1
magnet_4,magnet_4,K_02_009,imrp,Flat,1.0,1.0,1.0,Open,1.0,AsymmetricalDifferentHandshape,Straight,1,Hand,FingerFront,,1,1,0
tow_3,tow_3,K_02_010,i,Bent,0.0,,,Closed,0.0,DominanceViolation,Straight,0,Neutral,Neutral,Neutral,1,DominanceConditionViolation,0
pineapple_3,pineapple_3,K_02_011,i,Curved,0.0,,,Open,1.0,OneHanded,Straight,1,Head,Eye,Eye,0,,0
kangaroo_3,kangaroo_3,K_02_012,m,Curved,1.0,,,Open,1.0,SymmetricalOrAlternating,Z-shaped,1,Neutral,Neutral,Neutral,0,1,0
bury_1,bury_1,K_02_014,im,FullyOpen,0.0,0.0,0.0,Closed,0.0,AsymmetricalDifferentHandshape,Straight,0,Hand,HandAway,HandAway,0,B,0
bag_2,bag_2,K_02_015,imrp,Flat,0.0,0.0,0.0,Closed,0.0,OneHanded,Curved,0,Arm,ForearmUlnar,ElbowBack,1,,1
bow_4,bow_4,K_02_016,imrp,FullyOpen,0.0,0.0,0.0,Open,0.0,OneHanded,,0,Body,TorsoBottom,,1,,0
strawberry_2,strawberry_2,K_02_017,i,Curved,0.0,,,Open,1.0,OneHanded,Curved,1,Head,Mouth,HeadAway,1,,1
pipe_2,pipe_2,K_02_018,i,Bent,0.0,,,Open,0.0,OneHanded,Straight,1,Head,Mouth,,1,,0
dolphin_2,dolphin_2,K_02_021,mrp,Curved,0.0,1.0,0.0,Open,1.0,OneHanded,Z-shaped,0,Neutral,Neutral,Neutral,0,,0
blow_candle_2,blow_candle_2,K_02_022,i,FullyOpen,0.0,,,Closed,0.0,OneHanded,,0,Neutral,Neutral,,0,,0
sneeze_2,sneeze_2,K_02_023,i,Flat,0.0,,,Closed,0.0,OneHanded,,0,Head,UpperLip,,1,,0
knitting_2,knitting_2,K_02_025,i,Bent,0.0,,,Open,1.0,SymmetricalOrAlternating,Curved,1,Neutral,Neutral,Neutral,1,baby_o,1
carve,carve,K_02_026,i,Bent,0.0,,,Open,1.0,AsymmetricalDifferentHandshape,Curved,1,Hand,HandAway,HandAway,0,S,1
can_2,can_2,K_02_027,imrp,Bent,0.0,1.0,0.0,Open,0.0,AsymmetricalDifferentHandshape,Curved,1,Hand,FingerRadial,HandAway,1,S,1
lick_envelope_2,lick_envelope_2,K_02_028,im,Flat,0.0,0.0,0.0,Open,1.0,SymmetricalOrAlternating,Straight,0,Head,HeadAway,HeadAway,0,flat_h,0
tie_2,tie_2,K_02_029,i,Curved,0.0,,,Open,0.0,AsymmetricalSameHandshape,Straight,0,Body,TorsoMid,TorsoTop,1,curved_l,0
decorate_2,decorate_2,K_02_030,imrp,FullyClosed,0.0,,0.0,Closed,1.0,SymmetricalOrAlternating,Circular,1,Neutral,Neutral,Neutral,1,s,0
stethoscope_4,stethoscope_4,K_02_031,i,Curved,0.0,,,Closed,0.0,SymmetricalOrAlternating,Straight,0,Head,Other,,1,curved_1,0
relax_2,relax_2,K_02_032,im,FullyOpen,0.0,1.0,0.0,Closed,0.0,AsymmetricalDifferentHandshape,Straight,0,Hand,PalmBack,PalmBack,1,B,0
slip_2,slip_2,K_02_033,im,Stacked,0.0,,0.0,Open,1.0,AsymmetricalDifferentHandshape,BackAndForth,0,Hand,Palm,HandAway,1,B,1
feed_2,feed_2,K_02_035,imrp,Stacked,1.0,,1.0,Open,1.0,OneHanded,Z-shaped,1,Neutral,Neutral,Neutral,0,,0
file_4,file_4,K_02_036,imrp,Curved,0.0,0.0,0.0,Open,0.0,OneHanded,Z-shaped,0,Neutral,Neutral,Neutral,0,,0
splash-ca,splash-ca,K_02_037,imrp,FullyOpen,0.0,1.0,0.0,Open,0.0,SymmetricalOrAlternating,Curved,0,Neutral,Neutral,Neutral,0,5,1
clock_2,clock_2,K_02_038,i,Curved,0.0,,,Open,0.0,SymmetricalOrAlternating,Curved,0,Neutral,Neutral,Neutral,0,curved_l,0
bra_3,bra_3,K_02_039,imrp,Curved,0.0,0.0,0.0,Open,0.0,OneHanded,Straight,0,Body,TorsoMid,TorsoMid,1,,0
cry_3,cry_3,K_02_040,imrp,FullyOpen,0.0,1.0,0.0,Closed,0.0,SymmetricalOrAlternating,Curved,1,Head,Eye,HeadAway,1,4,0
chew_3,chew_3,K_02_041,imrp,Curved,0.0,1.0,0.0,Open,0.0,AsymmetricalDifferentHandshape,Other,0,Hand,PalmBack,FingerBack,1,Lax,1
shave_4,shave_4,K_02_043,imrp,FullyClosed,0.0,,0.0,Closed,1.0,OneHanded,Straight,0,Body,Clavicle,TorsoBottom,1,,0
hoodie_1,hoodie_1,K_02_044,i,Bent,0.0,,,Open,0.0,SymmetricalOrAlternating,Curved,0,Head,HeadAway,HeadAway,0,bent_l,0
bite,bite,K_02_045,im,Curved,0.0,0.0,0.0,Open,1.0,OneHanded,Straight,0,Neutral,Neutral,Neutral,0,,0
cat_2,cat_2,K_02_047,i,Flat,1.0,,,Open,1.0,SymmetricalOrAlternating,Straight,1,Head,CheekNose,HeadAway,1,g,0
yawn_2,yawn_2,K_02_048,p,FullyOpen,0.0,,,Open,0.0,DominanceViolation,Circular,0,Hand,FingerBack,HandAway,1,DominanceConditionViolation,0
pillow_3,pillow_3,K_02_049,imrp,FullyOpen,0.0,0.0,0.0,Open,0.0,SymmetricalOrAlternating,Straight,1,Head,Other,,1,open_b,0
fork_2,fork_2,K_02_050,imrp,Flat,0.0,1.0,0.0,Closed,0.0,AsymmetricalDifferentHandshape,,0,Hand,Palm,,1,B,1
dip_3,dip_3,K_02_052,i,Curved,0.0,,,Open,1.0,AsymmetricalDifferentHandshape,Curved,0,Hand,HandAway,HandAway,0,B,1
hair_2,hair_2,K_02_053,imrp,Curved,0.0,1.0,0.0,Open,0.0,OneHanded,Other,0,Head,HeadTop,HeadAway,1,,0
teach_2,teach_2,K_02_055,imrp,Flat,0.0,0.0,0.0,Open,1.0,SymmetricalOrAlternating,Straight,1,Head,HeadAway,HeadAway,0,flat_o,0
buckle_1,buckle_1,K_02_056,im,FullyOpen,0.0,0.0,0.0,Closed,0.0,DominanceViolation,Curved,0,Hand,HandAway,FingerBack,1,DominanceConditionViolation,0
slice_3,slice_3,K_02_057,imrp,FullyOpen,0.0,0.0,0.0,Open,0.0,AsymmetricalSameHandshape,Curved,0,Hand,HandAway,Palm,1,open_b,0
catch_baseball,catch_baseball,K_02_058,imrp,FullyClosed,0.0,,0.0,Closed,1.0,AsymmetricalDifferentHandshape,Curved,0,Hand,HandAway,Palm,1,C,0
glass_3,glass_3,K_02_059,i,Curved,0.0,,,Closed,0.0,OneHanded,Straight,1,Head,Mouth,,1,,0
hippo_2,hippo_2,K_02_060,ip,Flat,0.0,,,Closed,0.0,SymmetricalOrAlternating,Straight,1,Neutral,Neutral,Neutral,0,flat_horns,0
wrap_up_2,wrap_up_2,K_02_062,imrp,Flat,0.0,0.0,0.0,Open,0.0,SymmetricalOrAlternating,Circular,1,Neutral,Neutral,Neutral,0,flat_b,0
nut_2,nut_2,K_02_066,im,Curved,0.0,1.0,0.0,Open,0.0,AsymmetricalDifferentHandshape,,1,Hand,HandAway,,0,1,1
lock_3,lock_3,K_02_067,i,Curved,1.0,,,Open,1.0,DominanceViolation,Curved,0,Hand,HandAway,Other,1,DominanceConditionViolation,0
duck_2,duck_2,K_02_068,imrp,Flat,1.0,0.0,0.0,Open,1.0,OneHanded,,1,Head,Mouth,,1,,0
hang_clothes,hang_clothes,K_02_069,i,Curved,0.0,,,Open,1.0,SymmetricalOrAlternating,Straight,0,Neutral,Neutral,Neutral,0,f,0
cloud_3,cloud_3,K_02_071,imrp,Curved,0.0,1.0,0.0,Open,0.0,SymmetricalOrAlternating,Straight,1,Neutral,Neutral,Neutral,0,curved_5,1
fold_2,fold_2,K_02_072,imrp,FullyOpen,0.0,0.0,0.0,Open,0.0,AsymmetricalSameHandshape,Curved,0,Hand,HandAway,FingerFront,1,open_b,1
dribble,dribble,K_02_074,t,,,,,Open,,OneHanded,Straight,1,Neutral,Neutral,Neutral,0,,0
summon,summon,K_02_075,imrp,FullyOpen,1.0,0.0,0.0,Open,0.0,AsymmetricalDifferentHandshape,BackAndForth,0,Hand,PalmBack,HandAway,1,Lax,0
corn_3,corn_3,K_02_078,imrp,FullyClosed,0.0,,0.0,Closed,1.0,SymmetricalOrAlternating,,1,Head,HeadAway,,0,s,1
jacket_3,jacket_3,K_02_079,p,FullyOpen,0.0,,,Open,0.0,SymmetricalOrAlternating,Curved,0,Body,Clavicle,Hips,1,y,1
necklace_3,necklace_3,K_02_080,m,Flat,1.0,,,Open,1.0,OneHanded,Straight,0,Body,TorsoTop,TorsoMid,1,,0
stand_2,stand_2,K_02_081,im,FullyOpen,1.0,0.0,0.0,Closed,0.0,DominanceViolation,Curved,0,Hand,FingerBack,HandAway,1,DominanceConditionViolation,0
point_index,point_index,K_02_083,i,Flat,0.0,,,Closed,0.0,OneHanded,Straight,0,Neutral,Neutral,Neutral,0,,0
shout_2,shout_2,K_02_084,im,Curved,0.0,1.0,0.0,Open,0.0,OneHanded,Straight,0,Head,Mouth,HeadAway,1,,0
pet_2,pet_2,K_02_085,imrp,Flat,1.0,0.0,0.0,Open,0.0,AsymmetricalSameHandshape,Straight,1,Hand,PalmBack,HandAway,1,flat_b,0
peach_2,peach_2,K_02_087,im,Stacked,0.0,,0.0,Open,1.0,OneHanded,,0,Head,Mouth,,1,,1
plow_2,plow_2,K_02_089,imrp,FullyOpen,0.0,1.0,0.0,Closed,0.0,AsymmetricalDifferentHandshape,Straight,0,Hand,Heel,HandAway,1,B,0
sweater_3,sweater_3,K_02_090,t,,,,,Open,,SymmetricalOrAlternating,Curved,0,Body,TorsoTop,Waist,1,a,0
conduct_2,conduct_2,K_02_091,i,Bent,0.0,,,Open,1.0,OneHanded,Curved,1,Neutral,Neutral,Neutral,0,,1
flashlight_4,flashlight_4,K_02_092,imrp,Stacked,0.0,,,Open,0.0,OneHanded,Z-shaped,0,Neutral,Neutral,Neutral,0,,0
roar_2,roar_2,K_02_094,imrp,FullyClosed,1.0,,1.0,Open,0.0,AsymmetricalDifferentHandshape,Curved,0,Hand,Heel,,1,A,0
greet_2,greet_2,K_02_095,imrp,Curved,0.0,0.0,0.0,Open,0.0,OneHanded,Straight,1,Neutral,Neutral,Neutral,0,,0
bark_3,bark_3,K_02_096,imrp,Curved,1.0,1.0,1.0,Open,1.0,OneHanded,Straight,1,Head,Mouth,HeadAway,1,,0
banana_2,banana_2,K_02_097,i,Bent,0.0,,,Open,1.0,AsymmetricalDifferentHandshape,Straight,1,Hand,FingerBack,FingerBack,0,1,0
mix_2,mix_2,K_02_098,i,FullyOpen,0.0,,,Open,0.0,AsymmetricalDifferentHandshape,Circular,1,Hand,HandAway,HandAway,0,C,0
bathtub,bathtub,K_02_101,t,,,,,Open,,SymmetricalOrAlternating,Curved,1,Body,TorsoTop,TorsoMid,1,a,0
stack_2,stack_2,K_02_102,imrp,Curved,0.0,0.0,0.0,Open,0.0,SymmetricalOrAlternating,Other,0,Neutral,Neutral,Neutral,1,c,0
peel_3,peel_3,K_02_103,p,FullyOpen,0.0,,,Open,0.0,AsymmetricalDifferentHandshape,Curved,1,Hand,FingerBack,FingerRadial,1,S,1
pants_2,pants_2,K_02_104,imrp,FullyOpen,1.0,0.0,0.0,Open,0.0,SymmetricalOrAlternating,Straight,1,Body,Hips,BodyAway,1,open_b,0
gloves_4,gloves_4,K_02_105,imrp,Flat,0.0,1.0,1.0,Open,0.0,AsymmetricalSameHandshape,Straight,1,Hand,PalmBack,HandAway,1,flatspread_5,0
iron_2,iron_2,K_02_106,p,FullyOpen,0.0,,,Open,0.0,OneHanded,Curved,1,Neutral,Neutral,Neutral,0,,1
stretch_1,stretch_1,K_02_108,imrp,FullyClosed,0.0,,,Closed,1.0,AsymmetricalSameHandshape,Straight,1,Hand,FingerUlnar,HandAway,1,s,0
skateboarding_3,skateboarding_3,K_02_110,imrp,FullyOpen,1.0,0.0,0.0,Open,0.0,AsymmetricalDifferentHandshape,,1,Neutral,Neutral,,0,B,0
drown_3,drown_3,K_02_111,t,,,,,Open,,AsymmetricalDifferentHandshape,Straight,0,Hand,Other,HandAway,1,C,0
underwear_2,underwear_2,K_02_112,imrp,Bent,1.0,0.0,0.0,Closed,1.0,OneHanded,,1,Head,Chin,,1,,0
cherry_2,cherry_2,K_02_113,imrp,Curved,0.0,1.0,0.0,Open,1.0,AsymmetricalDifferentHandshape,,1,Hand,FingerTip,,1,DominanceConditionViolation,1
pop_3,pop_3,K_02_115,imrp,Curved,1.0,0.0,1.0,Open,1.0,SymmetricalOrAlternating,BackAndForth,1,Neutral,Neutral,Neutral,1,o,0
light_candle,light_candle,K_02_116,i,Bent,0.0,,,Open,1.0,AsymmetricalDifferentHandshape,Curved,0,Hand,Palm,HandAway,1,B,1
kite_2,kite_2,K_02_117,im,Stacked,0.0,,0.0,Open,1.0,AsymmetricalDifferentHandshape,Z-shaped,0,Hand,FingerTip,,1,1,0
somersault_2,somersault_2,K_02_118,im,Curved,0.0,1.0,0.0,Closed,0.0,AsymmetricalDifferentHandshape,Other,1,Hand,HandAway,HandAway,0,B,1
dig,dig,K_02_119,imrp,Curved,0.0,0.0,0.0,Open,0.0,AsymmetricalDifferentHandshape,Curved,1,Hand,Palm,HandAway,1,B,0
scarf_4,scarf_4,K_02_120,imrp,FullyOpen,1.0,0.0,0.0,Open,0.0,OneHanded,BackAndForth,0,Body,Clavicle,Shoulder,1,,0
hoodie_2,hoodie_2,K_02_122,i,Bent,0.0,,,Open,1.0,SymmetricalOrAlternating,Curved,1,Head,HeadAway,HeadAway,0,baby_o,1
fuzzy,fuzzy,K_02_123,imrp,Flat,0.0,0.0,0.0,Open,0.0,AsymmetricalDifferentHandshape,Circular,1,Hand,PalmBack,PalmBack,1,Lax,0
tablet,tablet,K_02_126,m,Flat,0.0,,,Open,0.0,AsymmetricalDifferentHandshape,Curved,1,Hand,Palm,HandAway,1,B,0
crewcut,crewcut,K_02_127,i,Flat,0.0,,,Open,0.0,SymmetricalOrAlternating,Curved,0,Head,HeadAway,HeadAway,0,g,0
elevator_3,elevator_3,K_03_002,imrp,Bent,0.0,0.0,0.0,Closed,1.0,AsymmetricalDifferentHandshape,Straight,0,Hand,FingerRadial,HandAway,1,1,0
fork_3,fork_3,K_03_003,im,FullyOpen,0.0,1.0,0.0,Closed,0.0,AsymmetricalDifferentHandshape,,0,Hand,Palm,,1,B,0
bed_2,bed_2,K_03_004,imrp,FullyOpen,0.0,0.0,0.0,Open,0.0,SymmetricalOrAlternating,Straight,0,Head,Other,,1,open_b,0
parachute_2,parachute_2,K_03_005,imrp,Curved,0.0,1.0,0.0,Open,0.0,AsymmetricalDifferentHandshape,Z-shaped,0,Neutral,Neutral,Neutral,0,1,0
shoulder_2,shoulder_2,K_03_006,i,Flat,0.0,,,Closed,0.0,OneHanded,Straight,1,Body,Shoulder,,1,,0
float_2,float_2,K_03_007,im,FullyOpen,1.0,0.0,0.0,Closed,0.0,OneHanded,Z-shaped,0,Arm,ArmAway,ArmAway,0,,0
shovel_2,shovel_2,K_03_008,imrp,Flat,1.0,0.0,0.0,Open,0.0,AsymmetricalDifferentHandshape,Curved,1,Hand,Palm,HandAway,1,B,0
yawn_3,yawn_3,K_03_009,imrp,FullyClosed,1.0,,1.0,Open,0.0,DominanceViolation,Circular,0,Head,Mouth,HeadAway,1,DominanceConditionViolation,0
peck,peck,K_03_010,i,Bent,0.0,,,Open,1.0,AsymmetricalDifferentHandshape,BackAndForth,0,Hand,FingerBack,HandAway,1,1,0
videocamera_2,videocamera_2,K_03_011,im,FullyOpen,0.0,1.0,0.0,Open,0.0,OneHanded,,0,Head,Eye,,1,,0
knitting_3,knitting_3,K_03_013,ip,FullyOpen,0.0,,,Closed,0.0,SymmetricalOrAlternating,Curved,1,Neutral,Neutral,Neutral,1,horns,0
banana_3,banana_3,K_03_014,i,FullyOpen,0.0,,,Closed,0.0,AsymmetricalSameHandshape,BackAndForth,0,Hand,FingerRadial,FingerRadial,1,1,0
doctor_2,doctor_2,K_03_015,mrp,Flat,0.0,0.0,0.0,Open,1.0,OneHanded,Straight,1,Arm,WristFront,,1,,0
follow_4,follow_4,K_03_016,imrp,FullyOpen,0.0,1.0,0.0,Closed,0.0,SymmetricalOrAlternating,Z-shaped,0,Neutral,Neutral,Neutral,1,4,0
tiny,tiny,K_03_019,i,Bent,0.0,,,Open,0.0,OneHanded,Straight,0,Neutral,Neutral,,0,,0
imagine_2,imagine_2,K_03_020,imrp,FullyClosed,1.0,,1.0,Closed,1.0,SymmetricalOrAlternating,Straight,0,Head,Forehead,HeadAway,1,s,0
eagle_2,eagle_2,K_03_021,im,Crossed,0.0,0.0,0.0,Open,0.0,OneHanded,,0,Head,Mouth,,1,,0
witch_2,witch_2,K_03_022,i,Bent,0.0,,,Open,1.0,OneHanded,,0,Head,CheekNose,,1,,0
smile_2,smile_2,K_03_023,imrp,Flat,1.0,0.0,0.0,Open,1.0,SymmetricalOrAlternating,Curved,0,Head,HeadAway,HeadAway,0,flat_o,0
wade_2,wade_2,K_03_024,imrp,Flat,1.0,1.0,0.0,Open,0.0,SymmetricalOrAlternating,Circular,1,Neutral,Neutral,Neutral,0,flatspread_5,0
cross_3,cross_3,K_03_028,i,Curved,0.0,,,Open,0.0,OneHanded,X-shaped,0,Neutral,Neutral,Neutral,0,,0
pop_4,pop_4,K_03_031,imrp,FullyClosed,0.0,,0.0,Closed,1.0,SymmetricalOrAlternating,BackAndForth,0,Neutral,Neutral,Neutral,0,s,0
dolphin_3,dolphin_3,K_03_032,im,Crossed,0.0,0.0,0.0,Closed,0.0,OneHanded,Z-shaped,0,Neutral,Neutral,Neutral,0,,0
ski-ca,ski-ca,K_03_033,imrp,FullyClosed,0.0,,,Closed,1.0,SymmetricalOrAlternating,Curved,1,Neutral,Neutral,Neutral,0,s,0
sunbathe_2,sunbathe_2,K_03_034,im,FullyOpen,0.0,1.0,0.0,Closed,0.0,AsymmetricalDifferentHandshape,Circular,1,Hand,Palm,,1,B,0
tie_up_1,tie_up_1,K_03_035,i,Bent,0.0,,,Open,1.0,SymmetricalOrAlternating,Other,0,Neutral,Neutral,Neutral,1,baby_o,0
arrest_3,arrest_3,K_03_036,m,Curved,0.0,,,Open,0.0,OneHanded,Other,0,Arm,WristBack,,1,,0
curtsey_2,curtsey_2,K_03_038,im,FullyOpen,1.0,1.0,0.0,Closed,0.0,AsymmetricalDifferentHandshape,,0,Hand,Palm,,1,B,0
lobster_2,lobster_2,K_03_039,i,Flat,1.0,,,Open,1.0,SymmetricalOrAlternating,,1,Neutral,Neutral,,0,g,0
screwdriver_2,screwdriver_2,K_03_041,i,Bent,0.0,,,Open,1.0,OneHanded,,1,Neutral,Neutral,,0,,1
knife_2,knife_2,K_03_043,im,FullyOpen,0.0,0.0,0.0,Closed,0.0,DominanceViolation,Straight,1,Hand,FingerBack,FingerBack,1,DominanceConditionViolation,0
strain_1,strain_1,K_03_045,imrp,FullyOpen,0.0,1.0,0.0,Closed,0.0,AsymmetricalDifferentHandshape,Straight,1,Hand,HandAway,HandAway,0,S,0
dinosaur_2,dinosaur_2,K_03_047,m,Curved,0.0,,,Open,1.0,OneHanded,Z-shaped,0,Neutral,Neutral,Neutral,0,,0
mea_culpa,mea_culpa,K_03_048,imrp,FullyClosed,0.0,,0.0,Closed,1.0,AsymmetricalDifferentHandshape,Straight,0,Hand,Other,Other,1,C,0
gloves_2,gloves_2,K_03_049,imrp,Bent,1.0,1.0,1.0,Open,0.0,AsymmetricalDifferentHandshape,Straight,0,Hand,FingerFront,Palm,1,B,0
tear_rip_2,tear_rip_2,K_03_050,i,Curved,0.0,,,Open,1.0,DominanceViolation,Curved,0,Hand,FingerTip,HandAway,1,DominanceConditionViolation,1
fireman_2,fireman_2,K_03_052,i,Curved,0.0,,,Open,0.0,OneHanded,Straight,1,Head,Forehead,,1,,0
jacket_4,jacket_4,K_03_053,i,Bent,0.0,,,Open,1.0,SymmetricalOrAlternating,Curved,0,Body,BodyAway,TorsoMid,1,baby_o,1
boil_2,boil_2,K_03_054,imrp,Stacked,1.0,,1.0,Open,1.0,AsymmetricalDifferentHandshape,Circular,1,Hand,Other,Other,1,B,0
whistle_3,whistle_3,K_03_055,i,Curved,0.0,,,Open,0.0,OneHanded,,0,Head,Mouth,,1,,0
hairdryer_2,hairdryer_2,K_03_056,i,Bent,0.0,,,Open,1.0,OneHanded,Z-shaped,0,Head,HeadAway,HeadAway,0,,0
conduct_3,conduct_3,K_03_057,i,Curved,0.0,,,Open,1.0,OneHanded,Curved,1,Neutral,Neutral,Neutral,0,,1
cry_4,cry_4,K_03_060,i,Bent,0.0,,,Open,1.0,OneHanded,,1,Head,Eye,,1,,1
magnet_2,magnet_2,K_03_066,m,Flat,1.0,,,Open,1.0,AsymmetricalDifferentHandshape,Straight,0,Hand,Palm,,1,B,0
slice_4,slice_4,K_03_067,im,FullyOpen,0.0,0.0,0.0,Closed,0.0,AsymmetricalDifferentHandshape,Straight,1,Hand,HandAway,HandAway,0,S,0
oil_2,oil_2,K_03_068,m,Flat,1.0,,,Open,1.0,AsymmetricalDifferentHandshape,Straight,1,Hand,PalmBack,HandAway,1,B,0
stack_3,stack_3,K_03_069,imrp,FullyOpen,0.0,0.0,0.0,Open,0.0,SymmetricalOrAlternating,Other,0,Neutral,Neutral,Neutral,1,open_b,0
pick_2,pick_2,K_03_071,i,Flat,1.0,,,Open,1.0,OneHanded,Z-shaped,1,Neutral,Neutral,Neutral,0,,0
sandwich_3,sandwich_3,K_03_072,imrp,Flat,0.0,0.0,0.0,Open,0.0,SymmetricalOrAlternating,Straight,0,Head,Mouth,,1,flat_b,0
buckle_2,buckle_2,K_03_073,im,FullyOpen,1.0,0.0,0.0,Closed,0.0,AsymmetricalDifferentHandshape,Curved,0,Hand,HandAway,PalmBack,1,Lax,0
carrot_3,carrot_3,K_03_075,imrp,Curved,1.0,0.0,0.0,Open,1.0,OneHanded,Straight,0,Head,Mouth,HeadAway,1,,0
drown_4,drown_4,K_03_077,i,FullyOpen,0.0,,,Closed,0.0,AsymmetricalDifferentHandshape,Z-shaped,0,Hand,Other,HandAway,1,5,0
stretch-ca,stretch-ca,K_03_078,imrp,FullyClosed,0.0,,,Closed,1.0,SymmetricalOrAlternating,Other,0,Body,BodyAway,BodyAway,0,s,0
spread_2,spread_2,K_03_080,im,FullyOpen,1.0,0.0,0.0,Closed,0.0,AsymmetricalDifferentHandshape,Other,1,Hand,Palm,HandAway,1,B,1
bite_on_arm,bite_on_arm,K_03_082,imrp,Curved,0.0,1.0,0.0,Open,0.0,OneHanded,Straight,0,Arm,ForearmUlnar,,1,,0
peg_2,peg_2,K_03_083,i,Flat,1.0,,,Open,1.0,OneHanded,,0,Neutral,Neutral,,0,,0
kick_2,kick_2,K_03_084,i,FullyOpen,0.0,,,Closed,0.0,AsymmetricalSameHandshape,Curved,0,Hand,FingerFront,HandAway,1,1,0
scarf_2,scarf_2,K_03_085,imrp,FullyOpen,0.0,0.0,0.0,Closed,0.0,OneHanded,Circular,1,Head,HeadAway,HeadAway,0,,1
cat_3,cat_3,K_03_087,m,Flat,1.0,,,Open,1.0,SymmetricalOrAlternating,Straight,1,Head,CheekNose,HeadAway,1,8,0
magnify_2,magnify_2,K_03_089,i,Curved,0.0,,,Open,0.0,DominanceViolation,Straight,1,Head,HeadAway,HeadAway,0,DominanceConditionViolation,0
necklace_4,necklace_4,K_03_090,i,Curved,0.0,,,Open,1.0,SymmetricalOrAlternating,Straight,0,Body,Shoulder,TorsoMid,1,f,0
drink_2,drink_2,K_03_092,p,FullyOpen,0.0,,,Open,0.0,OneHanded,Curved,0,Head,Mouth,,1,,1
cracker_2,cracker_2,K_03_093,imrp,FullyOpen,0.0,1.0,0.0,Open,0.0,OneHanded,Straight,1,Arm,ElbowBack,,1,,0
chew_4,chew_4,K_03_094,imrp,FullyOpen,0.0,1.0,0.0,Open,0.0,SymmetricalOrAlternating,Straight,0,Head,Mouth,,1,5,0
erase_5,erase_5,K_03_095,imrp,FullyOpen,0.0,0.0,0.0,Open,0.0,OneHanded,Other,0,Neutral,Neutral,Neutral,0,,0
run_faucet,run_faucet,K_03_096,imrp,FullyOpen,0.0,1.0,0.0,Closed,0.0,OneHanded,Straight,1,Neutral,Neutral,Neutral,0,,0
sharpen_2,sharpen_2,K_03_097,im,FullyOpen,0.0,0.0,0.0,Closed,0.0,DominanceViolation,Straight,1,Hand,FingerRadial,HandAway,1,DominanceConditionViolation,1
erase_2,erase_2,K_03_098,t,,,,,Open,,OneHanded,Other,0,Neutral,Neutral,Neutral,0,,0
hat_2,hat_2,K_03_099,imrp,Flat,1.0,0.0,0.0,Open,1.0,SymmetricalOrAlternating,Straight,0,Head,HeadAway,HeadAway,0,flat_o,0
strawberry_3,strawberry_3,K_03_100,im,Curved,0.0,1.0,0.0,Closed,0.0,OneHanded,Circular,1,Head,CheekNose,CheekNose,1,,0
boots_2,boots_2,K_03_101,imrp,FullyClosed,0.0,,0.0,Closed,1.0,SymmetricalOrAlternating,Straight,0,Neutral,Neutral,,1,s,0
trip_2,trip_2,K_03_102,m,Flat,1.0,,,Closed,0.0,AsymmetricalDifferentHandshape,Curved,0,Hand,FingerBack,HandAway,1,Lax,0
razor_2,razor_2,K_03_103,i,Bent,0.0,,,Open,1.0,OneHanded,Curved,1,Arm,ArmAway,ArmAway,0,,1
policeman_2,policeman_2,K_03_104,imrp,Curved,0.0,0.0,0.0,Open,0.0,OneHanded,Straight,1,Body,TorsoTop,,1,,0
atlanta,atlanta,K_03_107,t,,,,,Open,,OneHanded,Curved,0,Body,Clavicle,Clavicle,1,,0
castle_4,castle_4,K_03_110,imrp,Flat,0.0,0.0,0.0,Open,0.0,SymmetricalOrAlternating,Curved,0,Neutral,Neutral,Neutral,1,flat_b,0
trim_1,trim_1,K_03_111,im,FullyOpen,0.0,1.0,1.0,Closed,0.0,SymmetricalOrAlternating,Straight,1,Neutral,Neutral,Neutral,0,v,0
pinch_2,pinch_2,K_03_112,t,,,,,Open,,OneHanded,Straight,0,Neutral,Neutral,Neutral,0,,1
pipe_3,pipe_3,K_03_113,m,Stacked,0.0,,,Open,0.0,OneHanded,Straight,1,Head,Mouth,,1,,0
shave_5,shave_5,K_03_114,p,FullyOpen,0.0,,,Open,0.0,AsymmetricalDifferentHandshape,Curved,1,Hand,HandAway,HandAway,0,S,1
frown_2,frown_2,K_03_115,i,Flat,0.0,,,Closed,0.0,SymmetricalOrAlternating,Curved,0,Head,Mouth,Chin,1,flat_1,1
rabbit_2,rabbit_2,K_03_119,im,Flat,1.0,0.0,0.0,Closed,0.0,SymmetricalOrAlternating,,1,Neutral,Neutral,,1,flat_h,0
think_chin,think_chin,K_03_120,i,Curved,1.0,,,Open,0.0,OneHanded,,1,Head,Chin,,1,,0
bun,bun,K_03_121,imrp,Curved,0.0,1.0,0.0,Open,0.0,OneHanded,Circular,0,Head,HeadAway,Other,1,,1
bored_2,bored_2,K_03_122,i,Flat,1.0,,,Closed,0.0,AsymmetricalSameHandshape,,1,Head,Mouth,HeadAway,1,flat_1,0
vampire,vampire,K_03_123,im,Curved,0.0,1.0,0.0,Closed,0.0,OneHanded,Straight,1,Body,Neck,,1,,0
blackbird,blackbird,K_03_124,i,Flat,0.0,,,Closed,0.0,OneHanded,Straight,0,Head,Forehead,HeadAway,1,,1
braids,braids,K_03_125,im,Crossed,0.0,0.0,0.0,Closed,0.0,SymmetricalOrAlternating,Straight,0,Head,Other,HeadAway,1,r,1
stretch_2,stretch_2,K_03_126,imrp,Curved,1.0,0.0,0.0,Open,0.0,SymmetricalOrAlternating,Straight,0,Neutral,Neutral,Neutral,1,c,0
